ST_CASE,VEH_NO,PER_NO,YEAR,P1,P2,P3,P4,P5,P6,P7,P8,P9,P10
10600,2,1,1996,0,0,0,0,0,0,0,0,0,0
10601,1,1,1996,22,22,22,22,22,22,22,22,22,22
10601,2,1,1996,0,0,0,0,0,0,0,0,0,0
10602,1,1,1996,16,0,11,21,17,18,0,0,0,33
10602,2,1,1996,0,0,0,0,0,0,0,0,0,0
10603,1,1,1996,18,22,15,0,10,30,37,9,11,16
10604,1,1,1996,0,0,0,0,0,0,0,0,0,0
10604,2,1,1996,0,0,0,0,0,0,0,0,0,0
10605,1,1,1996,17,0,24,9,34,22,28,0,16,0
10606,1,1,1996,12,13,15,0,20,13,0,9,0,8
10606,2,1,1996,0,0,0,0,0,0,0,0,0,0
10607,1,1,1996,0,0,0,17,0,0,0,0,0,0
10608,1,1,1996,19,18,33,0,14,20,22,11,22,14
10609,1,1,1996,0,0,0,0,0,0,0,0,0,0
10610,1,1,1996,0,0,0,0,0,0,0,0,0,0
10611,1,1,1996,0,0,0,0,0,0,0,0,0,0
10611,2,1,1996,0,0,0,0,0,0,0,0,0,0
10612,1,1,1996,0,0,0,0,0,0,0,0,0,0
10612,2,1,1996,0,0,0,0,0,17,0,0,0,0
10613,1,1,1996,0,0,0,0,0,0,0,0,0,0
10614,1,1,1996,12,0,19,0,27,0,0,0,41,0
10615,1,1,1996,14,0,36,0,0,0,0,0,0,0
10616,1,1,1996,40,10,14,12,14,13,14,19,46,10
10617,1,1,1996,30,6,0,0,19,0,5,0,0,0
10618,1,1,1996,21,21,21,21,21,21,21,21,21,21
10618,2,1,1996,24,0,0,0,0,0,17,0,0,22
10619,1,1,1996,0,0,0,0,0,0,0,0,0,0
10619,2,1,1996,0,0,0,0,0,0,0,0,0,0
10620,1,1,1996,12,18,15,9,0,23,0,17,22,23
10621,1,1,1996,0,0,0,0,0,0,0,0,0,0
10621,2,1,1996,0,0,0,0,0,0,0,0,0,0
10622,1,1,1996,10,0,0,0,0,0,0,0,0,0
10622,2,1,1996,26,33,20,29,26,16,9,20,13,12
10623,1,1,1996,0,0,0,0,0,0,0,0,0,0
10623,2,1,1996,0,0,0,0,0,0,0,0,0,5
10623,3,1,1996,0,0,0,0,0,0,0,0,0,0
10624,1,1,1996,0,0,0,0,0,0,0,0,0,0
10625,1,1,1996,0,0,0,7,0,0,0,0,0,0
10625,2,1,1996,0,0,0,0,0,0,0,0,0,0
10626,1,1,1996,0,21,0,0,11,12,16,0,0,0
10627,1,1,1996,0,0,0,0,0,0,0,0,0,0
10628,1,1,1996,0,0,0,0,0,0,0,0,0,0
10628,2,1,1996,2,0,0,0,0,0,9,0,0,0
10629,1,1,1996,0,0,0,0,0,0,0,0,0,0
10629,2,1,1996,0,0,0,0,0,0,0,0,0,0
10630,1,1,1996,0,0,0,0,0,0,0,0,0,0
10630,2,1,1996,0,0,0,0,0,15,4,0,0,6
10631,1,1,1996,20,0,0,0,0,0,0,0,0,0
10632,1,1,1996,0,0,0,0,0,0,0,0,0,0
10633,1,1,1996,0,0,0,0,0,0,0,0,0,0
10633,2,1,1996,0,0,0,0,0,0,0,0,0,0
10634,1,1,1996,0,0,0,0,0,0,0,0,0,0
10634,2,1,1996,0,0,0,0,0,0,0,0,0,0
10634,3,1,1996,0,0,0,0,0,0,0,0,0,0
10634,4,1,1996,0,0,0,0,0,0,0,0,0,0
10634,5,1,1996,0,0,0,0,0,0,0,0,0,0
10634,6,1,1996,0,9,0,0,0,0,0,0,0,0
10634,7,1,1996,0,0,0,0,0,0,0,0,0,0
10635,1,1,1996,0,0,0,0,0,0,0,0,0,0
10635,2,1,1996,0,0,0,0,0,0,0,0,0,0
10636,1,1,1996,19,19,19,19,19,19,19,19,19,19
10637,1,1,1996,0,0,0,0,0,0,0,0,0,0
10637,2,1,1996,0,0,0,0,0,0,0,0,0,0
10638,1,1,1996,29,12,20,19,26,23,0,0,19,20
10639,1,1,1996,8,23,17,19,10,31,0,7,29,0
10640,1,1,1996,0,0,0,0,0,0,0,0,7,0
10641,1,1,1996,20,20,20,20,20,20,20,20,20,20
10642,1,1,1996,0,0,0,0,0,0,0,0,0,0
10642,2,1,1996,0,0,0,0,0,0,0,0,0,0
10643,1,1,1996,12,10,24,0,10,0,43,0,26,39
10644,1,1,1996,0,14,0,0,0,33,14,12,18,36
10645,1,1,1996,0,3,16,15,11,27,0,0,4,0
10646,1,1,1996,0,0,0,0,0,0,0,0,0,0
10646,2,1,1996,0,0,0,0,0,0,0,0,0,0
10647,1,1,1996,14,0,24,20,4,0,0,37,26,12
10648,1,1,1996,0,0,25,0,0,27,0,0,0,0
10648,2,1,1996,0,14,0,0,0,24,0,6,16,13
10649,1,1,1996,0,0,0,0,15,0,0,0,14,0
10649,2,1,1996,0,0,0,0,0,0,4,0,0,0
10650,1,1,1996,0,19,16,8,12,15,17,24,21,21
10650,2,1,1996,27,0,0,0,19,17,18,0,14,0
10651,1,1,1996,0,0,0,0,0,0,0,0,0,0
10652,1,1,1996,0,0,0,0,0,0,0,22,0,0
10652,2,1,1996,0,0,0,0,0,9,0,0,21,0
10653,1,1,1996,9,9,9,9,9,9,9,9,9,9
10654,1,1,1996,0,0,0,0,0,0,0,0,0,0
10654,2,1,1996,0,0,0,0,0,0,0,0,0,0
10655,0,1,1996,27,0,39,21,0,0,32,13,18,0
10655,0,2,1996,30,15,0,0,36,0,22,14,9,11
10655,3,1,1996,0,0,0,0,0,0,0,0,0,0
10656,1,1,1996,0,0,0,0,0,0,0,0,0,0
10656,2,1,1996,0,0,0,0,0,0,0,0,0,0
10657,0,1,1996,24,16,0,26,0,17,0,0,13,10
10657,1,1,1996,20,0,0,0,0,0,0,0,0,0
10658,1,1,1996,0,0,0,0,0,13,14,13,0,0
10658,2,1,1996,0,0,0,0,0,0,0,0,0,0
10659,1,1,1996,0,0,0,0,0,0,0,0,5,0
10659,2,1,1996,0,0,0,0,21,0,0,0,0,0
10659,3,1,1996,0,0,20,12,0,0,0,0,0,0
10660,1,1,1996,37,37,37,37,37,37,37,37,37,37
10661,1,1,1996,20,20,20,20,20,20,20,20,20,20
10662,1,1,1996,0,0,0,0,0,0,0,0,0,0
10663,1,1,1996,21,21,21,21,21,21,21,21,21,21
10663,2,1,1996,0,0,0,0,0,0,0,7,0,0
10664,1,1,1996,0,0,0,0,0,0,0,0,0,0
10664,2,1,1996,0,0,0,0,0,0,0,0,0,0
10664,3,1,1996,0,0,0,0,0,0,0,0,0,0
10665,1,1,1996,0,0,0,0,0,0,0,0,0,0
10665,2,1,1996,23,0,0,0,0,0,0,0,0,0
10666,1,1,1996,28,11,12,9,32,13,4,11,8,23
10667,1,1,1996,0,0,0,0,0,0,0,0,0,0
10667,2,1,1996,10,27,6,21,13,12,25,4,11,13
10668,1,1,1996,0,0,0,0,0,0,0,0,0,0
10668,2,1,1996,0,0,0,0,0,0,0,0,0,0
10669,1,1,1996,0,0,0,0,0,0,0,0,0,0
10669,2,1,1996,0,0,0,0,0,0,0,0,0,0
10670,1,1,1996,0,0,0,0,0,0,0,0,0,0
10670,2,1,1996,0,0,0,0,0,0,0,0,0,0
10671,1,1,1996,0,23,0,14,0,0,0,0,0,0
10671,2,1,1996,0,0,0,0,0,0,0,0,0,0
10672,1,1,1996,19,17,0,0,18,14,0,19,12,16
10673,1,1,1996,0,0,0,0,0,0,0,0,0,0
10673,2,1,1996,0,0,0,0,0,0,0,0,0,0
10674,0,1,1996,22,0,0,0,0,19,24,6,18,11
10674,1,1,1996,0,0,0,0,0,0,0,0,0,0
10675,1,1,1996,0,0,0,0,0,0,0,0,0,0
10675,2,1,1996,0,0,0,0,0,0,0,0,0,0
10676,1,1,1996,0,0,0,0,0,0,0,0,0,0
10676,2,1,1996,0,0,0,0,0,0,0,0,0,0
10677,1,1,1996,0,0,0,0,0,0,0,0,0,0
10677,2,1,1996,0,0,0,0,0,0,0,0,0,0
10678,1,1,1996,0,9,17,26,0,15,0,4,13,6
10679,1,1,1996,0,0,0,0,0,0,0,0,0,0
10679,2,1,1996,2,2,2,2,2,2,2,2,2,2
10680,1,1,1996,0,21,0,0,0,0,2,0,0,11
10680,2,1,1996,0,5,0,0,0,0,0,0,0,0
10681,1,1,1996,33,33,33,33,33,33,33,33,33,33
10682,1,1,1996,4,14,20,0,0,0,0,5,0,0
10683,1,1,1996,23,7,16,0,6,17,27,0,0,29
10684,1,1,1996,13,7,35,29,4,22,22,14,14,12
10684,2,1,1996,0,10,0,0,0,0,0,0,0,0
10685,1,1,1996,0,0,0,16,0,0,0,0,0,0
10686,1,1,1996,2,2,2,2,2,2,2,2,2,2
10686,2,1,1996,0,0,14,0,0,0,0,0,0,0
10687,1,1,1996,0,0,0,0,0,0,0,0,0,0
10688,1,1,1996,21,21,21,21,21,21,21,21,21,21
10689,1,1,1996,0,0,0,0,0,0,0,0,0,0
10689,2,1,1996,0,0,0,0,0,0,0,0,0,0
10690,0,1,1996,0,0,0,0,0,0,0,0,0,0
10690,1,1,1996,5,16,7,29,17,12,9,7,15,8
10691,1,1,1996,1,1,1,1,1,1,1,1,1,1
10691,2,1,1996,0,0,0,0,0,0,0,0,0,0
10692,1,1,1996,13,13,13,13,13,13,13,13,13,13
10693,1,1,1996,9,0,9,0,0,14,25,39,22,0
10693,2,1,1996,0,0,0,0,0,0,0,0,0,0
10694,0,1,1996,0,0,0,0,0,0,0,0,0,0
10694,1,1,1996,0,0,0,0,0,0,0,0,0,0
10695,1,1,1996,32,32,32,32,32,32,32,32,32,32
10695,2,1,1996,0,0,0,0,0,0,0,0,0,0
10696,1,1,1996,0,0,0,0,0,0,0,0,0,0
10696,2,1,1996,0,0,0,0,0,0,0,0,0,0
10697,1,1,1996,26,0,0,0,0,0,0,0,0,0
10698,1,1,1996,7,7,25,23,16,29,28,15,17,19
10699,1,1,1996,35,30,33,30,12,35,30,0,22,32
10700,1,1,1996,0,0,0,0,0,0,0,0,0,0
10700,2,1,1996,0,0,0,0,0,0,0,0,0,0
10701,1,1,1996,15,33,0,20,34,7,22,52,24,24
10702,1,1,1996,0,0,0,0,0,0,0,0,0,0
10703,0,1,1996,35,35,35,35,35,35,35,35,35,35
10703,1,1,1996,0,0,0,0,0,0,0,0,0,0
10704,1,1,1996,0,0,0,0,0,0,0,0,0,0
10704,2,1,1996,0,0,0,0,0,0,0,0,0,0
10705,1,1,1996,8,8,8,8,8,8,8,8,8,8
10706,1,1,1996,22,0,10,14,17,17,0,20,24,8
10706,2,1,1996,0,0,0,0,0,0,0,0,0,0
10707,1,1,1996,0,0,0,0,0,0,0,0,0,0
10707,2,1,1996,0,0,0,0,0,0,0,0,0,0
10708,1,1,1996,13,13,13,13,13,13,13,13,13,13
10709,0,1,1996,27,31,29,13,15,23,0,9,15,19
10709,1,1,1996,0,0,0,0,0,0,0,0,0,0
10710,1,1,1996,10,8,8,13,12,0,8,11,0,0
10710,2,1,1996,0,18,20,24,11,21,17,16,12,9
10711,1,1,1996,26,26,26,26,26,26,26,26,26,26
10712,1,1,1996,18,21,11,16,26,15,24,22,20,17
10713,1,1,1996,23,23,23,23,23,23,23,23,23,23
10714,1,1,1996,27,18,9,12,18,15,17,17,14,7
10715,1,1,1996,24,14,17,0,10,26,0,11,38,0
10716,1,1,1996,0,0,0,0,0,0,0,0,0,0
10717,0,1,1996,27,15,0,24,23,0,0,25,0,0
10717,1,1,1996,0,0,0,0,0,0,0,0,0,0
10718,1,1,1996,0,0,0,0,0,0,0,35,0,12
10718,2,1,1996,0,0,0,0,0,0,0,0,0,0
10719,1,1,1996,0,0,0,0,0,0,0,0,0,0
10719,2,1,1996,0,0,0,0,0,0,0,0,0,0
10720,1,1,1996,34,14,13,10,27,0,15,34,18,24
10721,1,1,1996,7,10,8,6,15,21,24,9,0,16
10721,2,1,1996,13,13,5,12,21,12,24,7,15,20
10722,1,1,1996,0,0,0,0,0,0,0,0,0,0
10722,2,1,1996,20,18,20,18,20,7,17,28,34,8
10723,1,1,1996,0,0,17,0,0,0,0,0,0,0
10724,0,1,1996,0,26,0,0,0,0,15,27,0,0
10724,1,1,1996,0,0,0,0,0,0,0,0,0,0
10725,1,1,1996,0,0,0,0,0,0,0,0,0,0
10726,1,1,1996,20,20,20,20,20,20,20,20,20,20
10727,1,1,1996,16,16,16,16,16,16,16,16,16,16
10728,1,1,1996,11,6,14,4,6,13,9,9,13,11
10729,1,1,1996,0,0,0,0,0,0,0,0,0,0
10729,2,1,1996,0,0,0,0,0,0,0,0,0,0
10730,1,1,1996,0,0,0,0,0,0,0,0,0,0
10730,2,1,1996,0,0,0,0,0,0,0,0,0,0
10731,1,1,1996,0,0,0,0,0,0,0,0,0,0
10732,1,1,1996,1,1,1,1,1,1,1,1,1,1
10732,2,1,1996,3,26,18,3,4,0,30,0,0,0
10733,0,1,1996,0,0,0,0,0,0,0,0,0,0
10733,1,1,1996,0,0,0,0,0,0,0,0,0,0
10734,1,1,1996,15,32,13,19,0,0,0,0,11,24
10735,1,1,1996,0,0,0,0,0,0,0,0,0,0
10736,1,1,1996,9,9,9,9,9,9,9,9,9,9
10736,2,1,1996,0,0,0,0,0,0,0,0,0,0
10737,1,1,1996,0,0,0,0,0,0,0,0,0,0
10737,2,1,1996,0,0,0,7,0,0,0,0,0,0
10738,1,1,1996,20,17,0,25,0,21,28,0,0,0
10739,1,1,1996,0,0,0,0,0,0,0,0,0,11
10739,2,1,1996,0,0,0,0,0,0,0,0,0,0
10740,1,1,1996,0,0,0,0,0,0,0,0,0,0
10740,2,1,1996,0,0,0,0,0,0,0,0,0,0
10740,3,1,1996,0,0,0,0,0,0,0,0,0,0
10740,4,1,1996,0,0,0,0,0,0,0,0,0,0
10740,5,1,1996,0,22,0,0,0,0,0,0,0,0
10741,1,1,1996,0,0,0,0,0,0,0,0,0,0
10742,0,1,1996,13,37,42,20,23,23,0,20,16,60
10742,1,1,1996,0,0,0,0,0,0,0,0,3,0
10743,0,1,1996,20,0,20,16,0,0,0,10,27,15
10743,1,1,1996,0,0,0,0,0,0,0,0,0,0
10744,1,1,1996,21,9,29,9,17,23,8,22,24,10
10744,2,1,1996,0,0,5,0,0,0,0,0,0,17
10745,1,1,1996,0,0,0,0,0,0,0,7,0,0
10745,2,1,1996,0,0,0,0,0,0,0,0,0,0
10746,1,1,1996,0,0,0,0,0,0,0,0,0,0
10747,1,1,1996,0,0,0,0,0,0,0,0,0,0
10747,2,1,1996,0,10,0,0,0,16,0,19,17,10
10748,1,1,1996,0,0,0,0,0,0,18,0,0,7
10749,1,1,1996,0,0,0,0,0,0,0,0,0,0
10749,2,1,1996,0,0,0,0,0,0,0,0,0,0
10750,1,1,1996,27,27,27,27,27,27,27,27,27,27
10751,1,1,1996,0,0,0,21,17,0,15,0,12,20
10752,0,1,1996,0,0,0,0,0,0,0,0,0,0
10752,1,1,1996,0,0,0,0,0,0,0,0,0,0
10753,1,1,1996,28,14,29,39,18,16,12,30,10,0
10753,2,1,1996,6,0,0,0,21,6,0,0,0,0
10754,1,1,1996,0,0,0,0,0,0,0,0,0,0
10754,2,1,1996,0,0,0,0,0,0,0,0,0,0
10755,1,1,1996,0,0,0,0,0,0,0,0,0,0
10755,2,1,1996,0,0,0,0,0,0,0,0,0,0
10756,1,1,1996,12,12,12,12,12,12,12,12,12,12
10757,1,1,1996,18,14,19,19,11,14,10,24,13,9
10758,1,1,1996,0,0,0,0,0,0,0,0,0,0
10759,1,1,1996,0,0,0,0,0,0,0,0,0,0
10760,1,1,1996,14,0,8,7,14,0,0,0,34,8
10761,1,1,1996,0,0,0,0,0,0,0,0,0,0
10761,2,1,1996,0,0,0,0,0,0,0,0,0,0
10761,3,1,1996,0,0,0,0,0,0,0,0,0,0
10762,1,1,1996,0,0,0,0,0,0,0,0,0,0
10762,2,1,1996,0,0,0,0,0,0,0,0,0,0
10762,3,1,1996,0,0,0,0,0,0,0,0,0,0
10762,4,1,1996,0,0,0,0,0,0,0,0,0,0
10762,5,1,1996,0,0,0,0,0,0,0,0,0,0
10762,6,1,1996,0,0,0,0,0,0,0,0,0,0
10762,7,1,1996,0,0,0,0,0,0,0,0,0,0
10762,8,1,1996,0,0,0,0,0,0,0,0,0,0
10762,9,1,1996,0,0,0,0,0,0,0,0,0,0
10762,10,1,1996,0,0,0,0,0,0,0,0,0,0
10762,11,1,1996,0,0,0,0,0,0,0,0,0,0
10763,1,1,1996,0,0,0,0,0,0,0,0,0,0
10764,1,1,1996,27,18,9,0,25,63,0,22,19,24
10765,1,1,1996,0,0,0,0,0,0,0,8,0,0
10766,1,1,1996,0,0,0,0,0,0,0,0,0,0
10766,2,1,1996,0,0,0,0,0,0,0,0,0,0
10767,1,1,1996,0,0,0,0,0,0,0,0,0,0
10767,2,1,1996,0,0,0,0,0,0,0,0,0,0
10768,1,1,1996,24,9,9,19,0,0,26,18,13,44
10768,2,1,1996,0,0,0,0,0,0,0,0,0,0
10769,1,1,1996,25,32,42,22,25,14,31,17,16,24
10770,1,1,1996,0,0,0,0,0,0,0,0,0,0
10770,2,1,1996,0,0,0,17,0,0,0,0,0,0
10771,1,1,1996,9,16,23,23,18,10,17,10,18,13
10772,1,1,1996,34,18,13,6,19,4,17,13,13,15
10772,2,1,1996,0,0,0,0,0,0,0,0,0,0
10772,3,1,1996,0,0,0,0,0,0,0,0,0,0
10773,1,1,1996,10,10,10,10,10,10,10,10,10,10
10773,2,1,1996,0,0,0,0,0,0,0,0,0,0
10774,1,1,1996,16,13,0,12,0,0,10,0,0,0
10775,1,1,1996,0,0,0,0,0,0,0,0,0,0
10775,2,1,1996,0,15,0,0,0,0,0,0,0,0
10776,1,1,1996,0,0,0,0,0,0,0,0,0,0
10776,2,1,1996,0,0,0,0,0,0,0,0,0,0
10777,1,1,1996,17,0,22,16,0,0,23,19,27,12
10778,1,1,1996,0,0,0,0,0,0,0,0,0,0
10778,2,1,1996,0,0,0,0,0,0,0,0,0,0
10779,1,1,1996,25,25,25,25,25,25,25,25,25,25
10780,1,1,1996,0,0,0,0,7,0,0,0,0,0
10780,2,1,1996,0,0,0,0,0,0,0,0,0,0
10781,1,1,1996,0,0,0,0,0,0,0,0,0,0
10781,2,1,1996,0,0,0,0,0,0,0,0,0,0
10781,3,1,1996,0,0,0,0,0,0,0,0,0,0
10782,1,1,1996,11,12,18,29,9,17,18,9,11,18
10783,1,1,1996,0,0,7,0,0,0,0,0,0,0
10783,2,1,1996,0,9,1,0,0,15,0,0,0,0
10784,1,1,1996,0,0,0,0,0,19,0,24,0,0
10785,1,1,1996,0,0,37,7,0,27,0,10,0,35
10786,1,1,1996,0,0,0,0,0,0,0,0,0,0
10786,2,1,1996,0,0,0,0,0,0,0,0,0,0
10787,1,1,1996,0,0,0,0,0,0,0,0,0,0
10787,2,1,1996,0,0,0,0,0,0,22,0,0,0
10788,1,1,1996,0,0,0,0,0,0,0,0,0,0
10788,2,1,1996,0,0,0,0,0,0,0,0,0,0
10789,1,1,1996,0,0,0,0,0,0,0,0,0,0
10789,2,1,1996,0,0,0,0,0,0,0,0,0,0
10790,1,1,1996,0,0,0,0,0,0,0,0,0,0
10790,2,1,1996,0,0,0,0,0,0,0,10,0,28
10791,0,1,1996,13,13,13,13,13,13,13,13,13,13
10791,1,1,1996,0,0,0,0,0,0,0,0,0,0
10792,1,1,1996,0,0,0,0,0,0,0,0,0,0
10792,2,1,1996,18,18,18,18,18,18,18,18,18,18
10793,1,2,1996,0,0,0,0,0,0,0,0,0,0
10794,1,1,1996,0,0,0,0,0,0,0,0,0,0
10794,2,1,1996,9,9,9,9,9,9,9,9,9,9
10795,0,1,1996,0,0,0,0,0,0,0,0,29,0
10795,1,1,1996,0,0,0,0,0,0,0,26,0,0
10796,1,1,1996,25,25,12,19,32,13,25,28,23,25
10797,1,1,1996,0,0,0,0,0,0,0,0,0,0
10797,2,1,1996,0,0,0,0,0,0,0,0,0,0
10798,1,1,1996,15,23,11,12,0,14,15,11,19,10
10799,1,1,1996,5,14,0,0,0,6,16,0,0,23
10800,1,1,1996,0,0,0,0,0,0,0,0,0,0
10800,2,1,1996,0,0,0,0,0,0,0,0,0,0
10801,1,1,1996,18,7,8,21,6,28,11,17,13,10
10802,1,1,1996,0,0,0,0,0,0,0,0,0,0
10803,1,1,1996,21,21,21,21,21,21,21,21,21,21
10804,1,1,1996,18,18,18,18,18,18,18,18,18,18
10805,1,1,1996,0,0,26,0,9,0,0,0,0,0
10805,2,1,1996,0,0,0,0,0,0,0,0,0,14
10806,1,1,1996,0,0,0,0,0,0,0,0,0,0
10806,2,1,1996,0,0,0,0,0,0,0,0,0,0
10806,3,1,1996,0,0,0,0,0,0,0,0,0,0
10807,1,1,1996,0,0,0,0,0,0,0,0,0,0
10807,2,1,1996,0,0,0,0,0,0,0,0,0,0
10808,1,1,1996,17,17,17,17,17,17,17,17,17,17
10808,2,1,1996,0,0,0,0,0,0,0,0,0,0
10808,3,1,1996,0,0,0,0,0,0,0,0,0,0
10809,1,1,1996,37,0,8,27,0,0,0,19,0,0
10810,1,1,1996,13,13,13,13,13,13,13,13,13,13
10810,2,1,1996,0,0,0,0,0,0,0,0,0,0
10811,1,1,1996,32,32,32,32,32,32,32,32,32,32
10812,1,1,1996,0,0,0,0,0,0,0,0,0,0
10812,2,1,1996,0,0,0,0,0,0,0,0,0,0
10813,1,1,1996,22,0,0,0,0,0,0,0,0,0
10814,1,1,1996,0,0,0,0,0,0,0,0,0,0
10815,1,1,1996,0,0,10,0,0,0,0,0,0,13
10815,2,1,1996,0,0,0,0,0,0,0,0,0,0
10816,0,1,1996,0,0,0,0,0,0,0,0,0,18
10816,1,1,1996,0,0,0,0,0,0,0,0,0,0
10817,1,1,1996,0,0,0,0,0,0,0,0,0,0
10817,2,1,1996,0,0,0,0,0,0,0,0,0,0
10818,1,1,1996,0,0,5,0,0,5,12,0,0,0
10819,1,1,1996,0,0,0,8,0,0,0,0,0,0
10819,2,1,1996,0,0,0,7,0,0,0,0,0,0
10820,1,1,1996,0,0,0,0,0,0,0,0,0,0
10820,2,1,1996,0,0,0,0,0,0,0,0,0,0
10821,1,1,1996,20,20,20,20,20,20,20,20,20,20
10822,1,1,1996,0,0,0,0,0,0,0,0,0,0
10823,1,1,1996,0,0,0,0,0,0,0,0,0,0
10823,2,1,1996,0,0,0,0,0,0,0,0,0,0
10824,1,1,1996,23,8,19,17,0,2,14,16,8,10
10825,1,1,1996,0,0,0,0,0,0,0,0,0,0
10825,2,1,1996,0,0,0,0,0,0,0,0,0,0
10825,3,1,1996,0,0,0,0,0,0,0,0,0,0
10826,1,1,1996,15,24,14,25,15,33,22,19,22,16
10827,1,1,1996,32,0,0,20,25,0,7,0,0,0
10828,1,1,1996,27,27,27,27,27,27,27,27,27,27
10829,1,1,1996,16,16,16,16,16,16,16,16,16,16
10830,0,1,1996,33,0,0,24,9,15,36,23,0,19
10830,1,1,1996,0,0,0,0,0,0,0,0,0,0
10831,1,1,1996,0,0,0,0,0,0,0,0,0,0
10831,2,1,1996,0,0,0,0,0,0,0,0,0,0
10832,1,1,1996,0,0,0,0,0,14,0,0,0,26
10832,2,1,1996,0,0,0,0,0,0,0,0,0,0
10832,3,1,1996,0,0,0,0,0,0,0,0,0,0
10833,1,1,1996,0,0,0,0,0,0,0,0,0,0
10834,1,1,1996,0,15,0,0,13,0,0,0,0,0
10835,1,1,1996,6,22,33,11,10,3,11,21,12,19
10835,2,1,1996,0,0,0,0,0,0,0,0,0,0
10836,1,1,1996,21,34,0,26,22,29,18,0,0,34
10836,2,1,1996,0,0,0,0,0,0,0,0,0,0
10837,1,1,1996,0,0,0,0,0,0,0,0,10,0
10837,2,1,1996,0,0,0,0,0,0,0,0,0,0
10838,1,1,1996,0,0,0,35,0,0,16,12,17,0
10839,1,1,1996,0,0,15,16,4,30,0,34,0,20
10840,1,1,1996,0,0,0,0,0,0,6,0,6,0
10840,2,1,1996,0,0,0,0,0,0,0,0,0,0
10841,1,1,1996,0,16,16,23,18,20,8,0,0,34
10842,0,1,1996,28,0,0,15,24,0,0,0,0,0
10842,1,1,1996,0,0,0,0,0,20,0,0,0,0
10843,1,1,1996,0,0,0,0,0,21,0,0,0,0
10843,2,1,1996,0,0,0,0,0,0,0,0,0,0
10844,1,1,1996,15,0,0,0,0,16,21,32,0,15
10845,1,1,1996,14,0,0,0,0,0,0,0,0,0
10846,1,1,1996,23,11,0,21,12,28,30,21,12,34
10847,1,1,1996,0,0,0,0,0,0,0,0,0,0
10847,2,1,1996,0,0,0,0,0,0,0,0,0,0
10848,0,1,1996,0,0,0,0,0,0,0,0,0,0
10848,1,1,1996,0,0,0,0,0,0,0,0,0,0
10849,0,1,1996,26,0,0,30,0,0,0,0,0,0
10849,1,1,1996,0,0,0,0,0,19,0,0,0,0
10850,1,1,1996,0,0,0,0,0,0,0,0,0,0
10850,2,1,1996,0,0,0,0,0,0,0,0,0,0
10851,1,1,1996,17,18,0,0,18,0,0,0,20,0
10852,1,1,1996,0,0,0,0,0,0,0,0,0,0
10853,1,1,1996,20,20,20,20,20,20,20,20,20,20
10854,1,1,1996,0,0,0,0,0,0,0,0,0,0
10855,1,1,1996,33,16,19,14,0,11,42,9,22,15
10856,0,1,1996,0,12,0,0,0,0,0,0,0,0
10856,1,1,1996,0,0,0,0,0,0,0,0,12,0
10857,1,1,1996,0,27,0,0,15,0,27,18,0,16
10858,1,1,1996,5,5,5,5,5,5,5,5,5,5
10858,2,1,1996,0,0,0,0,0,0,0,0,0,0
10859,1,1,1996,32,32,32,32,32,32,32,32,32,32
10860,1,1,1996,0,0,0,0,0,15,0,0,0,5
10861,1,1,1996,23,31,21,0,24,19,31,19,10,10
10862,1,1,1996,21,21,21,21,21,21,21,21,21,21
10863,1,1,1996,25,25,25,25,25,25,25,25,25,25
10864,1,1,1996,0,0,0,0,0,0,0,0,0,0
10864,2,1,1996,0,0,0,0,0,0,0,0,0,0
10865,1,1,1996,26,12,12,10,24,13,28,13,9,31
10866,1,1,1996,3,3,3,3,3,3,3,3,3,3
10866,2,1,1996,9,9,9,9,9,9,9,9,9,9
10867,1,1,1996,20,20,20,20,20,20,20,20,20,20
10868,1,1,1996,36,5,6,9,29,23,10,17,14,0
10869,0,1,1996,28,28,28,28,28,28,28,28,28,28
10869,1,1,1996,0,0,0,0,0,0,0,0,0,0
10870,1,1,1996,24,17,15,11,10,0,38,10,21,18
10870,2,1,1996,0,0,0,4,0,0,0,0,0,0
10871,1,1,1996,19,22,12,8,22,16,3,8,21,4
10872,1,1,1996,0,0,0,0,0,0,0,0,0,14
10873,0,1,1996,16,23,0,0,19,0,30,17,20,40
10873,1,1,1996,9,9,9,9,9,9,9,9,9,9
10874,1,1,1996,16,16,16,16,16,16,16,16,16,16
10875,1,1,1996,0,5,8,0,0,0,0,0,7,12
10876,1,1,1996,22,19,13,0,17,21,16,14,15,10
10877,1,1,1996,24,16,26,0,0,27,0,12,20,13
10878,0,1,1996,0,0,0,0,0,0,0,0,0,0
10878,1,1,1996,0,0,0,0,0,0,0,0,0,0
10879,1,1,1996,21,21,21,21,21,21,21,21,21,21
10880,1,1,1996,0,0,0,0,0,0,10,0,0,0
10880,2,1,1996,0,0,0,0,0,0,0,0,0,0
10881,1,1,1996,0,0,0,0,0,0,0,0,0,0
10882,1,1,1996,23,23,23,23,23,23,23,23,23,23
10883,0,1,1996,0,0,28,0,0,22,0,0,0,0
10883,1,1,1996,0,0,0,0,0,0,0,0,0,0
10884,1,1,1996,0,0,0,0,0,0,0,0,0,0
10884,2,1,1996,0,0,0,0,0,0,0,0,0,0
10885,1,1,1996,0,0,0,0,0,0,0,0,0,0
10885,2,1,1996,0,0,22,0,0,0,0,0,0,0
10886,0,1,1996,42,16,11,22,26,22,22,0,0,20
10886,1,1,1996,13,16,22,0,2,0,10,0,22,0
10887,1,1,1996,14,17,9,15,18,35,8,13,5,13
10888,1,1,1996,14,16,19,0,19,21,16,19,27,23
10889,1,1,1996,21,35,31,22,21,20,8,18,16,29