ST_CASE,VEH_NO,PER_NO,YEAR,P1,P2,P3,P4,P5,P6,P7,P8,P9,P10
40059,1,1,1996,0,0,0,4,0,0,0,0,0,0
40060,1,1,1996,18,18,20,34,18,45,13,15,17,21
40061,0,1,1996,0,0,0,0,0,0,0,0,0,0
40061,1,1,1996,0,0,0,0,0,0,0,0,0,0
40062,1,1,1996,35,35,35,35,35,35,35,35,35,35
40063,1,1,1996,0,0,0,0,0,0,0,0,0,0
40063,2,1,1996,0,13,12,4,25,3,22,25,5,0
40064,0,1,1996,0,0,0,0,0,0,0,0,0,0
40064,1,1,1996,0,0,0,0,12,0,0,27,9,24
40065,0,1,1996,25,25,25,25,25,25,25,25,25,25
40065,1,1,1996,0,0,0,0,0,0,0,0,0,0
40066,0,1,1996,0,0,0,0,0,0,0,0,0,0
40066,1,1,1996,0,0,0,0,0,0,0,0,0,0
40067,1,1,1996,7,0,20,10,0,20,13,9,10,0
40068,1,1,1996,0,0,0,0,0,0,0,0,0,0
40068,2,1,1996,0,0,0,0,0,0,0,0,0,0
40069,1,1,1996,0,0,0,0,0,0,0,0,0,0
40069,2,1,1996,0,0,0,0,0,0,0,0,0,0
40069,3,1,1996,0,0,0,0,0,0,0,0,0,0
40070,1,1,1996,23,19,18,20,12,16,10,29,15,17
40070,2,1,1996,0,0,0,0,0,0,0,0,0,0
40071,1,1,1996,0,0,0,0,0,0,0,0,0,0
40072,1,1,1996,0,0,0,0,0,0,0,0,0,0
40072,2,1,1996,0,0,0,0,0,0,0,0,0,0
40073,0,1,1996,37,37,37,37,37,37,37,37,37,37
40073,1,1,1996,0,0,0,0,0,0,14,0,20,0
40074,0,1,1996,4,4,4,4,4,4,4,4,4,4
40074,1,1,1996,0,0,0,0,0,0,0,0,0,0
40075,1,1,1996,0,0,0,0,0,0,0,0,0,0
40076,1,1,1996,29,29,20,14,25,13,11,16,8,25
40077,1,1,1996,0,0,0,0,0,0,0,0,0,0
40078,1,1,1996,0,0,0,0,0,0,0,0,0,0
40078,2,1,1996,0,0,0,0,0,0,0,0,0,0
40079,1,1,1996,0,0,0,0,0,0,0,0,0,0
40080,1,1,1996,0,0,0,0,0,0,0,0,0,0
40080,2,1,1996,12,12,12,12,12,12,12,12,12,12
40081,1,1,1996,0,0,0,0,0,0,0,0,0,0
40081,2,1,1996,0,0,0,0,0,0,0,0,0,0
40082,1,1,1996,0,0,0,0,0,0,0,0,0,0
40082,2,1,1996,0,0,0,0,0,0,0,0,0,0
40082,3,1,1996,0,0,0,0,0,0,0,0,0,0
40083,1,1,1996,15,15,15,15,15,15,15,15,15,15
40084,0,1,1996,24,21,0,0,6,0,0,0,0,0
40084,1,1,1996,0,0,0,0,0,0,0,16,0,0
40085,1,1,1996,11,18,31,36,34,27,33,0,29,15
40085,2,1,1996,0,0,0,0,0,0,0,0,0,0
40086,1,1,1996,0,0,0,0,0,0,0,0,0,0
40086,2,1,1996,0,3,32,20,0,0,0,0,0,6
40086,3,1,1996,0,0,0,0,14,0,18,0,0,0
40086,4,1,1996,0,0,0,0,0,0,0,0,0,0
40087,1,1,1996,0,0,0,0,0,0,0,4,0,0
40087,2,1,1996,0,0,0,0,0,0,0,0,0,0
40088,1,1,1996,12,12,12,12,12,12,12,12,12,12
40089,1,1,1996,0,0,0,0,0,0,0,0,0,0
40089,2,1,1996,0,0,0,0,0,0,0,0,0,0
40090,0,1,1996,35,35,35,35,35,35,35,35,35,35
40090,1,1,1996,0,0,0,0,0,0,16,0,0,0
40091,1,1,1996,0,0,0,0,0,0,0,0,0,0
40092,0,1,1996,0,0,0,0,0,0,0,0,0,0
40092,1,1,1996,0,0,0,0,0,0,0,0,0,0
40093,1,1,1996,5,5,5,5,5,5,5,5,5,5
40093,2,1,1996,0,0,0,0,0,0,0,0,0,0
40094,0,1,1996,0,0,0,0,0,0,0,0,0,0
40094,1,1,1996,0,0,0,0,0,0,0,0,0,0
40096,1,1,1996,0,0,0,0,0,0,10,0,8,20
40097,1,1,1996,0,0,0,0,0,0,0,0,0,0
40098,1,1,1996,15,11,24,26,16,9,20,18,17,34
40098,2,1,1996,16,0,0,0,20,0,0,0,0,13
40099,1,1,1996,14,14,14,14,14,14,14,14,14,14
40099,2,1,1996,0,0,0,0,0,0,0,0,0,0
40100,1,1,1996,0,0,0,0,0,0,0,0,0,0
40100,2,1,1996,0,0,0,0,0,0,0,0,0,0
40101,1,1,1996,0,0,0,0,0,0,0,0,0,0
40102,1,1,1996,0,0,0,0,0,0,0,0,0,0
40102,2,1,1996,0,0,25,0,0,0,0,0,0,0
40103,0,1,1996,12,4,37,0,29,21,22,28,11,20
40103,1,1,1996,0,0,0,0,0,0,0,0,0,0
40104,0,1,1996,0,0,0,0,0,0,0,0,0,0
40104,1,1,1996,0,0,0,0,0,0,0,0,0,0
40105,1,1,1996,18,14,9,9,19,18,17,0,14,21
40105,2,1,1996,5,0,0,21,0,0,0,0,0,0
40106,1,1,1996,0,0,0,0,0,0,0,0,0,0
40106,2,1,1996,0,0,0,0,0,0,0,0,0,0
40107,1,1,1996,0,0,0,0,0,0,0,0,0,0
40107,2,1,1996,0,0,0,0,0,0,0,0,0,0
40108,1,1,1996,21,12,4,16,4,24,12,25,15,11
40109,1,1,1996,0,0,0,0,0,0,0,0,0,0
40109,2,1,1996,0,0,0,0,0,0,0,0,0,0
40110,1,1,1996,12,10,29,12,15,15,29,14,16,27
40111,1,1,1996,0,0,0,0,0,0,0,0,0,0
40111,2,1,1996,0,0,0,0,0,0,0,0,0,0
40112,1,1,1996,0,0,0,22,0,0,0,0,0,0
40112,2,1,1996,0,0,0,0,0,0,0,0,0,0
40112,3,1,1996,0,0,0,0,0,0,0,0,0,0
40113,1,1,1996,0,0,0,0,0,0,0,0,0,0
40113,2,1,1996,0,0,0,0,0,0,0,0,0,0
40114,1,1,1996,0,0,0,0,0,0,0,0,0,0
40114,2,1,1996,0,0,0,0,0,0,12,0,0,0
40115,1,1,1996,0,13,0,0,0,0,0,0,0,12
40115,2,1,1996,20,24,15,6,20,18,23,13,10,6
40116,0,1,1996,0,0,0,0,0,0,0,0,0,0
40116,0,2,1996,19,25,0,0,0,0,0,0,0,0
40116,1,1,1996,0,0,0,0,0,0,0,0,0,0
40117,1,1,1996,0,18,9,12,11,12,2,20,13,0
40117,2,1,1996,0,0,0,0,0,0,0,0,7,0
40118,1,1,1996,0,0,0,0,0,0,14,0,0,0
40119,1,1,1996,0,0,0,16,0,0,19,0,10,22
40120,1,1,1996,0,0,0,0,0,0,0,0,0,0
40120,2,1,1996,0,0,0,0,0,0,0,0,0,0
40120,3,1,1996,0,0,0,0,0,0,0,0,0,0
40120,4,1,1996,0,0,0,0,0,0,0,0,0,0
40120,5,1,1996,0,0,0,0,0,0,0,0,0,0
40121,1,1,1996,0,0,0,0,0,0,0,0,0,0
40121,2,1,1996,0,0,0,0,0,0,0,0,0,0
40121,3,1,1996,0,0,0,0,0,0,0,0,0,0
40122,0,1,1996,0,0,0,0,0,0,0,0,0,0
40122,1,1,1996,0,0,0,0,0,0,0,0,0,0
40123,0,1,1996,0,0,0,0,0,0,0,0,0,0
40123,1,1,1996,0,0,0,0,0,0,0,0,0,0
40124,1,1,1996,0,0,0,0,0,0,0,0,0,0
40124,2,1,1996,0,0,0,0,0,0,0,0,0,0
40124,3,1,1996,0,0,0,0,0,0,0,0,0,0
40125,1,1,1996,0,0,0,0,0,0,0,0,0,0
40126,1,1,1996,11,11,25,9,5,12,11,12,16,13
40127,1,1,1996,15,10,23,27,20,23,12,23,9,17
40128,1,1,1996,0,0,0,0,0,0,0,0,0,0
40129,0,1,1996,0,0,0,13,23,0,21,0,0,0
40129,1,1,1996,0,0,0,0,0,0,0,0,0,0
40130,1,1,1996,7,20,23,17,15,28,6,31,3,10
40130,2,1,1996,0,0,0,0,0,12,0,0,0,0
40131,0,1,1996,0,0,0,0,0,0,0,0,0,0
40131,1,1,1996,0,0,0,0,0,0,0,0,0,0
40132,1,1,1996,18,18,18,18,18,18,18,18,18,18
40133,1,1,1996,0,0,0,0,0,0,0,0,0,0
40133,2,1,1996,0,0,0,0,0,0,6,0,0,0
40134,1,1,1996,0,0,0,0,0,0,0,0,0,0
40134,2,1,1996,0,0,4,0,0,0,0,0,0,0
40134,3,1,1996,0,0,0,0,0,0,0,0,0,0
40134,4,1,1996,0,0,0,0,0,0,0,0,0,0
40135,1,1,1996,17,0,15,19,3,21,17,10,6,14
40136,1,1,1996,0,0,0,0,0,0,0,0,0,0
40137,1,1,1996,28,0,0,0,11,16,0,17,11,0
40138,0,1,1996,0,0,0,0,0,0,0,0,0,0
40138,1,1,1996,0,0,0,0,0,0,0,0,0,0
40139,1,1,1996,26,26,26,26,26,26,26,26,26,26
40139,2,1,1996,0,0,0,0,0,0,6,22,0,0
40139,3,1,1996,0,0,0,0,0,0,0,0,0,0
40140,0,1,1996,0,0,0,0,0,0,0,36,0,0
40140,1,1,1996,0,0,0,0,0,0,0,0,0,0
40141,1,1,1996,0,0,0,0,0,0,16,0,0,0
40141,2,1,1996,0,0,11,0,0,0,0,0,0,0
40142,0,1,1996,13,0,0,0,0,0,22,0,11,0
40143,0,1,1996,0,10,27,18,0,0,0,0,0,15
40143,1,1,1996,18,18,18,18,18,18,18,18,18,18
40144,1,1,1996,0,0,0,0,0,0,0,0,25,0
40144,2,1,1996,22,4,7,25,0,10,7,12,9,16
40145,1,1,1996,0,0,0,0,0,0,0,0,0,0
40145,2,1,1996,0,0,0,0,0,0,0,0,0,0
40146,1,1,1996,0,0,0,0,0,0,0,0,0,0
40146,2,1,1996,0,0,0,0,0,0,0,0,0,0
40147,0,1,1996,18,18,18,18,18,18,18,18,18,18
40147,1,1,1996,0,0,0,0,0,0,0,0,0,0
40147,2,1,1996,0,0,0,0,0,0,0,0,0,0
40148,1,1,1996,0,0,0,0,0,0,0,0,0,0
40148,2,1,1996,0,0,0,0,0,0,0,0,0,0
40149,1,1,1996,0,0,0,0,0,0,0,0,0,0
40149,2,1,1996,12,4,17,15,8,6,14,2,7,13
40150,1,1,1996,0,0,0,0,0,0,0,0,0,0
40150,2,1,1996,0,0,0,0,6,0,0,0,0,0
40151,0,1,1996,22,22,22,22,22,22,22,22,22,22
40151,1,1,1996,0,11,0,0,0,16,0,0,0,0
40152,0,1,1996,0,0,0,0,0,0,0,0,0,0
40152,1,1,1996,0,0,0,22,0,0,0,0,0,8
40153,1,1,1996,10,10,10,10,10,10,10,10,10,10
40153,2,1,1996,0,0,0,0,17,0,0,0,0,0
40154,1,1,1996,0,0,0,0,0,0,0,0,0,0
40154,2,1,1996,0,0,0,0,0,0,0,0,0,0
40155,1,1,1996,15,15,15,15,15,15,15,15,15,15
40156,1,1,1996,0,0,0,0,0,0,0,0,0,0
40156,2,1,1996,0,0,0,0,0,0,0,0,0,0
40157,1,1,1996,0,0,0,0,0,0,0,0,0,0
40157,2,1,1996,0,0,0,0,0,0,0,0,0,0
40158,1,1,1996,33,11,20,23,16,14,17,22,14,17
40159,1,1,1996,0,0,0,0,0,24,0,0,0,0
40159,2,1,1996,0,0,0,0,0,0,0,0,0,0
40160,1,1,1996,0,15,15,7,0,11,7,9,6,29
40161,0,1,1996,0,0,0,0,0,0,0,0,0,0
40161,1,1,1996,0,0,0,0,0,0,0,0,0,0
40162,0,1,1996,25,25,25,25,25,25,25,25,25,25
40162,1,1,1996,0,0,0,0,0,40,0,11,0,0
40163,1,1,1996,12,8,24,0,26,0,0,11,17,0
40164,0,1,1996,8,8,8,8,8,8,8,8,8,8
40164,0,2,1996,0,17,0,10,0,0,32,20,0,34
40164,1,1,1996,8,4,29,17,17,20,15,15,3,14
40165,1,1,1996,0,0,0,0,0,0,0,0,0,0
40166,1,1,1996,21,0,0,0,10,0,0,12,12,0
40166,2,1,1996,0,0,0,0,0,0,0,0,0,0
40167,1,1,1996,0,0,0,0,0,0,0,0,0,0
40167,2,1,1996,0,0,0,0,20,0,0,0,0,0
40168,1,1,1996,3,3,3,3,3,3,3,3,3,3
40168,2,1,1996,0,0,0,0,0,0,0,0,0,0
40169,2,1,1996,0,0,0,13,0,0,0,0,0,0
40170,0,1,1996,0,0,0,0,0,0,0,0,0,0
40170,1,1,1996,21,0,0,0,0,0,0,17,0,0
40171,1,1,1996,13,24,21,13,27,3,17,0,17,12
40171,2,1,1996,0,0,12,0,0,0,0,0,0,0
40172,0,1,1996,0,0,0,0,0,0,0,0,0,0
40172,1,1,1996,0,0,0,0,12,0,0,0,0,0
40173,1,2,1996,0,0,0,14,0,0,12,0,0,4
40174,2,1,1996,0,0,0,0,0,0,0,0,0,0
40175,1,3,1996,5,0,0,33,0,0,19,0,0,0
40176,1,1,1996,0,0,0,0,0,0,0,0,0,0
40176,2,1,1996,0,0,0,0,0,0,0,0,0,0
40177,0,1,1996,25,8,28,0,17,36,31,27,31,28
40177,1,1,1996,0,0,0,0,0,0,0,0,0,0
40178,0,1,1996,0,0,0,0,0,0,0,0,0,0
40178,1,1,1996,0,0,0,0,0,0,0,0,0,0
40179,2,1,1996,0,0,0,0,0,0,9,0,0,0
40180,0,1,1996,0,0,0,0,0,0,0,0,0,0
40180,1,1,1996,0,0,0,0,0,0,0,0,0,0
40181,1,1,1996,14,14,14,14,14,14,14,14,14,14
40182,1,1,1996,0,0,0,0,0,0,0,0,0,0
40183,1,1,1996,8,8,8,8,8,8,8,8,8,8
40184,1,1,1996,0,0,0,0,0,22,0,0,0,23
40185,1,1,1996,19,19,19,19,19,19,19,19,19,19
40186,1,1,1996,1,1,1,1,1,1,1,1,1,1
40186,2,1,1996,0,0,0,4,0,0,0,0,0,0
40187,1,1,1996,0,0,0,0,0,0,0,0,0,0
40187,2,1,1996,0,0,0,0,0,0,0,0,0,0
40187,3,1,1996,0,0,0,25,0,0,0,0,0,0
40188,1,1,1996,27,0,0,0,16,0,22,0,15,0
40188,2,1,1996,0,0,0,0,0,0,23,0,0,0
40189,2,1,1996,0,0,0,0,0,0,16,0,28,0
40190,1,1,1996,0,0,0,0,0,0,0,0,0,0
40190,2,1,1996,0,0,0,0,0,0,0,0,0,0
40191,1,1,1996,14,13,35,5,9,0,7,29,10,18
40191,2,1,1996,0,0,0,0,0,0,0,0,0,0
40192,1,1,1996,0,0,14,0,0,0,0,0,0,0
40192,2,1,1996,0,0,0,0,0,0,0,0,0,0
40193,1,1,1996,0,0,0,0,0,0,0,0,0,0
40193,2,1,1996,0,0,0,0,0,0,0,0,0,0
40194,1,1,1996,0,0,0,0,0,0,0,0,0,9
40194,2,1,1996,16,0,0,0,0,14,0,0,5,5
40195,1,1,1996,0,0,0,0,0,0,0,0,0,0
40196,1,1,1996,0,0,0,0,0,0,0,0,0,0
40197,1,2,1996,0,0,0,0,0,0,0,0,0,0
40198,0,1,1996,0,0,0,0,0,0,0,0,0,0
40198,1,1,1996,0,0,0,0,10,0,0,0,0,0
40199,0,1,1996,30,19,48,18,16,20,32,16,0,9
40199,1,1,1996,0,0,0,0,0,17,0,0,0,8
40200,0,1,1996,0,0,0,0,0,0,0,0,0,0
40200,1,1,1996,31,18,5,8,7,5,15,16,6,6
40201,1,1,1996,0,0,0,0,0,0,0,0,0,0
40201,2,1,1996,0,0,0,0,0,0,15,0,0,0
40201,3,1,1996,0,0,0,0,0,0,0,0,0,0
40201,4,1,1996,0,0,0,0,0,0,0,0,0,0
40201,5,1,1996,0,0,0,0,0,0,0,0,0,0
40202,1,1,1996,19,19,19,19,19,19,19,19,19,19
40202,2,1,1996,0,0,0,0,0,0,0,0,0,0
40203,0,1,1996,2,2,2,2,2,2,2,2,2,2
40203,1,1,1996,0,0,0,0,0,0,0,0,0,0
40204,2,1,1996,0,0,0,0,0,0,0,11,0,0
40205,1,1,1996,13,0,33,0,0,19,0,0,0,0
40206,1,1,1996,0,0,0,0,0,0,0,0,0,0
40206,2,1,1996,0,0,0,0,0,0,0,0,0,0
40207,1,1,1996,0,0,18,0,0,0,0,0,0,0
40207,2,1,1996,11,11,11,11,11,11,11,11,11,11
40208,1,1,1996,7,0,0,0,0,0,0,0,0,0
40208,2,1,1996,0,0,0,0,0,0,0,0,0,0
40209,0,1,1996,0,24,21,0,13,0,27,0,11,0
40209,1,1,1996,7,27,8,21,14,21,0,27,6,18
40210,0,1,1996,5,15,0,12,0,0,0,11,0,12
40210,1,1,1996,0,0,0,0,0,0,0,0,0,0
40211,1,1,1996,0,0,0,0,0,0,0,0,0,0
40211,2,1,1996,0,0,0,0,0,0,0,0,0,0
40212,1,1,1996,0,0,0,0,0,0,0,0,0,0
40212,2,1,1996,0,0,0,0,0,0,0,0,0,0
40213,1,1,1996,18,18,18,18,18,18,18,18,18,18
40213,2,1,1996,0,0,0,0,0,9,0,11,0,0
40214,1,1,1996,0,0,0,0,0,0,0,0,0,0
40215,0,1,1996,0,0,0,0,0,0,0,0,0,0
40215,1,1,1996,0,0,0,0,0,0,0,0,0,0
40215,2,1,1996,0,0,0,0,0,0,0,0,0,0
40216,0,1,1996,0,0,0,0,0,0,0,0,0,0
40216,1,1,1996,0,0,0,0,0,0,0,0,0,0
40217,2,1,1996,0,0,0,21,0,0,0,0,0,0
40218,0,1,1996,0,0,0,0,0,0,0,0,0,0
40218,1,1,1996,0,0,0,0,0,0,0,0,0,0
40219,1,1,1996,0,0,0,0,0,0,0,0,0,0
40220,0,1,1996,20,0,13,23,30,20,26,24,0,24
40220,1,1,1996,0,0,0,0,0,0,0,0,0,0
40221,0,1,1996,33,0,34,22,0,0,0,20,37,0
40221,1,1,1996,3,3,3,3,3,3,3,3,3,3
40222,1,1,1996,20,20,20,20,20,20,20,20,20,20
40223,0,1,1996,0,0,0,0,0,0,0,0,0,0
40223,1,1,1996,9,0,0,0,0,0,0,0,0,0
40224,1,1,1996,26,26,26,26,26,26,26,26,26,26
40225,1,1,1996,0,10,0,0,0,0,0,0,15,0
40226,1,1,1996,0,0,0,0,0,0,0,0,0,0
40226,2,1,1996,0,0,0,0,0,0,0,0,0,0
40226,3,1,1996,0,0,0,0,0,0,0,0,0,0
40227,1,1,1996,15,15,15,15,15,15,15,15,15,15
40228,1,1,1996,19,0,14,0,0,10,0,0,14,0
40229,1,1,1996,16,15,20,8,11,7,9,23,8,17
40230,1,1,1996,0,35,14,17,22,25,0,34,0,31
40230,2,1,1996,0,0,0,0,0,0,0,0,0,0
40231,1,1,1996,18,12,26,15,23,13,21,21,6,27
40232,1,1,1996,2,15,20,13,18,17,11,4,26,14
40233,1,1,1996,0,0,0,20,26,36,13,0,9,24
40234,1,1,1996,20,12,7,5,18,5,18,15,19,17
40235,1,1,1996,23,20,11,27,18,9,19,12,17,12
40236,1,1,1996,0,0,0,0,0,0,0,0,0,0
40237,1,1,1996,15,0,0,0,9,15,0,0,0,18
40238,0,1,1996,0,0,0,0,0,0,0,0,0,0
40238,1,1,1996,11,16,18,13,0,9,15,18,5,6
40239,1,1,1996,0,0,0,0,0,0,0,0,0,0
40240,1,1,1996,0,0,0,0,0,0,0,0,0,0
40240,2,1,1996,0,0,0,0,0,0,0,0,0,0
40241,1,1,1996,15,9,6,9,10,25,22,28,5,10
40242,1,1,1996,0,0,0,0,0,0,0,0,0,0
40242,2,1,1996,0,0,0,0,0,0,0,0,0,0
40242,3,1,1996,0,0,0,0,0,0,0,0,0,0
40243,1,1,1996,30,23,10,7,24,14,10,20,20,12
40244,1,1,1996,10,0,5,26,28,16,14,19,21,15
40245,0,1,1996,0,0,0,0,0,0,0,0,0,0
40245,1,1,1996,0,0,0,0,0,0,0,0,0,0
40246,0,1,1996,0,0,0,0,0,0,0,0,0,0
40247,1,1,1996,25,25,25,25,25,25,25,25,25,25
40247,2,1,1996,0,0,0,0,0,0,0,0,0,0
40248,1,1,1996,0,0,0,0,0,0,0,0,0,0
40248,2,1,1996,0,0,0,0,0,0,0,0,0,0
40249,1,1,1996,0,0,0,0,0,0,0,0,19,0
40250,0,1,1996,0,0,0,0,0,0,0,0,0,0
40250,1,1,1996,0,0,0,0,0,0,0,0,0,0
40251,1,1,1996,13,20,2,12,13,29,18,10,9,13
40251,2,1,1996,19,19,19,19,19,19,19,19,19,19
40253,1,1,1996,0,0,16,22,0,14,0,0,0,0
40253,2,1,1996,0,0,0,0,18,0,0,0,0,0
40254,0,1,1996,0,0,0,0,0,0,0,0,0,0
40254,1,1,1996,0,9,0,14,13,16,9,0,0,0
40255,1,1,1996,13,0,12,34,0,42,0,26,0,8
40256,0,1,1996,0,0,0,0,0,0,0,0,0,0
40256,1,1,1996,0,0,0,0,0,0,0,0,0,0
40257,1,1,1996,0,0,0,0,0,3,0,0,22,0
40257,2,1,1996,0,0,0,0,0,0,0,0,0,0
40257,3,1,1996,0,0,0,0,0,0,0,0,0,0
40257,4,1,1996,0,0,0,0,0,0,0,0,0,0
40258,0,1,1996,0,0,0,0,0,0,0,0,0,0
40258,1,1,1996,0,0,0,0,0,0,0,0,0,0
40259,0,1,1996,0,0,0,0,0,0,0,0,0,0
40259,1,1,1996,0,0,0,0,0,0,0,0,0,0
40260,1,1,1996,0,0,0,0,0,0,0,0,0,0
40260,2,1,1996,0,0,0,0,0,0,0,0,0,0
40261,1,1,1996,0,16,0,7,0,0,0,0,0,0
40262,1,1,1996,0,0,0,12,0,0,0,0,22,10
40262,2,1,1996,0,19,12,0,0,10,0,10,0,9
40263,1,1,1996,0,0,0,0,0,0,0,0,0,0
40264,1,1,1996,0,11,36,0,0,0,0,0,5,21
40265,1,1,1996,1,1,1,1,1,1,1,1,1,1
40265,2,1,1996,30,22,0,25,12,25,0,11,9,13
40266,1,1,1996,0,0,8,0,0,23,0,4,0,29
40266,2,1,1996,0,0,0,0,0,0,0,0,0,0
40267,1,1,1996,20,18,10,9,13,24,8,8,14,16
40267,2,1,1996,0,0,0,0,0,0,0,0,0,0
40268,1,1,1996,0,0,0,0,0,0,0,0,0,0
40268,2,1,1996,0,0,0,0,0,0,0,0,0,0
40269,1,1,1996,0,0,0,0,0,0,0,0,0,0
40270,1,1,1996,0,0,0,0,0,0,0,0,0,0
40270,2,1,1996,0,0,0,8,0,0,0,0,0,0
40270,3,1,1996,0,0,0,0,0,0,0,0,0,0
40271,1,1,1996,0,0,0,0,0,0,0,0,0,0
40271,2,1,1996,0,0,0,0,0,0,0,0,0,0
40272,1,2,1996,0,0,0,0,0,0,0,0,0,0
40273,1,1,1996,11,18,15,7,6,19,0,0,0,3
40273,2,1,1996,0,0,0,0,0,0,0,0,0,0
40273,3,1,1996,0,0,0,0,0,0,0,0,0,0
40273,4,1,1996,0,0,0,0,0,0,0,0,0,0
40274,1,1,1996,0,0,0,0,0,0,0,0,0,0
40274,2,1,1996,0,0,0,0,0,0,0,0,0,0
40275,0,1,1996,20,20,20,20,20,20,20,20,20,20
40275,1,1,1996,0,15,0,11,0,9,22,14,0,0
40276,1,1,1996,28,0,0,0,0,0,0,0,0,0
40276,2,1,1996,0,0,0,0,0,0,0,0,0,0
40277,1,1,1996,3,2,7,7,8,17,11,6,11,19
40279,1,1,1996,0,0,0,0,0,0,0,0,0,0
40279,2,1,1996,0,0,0,0,0,0,0,0,0,0
40280,1,1,1996,0,0,0,0,0,0,0,0,0,0
40280,2,1,1996,0,0,0,0,0,0,0,0,0,0
40281,1,1,1996,29,29,29,29,29,29,29,29,29,29
40281,2,1,1996,0,0,0,0,0,0,0,0,0,0
40282,1,1,1996,22,18,10,13,22,9,20,17,34,32
40283,1,1,1996,0,31,17,0,0,0,27,0,0,0
40284,1,1,1996,5,14,0,0,25,0,17,0,0,10
40285,1,1,1996,0,0,0,0,0,0,0,0,0,0
40285,2,1,1996,0,16,0,17,10,7,7,0,8,0
40286,0,1,1996,0,16,0,0,0,13,12,0,30,20
40286,1,1,1996,0,17,0,12,0,0,0,0,0,12
40287,1,1,1996,0,0,0,0,0,0,0,0,0,0
40287,2,1,1996,0,0,0,0,0,0,0,0,0,0
40288,1,1,1996,0,0,0,0,0,0,0,0,0,0
40289,1,1,1996,14,12,3,24,17,0,10,9,12,23
40290,0,1,1996,0,0,0,0,0,0,0,0,0,0
40290,1,1,1996,0,0,0,0,0,0,0,0,0,0
40291,1,1,1996,17,17,17,17,17,17,17,17,17,17
40292,1,1,1996,24,24,24,24,24,24,24,24,24,24
40293,0,1,1996,24,9,0,33,18,22,22,13,27,22
40293,1,1,1996,0,0,0,0,0,8,0,0,0,9
40294,0,1,1996,0,0,0,0,0,0,0,0,0,0
40294,1,1,1996,0,0,0,0,0,0,0,0,0,0
40295,1,1,1996,21,21,21,21,21,21,21,21,21,21
40296,1,1,1996,22,11,30,15,18,18,0,0,19,0
40297,1,1,1996,0,0,0,0,0,0,0,0,0,0
40298,0,1,1996,0,0,0,0,0,0,0,0,0,0
40298,1,1,1996,0,0,0,0,0,0,0,0,0,0
40299,1,1,1996,0,0,0,0,0,0,0,0,0,0
40299,2,1,1996,0,7,0,0,0,0,13,0,0,27
40299,3,1,1996,0,0,0,0,0,0,0,0,0,0
40300,1,1,1996,0,0,0,0,0,0,0,0,0,17
40301,1,1,1996,0,0,0,0,0,0,0,0,0,0
40301,2,1,1996,0,0,0,0,0,0,0,0,0,0
40302,0,1,1996,0,8,15,0,8,16,14,0,0,0
40302,1,1,1996,0,0,0,0,0,0,0,0,0,0
40303,1,1,1996,17,28,13,24,17,26,22,20,26,17
40304,1,1,1996,0,0,0,10,0,17,6,24,15,0
40304,2,1,1996,0,0,0,0,0,0,0,0,0,0
40305,1,1,1996,0,0,0,0,0,0,0,0,0,0
40305,2,1,1996,0,0,0,0,0,0,0,0,0,0
40306,1,1,1996,0,0,0,0,0,0,0,0,0,0
40306,2,1,1996,0,0,0,0,0,0,0,0,0,0
40307,1,1,1996,0,0,0,0,0,0,0,0,0,0
40308,1,1,1996,34,34,34,34,34,34,34,34,34,34
40309,1,1,1996,12,0,32,24,0,0,12,0,15,15
40310,0,1,1996,20,28,0,18,13,4,33,16,18,22
40310,1,1,1996,0,0,0,0,10,0,0,0,0,0
40311,1,1,1996,42,0,0,0,0,0,0,0,0,0
40311,2,1,1996,0,0,0,0,0,0,0,0,0,0
40312,0,1,1996,8,27,10,31,6,35,19,7,28,13
40312,1,1,1996,0,0,9,0,0,0,0,0,0,0
40313,1,1,1996,0,0,0,0,0,0,0,0,0,0
40314,0,1,1996,22,22,22,22,22,22,22,22,22,22
40314,1,1,1996,0,17,0,0,0,0,0,0,0,0
40315,1,1,1996,0,0,0,0,0,0,0,0,0,0
40315,2,1,1996,0,0,0,0,0,0,0,0,0,0
40316,1,1,1996,0,0,0,0,0,0,0,0,0,0
40316,2,1,1996,0,0,0,0,0,0,0,0,0,0
40316,3,1,1996,0,0,0,0,0,0,0,0,0,0
40317,1,1,1996,0,0,0,0,0,0,0,0,0,0
40317,2,1,1996,0,0,0,30,23,12,14,0,9,9
40318,0,1,1996,21,21,21,21,21,21,21,21,21,21
40318,1,1,1996,0,0,0,0,0,0,0,0,0,0
40318,2,1,1996,3,0,38,8,7,17,11,12,17,21
40319,1,1,1996,20,20,20,20,20,20,20,20,20,20
40320,1,1,1996,0,26,0,0,0,0,22,0,28,0
40321,1,1,1996,0,13,0,4,0,0,15,0,0,0
40322,1,1,1996,20,0,0,0,0,0,0,0,0,0
40322,2,1,1996,0,0,0,17,0,0,0,0,0,0
40323,0,1,1996,21,21,21,21,21,21,21,21,21,21
40323,1,1,1996,0,0,0,0,0,0,0,0,0,0
40324,2,1,1996,0,0,0,0,0,0,0,0,0,0
40325,1,2,1996,0,0,7,0,0,0,0,0,0,0
40326,1,1,1996,19,19,19,19,19,19,19,19,19,19
40326,2,1,1996,0,0,0,0,0,0,0,0,0,0
40327,1,2,1996,0,19,0,0,0,0,0,0,0,0
40330,1,1,1996,0,0,0,0,0,0,0,0,0,0
40330,2,1,1996,0,0,0,0,0,0,0,0,0,0
40330,3,1,1996,0,0,0,0,0,0,0,0,0,0
40331,1,1,1996,12,12,12,12,12,12,12,12,12,12
40331,2,1,1996,0,0,0,0,0,0,0,0,0,0
40332,1,1,1996,13,23,15,21,26,15,11,18,5,23
40333,1,1,1996,16,0,24,35,0,0,22,18,5,0
40334,1,1,1996,27,27,27,27,27,27,27,27,27,27