ST_CASE,VEH_NO,PER_NO,YEAR,P1,P2,P3,P4,P5,P6,P7,P8,P9,P10
40335,1,1,1996,26,26,26,26,26,26,26,26,26,26
40335,2,1,1996,0,0,0,0,0,0,0,0,0,0
40336,0,1,1996,0,0,0,0,0,0,0,0,0,0
40336,1,1,1996,0,0,0,0,0,0,0,0,0,0
40337,1,1,1996,0,0,0,0,0,0,0,0,0,0
40338,1,1,1996,0,0,0,0,0,0,0,0,0,0
40338,2,1,1996,0,0,0,0,0,0,0,0,0,0
40339,1,1,1996,25,25,25,25,25,25,25,25,25,25
40340,1,1,1996,0,0,13,0,0,0,0,8,0,0
40341,1,1,1996,32,0,0,0,19,15,0,0,0,22
40342,1,1,1996,19,20,0,0,14,0,0,0,0,14
40343,1,1,1996,0,0,0,0,0,0,0,0,0,0
40344,1,1,1996,0,0,0,0,0,0,19,0,0,0
40344,2,1,1996,0,0,0,0,0,0,0,0,0,3
40345,1,1,1996,0,0,0,0,0,0,0,0,0,0
40345,2,1,1996,2,2,2,2,2,2,2,2,2,2
40346,1,1,1996,15,15,15,15,15,15,15,15,15,15
40347,0,1,1996,0,0,0,0,0,0,0,0,11,0
40347,1,1,1996,0,0,0,0,0,0,0,0,0,0
40348,1,1,1996,0,0,0,0,0,0,0,0,0,0
40348,2,1,1996,0,0,0,0,0,0,0,0,0,0
40349,1,1,1996,0,0,0,0,13,0,0,0,2,0
40350,1,1,1996,0,0,0,0,0,0,0,0,0,0
40350,2,1,1996,0,0,0,0,0,0,0,20,0,0
40351,1,1,1996,0,0,0,0,0,0,0,0,0,0
40352,1,1,1996,15,11,18,30,15,20,14,0,11,0
40352,2,1,1996,0,0,0,0,0,0,0,0,0,0
40353,1,1,1996,0,0,0,0,0,0,0,0,0,0
40354,1,1,1996,0,0,0,0,11,24,0,0,4,9
40355,1,1,1996,29,26,20,27,25,14,0,0,0,19
40356,1,1,1996,0,0,0,0,0,0,0,0,0,0
40356,2,1,1996,0,0,0,0,0,0,0,0,0,0
40357,0,1,1996,31,31,31,31,31,31,31,31,31,31
40357,1,1,1996,0,0,0,0,0,0,0,0,0,0
40358,1,1,1996,4,0,3,24,0,7,9,0,0,12
40359,0,1,1996,0,0,0,0,0,0,0,0,0,0
40360,1,1,1996,17,17,17,17,17,17,17,17,17,17
40360,2,1,1996,0,0,0,0,0,0,0,0,0,11
40361,1,1,1996,0,0,0,0,10,0,0,0,0,0
40362,1,1,1996,0,0,0,0,0,0,0,0,0,0
40362,2,1,1996,0,0,0,0,0,0,0,0,0,0
40362,3,1,1996,0,0,0,0,0,0,0,0,0,0
40363,1,1,1996,7,8,0,13,6,8,11,0,5,16
40363,2,1,1996,6,6,6,6,6,6,6,6,6,6
40363,3,1,1996,0,0,0,0,0,0,0,0,0,0
40363,4,1,1996,0,0,0,0,0,0,0,0,0,0
40364,1,1,1996,0,0,0,0,0,0,0,0,0,0
40365,0,1,1996,0,0,0,0,0,0,0,0,0,0
40365,1,1,1996,0,4,0,16,0,0,0,17,0,18
40366,1,1,1996,6,20,0,0,0,0,13,0,0,0
40366,2,1,1996,0,0,0,0,0,11,33,0,0,3
40367,1,1,1996,0,0,0,0,0,0,0,0,0,0
40368,1,1,1996,0,0,0,0,0,0,0,0,0,0
40368,2,1,1996,0,0,0,0,0,0,0,0,0,0
40369,0,1,1996,10,10,10,10,10,10,10,10,10,10
40369,1,1,1996,0,0,0,0,0,0,0,0,0,0
40370,1,1,1996,20,20,20,20,20,20,20,20,20,20
40370,2,1,1996,0,0,0,14,0,0,0,0,18,0
40371,1,1,1996,0,0,0,0,26,0,0,0,0,0
40372,1,1,1996,10,0,26,16,29,0,10,0,0,0
40372,2,1,1996,0,0,0,0,0,0,0,0,0,0
40373,1,1,1996,12,5,19,12,10,12,9,7,12,0
40374,0,1,1996,0,0,0,0,0,0,0,0,0,0
40374,1,1,1996,0,0,0,0,0,7,0,0,0,0
40375,1,1,1996,0,27,5,0,0,0,23,10,0,0
40376,1,1,1996,7,27,9,21,22,0,10,26,3,24
40377,1,1,1996,0,0,0,0,0,0,0,0,0,0
40377,2,1,1996,0,0,0,0,0,0,0,0,0,0
40378,1,1,1996,0,0,0,0,0,0,0,0,0,0
40378,2,1,1996,0,0,0,0,0,0,0,6,0,0
40379,0,1,1996,0,0,0,0,0,0,0,0,0,0
40379,1,1,1996,0,0,0,0,0,0,0,0,0,0
40380,1,1,1996,0,0,0,0,0,0,0,0,0,0
40380,2,1,1996,0,0,0,0,0,6,0,0,0,0
40381,1,1,1996,0,0,0,0,0,0,0,0,0,0
40382,1,1,1996,0,0,0,0,0,0,0,0,0,0
40383,0,1,1996,17,17,17,17,17,17,17,17,17,17
40383,1,1,1996,0,0,0,0,0,0,0,0,0,0
40384,1,1,1996,20,20,20,20,20,20,20,20,20,20
40384,2,1,1996,0,0,0,0,0,0,0,0,0,0
40385,1,1,1996,0,0,0,0,0,0,0,0,0,0
40385,2,1,1996,0,0,0,0,0,0,0,11,20,0
40386,2,1,1996,0,11,0,0,8,0,0,0,0,0
40387,1,1,1996,10,0,0,0,16,17,9,17,17,0
40388,1,1,1996,24,23,23,19,17,3,40,18,18,30
40389,1,1,1996,18,17,18,28,17,31,18,0,15,23
40390,1,1,1996,0,0,0,0,0,0,0,0,0,0
40390,2,1,1996,8,8,8,8,8,8,8,8,8,8
40391,1,1,1996,0,0,5,0,0,13,0,7,29,0
40392,1,1,1996,22,22,22,22,22,22,22,22,22,22
40392,2,1,1996,16,16,16,16,16,16,16,16,16,16
40393,1,1,1996,0,0,0,4,0,13,0,0,0,0
40393,2,1,1996,8,8,8,8,8,8,8,8,8,8
40393,3,1,1996,0,0,0,0,0,0,0,0,0,0
40393,4,1,1996,0,0,0,0,0,0,0,0,0,0
40393,5,1,1996,0,0,0,0,0,0,0,0,0,0
40394,1,1,1996,0,9,0,19,40,0,0,23,13,0
40395,1,1,1996,0,0,0,0,0,0,0,0,0,0
40395,2,1,1996,0,0,0,0,0,0,0,0,0,0
40396,1,1,1996,0,0,0,0,0,0,0,0,0,0
40397,1,1,1996,0,0,0,0,0,0,0,0,0,0
40398,1,1,1996,0,19,0,0,0,18,0,0,23,7
40399,1,1,1996,10,37,18,7,15,8,13,10,28,5
40400,1,1,1996,20,20,20,20,20,20,20,20,20,20
40400,2,1,1996,0,0,0,0,0,0,0,0,0,0
40401,1,1,1996,0,0,0,0,0,0,0,0,0,0
40401,2,1,1996,0,0,0,0,17,0,0,9,0,0
40402,1,1,1996,0,0,0,0,0,0,0,0,0,0
40402,2,1,1996,0,0,0,0,0,0,0,0,0,0
40403,1,1,1996,0,0,0,0,0,0,0,0,0,0
40403,2,1,1996,0,0,0,0,0,0,0,0,0,0
40403,3,1,1996,0,0,0,0,0,0,0,0,0,0
40404,1,1,1996,0,0,0,6,0,0,27,23,14,0
40405,1,1,1996,0,0,0,0,0,0,0,0,0,0
40405,2,1,1996,0,0,0,0,0,0,0,0,0,0
40406,1,1,1996,0,0,0,0,0,0,0,0,0,0
40406,2,1,1996,0,0,0,0,0,0,0,0,0,0
40407,1,1,1996,16,16,16,16,16,16,16,16,16,16
40408,1,1,1996,0,0,0,0,13,0,8,0,0,0
40409,1,1,1996,14,18,23,26,20,24,39,23,24,21
40410,1,1,1996,20,0,19,0,12,24,7,24,13,0
40410,2,1,1996,14,7,7,0,0,2,13,10,0,14
40411,1,1,1996,17,17,17,17,17,17,17,17,17,17
40411,2,1,1996,0,0,0,0,0,0,6,0,0,0
40412,1,1,1996,0,0,0,0,0,0,0,0,0,0
40412,2,1,1996,15,15,15,15,15,15,15,15,15,15
40413,1,1,1996,10,9,25,17,21,18,6,15,6,20
40414,1,1,1996,36,36,36,36,36,36,36,36,36,36
40414,2,1,1996,0,0,0,0,0,0,0,0,0,0
40414,3,1,1996,0,0,0,0,0,0,0,0,0,0
40414,4,1,1996,0,0,0,0,0,0,0,0,0,0
40415,1,1,1996,3,10,0,30,0,0,26,4,21,0
40416,1,1,1996,0,0,0,0,0,10,9,13,10,19
40416,2,1,1996,0,0,0,0,0,0,0,0,0,0
40416,3,1,1996,0,0,0,0,0,0,0,0,0,0
40416,4,1,1996,0,0,0,0,0,0,0,0,0,0
40417,1,1,1996,0,0,0,0,0,0,0,0,0,0
40418,0,1,1996,0,0,0,0,0,0,0,0,0,0
40418,1,1,1996,0,0,0,0,0,0,0,0,0,0
40419,0,1,1996,39,0,0,0,0,0,34,0,15,0
40419,1,1,1996,0,0,0,0,0,0,0,0,0,0
40420,1,1,1996,0,0,0,0,0,0,0,0,0,0
40420,2,1,1996,0,0,0,0,0,0,0,0,0,0
40420,3,1,1996,0,0,0,0,0,0,0,8,0,0
40421,1,1,1996,14,14,27,31,20,0,14,38,24,14
40422,1,1,1996,14,17,4,11,14,26,9,19,18,11
40422,2,1,1996,0,0,0,0,0,0,0,0,0,0
40423,1,1,1996,0,0,0,0,0,0,0,0,0,0
40423,2,1,1996,8,38,13,24,6,15,23,17,5,9
40424,0,1,1996,0,0,0,0,0,0,0,0,0,0
40424,0,2,1996,0,0,0,0,0,0,0,0,0,0
40424,1,1,1996,18,18,25,16,23,19,0,22,14,30
40425,0,1,1996,22,22,22,22,22,22,22,22,22,22
40425,1,1,1996,8,11,0,0,0,0,17,0,0,0
40426,1,1,1996,0,0,0,0,0,0,0,0,0,0
40426,2,1,1996,0,0,0,0,0,0,0,0,0,0
40427,0,1,1996,20,20,20,20,20,20,20,20,20,20
40427,1,1,1996,0,0,0,0,0,0,0,0,0,0
40428,1,1,1996,0,0,0,0,0,0,0,0,0,0
40428,2,1,1996,0,0,0,0,0,0,0,0,0,0
40429,0,1,1996,0,0,0,0,0,31,0,0,0,0
40429,0,2,1996,0,0,0,0,0,0,0,0,0,0
40429,1,1,1996,0,0,0,0,0,0,0,0,0,0
40430,1,1,1996,10,10,10,10,10,10,10,10,10,10
40430,2,1,1996,0,0,0,0,0,0,0,0,0,0
40431,1,1,1996,0,0,0,0,0,0,0,0,0,0
40431,2,1,1996,0,0,0,0,0,0,0,0,0,0
40432,0,1,1996,19,19,19,19,19,19,19,19,19,19
40432,1,1,1996,14,0,0,0,5,0,23,21,20,20
40433,0,1,1996,10,4,0,0,16,20,18,34,10,24
40433,1,1,1996,3,23,11,6,0,0,0,0,0,0
40434,1,1,1996,7,18,21,11,6,10,5,5,15,17
40434,2,1,1996,0,0,0,0,0,0,0,0,0,0
40435,1,1,1996,12,12,12,12,12,12,12,12,12,12
40435,2,1,1996,0,0,0,0,0,0,0,0,0,0
40436,1,1,1996,0,0,0,0,0,0,0,0,0,0
40437,1,1,1996,0,0,0,0,0,0,0,0,0,0
40437,2,1,1996,0,0,0,0,0,0,0,0,0,0
40438,1,1,1996,0,0,0,0,0,0,0,0,0,0
40438,2,1,1996,0,0,0,0,0,0,0,0,0,0
40438,3,1,1996,0,0,0,0,0,0,0,0,0,0
40439,1,1,1996,0,0,0,0,0,0,0,0,0,0
40439,2,1,1996,0,0,0,0,0,0,0,0,0,0
40440,1,1,1996,0,0,0,0,0,0,0,0,0,0
40440,2,1,1996,0,0,0,0,0,0,0,0,0,0
40441,1,1,1996,8,16,17,11,11,16,7,10,24,15
40442,1,1,1996,27,27,27,27,27,27,27,27,27,27
40442,2,1,1996,0,0,0,0,0,0,0,0,0,0
40443,1,1,1996,0,0,0,0,0,0,0,0,0,0
40443,2,1,1996,0,0,0,0,0,0,0,0,0,0
40443,3,1,1996,0,0,0,0,0,0,0,0,0,21
40444,1,1,1996,28,9,16,17,29,23,23,8,21,15
40445,0,1,1996,0,0,0,0,0,0,0,0,0,0
40445,1,1,1996,0,0,0,0,0,0,0,0,0,0
40446,1,1,1996,5,8,14,27,11,9,22,14,5,0
40447,1,1,1996,0,0,0,0,0,0,0,0,0,0
40447,2,1,1996,21,9,17,0,18,0,0,7,7,15
40448,1,1,1996,0,5,0,6,10,0,0,14,0,0
40448,2,1,1996,9,9,9,9,9,9,9,9,9,9
40449,1,1,1996,0,0,0,0,0,0,0,0,0,0
40450,0,1,1996,13,29,25,15,11,31,16,21,21,18
40450,1,1,1996,0,0,0,0,0,0,0,0,0,0
40451,1,1,1996,0,14,0,0,0,0,0,0,0,0
40451,2,1,1996,0,0,0,0,0,0,0,0,0,0
40452,1,1,1996,18,8,20,12,10,22,5,13,5,13
40452,2,1,1996,0,0,0,0,0,0,0,0,0,0
40453,1,1,1996,22,22,22,22,22,22,22,22,22,22
40454,1,1,1996,0,15,0,17,0,8,27,0,0,0
40454,2,1,1996,0,0,0,0,0,0,0,0,0,0
40455,1,1,1996,0,0,20,6,21,2,21,17,39,12
40456,1,1,1996,23,23,23,23,23,23,23,23,23,23
40457,1,1,1996,4,4,4,4,4,4,4,4,4,4
40457,2,1,1996,0,5,0,11,0,14,0,13,0,12
40458,1,1,1996,27,0,0,11,8,0,0,0,0,0
40458,2,1,1996,0,0,0,0,0,0,0,0,0,0
40459,1,1,1996,8,11,18,11,8,11,17,12,19,20
40460,1,1,1996,2,0,0,0,0,0,0,0,0,0
40460,2,1,1996,18,24,0,5,0,0,0,0,0,0
40461,1,1,1996,0,0,0,0,0,0,0,0,0,0
40462,1,1,1996,0,0,0,0,0,0,0,0,0,0
40462,2,1,1996,0,0,0,0,0,0,0,0,0,0
40463,1,1,1996,0,0,0,0,0,0,0,0,0,0
40464,1,1,1996,5,9,7,24,22,0,0,0,0,12
40465,1,1,1996,23,12,16,22,26,22,33,26,20,18
40466,1,1,1996,0,0,0,0,0,0,0,0,0,0
40467,1,1,1996,18,18,18,18,18,18,18,18,18,18
40468,1,1,1996,0,0,0,0,0,0,0,0,0,0
40468,2,1,1996,0,0,18,0,25,0,0,0,0,0
40469,1,1,1996,0,0,0,0,0,0,15,27,0,0
40470,1,1,1996,17,17,17,17,17,17,17,17,17,17
40470,2,1,1996,0,0,0,0,18,0,0,0,0,0
40471,1,1,1996,0,0,0,0,0,0,0,18,0,16
40471,2,1,1996,0,0,0,0,0,0,0,0,0,0
40472,1,1,1996,0,0,0,0,0,0,0,0,0,0
40472,2,1,1996,0,0,0,0,0,0,0,0,0,0
40473,1,1,1996,0,0,0,0,0,0,0,0,0,0
40474,1,1,1996,21,21,21,21,21,21,21,21,21,21
40475,1,1,1996,20,20,20,20,20,20,20,20,20,20
40476,0,1,1996,24,24,24,24,24,24,24,24,24,24
40476,1,1,1996,0,0,0,0,0,0,0,0,0,0
40477,0,1,1996,0,0,0,0,9,0,0,0,0,0
40477,1,1,1996,0,0,0,0,0,0,0,0,0,0
40478,1,1,1996,23,23,23,23,23,23,23,23,23,23
40479,0,1,1996,0,0,0,0,0,0,0,0,0,0
40479,1,1,1996,0,0,0,0,0,0,0,0,0,0
40480,1,1,1996,0,8,5,7,22,0,7,10,26,8
40480,2,1,1996,0,0,0,0,0,0,0,34,0,0
40481,1,1,1996,0,0,0,0,0,0,0,0,0,0
40482,0,1,1996,20,0,0,0,0,0,0,0,0,0
40482,1,1,1996,22,22,22,22,22,22,22,22,22,22
40483,1,1,1996,0,0,0,30,0,0,0,0,0,0
40483,2,1,1996,14,0,0,0,0,0,0,0,0,0
40484,0,1,1996,0,0,0,0,0,0,0,0,0,0
40484,1,1,1996,0,0,0,0,0,0,0,0,0,0
40485,1,1,1996,0,13,13,0,0,6,0,0,0,13
40486,1,1,1996,0,0,0,0,0,0,0,0,0,0
40486,2,1,1996,0,0,0,0,0,0,0,0,0,0
40487,1,1,1996,17,17,17,17,17,17,17,17,17,17
40488,0,1,1996,0,0,0,0,0,0,0,0,0,0
40488,1,1,1996,0,0,0,0,0,0,0,0,0,0
40488,2,1,1996,0,0,0,0,0,0,0,0,0,0
40489,1,1,1996,0,0,0,20,0,0,0,24,0,0
40490,1,1,1996,13,5,15,14,12,7,9,4,12,22
40491,1,1,1996,21,21,21,21,21,21,21,21,21,21
40492,1,1,1996,4,0,0,0,0,0,0,0,0,20
40493,1,1,1996,0,0,0,0,0,0,0,0,0,0
40493,2,1,1996,0,0,0,0,0,0,0,0,0,0
40494,0,1,1996,6,28,26,25,15,26,25,11,18,23
40494,1,1,1996,0,0,0,0,0,0,0,0,0,0
40495,0,1,1996,24,24,24,24,24,24,24,24,24,24
40495,1,1,1996,23,17,14,12,7,8,5,14,11,9
40496,1,1,1996,15,10,20,14,21,16,9,12,10,16
40497,1,1,1996,0,0,0,0,0,0,0,0,0,0
40498,1,1,1996,0,0,0,0,0,0,0,0,0,0
40498,2,1,1996,0,0,0,0,0,0,0,0,0,0
40498,3,1,1996,0,0,0,0,0,0,4,0,0,0
40499,1,1,1996,0,0,0,0,0,0,0,0,0,0
40500,0,1,1996,10,5,17,22,24,27,28,0,9,30
40500,1,1,1996,0,0,0,0,0,0,0,0,0,0
40501,1,1,1996,8,8,8,8,8,8,8,8,8,8
40502,1,1,1996,0,0,0,0,0,0,0,0,0,0
40502,2,1,1996,0,0,0,0,0,0,0,0,0,0
40502,3,1,1996,0,0,0,0,0,0,0,0,0,0
40502,4,1,1996,0,0,15,0,0,0,0,0,0,14
40503,1,1,1996,20,0,16,10,0,0,0,0,0,0
40504,0,1,1996,34,34,34,34,34,34,34,34,34,34
40504,1,1,1996,0,0,0,0,0,0,0,0,4,0
40505,0,1,1996,21,21,21,21,21,21,21,21,21,21
40505,1,1,1996,0,5,0,0,0,0,0,0,0,0
40506,1,1,1996,0,0,0,0,0,0,0,0,0,0
40506,2,1,1996,0,0,0,0,0,0,0,0,0,0
40506,3,1,1996,2,2,2,2,2,2,2,2,2,2
40507,1,1,1996,19,9,12,11,8,26,24,18,10,13
40508,1,1,1996,22,22,22,22,22,22,22,22,22,22
40508,2,1,1996,0,0,0,0,0,0,0,0,0,0
40509,1,1,1996,0,0,0,0,0,0,0,0,0,0
40509,2,1,1996,16,16,16,16,16,16,16,16,16,16
40510,0,1,1996,24,19,10,21,8,33,9,7,32,12
40510,1,1,1996,0,0,0,0,0,0,0,0,0,0
40511,0,1,1996,0,0,0,0,0,0,0,0,0,0
40511,1,1,1996,0,0,0,0,0,0,0,0,0,0
40512,1,1,1996,0,0,0,0,0,0,0,0,0,0
40512,2,1,1996,0,0,0,0,0,0,0,0,0,0
40513,1,1,1996,17,9,25,0,26,0,0,0,22,14
40513,2,1,1996,0,0,0,0,0,0,0,0,0,0
40514,1,1,1996,0,0,0,0,0,28,0,0,0,12
40515,1,1,1996,0,0,0,0,0,0,0,0,0,0
40516,1,1,1996,24,0,32,0,0,0,0,0,0,0
40516,2,1,1996,0,0,0,0,0,0,0,0,0,0
40517,0,1,1996,0,0,0,24,17,39,33,5,0,34
40517,0,2,1996,0,0,0,0,0,0,0,0,0,0
40517,0,3,1996,0,0,0,0,0,0,0,0,0,0
40517,1,1,1996,12,27,0,0,22,0,16,18,0,0
40518,1,1,1996,12,6,14,14,18,10,0,11,12,11
40518,2,1,1996,0,0,0,15,0,0,0,0,0,0
40518,3,1,1996,0,0,0,0,11,0,0,0,0,0
40519,1,1,1996,31,0,0,0,0,22,4,0,0,19
40519,2,1,1996,0,0,0,0,0,0,0,0,0,0
40519,3,1,1996,0,0,0,0,0,0,0,0,0,0
40520,1,1,1996,9,23,32,10,19,11,36,16,14,2
40521,0,1,1996,29,18,0,18,20,11,13,30,25,21
40521,1,1,1996,3,0,0,26,0,0,0,0,0,0
40522,1,1,1996,6,6,6,6,6,6,6,6,6,6
40523,0,1,1996,0,0,0,0,0,0,0,0,0,0
40523,0,2,1996,0,0,0,0,0,0,0,0,0,0
40523,1,1,1996,0,0,0,0,0,0,0,0,0,0
40524,1,1,1996,0,0,0,0,0,0,0,0,0,0
40525,0,1,1996,0,0,0,0,0,0,0,0,0,0
40525,1,1,1996,0,0,0,0,0,0,0,0,0,0
40526,1,1,1996,0,0,0,0,0,0,0,0,0,0
40526,2,1,1996,0,0,0,0,0,0,0,0,0,0
40527,0,1,1996,0,0,1,0,0,0,0,0,23,27
40527,1,1,1996,0,0,0,0,17,0,0,0,0,0
40528,0,1,1996,0,0,0,0,0,0,0,0,0,0
40528,1,1,1996,0,0,0,17,0,0,0,0,0,0
40529,0,1,1996,0,0,0,0,0,0,0,0,0,0
40529,1,1,1996,0,0,0,0,0,0,0,0,0,0
40530,1,1,1996,10,10,10,10,10,10,10,10,10,10
40530,2,1,1996,0,0,0,0,0,0,0,0,0,0
40531,0,1,1996,22,0,16,18,20,18,15,16,23,28
40531,1,1,1996,0,0,0,0,0,0,0,0,0,0
40532,0,1,1996,0,0,0,0,0,0,0,0,0,0
40532,1,1,1996,0,0,0,0,0,8,7,0,0,8
40533,0,1,1996,13,13,13,13,13,13,13,13,13,13
40533,1,1,1996,0,0,0,0,0,0,0,0,0,0
40534,1,1,1996,0,0,0,0,0,0,0,0,0,0
40535,1,1,1996,0,20,3,0,23,0,0,0,0,8
40536,1,2,1996,0,8,0,18,14,0,0,0,0,0
40537,0,1,1996,0,0,0,9,9,12,0,0,0,12
40537,1,1,1996,0,4,0,19,0,0,0,0,0,0
40538,0,1,1996,27,0,0,0,0,0,0,0,0,0
40538,1,1,1996,40,0,0,0,15,0,0,0,0,12
40539,1,1,1996,0,15,25,17,16,17,21,23,17,10
40540,1,1,1996,0,0,0,0,0,0,0,24,0,0
40540,2,1,1996,31,0,0,0,0,0,10,0,17,0
40541,1,1,1996,0,0,0,0,0,0,0,0,0,0
40541,2,1,1996,0,0,0,7,0,0,0,0,0,0
40541,3,1,1996,0,13,0,0,0,0,0,11,0,0
40542,1,1,1996,17,17,17,17,17,17,17,17,17,17
40542,2,1,1996,0,0,0,0,0,0,0,0,0,0
40543,1,1,1996,11,14,25,18,16,10,19,20,28,10
40544,1,1,1996,0,0,0,0,0,0,2,0,13,0
40544,2,1,1996,0,0,0,6,0,0,0,0,0,0
40545,1,1,1996,10,11,18,7,12,10,12,13,8,24
40545,2,1,1996,0,0,0,0,0,0,0,0,0,0
40546,0,1,1996,0,0,0,0,0,0,0,0,0,0
40546,0,2,1996,0,0,0,0,0,0,0,0,0,0
40546,0,3,1996,0,0,0,0,0,0,0,0,0,0
40546,0,4,1996,0,0,0,0,0,0,0,0,0,0
40546,0,5,1996,0,0,0,0,0,0,0,0,0,0
40546,1,1,1996,0,0,0,0,0,0,0,0,26,0
40547,1,1,1996,0,0,0,0,0,0,0,0,0,0
40547,2,1,1996,0,0,0,0,0,0,0,0,0,0
40548,1,1,1996,0,0,0,0,0,17,0,0,0,0
40548,2,1,1996,0,0,0,0,0,0,0,0,0,0
40549,1,1,1996,0,0,0,0,0,26,21,25,20,0
40550,1,1,1996,0,0,0,0,0,0,0,0,0,0
40550,2,1,1996,0,0,0,0,0,0,0,0,0,0
40551,1,1,1996,16,3,8,18,14,14,9,6,7,10
40551,2,1,1996,0,0,0,0,0,0,0,0,0,0
40552,1,1,1996,0,0,0,0,0,0,0,0,0,0
40552,2,1,1996,0,0,0,0,0,0,0,0,0,0
40553,1,1,1996,0,0,0,0,0,0,0,0,0,0
40553,2,1,1996,0,0,0,0,0,0,0,0,0,0
40553,3,1,1996,0,0,0,0,0,0,0,0,0,0
40554,1,1,1996,0,0,0,0,0,0,0,0,0,0
40554,2,1,1996,0,0,0,0,0,0,0,0,0,0
40554,3,1,1996,0,0,0,0,0,0,0,0,0,0
40555,1,1,1996,0,0,0,0,0,0,0,0,0,0
40555,2,1,1996,0,0,0,0,0,0,0,0,0,0
40556,1,1,1996,25,23,27,18,22,11,19,11,18,10
40556,2,1,1996,0,0,0,0,17,0,0,0,0,0
40556,3,1,1996,0,0,0,0,0,0,0,0,0,0
40556,4,1,1996,0,15,0,0,0,0,0,0,0,0
40556,5,1,1996,0,0,0,0,0,0,0,0,0,0
40557,1,1,1996,0,0,0,17,0,10,22,0,0,6
40558,1,1,1996,0,0,0,0,0,13,0,0,0,0
40559,0,1,1996,27,27,27,27,27,27,27,27,27,27
40559,1,1,1996,22,24,21,0,13,0,0,0,0,0
40560,0,1,1996,0,0,0,0,0,0,0,0,0,0
40560,1,1,1996,0,0,0,0,0,0,0,0,0,0
40561,1,1,1996,0,0,0,0,0,0,26,0,0,0
40561,2,1,1996,0,0,0,0,0,0,0,0,0,0
40562,0,1,1996,0,0,13,33,14,18,21,28,17,17
40562,1,1,1996,22,0,0,0,26,0,14,16,0,14
40563,1,1,1996,29,29,29,29,29,29,29,29,29,29
40564,1,1,1996,14,16,0,22,13,21,6,11,8,12
40565,1,1,1996,0,0,0,0,0,0,0,0,0,0
40565,2,1,1996,0,0,0,0,0,0,0,0,0,0
40566,1,1,1996,0,9,9,12,8,0,0,0,0,14
40566,2,1,1996,0,0,17,0,0,0,0,0,0,0
40567,1,1,1996,0,0,0,0,0,0,0,0,0,0
40567,2,1,1996,11,11,11,11,11,11,11,11,11,11
40568,1,1,1996,0,0,0,0,0,0,0,0,0,0
40568,2,1,1996,12,12,12,12,12,12,12,12,12,12
40569,1,1,1996,27,27,27,27,27,27,27,27,27,27
40570,0,1,1996,0,0,0,0,0,0,0,0,0,0
40570,1,1,1996,0,0,0,0,0,0,0,0,0,0
40571,1,1,1996,0,0,0,0,0,0,0,0,0,0
40571,2,1,1996,0,0,0,0,0,0,0,0,0,0
40572,1,1,1996,0,0,0,0,0,0,0,0,0,0
40573,1,1,1996,14,14,25,30,9,13,34,11,0,0
40574,1,1,1996,0,14,0,20,0,0,6,0,20,8
40574,2,1,1996,0,0,0,0,0,0,5,0,0,0
40575,1,1,1996,10,9,18,19,21,11,15,27,15,12
40575,2,1,1996,12,12,12,12,12,12,12,12,12,12
40576,1,1,1996,0,0,0,0,0,0,0,0,0,0
40576,2,1,1996,0,0,0,0,0,0,0,0,0,0
40577,1,1,1996,0,25,0,20,24,0,0,0,0,0
40578,1,1,1996,0,9,0,8,0,9,21,21,39,18
40579,1,1,1996,0,0,0,0,0,0,0,0,0,0
40579,2,1,1996,0,0,0,0,0,0,0,0,15,0
40580,1,1,1996,0,0,0,0,0,0,0,0,0,0
40580,2,1,1996,0,0,0,0,0,0,0,0,0,0
40580,3,1,1996,0,0,0,0,0,0,0,0,0,0
40581,1,1,1996,0,0,0,0,0,0,0,0,0,16
40581,2,1,1996,0,0,0,0,0,0,0,0,0,0
40582,0,1,1996,5,5,5,5,5,5,5,5,5,5
40582,1,1,1996,0,0,0,0,0,0,0,0,0,0
40583,0,1,1996,0,0,0,0,0,0,0,0,0,0
40583,1,1,1996,18,18,14,12,16,7,32,4,15,17
40584,1,1,1996,0,0,0,0,0,0,0,0,0,15
40585,1,2,1996,0,0,0,0,0,0,0,14,0,0
40586,1,1,1996,0,0,0,0,0,0,0,0,0,0
40586,2,1,1996,0,0,0,0,0,0,0,0,0,0
40586,3,1,1996,0,0,0,0,0,0,0,0,0,0
40587,1,1,1996,21,16,14,22,3,16,19,14,20,16
40587,2,1,1996,0,0,0,0,0,0,0,0,0,0
40588,1,1,1996,0,0,0,0,0,0,0,0,0,0
40588,2,1,1996,0,0,0,0,0,0,0,0,0,0
40589,1,1,1996,0,0,0,0,0,0,0,0,0,0
40589,2,1,1996,0,0,0,0,0,0,0,0,0,0
40589,3,1,1996,0,0,0,0,0,0,0,0,13,0
40590,1,1,1996,0,23,14,11,0,0,22,11,7,19
40591,1,1,1996,0,0,10,4,4,18,24,8,7,12
40591,2,1,1996,0,0,0,0,0,0,0,0,0,0
40592,1,1,1996,17,7,15,25,12,0,15,0,19,0
40593,1,1,1996,7,0,10,6,21,10,0,12,3,14
40594,1,1,1996,0,0,0,3,0,0,0,0,0,0
40594,2,1,1996,0,0,0,0,0,0,0,0,0,0
40595,1,1,1996,23,7,6,20,24,35,26,19,17,15
40595,2,1,1996,0,0,0,0,0,0,6,0,19,5
40596,1,1,1996,0,0,0,0,0,0,0,0,0,0
40596,2,1,1996,0,0,0,0,0,0,0,0,0,0
40597,0,1,1996,0,0,0,0,0,0,0,0,0,0
40597,1,1,1996,0,0,0,0,0,2,0,0,0,0
40598,1,1,1996,0,0,0,0,0,0,0,0,0,0
40598,2,1,1996,0,0,0,0,0,0,0,0,0,0
40599,1,1,1996,0,0,0,5,31,0,0,0,0,0