ST_CASE,VEH_NO,PER_NO,YEAR,P1,P2,P3,P4,P5,P6,P7,P8,P9,P10
40599,2,1,1996,0,0,0,0,0,0,0,0,0,0
40600,1,1,1996,17,17,17,17,17,17,17,17,17,17
40601,1,1,1996,0,0,0,0,0,0,0,0,0,0
40602,1,1,1996,0,0,0,0,0,0,0,0,0,0
40602,2,1,1996,0,12,23,0,0,10,0,2,0,0
40603,1,1,1996,19,19,19,19,19,19,19,19,19,19
40603,2,1,1996,0,0,0,0,0,0,0,0,0,0
40604,1,1,1996,18,24,0,0,9,0,0,0,17,20
40605,1,1,1996,16,21,19,15,17,8,14,6,15,25
40606,1,1,1996,0,0,0,0,0,0,0,4,0,0
40606,2,1,1996,0,0,0,0,0,0,0,0,0,0
40607,1,1,1996,23,17,17,12,19,6,24,22,14,24
40608,1,1,1996,0,0,0,0,0,0,0,0,0,0
40608,2,1,1996,0,0,0,0,0,0,0,0,0,0
40609,1,1,1996,20,18,0,0,34,0,7,15,0,0
40610,0,1,1996,43,20,25,19,15,18,18,0,10,19
40610,1,1,1996,0,0,0,0,0,0,0,0,0,0
40611,0,1,1996,0,0,0,0,0,0,0,0,0,0
40611,1,1,1996,0,0,0,0,0,0,0,0,0,0
40612,0,1,1996,0,0,0,13,0,0,43,0,0,0
40612,1,1,1996,0,0,0,0,0,0,0,0,0,0
40613,1,1,1996,10,17,0,25,0,14,0,0,0,0
40614,0,1,1996,24,24,24,24,24,24,24,24,24,24
40614,1,1,1996,0,0,0,0,0,0,0,0,0,0
40615,1,1,1996,20,17,10,13,20,7,11,17,34,12
40616,1,1,1996,0,0,0,0,0,0,0,0,0,0
40617,0,1,1996,0,0,12,23,15,0,35,42,0,0
40617,1,1,1996,0,0,0,0,0,0,0,0,0,0
40618,1,1,1996,4,7,0,8,7,8,0,24,11,5
40618,2,1,1996,0,0,0,0,0,0,0,0,0,0
40618,3,1,1996,0,0,0,0,0,0,0,0,0,0
40619,1,1,1996,0,0,0,0,0,0,0,0,0,0
40619,2,1,1996,0,0,0,0,0,0,0,0,0,0
40619,3,1,1996,0,0,0,0,0,0,0,0,0,0
40620,1,1,1996,0,0,0,0,0,0,0,0,0,0
40620,2,1,1996,31,15,26,15,9,12,16,36,27,16
40621,1,1,1996,22,10,0,13,35,0,0,11,0,0
40621,2,1,1996,0,0,0,0,0,0,0,0,0,0
40622,1,1,1996,0,0,0,0,0,0,0,0,0,0
40622,2,1,1996,0,0,0,0,0,0,0,0,0,0
40623,1,1,1996,0,0,0,0,0,0,0,0,0,0
40623,2,1,1996,0,0,0,0,0,0,0,0,0,0
40623,3,1,1996,0,11,22,0,0,0,8,0,0,0
40623,4,1,1996,0,0,0,0,0,0,0,0,0,0
40624,1,1,1996,0,0,8,0,0,0,0,0,0,15
40624,2,1,1996,10,0,0,0,0,0,0,0,0,0
40625,1,1,1996,23,5,6,18,9,8,22,37,22,14
40626,1,1,1996,0,0,0,0,0,0,0,0,0,0
40626,2,1,1996,6,5,0,24,23,0,0,0,0,0
40627,1,1,1996,4,0,0,14,0,0,0,0,0,0
40628,1,1,1996,0,0,0,0,0,0,10,0,0,15
40629,0,1,1996,0,0,17,0,0,38,25,25,28,27
40629,1,1,1996,0,0,0,3,0,0,0,0,0,0
40630,1,1,1996,0,17,0,0,0,0,16,13,0,0
40631,1,1,1996,0,0,8,25,0,0,0,0,0,0
40632,1,1,1996,12,17,16,17,7,5,11,16,10,22
40633,1,1,1996,0,0,0,0,0,0,10,0,0,0
40634,1,1,1996,0,0,0,0,0,0,15,0,0,0
40634,2,1,1996,0,0,0,0,0,0,0,0,0,0
40635,1,1,1996,0,0,0,0,0,0,0,0,0,0
40636,1,1,1996,0,0,0,0,0,0,0,0,0,0
40636,2,1,1996,0,0,0,0,0,0,0,0,0,0
40637,1,1,1996,0,0,0,0,0,0,0,5,0,0
40637,2,1,1996,0,0,0,0,0,0,0,0,0,0
40638,1,1,1996,20,18,0,12,11,13,29,13,32,0
40639,1,1,1996,29,23,21,26,13,27,10,20,26,10
40640,0,1,1996,0,0,0,0,0,0,0,0,0,0
40641,1,1,1996,0,15,14,15,21,24,21,2,13,21
40642,1,1,1996,0,0,0,0,0,0,0,11,0,0
40643,1,1,1996,14,14,14,14,14,14,14,14,14,14
40644,0,1,1996,21,22,24,28,19,25,9,10,14,5
40644,1,1,1996,0,0,19,0,0,0,0,0,0,0
40645,1,1,1996,11,11,11,11,11,11,11,11,11,11
40646,1,1,1996,0,0,0,0,0,0,0,0,0,5
40646,2,1,1996,0,0,0,0,0,0,0,0,0,0
40647,0,1,1996,0,0,0,0,0,0,0,0,0,0
40647,1,1,1996,0,13,0,0,0,0,0,0,0,0
40648,1,1,1996,18,18,18,18,18,18,18,18,18,18
40649,1,1,1996,0,0,0,0,0,0,0,0,0,0
40649,2,1,1996,0,0,0,0,0,0,0,0,0,0
40650,1,1,1996,11,18,12,13,27,13,6,8,16,12
40651,1,1,1996,0,0,0,0,0,0,0,0,0,0
40652,0,1,1996,29,28,34,7,7,25,17,0,26,22
40652,1,1,1996,0,0,0,0,0,0,0,0,0,0
40653,1,1,1996,10,6,17,15,7,17,5,22,16,11
40653,2,1,1996,0,0,0,0,0,0,0,20,0,0
40654,1,1,1996,20,38,31,29,19,13,21,20,8,16
40655,0,1,1996,0,22,0,0,0,0,18,0,0,24
40655,0,2,1996,0,0,0,0,0,0,0,0,0,0
40655,1,1,1996,0,0,0,10,0,0,21,0,0,0
40656,1,1,1996,0,0,0,0,0,0,0,0,0,0
40657,1,1,1996,0,0,0,20,13,20,27,18,31,22
40657,2,1,1996,0,0,0,0,0,0,0,0,0,0
40658,1,1,1996,17,14,4,3,0,15,0,9,14,40
40659,1,1,1996,0,0,0,0,0,0,0,0,0,0
40659,2,1,1996,0,0,0,0,0,0,0,0,0,0
40660,1,1,1996,0,0,0,0,0,0,0,0,0,0
40661,1,1,1996,0,0,0,0,0,0,0,0,0,0
40662,1,1,1996,0,0,0,0,0,0,0,0,0,0
40663,1,1,1996,12,13,36,16,25,13,31,23,29,22
40664,1,1,1996,0,0,0,0,0,0,7,0,0,0
40665,0,1,1996,0,5,0,0,0,7,0,0,0,16
40665,1,1,1996,0,0,0,0,0,0,0,0,0,0
40666,1,1,1996,0,0,0,0,0,0,0,0,0,0
40666,2,1,1996,0,0,0,0,0,0,0,0,0,0
40667,0,1,1996,0,0,0,0,0,0,0,0,0,0
40668,1,1,1996,0,0,0,0,0,0,0,0,0,0
40669,1,1,1996,0,0,0,0,0,0,0,0,0,0
40669,2,1,1996,0,0,0,0,0,0,17,0,0,0
40670,1,1,1996,23,23,23,23,23,23,23,23,23,23
40671,1,1,1996,30,30,30,30,30,30,30,30,30,30
40672,1,1,1996,0,0,0,0,0,0,0,0,0,0
40672,2,1,1996,0,0,0,0,0,0,0,0,16,0
40673,1,1,1996,13,17,8,0,24,9,8,18,24,8
40673,2,1,1996,20,0,0,0,0,0,0,0,0,0
40674,0,1,1996,0,0,36,29,27,40,30,0,0,9
40674,1,1,1996,0,0,0,0,0,0,0,0,0,0
40675,1,1,1996,23,27,22,28,15,17,25,16,46,24
40676,1,1,1996,20,0,0,0,0,0,29,0,0,28
40677,1,1,1996,21,9,28,10,34,0,15,12,41,7
40678,1,1,1996,0,0,0,0,0,0,0,0,0,0
40678,2,1,1996,0,0,0,0,0,0,0,0,0,0
40679,1,1,1996,0,0,0,0,0,0,0,0,0,0
40679,2,1,1996,0,0,0,0,0,0,0,0,0,0
40680,1,1,1996,0,0,0,0,0,0,0,0,0,0
40680,2,1,1996,15,15,18,0,12,20,7,15,9,9
40681,1,1,1996,0,0,0,0,0,0,0,0,0,0
40681,2,1,1996,0,24,18,0,0,13,0,15,16,7
40682,0,1,1996,0,11,0,10,0,0,0,0,32,5
40682,1,1,1996,0,0,0,0,0,0,0,0,0,0
40683,0,1,1996,46,0,23,14,11,25,20,40,16,29
40683,1,1,1996,22,36,12,14,0,18,0,0,15,0
40684,0,1,1996,16,17,23,22,47,32,0,18,11,47
40684,1,1,1996,0,0,0,0,0,0,5,0,0,0
40685,1,1,1996,13,5,12,11,15,6,20,9,11,6
40685,2,1,1996,0,0,0,0,0,0,0,0,0,0
40685,3,1,1996,0,0,0,0,0,0,0,0,0,0
40686,1,1,1996,0,0,0,0,0,0,0,0,0,0
40686,2,1,1996,0,0,0,0,0,0,0,0,0,0
40687,1,1,1996,0,0,0,0,0,0,0,0,0,0
40687,2,1,1996,0,0,0,0,0,0,0,0,0,0
40688,0,1,1996,29,29,29,29,29,29,29,29,29,29
40688,1,1,1996,0,0,0,0,0,0,0,9,0,0
40689,1,1,1996,0,0,0,0,0,0,0,0,0,0
40689,2,1,1996,0,0,0,0,0,0,0,0,0,0
40690,1,1,1996,0,0,0,0,0,0,0,0,0,0
40691,1,1,1996,19,19,19,19,19,19,19,19,19,19
40691,2,1,1996,0,0,0,0,0,0,0,5,0,0
40692,1,1,1996,0,0,0,0,0,0,0,0,0,0
40692,2,1,1996,0,0,0,0,0,0,0,0,0,0
40693,1,1,1996,0,10,0,5,0,0,0,0,0,0
40693,2,1,1996,0,0,0,0,0,0,0,0,0,0
40694,1,1,1996,0,0,0,0,0,0,0,0,0,0
40695,0,1,1996,0,0,0,0,0,0,0,0,0,0
40695,1,1,1996,0,0,0,0,0,0,0,0,0,0
40696,1,1,1996,0,0,0,0,0,0,0,0,0,0
40696,2,1,1996,0,0,0,0,0,0,0,0,0,0
40697,1,1,1996,0,0,0,0,0,0,0,0,0,0
40697,2,1,1996,0,0,0,0,0,0,0,0,0,0
40698,1,1,1996,5,5,5,5,5,5,5,5,5,5
40699,1,1,1996,22,0,0,20,35,0,0,21,27,14
40700,1,1,1996,0,0,0,0,0,0,0,0,0,0
40701,1,1,1996,0,0,0,0,0,0,0,0,0,0
40702,1,1,1996,0,0,0,0,0,0,0,0,0,0
40702,2,1,1996,0,0,0,0,0,0,0,0,0,0
40703,1,1,1996,0,0,0,0,0,0,0,0,0,14
40703,2,1,1996,0,0,23,0,0,0,0,0,0,0
40704,1,1,1996,0,0,0,0,0,0,0,0,0,0
40704,2,1,1996,0,0,0,0,0,0,0,0,0,0
40705,1,1,1996,33,18,29,27,37,15,27,29,29,22
40706,0,1,1996,0,0,0,0,0,0,0,0,17,0
40706,1,1,1996,0,0,0,0,0,0,0,0,0,0
40707,1,1,1996,0,0,0,0,0,0,0,0,0,0
40707,2,1,1996,0,0,0,0,0,0,0,0,0,0
40707,3,1,1996,0,0,0,0,0,0,0,0,0,0
40707,4,1,1996,0,0,0,0,0,0,0,0,0,0
40707,5,1,1996,0,0,0,0,0,0,0,0,0,0
40707,6,1,1996,0,0,0,0,0,0,0,0,0,0
40707,7,1,1996,0,0,0,0,0,0,0,0,0,0
40707,8,1,1996,0,0,0,0,0,0,0,0,0,0
40708,1,1,1996,0,0,0,0,0,0,0,0,0,0
40709,0,1,1996,0,0,0,0,7,0,17,0,9,0
40709,1,1,1996,0,10,17,0,24,9,0,14,36,0
40710,1,1,1996,6,17,7,4,10,21,4,22,24,19
40711,0,1,1996,0,0,0,0,0,0,0,0,0,0
40711,1,1,1996,0,0,0,0,0,0,0,0,0,0
40712,1,1,1996,0,18,8,9,17,17,9,7,18,6
40713,1,1,1996,0,0,0,0,0,0,0,0,22,0
40713,2,1,1996,0,0,0,0,0,0,0,0,0,0
40713,3,1,1996,0,0,0,0,0,0,0,0,0,10
40714,1,1,1996,11,17,0,11,15,0,5,28,8,14
40715,0,1,1996,0,19,40,27,27,14,6,28,15,24
40715,1,1,1996,0,0,0,0,0,0,0,0,0,0
40716,1,1,1996,15,3,19,14,4,22,6,13,18,9
40717,1,1,1996,18,0,0,26,0,0,0,0,0,21
40717,2,1,1996,0,0,0,0,0,0,0,0,0,0
40718,1,1,1996,0,0,0,0,22,0,0,15,0,0
40719,1,1,1996,0,0,22,16,0,31,18,13,0,0
40720,0,1,1996,0,0,0,0,0,0,0,0,0,0
40720,1,1,1996,0,0,0,0,0,0,0,0,0,9
40721,1,1,1996,0,0,0,0,0,0,0,0,0,0
40721,2,1,1996,0,0,0,0,0,0,0,0,0,0
40722,1,1,1996,0,0,0,0,0,0,0,0,0,0
40723,1,1,1996,0,0,0,0,0,0,0,0,0,0
40724,1,1,1996,0,0,0,0,0,0,0,0,0,0
40724,2,1,1996,0,0,0,0,0,0,0,0,0,0
40725,1,1,1996,0,0,9,0,0,0,19,0,0,0
40725,2,1,1996,0,0,0,0,0,0,0,0,0,0
40725,3,1,1996,0,0,0,0,0,0,0,0,0,0
40726,1,1,1996,6,10,0,0,2,0,17,0,0,7
40726,2,1,1996,0,0,0,0,0,0,0,0,0,0
40727,1,1,1996,0,0,0,0,0,0,0,0,0,0
40727,2,1,1996,0,0,0,0,0,0,0,0,0,0
40728,1,1,1996,0,0,0,0,0,0,0,0,0,0
40728,2,1,1996,0,0,0,0,0,0,0,0,0,0
40729,1,1,1996,18,18,18,18,18,18,18,18,18,18
40730,0,1,1996,20,17,25,9,26,11,13,12,19,30
40730,1,1,1996,0,0,0,0,0,0,0,0,0,0
40731,1,1,1996,0,0,0,0,0,0,0,0,0,0
40732,1,1,1996,0,0,0,0,0,0,0,0,0,0
40733,1,1,1996,0,0,0,0,0,0,0,0,0,0
40733,2,1,1996,0,0,0,0,0,0,0,0,0,0
40734,1,1,1996,0,0,0,0,0,0,0,0,0,0
40735,1,1,1996,0,0,0,0,0,0,0,0,0,0
40735,2,1,1996,0,0,0,0,0,0,0,0,0,0
40736,1,1,1996,18,17,0,10,0,5,10,7,10,15
40736,2,1,1996,0,0,0,0,0,0,0,0,0,0
40736,3,1,1996,0,0,0,0,0,13,0,13,0,0
40736,4,1,1996,0,0,0,0,0,0,0,0,0,0
40736,5,1,1996,0,0,0,0,0,0,0,0,0,0
40737,1,1,1996,0,0,14,0,0,0,0,0,0,0
40738,1,1,1996,0,0,0,0,0,0,0,0,0,0
40738,2,1,1996,0,0,0,0,0,0,0,32,0,0
40739,1,1,1996,0,0,0,0,0,0,0,0,0,0
40740,1,1,1996,0,0,0,0,0,0,0,0,0,0
40740,2,1,1996,0,0,0,0,0,0,0,0,0,0
40740,3,1,1996,0,0,0,0,0,0,0,0,0,0
40741,1,1,1996,9,0,25,0,6,0,14,0,21,0
40741,2,1,1996,0,0,0,0,0,0,4,0,0,0
40741,3,1,1996,0,0,0,0,16,0,0,0,0,0
40741,4,1,1996,0,0,0,0,0,0,0,0,0,0
40741,5,1,1996,0,0,0,0,0,0,0,0,0,0
40742,1,1,1996,10,0,0,0,0,0,0,0,0,0
40742,2,1,1996,19,16,8,18,2,21,0,18,4,21
40743,1,1,1996,0,0,0,0,0,0,0,0,0,0
40743,2,1,1996,0,0,0,0,0,0,0,0,0,0
40744,1,1,1996,0,0,0,0,0,0,0,0,0,13
40745,0,1,1996,0,0,0,0,0,0,0,0,0,0
40745,1,1,1996,0,17,0,0,0,10,0,0,0,0
40746,1,1,1996,0,0,0,0,0,0,0,0,0,0
40747,1,1,1996,0,0,0,0,0,0,0,0,0,0
40748,0,1,1996,0,0,0,0,0,0,0,0,0,0
40748,1,1,1996,0,0,0,0,0,0,0,0,0,0
40749,0,1,1996,23,0,10,15,0,0,19,0,0,0
40749,1,1,1996,0,0,0,0,0,0,0,7,0,0
40749,2,1,1996,12,0,0,0,0,0,0,0,0,0
40749,3,1,1996,0,0,14,0,0,0,0,0,0,0
40750,1,1,1996,0,0,0,0,0,0,0,0,17,0
40751,0,1,1996,0,0,36,0,0,0,0,0,0,0
40751,1,1,1996,5,0,0,0,0,0,0,0,0,12
40752,1,1,1996,8,24,25,27,20,13,15,29,13,11
40752,2,1,1996,0,0,0,0,0,0,0,0,0,0
40753,1,1,1996,27,12,28,22,18,22,16,19,13,31
40754,1,1,1996,0,0,0,0,0,0,0,0,0,0
40754,2,1,1996,0,0,0,0,0,0,0,0,0,0
40755,1,1,1996,0,0,0,0,0,0,0,0,0,0
40755,2,1,1996,0,0,0,0,0,0,0,0,0,0
40756,0,2,1996,0,0,0,0,0,0,36,0,0,0
40756,0,3,1996,0,0,0,0,0,0,0,0,0,0
40756,1,1,1996,25,16,13,13,35,13,15,17,0,24
40757,1,1,1996,5,12,17,12,30,6,22,0,11,11
40757,2,1,1996,0,0,0,0,0,0,0,0,0,0
40758,1,1,1996,0,0,0,0,0,0,0,0,0,8
40759,1,1,1996,0,0,0,0,0,0,0,0,0,0
40760,1,1,1996,6,6,6,6,6,6,6,6,6,6
40760,2,1,1996,2,2,2,2,2,2,2,2,2,2
40761,1,1,1996,14,19,13,7,11,12,11,12,15,2
40761,2,1,1996,0,0,0,0,0,0,0,0,0,0
40762,0,1,1996,0,0,0,0,0,0,0,0,0,0
40762,1,1,1996,0,0,0,0,0,0,0,0,0,0
40763,1,1,1996,0,0,0,0,0,0,0,4,0,0
40764,1,1,1996,0,0,0,0,29,0,15,22,0,0
40765,1,1,1996,0,0,0,0,0,0,0,0,0,0
40765,2,1,1996,0,0,0,0,0,0,0,0,0,0
40766,1,1,1996,23,23,23,23,23,23,23,23,23,23
40766,2,1,1996,0,0,0,0,0,0,7,0,0,14
40767,1,5,1996,0,0,0,0,24,0,0,15,0,0
40768,1,1,1996,0,0,0,0,0,0,0,0,0,0
40768,2,1,1996,0,13,0,4,19,0,0,0,0,11
40769,0,1,1996,0,0,0,0,0,0,0,0,0,0
40769,1,1,1996,0,0,0,0,0,0,0,0,0,0
40770,1,1,1996,0,0,0,15,0,0,8,18,0,0
40771,1,1,1996,3,3,3,3,3,3,3,3,3,3
40772,1,1,1996,0,0,0,0,0,0,0,0,0,0
40772,2,1,1996,0,0,0,0,0,0,0,0,0,0
40772,3,1,1996,0,0,0,0,0,0,0,0,0,0
40773,0,1,1996,0,0,0,22,12,0,0,0,0,23
40773,1,1,1996,0,0,0,0,0,0,0,0,0,0
40774,1,1,1996,21,21,21,21,21,21,21,21,21,21
40775,1,1,1996,33,15,18,17,32,23,18,42,17,26
40776,1,1,1996,16,26,8,8,30,15,21,18,12,9
40777,1,1,1996,0,0,0,0,0,0,0,22,0,0
40777,2,1,1996,22,16,26,28,9,27,13,13,12,23
40778,0,1,1996,0,0,0,0,0,0,0,0,0,0
40778,1,1,1996,0,0,0,0,0,0,0,0,0,0
40779,1,1,1996,0,0,0,0,0,0,0,0,0,0
40779,2,1,1996,0,0,0,0,0,0,0,0,0,0
40779,3,1,1996,0,0,0,0,0,0,0,0,0,0
40779,4,1,1996,0,0,0,0,0,0,0,0,0,0
40779,5,1,1996,0,0,0,0,0,0,0,0,0,0
40780,1,1,1996,13,5,17,9,22,13,23,18,23,11
40781,1,1,1996,16,32,13,15,14,11,13,18,11,18
40781,2,1,1996,0,0,0,0,0,0,0,0,8,0
40782,0,1,1996,25,25,25,25,25,25,25,25,25,25
40782,1,1,1996,0,0,0,0,0,0,0,0,0,0
40783,1,1,1996,0,0,0,0,0,0,0,0,0,0
40783,2,1,1996,0,0,0,0,0,0,0,0,0,0
40784,0,1,1996,44,44,44,44,44,44,44,44,44,44
40784,1,1,1996,0,0,0,0,0,0,0,0,0,0
40785,0,1,1996,0,0,0,0,0,0,0,0,0,0
40785,1,1,1996,0,0,0,0,0,0,0,0,0,0
40786,1,1,1996,11,7,22,7,27,17,18,12,20,13
40787,0,1,1996,24,20,33,9,6,13,23,12,32,11
40787,1,1,1996,0,0,0,0,0,0,0,0,0,0
40788,1,1,1996,0,32,16,11,17,12,20,18,31,10
40788,2,1,1996,0,0,0,0,0,0,0,0,0,0
40789,1,1,1996,0,0,0,0,0,0,0,0,0,0
40790,1,1,1996,0,0,0,0,0,0,0,0,0,0
40790,2,1,1996,7,7,7,7,7,7,7,7,7,7
40791,1,1,1996,6,0,0,10,0,16,0,0,0,0
40791,2,1,1996,0,0,0,0,0,0,0,0,0,0
40791,3,1,1996,14,19,12,0,22,0,13,9,15,14
40792,1,1,1996,7,7,7,7,7,7,7,7,7,7
40793,1,1,1996,19,19,19,19,19,19,19,19,19,19
40794,1,1,1996,9,22,18,28,23,14,28,18,11,20
40795,1,1,1996,7,17,0,0,0,0,0,0,0,0
40796,0,1,1996,0,0,14,0,0,0,18,0,0,0
40796,1,1,1996,0,0,9,0,0,0,10,14,23,0
40797,1,1,1996,0,0,0,0,0,0,0,0,0,0
40797,2,1,1996,0,0,0,19,0,0,0,0,0,0
40798,0,1,1996,13,13,26,10,0,6,5,0,12,0
40798,1,1,1996,33,20,0,0,3,32,30,13,0,35
40799,1,1,1996,0,0,6,8,0,7,9,0,8,19
40799,2,1,1996,17,7,24,0,24,12,0,0,19,0
40799,3,1,1996,53,0,0,0,0,0,0,0,0,0
40800,1,1,1996,0,0,0,0,0,0,0,0,0,0
40801,1,1,1996,0,0,0,0,0,0,0,0,0,0
40801,2,1,1996,0,0,0,0,0,0,0,0,0,0
40802,1,1,1996,9,12,0,3,12,13,13,4,0,22
40803,1,1,1996,0,0,0,11,27,0,0,18,0,0
40804,1,2,1996,0,0,0,8,0,0,0,0,0,0
40805,1,2,1996,0,28,0,0,0,0,0,0,0,0
40806,1,1,1996,9,0,12,12,19,8,21,6,18,9
40807,0,1,1996,0,0,0,0,0,0,0,0,0,0
40807,1,1,1996,0,0,0,11,0,0,0,0,0,0
40808,1,1,1996,0,0,0,0,0,0,0,0,0,0
40809,1,1,1996,0,0,0,0,0,0,0,0,0,0
40809,2,1,1996,0,0,0,0,0,0,0,0,0,0
40810,0,1,1996,0,0,15,0,0,0,30,0,25,9
40810,1,1,1996,13,10,0,8,17,9,16,34,21,24
40811,1,1,1996,0,0,0,0,0,0,0,0,0,0
40811,2,1,1996,0,0,0,0,0,0,0,0,0,0
40812,1,1,1996,0,0,0,0,0,0,0,0,0,0
40812,2,1,1996,0,0,0,0,0,0,0,0,0,0
40813,0,1,1996,0,0,0,17,14,25,20,8,0,7
40813,1,1,1996,21,21,21,21,21,21,21,21,21,21
40814,1,1,1996,17,17,17,17,17,17,17,17,17,17
40815,1,2,1996,0,0,0,0,0,0,0,0,0,0
40816,1,1,1996,0,0,0,0,0,0,0,0,0,20
40816,2,1,1996,0,0,0,0,0,0,0,0,0,0
40817,1,1,1996,0,0,0,0,0,0,0,0,0,0
40817,2,1,1996,5,5,5,5,5,5,5,5,5,5
40817,3,1,1996,0,0,0,0,0,0,0,0,0,0
40817,4,1,1996,0,0,0,0,0,0,0,0,0,0
40818,0,1,1996,0,0,0,0,0,0,33,0,0,0
40818,1,1,1996,13,23,16,14,16,34,0,8,3,15
40818,2,1,1996,0,0,0,0,0,0,0,0,0,0
40819,0,1,1996,0,20,9,0,0,0,0,19,15,16
40819,1,1,1996,0,0,0,0,0,0,13,0,4,0
40820,0,1,1996,0,0,0,0,0,0,0,0,0,0
40820,1,1,1996,0,0,0,0,0,0,0,0,0,0
40821,1,1,1996,25,25,25,25,25,25,25,25,25,25
40821,2,1,1996,0,16,0,0,0,0,0,0,0,0
40821,3,1,1996,0,0,0,0,22,0,18,4,0,7
40822,0,1,1996,0,0,0,0,0,0,0,0,0,0
40822,1,1,1996,0,0,0,0,0,0,0,0,0,0
40823,0,1,1996,0,0,0,0,0,0,0,0,0,0
40823,1,1,1996,0,0,0,0,0,0,0,0,0,0
40823,2,1,1996,0,0,0,0,0,0,0,0,0,0
40824,1,1,1996,0,0,0,0,0,0,0,0,0,0
40824,2,1,1996,0,0,0,0,0,0,0,0,0,0
40824,3,1,1996,0,0,0,0,9,0,0,0,0,0
40824,4,1,1996,0,0,0,0,0,0,0,0,0,0
40825,1,1,1996,0,10,0,0,0,0,0,0,0,0
40825,2,1,1996,0,0,0,0,0,0,0,0,0,0
40826,1,1,1996,0,20,15,0,0,13,0,0,7,13
40827,0,1,1996,0,15,0,22,0,0,0,0,43,0
40827,1,1,1996,0,0,0,0,19,0,0,0,27,0
40828,1,1,1996,0,0,0,0,0,0,0,0,0,0
40829,1,1,1996,0,0,0,0,0,0,0,0,0,0
40829,2,1,1996,0,0,0,0,0,0,0,0,0,0
40830,0,1,1996,0,0,0,0,0,0,0,0,0,0
40830,1,1,1996,0,0,0,0,0,0,0,0,0,0
40831,0,1,1996,0,18,19,0,0,14,0,0,0,0
40831,1,1,1996,0,0,0,17,4,0,0,7,0,12
40832,0,1,1996,0,0,0,0,0,0,0,0,0,0
40832,1,1,1996,0,0,0,0,0,0,17,14,0,0
40833,1,1,1996,23,6,11,16,16,19,3,26,21,15
40833,2,1,1996,0,0,0,0,0,0,13,0,0,0
40834,0,1,1996,0,0,0,0,0,0,0,0,0,0
40834,1,1,1996,0,20,11,0,15,0,20,0,0,0
40835,0,1,1996,32,19,6,7,13,0,26,12,16,18
40835,1,1,1996,0,0,0,0,0,0,0,0,0,0
40836,1,1,1996,0,0,0,0,0,0,0,0,0,0
40836,2,1,1996,0,0,0,0,0,0,0,0,0,0
40837,0,1,1996,0,0,0,0,0,0,0,0,0,0
40837,1,1,1996,0,0,0,0,0,0,0,0,0,0
40838,1,1,1996,0,0,0,0,0,0,0,0,0,0
40838,2,1,1996,0,0,0,0,0,0,0,0,0,0
40839,0,1,1996,0,0,12,0,11,10,0,0,21,0
40839,1,1,1996,0,0,10,11,11,0,0,0,0,0
40840,1,2,1996,0,0,0,0,0,0,0,0,0,0
40841,0,1,1996,21,28,14,18,11,21,30,22,46,28
40841,1,1,1996,0,0,0,0,0,0,0,0,0,0
40842,1,1,1996,0,0,0,0,0,0,0,0,0,0
40842,2,1,1996,0,0,0,0,0,0,0,0,0,0
40843,1,1,1996,0,22,16,0,31,31,0,17,9,0
40844,1,2,1996,0,18,4,0,0,19,7,0,0,0
40845,1,1,1996,0,0,0,10,0,0,0,0,0,0
40845,2,1,1996,0,0,0,0,0,0,0,0,0,0
40846,1,1,1996,22,27,14,0,38,32,0,25,13,16
40847,0,1,1996,0,24,9,26,0,0,11,0,0,0
40847,1,1,1996,0,0,0,0,0,14,0,9,0,0
40848,1,1,1996,11,0,0,14,0,0,0,9,0,13
40849,1,1,1996,0,15,0,0,0,0,5,7,0,0
40849,2,1,1996,0,50,0,27,2,0,0,0,0,12
40850,0,1,1996,3,3,3,3,3,3,3,3,3,3
40850,1,1,1996,2,2,2,2,2,2,2,2,2,2
40851,1,1,1996,14,14,14,14,14,14,14,14,14,14
40851,2,1,1996,5,0,0,0,0,0,0,0,0,0
40852,1,1,1996,0,0,0,0,0,0,0,0,0,0
40852,2,1,1996,0,0,0,0,0,0,0,0,0,0
40853,1,1,1996,0,0,0,28,5,10,0,0,12,26
40854,0,1,1996,0,0,0,0,0,12,0,0,0,0
40854,1,1,1996,0,10,0,0,0,0,0,0,0,0
40855,1,1,1996,0,0,0,0,10,0,0,0,0,0
40856,1,1,1996,0,0,0,0,0,0,0,0,0,0
40856,2,1,1996,0,0,0,0,0,0,0,0,0,0
40857,0,1,1996,0,0,0,0,0,0,0,0,0,0
40857,1,1,1996,0,0,25,27,14,11,10,0,26,9
40858,1,1,1996,0,0,0,2,5,0,0,0,0,0
40858,2,1,1996,0,0,0,0,0,0,0,0,0,0
40859,1,1,1996,4,4,4,4,4,4,4,4,4,4
40860,0,1,1996,0,26,39,0,0,0,30,0,29,0
40860,1,1,1996,0,9,0,0,0,7,6,0,0,0
40861,1,1,1996,0,0,0,0,0,0,0,0,0,0
40862,1,1,1996,0,8,18,6,0,21,11,21,15,0
40862,2,1,1996,0,0,0,0,0,0,0,0,0,0
50001,1,1,1996,0,0,0,0,0,0,0,0,0,0
50001,2,1,1996,0,0,0,0,0,0,0,0,0,0
50002,1,1,1996,22,22,22,22,22,22,22,22,22,22
50003,1,1,1996,0,0,0,0,0,0,0,0,0,0
50003,2,1,1996,0,0,0,0,0,0,0,0,0,0
50003,3,1,1996,0,0,0,0,0,0,0,0,0,0
50003,4,1,1996,0,0,0,0,0,0,0,0,0,0
50003,5,1,1996,0,14,0,0,0,0,0,0,0,0
50004,1,1,1996,0,27,0,15,0,0,0,27,0,0
50005,1,1,1996,3,3,3,3,3,3,3,3,3,3
50005,2,1,1996,20,20,20,20,20,20,20,20,20,20
50006,1,1,1996,0,0,0,0,0,0,0,0,0,0
50007,1,1,1996,0,0,0,0,0,0,4,0,0,0
50007,2,1,1996,0,0,0,0,0,0,0,0,0,0
50008,1,1,1996,0,0,0,0,0,0,0,0,0,0
50009,1,1,1996,0,0,0,0,0,0,21,0,0,0