ST_CASE,VEH_NO,PER_NO,YEAR,P1,P2,P3,P4,P5,P6,P7,P8,P9,P10
50010,1,1,1996,20,20,20,20,20,20,20,20,20,20
50011,1,1,1996,0,0,0,18,0,0,0,0,0,0
50011,2,1,1996,0,0,0,0,0,0,0,0,0,0
50012,1,1,1996,0,0,0,0,0,0,0,0,0,0
50013,0,1,1996,0,13,0,0,0,0,0,0,0,0
50013,0,2,1996,0,11,10,0,0,0,4,0,0,14
50013,1,1,1996,12,12,12,12,12,12,12,12,12,12
50014,0,1,1996,0,0,0,23,0,0,0,0,0,0
50014,1,1,1996,0,0,0,0,0,0,0,0,7,45
50015,1,1,1996,0,0,0,0,0,0,0,0,0,0
50016,1,1,1996,0,0,0,0,0,0,0,0,0,0
50017,1,1,1996,0,8,0,0,0,0,0,28,0,19
50018,1,1,1996,25,25,25,25,25,25,25,25,25,25
50019,1,1,1996,0,0,0,0,0,0,0,0,0,0
50019,2,1,1996,0,0,0,0,0,0,0,0,0,0
50019,3,1,1996,0,0,0,0,0,0,0,0,0,0
50020,1,1,1996,11,11,11,11,11,11,11,11,11,11
50021,1,1,1996,0,0,0,0,0,0,0,0,0,0
50021,2,1,1996,0,0,0,0,0,0,0,0,0,0
50022,1,1,1996,0,0,0,0,0,0,0,0,0,0
50023,1,1,1996,0,0,0,0,0,0,0,24,0,0
50024,1,1,1996,1,1,1,1,1,1,1,1,1,1
50025,1,1,1996,0,0,0,0,0,0,0,0,0,0
50025,2,1,1996,0,0,0,0,0,0,0,0,0,0
50026,1,1,1996,5,5,5,5,5,5,5,5,5,5
50027,1,1,1996,0,17,0,12,0,5,0,0,0,20
50028,1,1,1996,14,14,14,14,14,14,14,14,14,14
50029,1,1,1996,21,21,21,21,21,21,21,21,21,21
50030,1,1,1996,19,0,17,0,0,0,0,0,7,0
50031,1,1,1996,0,0,0,0,0,0,11,29,0,0
50032,1,1,1996,0,0,0,0,0,0,0,0,0,0
50033,1,1,1996,0,0,0,0,0,0,0,0,0,0
50034,1,1,1996,0,0,8,0,0,0,0,0,0,0
50034,2,1,1996,15,15,15,15,15,15,15,15,15,15
50035,1,1,1996,25,25,25,25,25,25,25,25,25,25
50036,1,1,1996,0,24,0,0,0,0,9,0,0,0
50037,1,1,1996,18,18,18,18,18,18,18,18,18,18
50038,1,1,1996,0,0,0,0,0,0,0,0,0,0
50039,0,1,1996,45,0,0,31,0,0,29,0,0,0
50039,1,1,1996,0,0,0,0,12,0,0,0,3,0
50040,1,1,1996,18,18,18,18,18,18,18,18,18,18
50041,1,1,1996,12,21,0,0,0,31,0,0,0,0
50042,1,1,1996,0,0,0,44,0,33,0,15,16,24
50043,0,1,1996,0,0,17,0,23,16,0,0,0,0
50043,1,1,1996,0,0,0,0,0,0,0,0,0,0
50044,1,1,1996,28,28,28,28,28,28,28,28,28,28
50045,1,1,1996,0,0,24,0,0,0,0,0,41,0
50046,1,1,1996,0,0,8,11,0,0,0,0,0,0
50047,1,1,1996,0,25,0,0,20,0,9,0,0,0
50048,1,1,1996,14,0,22,0,0,22,0,0,0,0
50049,0,1,1996,0,0,0,0,0,0,0,0,0,0
50049,1,1,1996,10,0,0,0,0,0,0,0,0,0
50050,0,1,1996,0,0,0,0,0,0,0,0,0,0
50050,1,1,1996,8,8,8,8,8,8,8,8,8,8
50051,1,1,1996,0,0,0,0,0,0,0,0,0,0
50052,0,1,1996,0,0,0,0,0,0,0,0,0,0
50053,1,1,1996,0,0,0,0,0,0,0,0,7,0
50053,2,1,1996,0,0,0,0,0,0,0,0,0,0
50054,1,1,1996,0,0,0,0,0,0,0,0,0,0
50055,1,1,1996,0,0,0,0,0,0,0,0,0,0
50056,1,1,1996,0,0,0,0,0,0,0,0,0,0
50056,2,1,1996,0,0,0,0,0,0,0,0,0,0
50057,1,1,1996,10,10,10,10,10,10,10,10,10,10
50057,2,1,1996,0,0,0,0,0,0,0,0,0,0
50058,1,1,1996,12,12,12,12,12,12,12,12,12,12
50059,1,1,1996,0,0,0,0,0,0,28,0,0,0
50059,2,1,1996,0,0,0,0,0,0,0,0,0,0
50059,3,1,1996,0,0,0,0,0,0,0,0,0,0
50060,1,1,1996,0,0,0,0,0,0,0,0,0,0
50060,2,1,1996,0,0,0,0,19,0,0,0,0,0
50061,1,1,1996,0,0,0,0,0,0,0,0,0,0
50062,1,1,1996,0,0,0,0,0,0,0,0,0,0
50063,1,1,1996,0,0,0,0,13,0,0,0,0,0
50063,2,1,1996,0,0,0,0,0,0,0,0,0,0
50064,1,1,1996,0,0,0,0,0,0,0,0,0,0
50064,2,1,1996,0,0,0,0,0,42,0,0,0,0
50065,1,1,1996,0,0,0,0,0,0,0,0,0,0
50065,2,1,1996,0,0,0,0,0,0,0,0,0,0
50066,1,1,1996,0,0,0,0,0,0,0,0,0,0
50066,2,1,1996,0,0,0,0,0,0,0,0,0,0
50067,1,1,1996,0,0,0,0,0,0,0,0,0,0
50068,1,1,1996,0,0,0,0,0,0,0,0,0,0
50068,2,1,1996,0,0,0,0,0,0,0,0,0,0
50069,1,1,1996,7,7,7,7,7,7,7,7,7,7
50070,1,1,1996,0,0,0,0,0,0,0,0,0,0
50071,0,1,1996,0,0,0,0,0,0,0,0,0,26
50071,1,1,1996,0,0,0,0,0,0,0,0,0,0
50072,1,1,1996,6,18,27,18,17,21,18,23,12,0
50073,1,1,1996,0,0,0,0,0,0,0,0,0,0
50073,2,1,1996,0,0,0,0,0,0,0,0,0,0
50074,1,1,1996,0,0,0,0,0,0,0,0,0,0
50074,2,1,1996,0,0,0,0,0,0,0,0,0,0
50075,1,1,1996,0,0,0,0,0,0,0,0,0,0
50076,1,1,1996,0,0,0,0,0,0,0,0,0,0
50077,1,1,1996,0,0,0,0,0,0,0,0,0,0
50078,1,1,1996,0,0,0,0,0,0,0,0,0,0
50079,1,1,1996,0,0,0,0,0,0,0,0,0,0
50080,1,1,1996,0,0,0,0,0,0,0,0,0,0
50080,2,1,1996,1,1,1,1,1,1,1,1,1,1
50081,1,1,1996,0,0,0,0,0,23,0,0,7,0
50082,1,1,1996,10,0,0,0,0,20,0,0,0,0
50083,1,1,1996,0,0,0,0,0,0,0,0,0,0
50084,1,1,1996,11,11,11,11,11,11,11,11,11,11
50085,0,1,1996,0,0,0,0,0,0,0,0,0,0
50085,1,1,1996,0,0,0,0,0,0,0,0,0,0
50086,1,1,1996,0,0,0,0,0,0,0,0,0,0
50086,2,1,1996,0,0,0,0,0,0,0,0,0,0
50087,1,1,1996,0,0,0,0,0,0,0,0,0,0
50088,1,1,1996,0,0,0,0,0,0,0,0,0,0
50088,2,1,1996,0,0,0,0,0,0,0,0,0,0
50089,1,1,1996,33,33,33,33,33,33,33,33,33,33
50089,2,1,1996,0,0,0,0,0,0,0,0,0,0
50090,1,1,1996,0,0,0,0,0,0,0,0,0,0
50090,2,1,1996,0,0,19,0,0,0,0,0,24,0
50091,1,1,1996,0,0,0,0,0,0,0,0,0,0
50092,1,1,1996,0,0,0,0,0,0,0,0,0,0
50092,2,1,1996,0,0,0,0,0,0,0,0,0,0
50093,1,1,1996,0,0,0,0,0,0,0,0,0,0
50093,2,1,1996,0,0,0,0,0,0,0,0,0,0
50093,3,1,1996,0,0,0,0,0,0,0,0,0,0
50094,0,1,1996,19,19,19,19,19,19,19,19,19,19
50094,1,1,1996,0,0,0,0,0,0,0,0,0,0
50095,1,1,1996,0,0,0,0,0,0,0,0,0,0
50095,2,1,1996,0,0,0,0,0,27,0,0,0,0
50096,1,1,1996,0,0,0,0,0,0,0,0,0,0
50096,2,1,1996,0,0,0,0,0,0,0,0,0,0
50097,1,1,1996,0,0,17,0,15,0,0,0,0,0
50097,2,1,1996,0,0,0,0,0,0,0,0,0,0
50098,0,1,1996,16,0,0,0,38,0,0,13,27,0
50098,1,1,1996,0,0,0,0,0,0,0,0,0,0
50099,1,1,1996,0,0,0,0,0,0,0,0,0,0
50100,1,1,1996,0,0,0,0,0,0,0,0,0,0
50101,0,1,1996,17,17,17,17,17,17,17,17,17,17
50101,1,1,1996,0,0,0,0,0,0,0,0,0,0
50102,1,1,1996,0,0,0,0,0,0,0,0,0,0
50102,2,1,1996,0,0,0,0,0,0,0,0,0,0
50103,1,1,1996,0,20,0,0,0,35,12,0,0,0
50104,1,1,1996,0,0,0,0,0,0,0,0,0,0
50105,1,1,1996,0,0,0,0,0,0,0,0,0,0
50105,2,1,1996,0,0,0,0,0,0,0,0,0,0
50105,3,1,1996,0,0,0,0,0,0,0,0,0,0
50106,1,1,1996,0,0,0,0,0,0,0,0,0,0
50106,2,1,1996,0,0,0,0,0,0,0,0,0,0
50107,1,1,1996,0,0,0,0,0,0,0,10,0,23
50107,2,1,1996,0,0,0,0,0,0,0,0,0,0
50108,1,1,1996,0,0,0,0,0,0,0,0,0,0
50108,2,1,1996,43,43,43,43,43,43,43,43,43,43
50109,1,1,1996,20,20,20,20,20,20,20,20,20,20
50110,1,1,1996,2,2,2,2,2,2,2,2,2,2
50111,1,1,1996,0,0,0,0,0,0,0,0,0,0
50112,1,1,1996,0,0,0,0,0,0,0,0,0,0
50112,2,1,1996,0,0,0,0,0,0,0,0,0,0
50113,1,1,1996,0,0,0,0,0,0,0,0,0,0
50113,2,1,1996,0,0,0,0,0,0,0,0,19,0
50114,1,1,1996,0,0,0,0,0,0,0,0,0,0
50115,1,1,1996,0,0,0,0,0,0,0,0,0,0
50115,2,1,1996,20,20,20,20,20,20,20,20,20,20
50116,1,1,1996,0,0,0,0,0,0,0,0,0,0
50116,2,1,1996,0,0,0,0,0,22,0,0,0,0
50117,1,1,1996,12,12,12,12,12,12,12,12,12,12
50118,1,1,1996,27,27,27,27,27,27,27,27,27,27
50119,1,1,1996,0,0,0,7,0,0,0,0,0,0
50120,1,1,1996,0,0,0,0,0,0,0,0,0,0
50120,2,1,1996,0,0,0,0,0,0,0,0,0,0
50121,1,1,1996,0,0,0,0,0,0,0,0,0,0
50121,2,1,1996,21,21,21,21,21,21,21,21,21,21
50122,1,1,1996,0,0,0,0,0,0,0,0,0,0
50123,0,1,1996,0,0,0,0,0,0,0,0,0,16
50123,1,1,1996,0,0,0,0,0,0,0,0,0,0
50124,1,1,1996,0,0,0,0,0,0,0,0,0,0
50124,2,1,1996,0,0,0,0,0,0,0,0,0,0
50125,1,1,1996,20,4,0,0,0,0,0,22,0,0
50126,1,1,1996,7,7,7,7,7,7,7,7,7,7
50126,2,1,1996,0,0,0,0,0,0,0,0,0,0
50127,1,1,1996,8,8,8,8,8,8,8,8,8,8
50127,2,1,1996,0,0,0,0,0,0,0,0,0,0
50128,1,1,1996,0,0,0,0,0,0,0,0,0,0
50129,1,1,1996,17,17,17,17,17,17,17,17,17,17
50130,1,1,1996,0,0,0,0,0,0,0,0,0,0
50130,2,1,1996,0,0,0,0,0,0,0,0,0,0
50130,3,1,1996,0,0,0,0,0,0,0,0,0,0
50131,1,1,1996,0,0,0,0,0,0,0,0,0,0
50131,2,1,1996,0,0,0,0,0,0,0,0,8,0
50132,1,1,1996,0,0,0,0,0,0,0,0,0,0
50133,1,1,1996,0,0,0,0,0,0,0,0,0,0
50134,1,1,1996,0,0,0,0,0,0,0,0,0,0
50134,2,1,1996,0,0,0,0,0,0,0,0,0,0
50135,1,1,1996,18,18,18,18,18,18,18,18,18,18
50136,1,1,1996,0,23,0,0,14,0,0,12,0,0
50137,1,1,1996,0,0,0,0,0,0,0,0,0,0
50137,2,1,1996,0,0,0,0,0,0,0,0,0,0
50138,1,1,1996,0,0,0,0,0,0,0,0,0,0
50138,2,1,1996,3,3,3,3,3,3,3,3,3,3
50139,1,1,1996,0,0,0,0,0,0,0,0,0,0
50139,2,1,1996,0,0,0,0,0,0,0,0,0,0
50140,1,1,1996,29,13,18,30,30,22,0,0,21,28
50141,1,1,1996,0,0,0,0,0,0,6,0,0,0
50141,2,1,1996,5,5,5,5,5,5,5,5,5,5
50142,1,1,1996,33,33,33,33,33,33,33,33,33,33
50143,1,1,1996,0,0,0,0,0,0,0,0,0,0
50143,2,1,1996,0,0,9,0,0,0,0,0,0,0
50144,1,1,1996,0,0,0,0,0,0,0,0,0,0
50145,1,1,1996,0,0,0,0,0,0,0,0,0,0
50146,1,1,1996,22,22,22,22,22,22,22,22,22,22
50147,1,1,1996,0,0,0,0,0,0,0,0,0,0
50147,2,1,1996,0,0,0,0,0,0,0,0,0,0
50148,1,1,1996,0,0,0,0,0,0,0,0,0,0
50149,1,1,1996,0,0,0,0,0,0,0,0,0,0
50149,2,1,1996,0,0,0,0,0,0,0,0,0,0
50150,1,1,1996,0,0,0,0,0,0,0,0,0,0
50150,2,1,1996,0,0,0,0,0,0,0,0,0,0
50151,1,1,1996,0,13,0,0,18,0,0,0,0,29
50152,1,1,1996,0,0,0,0,0,0,0,0,0,0
50152,2,1,1996,0,0,0,0,0,0,0,0,0,0
50153,1,1,1996,10,10,10,10,10,10,10,10,10,10
50154,1,1,1996,8,8,8,8,8,8,8,8,8,8
50155,1,1,1996,0,0,0,0,0,0,0,0,0,0
50156,1,1,1996,0,0,0,0,0,0,0,0,0,0
50156,2,1,1996,0,0,0,0,0,0,0,0,0,0
50157,1,1,1996,0,0,0,0,0,0,0,0,0,0
50157,2,1,1996,0,0,0,0,0,0,0,0,0,0
50158,1,1,1996,0,0,0,0,0,0,0,0,0,0
50158,2,1,1996,0,0,0,0,0,0,0,0,0,0
50159,1,1,1996,0,0,0,0,0,0,0,0,0,0
50159,2,1,1996,0,0,0,0,0,0,0,0,0,0
50160,1,1,1996,14,14,14,14,14,14,14,14,14,14
50161,1,1,1996,0,0,0,0,0,0,0,0,0,0
50161,2,1,1996,0,0,0,0,0,0,0,0,0,0
50162,1,1,1996,0,0,0,0,0,0,0,0,0,0
50162,2,1,1996,0,0,0,0,0,0,0,5,0,0
50162,3,1,1996,0,0,0,0,0,0,0,0,0,0
50163,1,1,1996,0,15,0,0,0,19,0,0,0,0
50163,2,1,1996,0,0,0,0,0,0,0,6,0,0
50164,1,1,1996,16,16,16,16,16,16,16,16,16,16
50165,1,1,1996,0,0,0,0,0,0,0,0,0,0
50166,1,1,1996,0,0,0,0,0,0,0,0,0,0
50167,1,1,1996,0,0,0,0,0,0,0,0,0,0
50168,1,1,1996,0,0,0,0,0,0,0,0,0,0
50169,1,1,1996,10,10,10,10,10,10,10,10,10,10
50170,1,1,1996,0,0,0,0,0,0,0,0,0,0
50170,2,1,1996,0,0,0,0,0,0,0,0,0,0
50171,1,1,1996,13,13,13,13,13,13,13,13,13,13
50172,1,1,1996,26,26,26,26,26,26,26,26,26,26
50173,1,1,1996,0,0,0,0,0,0,0,0,0,0
50173,2,1,1996,1,1,1,1,1,1,1,1,1,1
50174,1,1,1996,0,0,0,0,0,0,0,0,0,0
50175,1,1,1996,4,4,4,4,4,4,4,4,4,4
50175,2,1,1996,0,0,0,0,0,0,0,0,0,0
50176,1,1,1996,27,27,27,27,27,27,27,27,27,27
50177,1,1,1996,0,0,0,0,0,0,0,0,0,0
50178,1,1,1996,0,0,0,0,0,0,0,0,0,0
50179,1,1,1996,16,16,16,16,16,16,16,16,16,16
50180,0,1,1996,7,7,7,7,7,7,7,7,7,7
50180,1,1,1996,0,0,0,0,14,0,0,11,0,0
50181,1,1,1996,0,0,0,0,15,0,0,16,26,0
50182,1,1,1996,0,0,24,0,0,17,3,0,17,25
50183,1,1,1996,0,0,0,0,0,17,0,0,0,0
50184,1,1,1996,18,18,18,18,18,18,18,18,18,18
50184,2,1,1996,0,0,0,0,0,0,0,0,0,0
50185,1,1,1996,0,0,0,0,0,0,0,0,0,0
50185,2,1,1996,0,0,0,0,0,0,0,0,0,0
50186,1,1,1996,0,0,0,0,0,0,0,0,0,0
50186,2,1,1996,0,0,0,0,0,0,0,0,0,0
50186,3,1,1996,0,0,0,0,0,0,0,0,0,0
50186,4,1,1996,0,0,0,0,0,0,0,0,0,0
50187,1,1,1996,0,0,0,0,0,0,0,0,0,0
50187,2,1,1996,0,0,0,0,0,0,0,0,0,0
50188,1,1,1996,0,0,8,0,0,0,0,0,0,0
50188,2,1,1996,0,0,0,0,0,0,0,0,0,0
50189,1,1,1996,0,0,0,0,0,0,4,0,0,0
50190,1,1,1996,13,0,0,0,0,0,0,0,0,0
50190,2,1,1996,0,0,0,0,0,0,0,0,0,0
50191,1,1,1996,0,0,0,0,0,0,0,0,0,0
50191,2,1,1996,0,0,0,0,14,0,0,0,0,0
50192,0,1,1996,0,0,0,0,0,0,0,0,0,0
50192,0,2,1996,0,0,0,0,0,0,0,0,0,0
50192,1,1,1996,0,0,0,0,0,0,0,0,0,0
50193,1,1,1996,0,0,0,0,0,0,0,0,0,0
50193,2,1,1996,0,0,0,0,0,0,0,0,0,0
50194,1,1,1996,0,0,0,0,0,0,0,0,0,0
50194,2,1,1996,0,0,0,0,0,0,0,0,0,0
50194,3,1,1996,0,0,0,0,0,0,0,0,0,0
50194,4,1,1996,0,0,0,0,0,0,0,0,0,0
50195,1,1,1996,22,22,22,22,22,22,22,22,22,22
50196,1,1,1996,31,31,31,31,31,31,31,31,31,31
50197,1,1,1996,0,0,30,7,32,16,0,16,25,0
50198,1,1,1996,0,0,0,0,0,0,0,0,0,0
50199,1,1,1996,0,0,0,0,0,0,0,0,0,0
50199,2,1,1996,0,0,0,0,0,0,0,0,0,0
50199,3,1,1996,0,0,0,0,0,0,0,0,13,0
50200,1,1,1996,0,0,0,0,0,0,0,0,0,0
50201,1,1,1996,0,0,0,0,0,0,0,0,0,0
50202,1,1,1996,0,0,0,0,0,0,0,0,0,0
50203,1,1,1996,0,0,0,0,0,0,0,0,0,20
50204,1,1,1996,0,0,0,0,0,0,0,0,0,0
50204,2,1,1996,0,0,0,0,0,0,0,0,0,0
50205,1,1,1996,0,0,0,0,0,0,0,0,0,0
50205,2,1,1996,0,0,0,0,0,0,0,0,0,0
50206,1,1,1996,0,0,0,0,0,0,0,0,0,0
50206,2,1,1996,0,0,0,0,0,0,0,0,0,0
50207,1,1,1996,0,0,0,0,0,0,0,0,0,0
50207,2,1,1996,23,23,23,23,23,23,23,23,23,23
50208,1,1,1996,0,0,0,0,26,0,29,0,12,15
50208,2,1,1996,16,16,16,16,16,16,16,16,16,16
50209,1,1,1996,27,27,27,27,27,27,27,27,27,27
50210,0,1,1996,0,0,0,0,0,13,27,0,23,0
50210,1,1,1996,10,10,10,10,10,10,10,10,10,10
50211,1,1,1996,18,18,18,18,18,18,18,18,18,18
50212,1,1,1996,0,0,0,0,0,0,0,0,0,0
50212,2,1,1996,0,0,0,0,0,0,0,0,0,0
50213,1,1,1996,0,0,0,0,0,0,0,0,0,0
50213,2,1,1996,10,4,5,16,0,20,10,22,13,17
50214,1,1,1996,14,14,14,14,14,14,14,14,14,14
50215,0,1,1996,21,0,0,0,0,0,0,0,0,0
50215,1,1,1996,0,0,0,0,0,0,0,0,7,0
50216,1,1,1996,0,0,0,0,0,0,0,0,4,0
50216,2,1,1996,0,0,0,0,0,0,0,0,0,0
50217,1,1,1996,8,0,0,0,0,0,0,0,0,0
50218,1,1,1996,0,0,0,0,0,0,0,0,0,0
50218,2,1,1996,0,0,0,0,0,0,0,0,0,0
50218,3,1,1996,0,0,0,0,0,0,0,0,0,0
50219,1,1,1996,0,0,0,0,0,0,0,0,0,0
50219,2,1,1996,32,32,32,32,32,32,32,32,32,32
50220,1,1,1996,24,24,24,24,24,24,24,24,24,24
50221,1,1,1996,0,0,0,0,0,0,0,0,0,0
50221,2,1,1996,16,16,16,16,16,16,16,16,16,16
50222,1,1,1996,5,5,5,5,5,5,5,5,5,5
50223,1,1,1996,0,0,0,0,0,0,0,0,0,0
50223,2,1,1996,0,0,0,0,0,0,0,0,0,0
50224,1,1,1996,10,10,10,10,10,10,10,10,10,10
50225,1,1,1996,0,0,0,0,0,0,0,0,0,0
50226,1,1,1996,0,0,0,0,0,0,0,0,0,0
50227,1,1,1996,0,8,0,0,0,0,0,0,0,0
50228,1,1,1996,0,0,0,0,0,0,0,0,0,0
50228,2,1,1996,0,0,0,0,0,0,0,0,0,0
50229,1,1,1996,0,0,0,0,0,0,0,0,0,0
50229,2,1,1996,0,0,0,0,0,0,0,0,0,0
50229,3,1,1996,0,0,0,0,0,0,0,0,0,0
50230,1,1,1996,0,0,0,0,0,0,0,0,0,0
50230,2,1,1996,27,27,27,27,27,27,27,27,27,27
50231,1,1,1996,0,0,9,0,17,27,24,0,0,0
50232,1,1,1996,0,0,0,0,0,0,0,0,0,0
50232,2,1,1996,0,0,20,0,0,0,0,0,0,0
50232,3,1,1996,0,0,0,0,0,0,0,11,0,0
50233,1,1,1996,13,13,13,13,13,13,13,13,13,13
50234,1,1,1996,19,0,0,0,14,0,12,0,0,16
50235,1,1,1996,19,19,19,19,19,19,19,19,19,19
50236,1,1,1996,0,0,0,0,0,0,0,0,0,0
50236,2,1,1996,0,0,12,0,0,0,0,0,0,0
50237,1,1,1996,0,0,0,0,0,0,0,0,0,0
50237,2,1,1996,0,0,0,0,0,0,11,0,0,0
50238,0,1,1996,0,0,0,0,0,0,0,0,11,0
50238,1,1,1996,0,0,0,0,0,0,0,0,0,0
50239,1,1,1996,0,0,0,0,0,0,0,0,0,0
50239,2,1,1996,0,0,0,0,0,0,0,0,0,0
50240,1,1,1996,0,0,0,0,0,0,0,0,0,0
50241,1,1,1996,2,2,2,2,2,2,2,2,2,2
50242,1,1,1996,11,11,11,11,11,11,11,11,11,11
50243,1,1,1996,30,30,30,30,30,30,30,30,30,30
50243,2,1,1996,0,0,0,0,0,0,0,0,0,0
50244,1,1,1996,19,19,19,19,19,19,19,19,19,19
50245,1,1,1996,15,15,15,15,15,15,15,15,15,15
50245,2,1,1996,0,0,0,0,0,0,0,0,0,0
50246,1,1,1996,13,13,13,13,13,13,13,13,13,13
50246,2,1,1996,0,0,0,0,0,0,0,0,0,0
50247,1,1,1996,31,31,31,31,31,31,31,31,31,31
50249,1,1,1996,17,17,17,17,17,17,17,17,17,17
50250,1,1,1996,16,0,16,19,7,32,23,34,14,7
50251,1,1,1996,0,0,0,0,0,0,0,0,0,0
50251,2,1,1996,0,0,0,0,0,0,0,0,0,0
50251,3,1,1996,0,0,0,0,0,0,0,0,0,0
50252,1,1,1996,11,0,15,12,0,0,22,0,6,0
50253,1,1,1996,0,0,0,0,0,0,0,0,0,0
50254,1,1,1996,29,29,29,29,29,29,29,29,29,29
50255,1,1,1996,0,0,0,0,0,0,0,0,0,0
50256,1,1,1996,0,0,0,0,0,0,0,0,0,0
50256,2,1,1996,0,0,0,0,0,0,0,0,0,0
50257,1,1,1996,27,27,27,27,27,27,27,27,27,27
50258,1,1,1996,0,0,0,0,0,0,0,0,0,0
50258,2,1,1996,0,0,0,0,0,0,0,0,0,0
50259,1,1,1996,0,0,0,0,0,0,0,0,0,0
50259,2,1,1996,0,0,0,0,0,0,0,0,0,0
50260,1,1,1996,0,0,0,0,0,0,0,0,0,0
50261,1,1,1996,0,0,0,0,0,0,0,0,0,0
50262,1,1,1996,19,19,19,19,19,19,19,19,19,19
50263,0,1,1996,0,0,0,0,0,0,0,0,0,0
50263,1,1,1996,0,0,0,0,0,0,0,0,0,0
50264,1,1,1996,0,0,0,0,0,0,0,0,0,0
50264,2,1,1996,0,0,0,0,0,0,0,0,0,0
50265,1,1,1996,0,0,0,0,0,0,0,0,0,0
50266,1,1,1996,0,0,0,0,0,0,0,0,0,0
50267,1,1,1996,0,0,0,0,0,0,0,0,0,0
50267,2,1,1996,0,0,0,0,0,0,0,0,0,0
50268,1,1,1996,0,0,0,0,0,0,0,0,0,0
50268,2,1,1996,0,0,0,0,0,0,0,0,0,0
50269,0,1,1996,0,0,0,0,0,0,0,0,0,0
50269,1,1,1996,0,0,0,0,0,0,0,0,0,0
50270,1,1,1996,0,0,0,0,0,0,0,0,0,0
50270,2,1,1996,0,0,0,0,0,0,0,0,0,0
50271,1,1,1996,22,22,22,22,22,22,22,22,22,22
50271,2,1,1996,0,0,0,0,0,0,0,0,0,0
50272,1,1,1996,0,0,0,0,14,32,0,0,0,0
50273,1,1,1996,0,0,0,0,0,0,0,7,0,0
50274,1,1,1996,15,15,15,15,15,15,15,15,15,15
50275,1,1,1996,32,32,32,32,32,32,32,32,32,32
50275,2,1,1996,0,0,33,0,0,0,0,0,0,0
50275,3,1,1996,0,0,0,0,0,0,0,0,0,0
50276,1,1,1996,0,0,0,0,0,26,0,0,0,0
50277,1,1,1996,17,17,17,17,17,17,17,17,17,17
50278,1,1,1996,0,0,0,0,0,0,0,0,0,0
50278,2,1,1996,0,0,0,0,0,0,0,0,0,0
50279,1,1,1996,0,0,0,0,0,0,0,0,0,0
50280,1,1,1996,0,0,0,0,0,0,0,0,0,0
50280,2,1,1996,0,0,0,0,0,0,0,0,0,0
50281,1,1,1996,0,0,0,0,0,0,0,0,0,0
50282,1,1,1996,41,41,41,41,41,41,41,41,41,41
50283,1,1,1996,0,0,0,0,0,0,0,0,0,0
50283,2,1,1996,0,0,0,0,0,8,22,0,0,0
50284,1,1,1996,0,0,0,0,0,0,0,0,0,0
50285,1,1,1996,0,0,0,0,0,0,0,0,0,0
50285,2,1,1996,0,0,0,0,20,15,0,0,0,0
50286,1,1,1996,0,0,0,0,0,0,0,0,0,0
50287,1,1,1996,0,0,0,0,0,0,0,0,0,0
50288,1,1,1996,9,9,9,9,9,9,9,9,9,9
50288,2,1,1996,11,11,11,11,11,11,11,11,11,11
50289,1,1,1996,0,0,0,0,0,0,0,0,0,0
50290,1,1,1996,0,0,0,0,0,0,0,0,0,0
50291,1,1,1996,12,12,12,12,12,12,12,12,12,12
50291,2,1,1996,0,0,0,0,0,0,0,0,0,0
50292,1,1,1996,9,9,9,9,9,9,9,9,9,9
50293,1,1,1996,0,0,0,0,0,0,0,0,0,0
50293,2,1,1996,6,6,6,6,6,6,6,6,6,6
50293,3,1,1996,0,0,0,0,0,0,0,0,0,0
50294,1,1,1996,3,3,3,3,3,3,3,3,3,3
50295,1,1,1996,21,21,21,21,21,21,21,21,21,21
50296,1,1,1996,0,0,0,0,0,0,0,0,0,0
50296,2,1,1996,0,0,0,0,0,0,0,0,0,0
50297,1,1,1996,0,0,39,0,0,0,0,0,0,19
50298,1,1,1996,0,0,0,0,0,0,0,0,0,0
50299,1,1,1996,0,0,0,0,0,0,0,0,0,0
50299,2,1,1996,0,0,0,0,0,0,0,0,0,0
50300,1,1,1996,27,27,27,27,27,27,27,27,27,27
50301,1,1,1996,0,0,0,0,0,0,0,0,0,0
50301,2,1,1996,0,0,0,0,0,0,0,0,0,0
50302,0,1,1996,0,0,0,0,0,0,0,0,0,0
50302,1,1,1996,0,0,0,0,0,0,0,0,0,0
50303,1,1,1996,0,0,0,0,0,0,23,0,0,0
50303,2,1,1996,0,0,0,0,0,0,0,0,0,0
50304,0,1,1996,23,23,23,23,23,23,23,23,23,23
50304,1,1,1996,0,0,0,0,0,0,0,0,0,0
50306,1,1,1996,0,0,0,0,0,0,0,0,0,0
50306,2,1,1996,0,0,0,14,0,0,0,0,0,0
50307,1,1,1996,20,20,20,20,20,20,20,20,20,20
50308,1,1,1996,0,0,0,0,0,0,0,0,0,0
50308,2,1,1996,14,14,14,14,14,14,14,14,14,14
50309,1,1,1996,0,0,0,0,0,0,0,0,0,0
50310,0,1,1996,0,0,0,0,0,0,0,0,0,0
50310,1,1,1996,12,12,12,12,12,12,12,12,12,12
50311,1,1,1996,0,0,0,0,0,0,0,0,0,0
50311,2,1,1996,0,0,0,0,0,0,0,0,0,0
50312,1,1,1996,0,0,0,0,0,0,0,0,0,0
50313,1,1,1996,0,0,0,0,0,0,0,0,0,0
50313,2,1,1996,0,0,0,0,0,0,0,0,0,0
50314,1,1,1996,6,6,6,6,6,6,6,6,6,6
50315,1,1,1996,0,0,0,0,0,0,0,0,0,0
50315,2,1,1996,0,0,0,0,0,0,0,0,0,0
50316,1,1,1996,28,28,28,28,28,28,28,28,28,28
50317,1,1,1996,0,0,0,0,0,0,0,0,0,0
50318,1,1,1996,22,22,22,22,22,22,22,22,22,22
50319,1,1,1996,0,0,0,0,0,0,0,0,0,0
50320,1,1,1996,0,0,0,0,20,0,0,0,0,0
50320,2,1,1996,0,0,0,0,0,0,0,0,0,0
50321,1,1,1996,27,27,27,27,27,27,27,27,27,27