ST_CASE,VEH_NO,PER_NO,YEAR,P1,P2,P3,P4,P5,P6,P7,P8,P9,P10
50322,1,1,1996,0,0,0,0,0,0,0,0,0,0
50323,1,1,1996,0,16,0,10,0,28,0,0,0,0
50324,1,1,1996,12,12,12,12,12,12,12,12,12,12
50325,1,1,1996,0,0,0,0,0,0,0,0,0,0
50325,2,1,1996,0,0,0,0,0,0,0,0,0,0
50326,1,1,1996,15,0,0,0,0,0,0,0,0,0
50327,1,1,1996,1,1,1,1,1,1,1,1,1,1
50327,2,1,1996,26,26,26,26,26,26,26,26,26,26
50328,1,1,1996,0,0,0,0,0,0,0,0,0,0
50328,2,1,1996,0,0,0,0,0,0,0,0,0,0
50329,1,1,1996,15,15,15,15,15,15,15,15,15,15
50330,0,1,1996,16,16,16,16,16,16,16,16,16,16
50330,1,1,1996,14,14,14,14,14,14,14,14,14,14
50331,1,1,1996,13,13,13,13,13,13,13,13,13,13
50332,1,1,1996,0,0,0,0,0,0,0,0,0,0
50332,2,1,1996,0,0,0,0,0,0,0,0,0,0
50333,1,1,1996,0,0,0,0,0,0,0,0,0,0
50333,2,1,1996,0,0,0,0,0,0,0,0,0,0
50334,1,1,1996,0,0,0,0,0,0,0,0,0,0
50335,1,1,1996,0,0,0,0,0,0,0,0,0,0
50335,2,1,1996,0,0,0,0,0,0,0,0,0,0
50336,1,1,1996,0,0,24,15,25,0,0,17,12,0
50337,1,1,1996,0,0,0,0,0,0,0,0,0,0
50338,1,1,1996,2,2,2,2,2,2,2,2,2,2
50338,2,1,1996,0,0,0,0,0,0,0,0,0,0
50339,1,1,1996,20,20,20,20,20,20,20,20,20,20
50340,1,1,1996,0,0,0,0,0,0,20,0,0,0
50340,2,1,1996,0,0,0,0,0,0,0,0,0,0
50341,1,1,1996,0,0,0,0,0,0,0,0,0,0
50341,2,1,1996,0,0,0,0,0,0,0,0,0,0
50342,1,1,1996,0,0,0,0,0,0,0,0,0,0
50342,2,1,1996,0,0,0,0,0,0,0,0,9,0
50343,1,1,1996,0,0,0,0,0,0,0,0,0,0
50344,1,1,1996,0,0,0,0,0,0,0,0,0,0
50344,2,1,1996,0,0,0,0,0,0,0,0,0,0
50345,1,1,1996,0,0,0,0,0,0,0,0,0,0
50346,1,1,1996,0,0,0,0,0,0,0,0,0,0
50346,2,1,1996,20,20,20,20,20,20,20,20,20,20
50347,1,1,1996,0,0,0,0,0,0,13,0,0,8
50348,1,1,1996,0,0,0,0,0,0,0,0,0,0
50349,1,1,1996,15,15,15,15,15,15,15,15,15,15
50350,1,1,1996,0,0,0,0,0,0,0,0,0,0
50350,2,1,1996,0,0,0,3,0,0,0,0,0,0
50351,1,1,1996,18,18,18,18,18,18,18,18,18,18
50352,1,1,1996,0,0,0,0,0,0,0,0,0,0
50353,1,1,1996,0,0,0,0,0,0,0,0,0,0
50354,1,1,1996,0,0,0,0,0,0,0,0,0,0
50354,2,1,1996,0,0,0,0,0,0,0,0,0,0
50355,1,1,1996,0,0,0,0,0,0,0,0,31,0
50356,1,1,1996,0,0,0,0,0,6,0,0,0,0
50356,2,1,1996,0,0,0,0,0,0,0,0,0,0
50357,1,1,1996,0,0,0,16,20,0,8,22,35,20
50358,1,1,1996,0,0,0,0,0,0,0,0,0,0
50358,2,1,1996,0,0,0,0,0,0,0,0,0,0
50359,1,1,1996,9,9,9,9,9,9,9,9,9,9
50360,1,1,1996,0,0,0,0,0,0,0,0,0,0
50360,2,1,1996,0,0,0,0,0,0,0,0,0,0
50361,1,1,1996,0,0,12,0,23,0,0,31,0,22
50362,1,1,1996,0,0,0,0,0,0,0,0,0,0
50362,2,1,1996,0,0,0,0,0,0,0,0,0,0
50362,3,1,1996,0,0,0,0,0,0,0,0,0,0
50362,4,1,1996,0,0,0,0,0,0,0,0,8,0
50363,1,1,1996,1,1,1,1,1,1,1,1,1,1
50364,1,1,1996,0,0,0,0,0,0,0,0,0,0
50365,1,1,1996,0,0,0,0,0,0,0,0,0,0
50365,2,1,1996,0,0,0,0,0,0,0,0,0,0
50366,1,1,1996,0,0,0,0,0,0,0,0,0,0
50367,1,1,1996,0,0,0,0,0,0,0,0,0,0
50367,2,1,1996,0,0,0,0,30,0,0,0,0,0
50368,1,1,1996,0,0,0,0,0,0,0,0,0,0
50369,1,1,1996,0,0,0,0,0,0,0,0,0,0
50370,1,1,1996,0,0,0,0,0,0,0,0,0,0
50371,1,1,1996,0,0,0,0,0,0,0,0,0,0
50372,1,1,1996,0,0,0,0,0,0,0,0,0,0
50372,2,1,1996,0,0,0,0,0,0,0,0,0,0
50373,1,1,1996,0,0,0,0,0,24,0,0,0,0
50374,1,1,1996,15,15,15,15,15,15,15,15,15,15
50374,2,1,1996,10,0,0,0,0,0,0,0,0,0
50375,1,1,1996,17,17,17,17,17,17,17,17,17,17
50376,1,1,1996,17,17,17,17,17,17,17,17,17,17
50377,1,1,1996,16,16,16,16,16,16,16,16,16,16
50378,1,1,1996,0,0,0,0,0,0,0,0,15,0
50378,2,1,1996,0,0,0,0,0,0,0,0,0,0
50379,1,1,1996,5,0,0,0,0,0,0,0,0,0
50379,2,1,1996,0,0,0,0,0,0,0,0,0,0
50379,3,1,1996,0,0,0,0,0,0,0,0,0,0
50380,1,1,1996,23,23,23,23,23,23,23,23,23,23
50381,1,1,1996,0,0,0,0,0,0,0,0,0,0
50381,2,1,1996,12,12,12,12,12,12,12,12,12,12
50382,1,1,1996,0,18,0,0,0,0,0,0,0,0
50382,2,1,1996,0,0,0,0,0,0,0,0,0,0
50382,3,1,1996,0,0,0,0,0,0,0,0,0,0
50383,1,1,1996,0,0,0,0,0,0,0,0,0,0
50383,2,1,1996,30,30,30,30,30,30,30,30,30,30
50384,1,1,1996,0,0,0,0,0,0,0,0,0,0
50384,2,1,1996,0,20,0,0,0,0,0,0,0,0
50385,1,1,1996,28,28,28,28,28,28,28,28,28,28
50385,2,1,1996,0,0,0,0,0,0,0,0,0,0
50386,1,1,1996,8,8,8,8,8,8,8,8,8,8
50386,2,1,1996,0,0,0,0,0,0,0,0,0,0
50387,1,1,1996,0,0,0,0,0,0,0,0,0,0
50387,2,1,1996,0,0,0,0,0,0,0,0,0,0
50388,1,1,1996,1,1,1,1,1,1,1,1,1,1
50389,1,1,1996,0,0,0,0,0,0,0,0,0,0
50390,1,1,1996,0,0,0,0,0,0,0,0,0,0
50390,2,1,1996,0,0,0,0,0,0,0,0,0,0
50391,1,1,1996,22,22,22,22,22,22,22,22,22,22
50392,1,1,1996,0,0,0,0,0,0,0,18,11,0
50393,1,1,1996,0,35,0,32,22,0,0,0,0,0
50393,2,1,1996,0,0,0,0,0,0,0,0,0,0
50394,1,1,1996,12,12,12,12,12,12,12,12,12,12
50395,1,1,1996,28,28,28,28,28,28,28,28,28,28
50396,0,1,1996,0,0,0,0,0,0,0,0,0,0
50396,1,1,1996,0,0,0,0,0,0,0,0,0,0
50397,1,1,1996,0,0,0,0,0,0,0,0,0,0
50397,2,1,1996,0,0,0,0,0,0,0,0,0,0
50398,0,1,1996,24,24,24,24,24,24,24,24,24,24
50398,1,1,1996,0,0,0,0,0,0,0,0,0,0
50399,1,1,1996,0,0,0,0,0,0,0,0,0,0
50399,2,1,1996,0,0,0,0,0,0,0,0,0,0
50400,1,1,1996,24,24,24,24,24,24,24,24,24,24
50400,2,1,1996,12,12,12,12,12,12,12,12,12,12
50401,1,1,1996,0,0,0,0,0,0,0,0,0,0
50402,1,1,1996,14,14,14,14,14,14,14,14,14,14
50403,1,1,1996,23,23,23,23,23,23,23,23,23,23
50404,1,1,1996,0,0,0,0,0,0,21,0,0,0
50404,2,1,1996,3,3,3,3,3,3,3,3,3,3
50405,1,1,1996,21,21,21,21,21,21,21,21,21,21
50406,1,1,1996,0,0,0,0,0,0,0,0,0,0
50407,1,1,1996,26,26,26,26,26,26,26,26,26,26
50407,2,1,1996,0,26,0,0,0,0,0,0,0,0
50408,1,1,1996,2,2,2,2,2,2,2,2,2,2
50409,1,1,1996,0,0,0,0,0,0,0,0,0,0
50410,1,1,1996,0,0,0,0,0,0,0,0,0,0
50410,2,1,1996,0,0,0,0,0,0,0,0,0,0
50411,1,1,1996,4,4,4,4,4,4,4,4,4,4
50412,1,1,1996,0,0,0,0,0,0,0,0,0,0
50412,2,1,1996,0,0,0,0,0,0,0,0,0,0
50412,3,1,1996,0,0,0,0,0,0,0,0,0,0
50412,4,1,1996,0,0,0,0,0,0,0,0,0,0
50412,5,1,1996,0,0,0,0,0,0,0,0,0,0
50413,1,1,1996,0,0,0,0,0,0,0,0,0,0
50413,2,1,1996,0,0,0,0,0,0,0,0,0,0
50414,1,1,1996,0,0,0,0,0,0,0,0,0,0
50414,2,1,1996,0,0,0,0,0,0,0,0,0,0
50415,1,1,1996,23,23,23,23,23,23,23,23,23,23
50416,1,1,1996,0,0,0,0,0,0,0,0,0,0
50416,2,1,1996,0,0,0,0,0,0,0,0,0,0
50417,1,1,1996,0,0,0,0,0,0,0,0,0,0
50418,1,1,1996,0,0,0,0,0,0,0,0,0,0
50419,1,1,1996,0,0,0,29,0,0,0,0,0,0
50419,2,1,1996,0,0,16,0,0,0,0,0,0,0
50420,1,1,1996,0,0,0,0,0,0,0,21,0,0
50421,1,1,1996,0,0,0,0,0,0,0,0,0,0
50421,2,1,1996,0,0,0,0,0,0,0,0,0,0
50422,1,1,1996,0,0,0,0,0,0,0,0,0,0
50422,2,1,1996,0,0,0,0,0,0,0,0,0,0
50423,1,1,1996,24,24,24,24,24,24,24,24,24,24
50424,1,1,1996,16,16,16,16,16,16,16,16,16,16
50426,1,1,1996,21,21,21,21,21,21,21,21,21,21
50426,2,1,1996,0,0,0,0,0,0,0,0,0,0
50427,1,1,1996,0,0,0,0,0,0,0,0,0,0
50427,2,1,1996,0,0,0,0,0,0,0,0,0,0
50427,3,1,1996,0,0,0,0,0,0,0,0,0,0
50428,0,1,1996,0,0,0,0,0,17,0,0,0,0
50428,1,1,1996,17,17,17,17,17,17,17,17,17,17
50429,1,1,1996,0,0,0,0,0,0,0,0,0,0
50430,1,1,1996,0,0,0,0,0,0,0,0,0,0
50431,0,1,1996,0,0,0,0,0,0,0,0,0,0
50431,1,1,1996,0,0,0,0,0,0,0,0,0,0
50432,1,1,1996,0,0,0,0,0,0,0,0,0,0
50432,2,1,1996,0,0,0,0,0,0,0,0,0,0
50433,1,1,1996,0,0,0,0,0,0,0,0,0,0
50433,2,1,1996,0,0,0,0,0,0,0,0,0,0
50434,1,1,1996,0,0,0,0,0,0,0,0,0,0
50434,2,1,1996,0,0,0,0,0,0,0,0,0,0
50435,1,1,1996,0,0,0,0,0,0,0,0,0,0
50435,2,1,1996,1,1,1,1,1,1,1,1,1,1
50436,1,1,1996,0,0,0,0,0,0,0,0,0,0
50436,2,1,1996,0,0,0,0,0,0,0,0,0,0
50436,3,1,1996,0,0,0,0,0,0,0,0,0,0
50436,4,1,1996,0,0,0,0,0,0,0,0,0,0
50437,1,1,1996,0,0,0,0,0,0,0,0,0,0
50437,2,1,1996,12,12,12,12,12,12,12,12,12,12
50438,1,1,1996,0,0,0,0,0,0,0,0,0,0
50439,1,1,1996,0,0,0,0,0,0,0,0,0,0
50440,1,1,1996,0,0,0,0,0,0,0,0,0,0
50442,1,1,1996,20,20,20,20,20,20,20,20,20,20
50442,2,1,1996,25,16,2,0,21,0,0,0,0,24
50443,1,1,1996,0,0,0,0,0,0,0,0,0,0
50443,2,1,1996,0,0,0,0,0,0,0,0,0,0
50444,1,1,1996,0,0,0,0,0,0,0,0,0,0
50444,2,1,1996,0,0,0,0,0,0,0,0,0,0
50445,1,1,1996,0,0,0,0,0,0,0,0,0,0
50445,2,1,1996,0,0,0,0,0,0,0,0,0,0
50446,1,1,1996,0,0,29,14,0,0,0,0,0,0
50446,2,1,1996,0,0,0,0,0,0,0,0,0,0
50447,1,1,1996,7,7,7,7,7,7,7,7,7,7
50448,1,1,1996,0,0,0,0,0,0,0,0,0,0
50448,2,1,1996,0,0,0,0,0,0,0,0,0,0
50449,1,1,1996,17,17,17,17,17,17,17,17,17,17
50450,1,1,1996,0,0,0,0,0,0,0,0,0,0
50452,1,1,1996,0,0,0,0,0,0,0,0,0,0
50452,2,1,1996,5,5,5,5,5,5,5,5,5,5
50453,1,1,1996,0,24,33,8,22,27,0,15,42,13
50454,1,1,1996,0,0,0,0,0,0,0,0,0,0
50455,1,1,1996,0,0,0,0,0,0,0,0,0,0
50456,1,1,1996,0,0,0,0,0,0,0,0,0,0
50457,1,1,1996,0,0,20,0,0,0,0,0,0,0
50457,2,1,1996,0,0,0,0,0,0,0,0,0,0
50458,1,1,1996,0,0,0,0,0,0,0,0,0,0
50458,2,1,1996,0,0,0,0,0,0,0,0,0,0
50459,1,1,1996,0,0,0,0,0,0,0,0,0,0
50460,1,1,1996,0,0,0,0,0,0,0,0,0,0
50460,2,1,1996,1,1,1,1,1,1,1,1,1,1
50461,1,1,1996,17,17,17,17,17,17,17,17,17,17
50462,1,1,1996,11,11,11,11,11,11,11,11,11,11
50463,1,1,1996,0,0,0,0,0,0,0,0,0,0
50464,1,1,1996,0,0,0,0,0,0,0,0,0,0
50465,0,1,1996,0,0,0,0,0,0,0,0,0,0
50465,1,1,1996,0,0,0,0,0,0,0,0,0,0
50466,1,1,1996,0,0,0,0,0,0,0,0,0,0
50466,2,1,1996,0,0,0,0,0,0,0,0,0,0
50467,1,1,1996,0,0,0,0,0,0,17,0,28,0
50468,1,1,1996,0,0,0,0,0,0,0,0,0,0
50469,1,1,1996,28,28,28,28,28,28,28,28,28,28
50469,2,1,1996,21,21,21,21,21,21,21,21,21,21
50470,1,1,1996,0,0,16,0,0,0,0,0,0,0
50470,2,1,1996,0,0,0,0,0,0,0,0,0,12
50470,3,1,1996,0,0,0,0,0,0,0,0,0,0
50471,1,1,1996,0,0,0,0,0,0,0,0,0,0
50472,1,1,1996,16,16,16,16,16,16,16,16,16,16
50473,1,1,1996,0,0,0,0,0,0,0,17,0,0
50474,0,1,1996,15,10,0,0,37,7,16,0,0,11
50474,0,2,1996,0,11,0,21,0,10,35,31,19,0
50474,0,3,1996,0,0,37,0,0,0,0,0,0,0
50474,0,4,1996,0,0,0,0,0,22,0,0,0,0
50474,0,5,1996,9,9,9,9,9,9,9,9,9,9
50474,0,6,1996,0,4,0,0,0,0,19,0,0,24
50474,1,1,1996,11,11,11,11,11,11,11,11,11,11
50475,1,1,1996,0,0,0,0,0,0,0,0,0,0
50476,1,1,1996,0,0,0,0,0,0,0,0,0,0
50477,1,1,1996,0,0,0,0,0,0,0,0,0,0
50477,2,1,1996,0,0,0,0,0,0,0,0,0,0
50477,3,1,1996,0,0,0,0,0,0,0,0,0,0
50478,1,1,1996,0,0,0,0,0,0,0,0,0,0
50478,2,1,1996,0,0,0,0,0,0,0,0,8,0
50479,1,1,1996,0,0,0,0,0,0,0,0,0,0
50479,2,1,1996,0,0,0,0,0,0,0,0,17,0
50480,0,1,1996,0,0,0,0,0,0,0,0,0,0
50480,0,2,1996,0,0,0,0,0,0,0,41,0,0
50480,1,1,1996,0,0,0,0,0,0,0,0,0,0
50481,1,1,1996,29,29,29,29,29,29,29,29,29,29
50482,1,1,1996,0,0,0,0,0,0,0,0,0,0
50482,2,1,1996,0,0,0,0,0,0,0,0,0,0
50483,1,1,1996,6,6,6,6,6,6,6,6,6,6
50484,1,1,1996,0,0,0,0,0,0,0,0,0,0
50485,1,1,1996,0,0,0,0,0,0,0,0,0,0
50486,1,1,1996,23,23,23,23,23,23,23,23,23,23
50487,1,1,1996,0,0,0,0,0,0,0,0,0,0
50487,2,1,1996,0,0,0,0,0,0,0,0,0,0
50488,1,1,1996,0,0,0,0,0,23,0,0,0,0
50489,1,1,1996,15,15,15,15,15,15,15,15,15,15
50490,1,1,1996,24,24,24,24,24,24,24,24,24,24
50491,1,1,1996,0,0,0,0,0,0,0,0,0,0
50492,1,1,1996,0,0,0,0,0,0,0,0,0,0
50493,1,1,1996,13,13,13,13,13,13,13,13,13,13
50494,1,1,1996,0,0,0,0,0,0,0,0,0,0
50494,2,1,1996,0,0,0,0,0,0,0,0,0,0
50495,1,1,1996,0,0,0,0,0,0,0,0,21,0
50496,1,1,1996,0,0,0,0,0,0,0,0,0,0
50496,2,1,1996,0,0,0,0,0,0,0,0,0,0
50497,1,1,1996,23,23,23,23,23,23,23,23,23,23
50498,1,1,1996,26,0,0,32,28,0,0,0,0,0
50499,1,1,1996,20,20,20,20,20,20,20,20,20,20
50500,1,1,1996,0,0,0,0,0,0,0,0,0,0
50501,1,1,1996,14,14,14,14,14,14,14,14,14,14
50502,1,1,1996,0,0,0,0,0,0,0,0,0,0
50503,1,1,1996,0,0,0,0,0,0,0,0,0,0
50503,2,1,1996,0,0,0,0,0,0,0,0,0,0
50504,1,1,1996,0,0,0,0,0,0,0,0,0,0
50504,2,1,1996,0,0,0,0,0,0,0,0,0,0
50504,3,1,1996,0,0,0,0,0,0,0,0,0,0
50505,1,1,1996,0,0,0,0,0,0,0,0,0,0
50505,2,1,1996,0,0,0,0,0,0,0,0,0,0
50505,3,1,1996,0,0,0,0,0,0,0,0,0,0
50506,1,1,1996,2,2,2,2,2,2,2,2,2,2
50507,1,1,1996,0,0,0,0,0,0,0,0,0,0
50507,2,1,1996,0,0,0,0,0,0,0,0,0,0
50508,1,1,1996,27,27,27,27,27,27,27,27,27,27
50509,1,1,1996,0,0,0,0,0,0,0,0,0,0
50509,2,1,1996,0,0,0,0,0,0,0,0,0,0
50510,1,1,1996,0,0,0,0,9,0,0,0,0,0
50511,1,1,1996,0,0,0,0,0,0,0,0,0,0
50512,1,1,1996,0,0,0,0,0,0,0,0,0,0
50513,1,1,1996,1,1,1,1,1,1,1,1,1,1
50514,1,1,1996,0,0,0,0,0,0,0,0,0,0
50514,2,1,1996,0,0,0,0,0,0,0,0,0,0
50515,1,1,1996,0,0,0,0,0,0,11,0,0,13
50516,0,1,1996,21,21,21,21,21,21,21,21,21,21
50516,1,1,1996,0,0,0,0,0,0,0,0,0,0
50517,1,1,1996,0,0,0,0,0,0,0,0,0,18
50518,1,1,1996,15,15,15,15,15,15,15,15,15,15
50519,1,1,1996,0,0,0,0,0,0,0,0,0,0
50519,2,1,1996,0,0,0,15,0,0,0,0,0,0
50519,3,1,1996,0,0,0,0,0,0,0,0,0,0
50520,1,1,1996,0,0,0,0,0,0,0,0,0,0
50521,1,1,1996,0,0,0,0,0,0,0,0,0,0
50521,2,1,1996,0,0,0,0,0,0,0,0,0,0
50522,1,1,1996,0,0,0,0,0,0,0,0,0,0
50522,2,1,1996,0,0,0,0,0,0,0,0,0,0
50523,1,1,1996,20,20,20,20,20,20,20,20,20,20
50524,1,1,1996,13,13,13,13,13,13,13,13,13,13
50525,1,1,1996,0,0,0,0,0,0,0,0,0,0
50526,1,1,1996,0,0,0,0,0,0,0,0,0,0
50526,2,1,1996,0,0,0,0,0,0,0,0,0,0
50526,3,1,1996,0,0,0,0,0,0,0,0,0,0
50527,1,1,1996,0,0,0,0,0,0,0,0,0,0
50527,2,1,1996,0,0,0,0,0,0,0,36,0,0
50528,1,1,1996,0,0,0,0,0,0,0,0,0,0
50529,0,1,1996,0,0,0,0,0,0,0,0,0,0
50529,1,1,1996,0,0,0,4,0,0,0,0,0,0
50530,1,1,1996,30,30,30,30,30,30,30,30,30,30
50531,1,1,1996,21,21,21,21,21,21,21,21,21,21
50532,1,1,1996,0,0,0,0,0,0,0,0,0,0
50533,1,1,1996,0,0,0,0,0,0,0,0,0,0
50533,2,1,1996,0,0,0,0,0,0,0,16,0,0
50534,1,1,1996,0,0,0,0,0,0,0,0,20,0
50534,2,1,1996,0,0,0,0,0,0,0,0,0,0
50535,1,1,1996,0,0,0,0,0,0,0,0,0,0
50535,2,1,1996,6,6,6,6,6,6,6,6,6,6
50536,1,1,1996,0,0,0,0,0,0,0,0,0,0
50536,2,1,1996,0,0,0,0,0,0,0,0,0,0
50537,1,1,1996,19,19,19,19,19,19,19,19,19,19
50538,0,1,1996,15,15,15,15,15,15,15,15,15,15
50538,1,1,1996,18,18,18,18,18,18,18,18,18,18
50539,1,1,1996,0,0,0,19,22,5,0,0,9,0
50540,1,1,1996,0,0,0,0,0,0,0,0,0,0
50540,2,1,1996,21,21,21,21,21,21,21,21,21,21
50541,1,1,1996,0,0,4,10,0,0,0,35,0,0
50542,1,1,1996,0,0,0,0,0,0,0,0,0,0
50543,1,1,1996,0,0,0,0,0,0,0,17,0,0
50544,1,1,1996,0,0,0,0,0,0,0,0,0,0
50544,2,1,1996,0,0,0,0,0,0,0,0,0,13
80001,1,1,1996,27,27,27,27,27,27,27,27,27,27
80002,1,1,1996,19,19,19,19,19,19,19,19,19,19
80002,2,1,1996,0,0,0,0,0,0,0,0,0,0
80003,1,1,1996,0,0,0,0,0,0,0,0,0,0
80004,1,1,1996,0,0,0,0,0,0,0,0,0,0
80005,1,1,1996,0,0,0,0,0,0,0,0,0,0
80005,2,1,1996,0,0,0,0,0,0,0,0,0,0
80006,1,1,1996,0,0,0,0,0,0,0,0,0,0
80006,2,1,1996,0,0,0,0,0,0,0,0,0,0
80007,1,1,1996,0,0,0,0,0,0,0,0,0,0
80008,1,1,1996,0,0,0,0,0,0,0,0,0,0
80008,2,1,1996,0,0,0,0,0,0,0,0,0,0
80009,1,1,1996,0,0,0,0,0,0,0,0,0,0
80010,1,1,1996,14,14,14,14,14,14,14,14,14,14
80011,1,1,1996,0,0,0,0,0,0,0,0,0,0
80011,2,1,1996,0,0,0,0,0,0,0,0,0,0
80011,3,1,1996,0,0,0,0,0,0,0,0,0,0
80012,1,1,1996,0,0,0,0,0,18,0,24,0,0
80013,1,1,1996,0,0,0,0,0,0,0,0,0,0
80013,2,1,1996,0,0,0,0,0,0,0,0,0,0
80014,1,1,1996,19,19,19,19,19,19,19,19,19,19
80015,1,1,1996,0,0,0,0,0,0,19,0,0,0
80016,1,1,1996,0,0,0,0,0,0,0,0,0,0
80016,2,1,1996,0,0,0,0,0,0,0,0,0,0
80017,0,1,1996,0,0,0,0,0,0,0,0,0,0
80017,1,1,1996,0,0,0,0,0,0,0,0,0,0
80018,1,1,1996,0,0,0,0,0,0,0,0,0,0
80018,2,1,1996,0,0,0,0,0,0,0,0,0,0
80018,3,1,1996,0,0,0,0,0,0,0,0,0,0
80019,1,1,1996,0,0,0,0,0,0,0,0,0,0
80019,2,1,1996,0,0,0,0,0,0,0,0,0,0
80020,1,1,1996,0,0,0,0,0,0,0,0,0,0
80020,2,1,1996,0,0,0,0,0,0,0,0,0,0
80021,1,1,1996,0,0,0,0,0,0,0,0,0,0
80021,2,1,1996,0,0,0,0,0,0,0,0,0,0
80022,1,1,1996,9,9,9,9,9,9,9,9,9,9
80023,1,1,1996,16,16,16,16,16,16,16,16,16,16
80023,2,1,1996,0,0,0,0,0,0,0,0,0,0
80023,3,1,1996,0,0,6,0,0,0,0,0,0,0
80024,1,1,1996,0,0,0,0,0,0,0,0,0,0
80025,1,1,1996,0,0,0,0,0,0,0,0,0,0
80025,2,1,1996,0,0,0,0,0,0,0,0,0,0
80026,1,1,1996,0,0,0,0,0,0,0,0,0,0
80026,2,1,1996,0,0,0,0,0,0,0,0,0,0
80027,1,1,1996,14,15,0,17,0,6,14,0,0,0
80028,1,1,1996,0,0,0,0,0,0,0,0,0,0
80028,2,1,1996,0,0,0,0,0,12,0,0,0,0
80029,1,1,1996,0,0,0,0,0,0,0,0,0,0
80029,2,1,1996,0,0,0,0,0,0,0,0,0,0
80030,1,1,1996,0,0,0,0,0,0,0,0,0,0
80031,0,1,1996,28,28,28,28,28,28,28,28,28,28
80031,1,1,1996,0,0,0,0,0,0,0,0,0,14
80032,1,1,1996,13,13,13,13,13,13,13,13,13,13
80032,2,1,1996,0,0,0,0,0,0,0,0,0,0
80033,1,1,1996,10,10,10,10,10,10,10,10,10,10
80034,1,1,1996,0,0,0,0,0,0,0,0,0,0
80035,1,1,1996,31,31,31,31,31,31,31,31,31,31
80036,1,1,1996,12,12,12,12,12,12,12,12,12,12
80036,2,1,1996,0,0,0,0,0,0,0,0,0,0
80036,3,1,1996,0,0,0,0,0,0,0,0,0,0
80036,4,1,1996,0,0,0,0,0,0,0,0,0,0
80037,1,1,1996,0,0,0,0,0,0,0,0,0,0
80037,2,1,1996,0,0,0,0,0,0,0,0,0,0
80038,1,1,1996,17,17,17,17,17,17,17,17,17,17
80039,1,1,1996,15,15,15,15,15,15,15,15,15,15
80040,1,1,1996,0,0,0,0,0,0,0,0,0,0
80041,1,1,1996,0,0,0,0,0,0,0,0,0,0
80041,2,1,1996,0,0,0,0,0,0,0,0,0,0
80041,3,1,1996,0,0,0,0,0,0,0,0,0,0
80042,1,1,1996,0,0,0,0,0,0,0,0,0,0
80042,2,1,1996,0,0,0,0,0,0,0,0,18,0
80043,1,1,1996,0,0,0,0,0,0,0,0,0,0
80043,2,1,1996,0,0,0,0,0,0,0,0,0,0
80043,3,1,1996,0,0,0,0,0,0,0,0,0,0
80044,1,1,1996,0,0,0,0,0,0,0,0,0,0
80045,1,1,1996,0,0,0,0,0,0,0,0,0,16
80046,1,1,1996,2,2,2,2,2,2,2,2,2,2
80046,2,1,1996,0,0,0,0,0,0,0,0,0,0
80047,1,1,1996,21,21,21,21,21,21,21,21,21,21
80048,1,1,1996,0,15,0,0,16,0,0,0,8,0
80048,2,1,1996,0,0,0,0,0,0,0,0,0,0
80049,1,1,1996,19,19,19,19,19,19,19,19,19,19
80049,2,1,1996,13,13,13,13,13,13,13,13,13,13
80050,1,1,1996,17,17,17,17,17,17,17,17,17,17
80050,2,1,1996,19,19,19,19,19,19,19,19,19,19
80050,3,1,1996,0,0,0,0,0,0,0,0,0,0
80050,4,1,1996,17,14,0,0,0,0,0,0,0,0
80051,1,1,1996,0,0,0,0,0,0,0,0,0,0
80052,1,1,1996,0,0,0,0,0,0,0,0,0,0
80052,2,1,1996,0,0,0,0,0,0,0,0,0,0
80053,1,1,1996,0,0,0,0,0,0,0,0,0,0
80053,2,1,1996,0,0,0,0,0,0,0,0,0,0
80054,1,1,1996,0,0,0,0,0,0,0,0,0,0
80054,2,1,1996,0,0,0,0,0,0,0,0,0,0
80054,3,1,1996,0,0,0,0,0,0,0,0,0,0
80055,1,1,1996,14,14,14,14,14,14,14,14,14,14
80055,2,1,1996,0,16,0,0,0,0,0,0,0,16
80056,1,1,1996,0,0,0,0,0,0,0,0,0,0
80057,1,1,1996,17,17,17,17,17,17,17,17,17,17
80058,1,1,1996,9,9,9,9,9,9,9,9,9,9
80058,2,1,1996,0,0,0,0,0,0,0,0,0,0
80058,3,1,1996,0,0,0,0,9,0,0,0,0,0
80059,1,1,1996,0,0,0,0,0,0,0,0,0,0
80060,1,1,1996,17,17,17,17,17,17,17,17,17,17
80060,2,1,1996,0,0,0,0,0,0,0,0,0,0
80061,1,1,1996,0,0,0,0,0,0,0,0,0,0
80062,1,1,1996,0,0,0,0,0,0,0,0,0,0
80062,2,1,1996,0,0,0,0,0,0,0,0,0,0
80063,1,1,1996,0,0,0,0,0,0,0,0,0,0
80064,1,1,1996,0,0,0,0,0,0,0,0,0,0
80065,1,1,1996,27,27,27,27,27,27,27,27,27,27
80066,1,1,1996,0,0,0,0,0,0,0,0,0,0
80066,2,1,1996,0,0,0,0,0,0,0,0,0,0
80067,1,1,1996,40,40,40,40,40,40,40,40,40,40
80067,2,1,1996,0,0,0,0,0,0,0,0,0,0
80068,0,1,1996,0,18,0,0,0,0,0,0,0,0
80068,1,1,1996,0,0,0,0,0,0,0,0,0,0
80069,1,1,1996,18,18,18,18,18,18,18,18,18,18
80070,1,1,1996,0,0,0,0,0,0,0,0,0,0
80071,0,1,1996,0,0,0,0,0,0,0,0,0,0
80071,1,1,1996,0,0,0,0,0,0,0,0,0,0
80072,1,1,1996,0,0,0,0,0,0,0,0,0,0
80072,2,1,1996,0,0,0,0,0,0,0,0,0,0
80073,1,1,1996,21,21,21,21,21,21,21,21,21,21
80074,1,1,1996,3,3,3,3,3,3,3,3,3,3
80075,1,1,1996,0,0,0,0,0,0,0,0,0,0
80075,2,1,1996,0,0,0,0,0,0,0,0,0,0
80076,1,1,1996,0,0,0,0,0,0,0,0,0,0
80077,1,1,1996,0,0,0,0,0,0,0,0,0,0