ST_CASE,VEH_NO,PER_NO,YEAR,P1,P2,P3,P4,P5,P6,P7,P8,P9,P10
80077,2,1,1996,0,0,0,0,0,0,0,0,0,0
80078,1,1,1996,0,0,0,0,0,0,0,0,0,0
80079,1,1,1996,11,11,11,11,11,11,11,11,11,11
80080,1,1,1996,0,0,0,0,0,0,0,0,0,0
80080,2,1,1996,0,0,0,0,0,0,0,0,0,0
80081,1,1,1996,17,17,17,17,17,17,17,17,17,17
80082,0,1,1996,0,0,0,0,0,8,0,0,0,0
80082,0,2,1996,0,0,0,0,0,0,0,0,0,0
80082,1,1,1996,0,0,0,0,0,0,0,0,0,0
80083,1,1,1996,0,0,0,0,0,0,0,0,0,0
80083,2,1,1996,0,0,0,0,0,0,0,0,0,0
80084,1,1,1996,0,0,0,0,0,0,0,0,0,0
80084,2,1,1996,0,0,0,0,0,0,0,0,0,0
80085,1,1,1996,0,0,0,0,0,0,0,0,0,0
80085,2,1,1996,0,0,0,0,0,0,0,0,0,0
80085,3,1,1996,0,0,0,0,0,0,0,0,0,0
80086,1,1,1996,0,0,0,0,0,0,0,0,0,0
80087,0,1,1996,0,0,0,0,0,0,0,0,0,0
80087,1,1,1996,0,0,0,0,0,0,0,0,0,0
80088,1,1,1996,14,0,0,0,0,11,0,0,3,0
80088,2,1,1996,9,9,9,9,9,9,9,9,9,9
80089,1,1,1996,0,0,0,0,0,0,0,0,0,22
80090,1,1,1996,0,0,0,0,0,0,0,0,0,0
80091,1,1,1996,21,21,21,21,21,21,21,21,21,21
80092,1,1,1996,0,0,0,0,0,0,0,0,0,0
80093,0,1,1996,0,0,0,0,0,0,0,0,0,0
80093,1,1,1996,0,0,0,0,0,0,0,0,0,0
80094,1,1,1996,0,0,0,0,0,0,0,0,0,0
80095,0,1,1996,26,26,26,26,26,26,26,26,26,26
80095,1,1,1996,18,6,0,10,0,0,0,0,3,0
80095,2,1,1996,0,0,0,5,0,0,0,0,0,0
80096,1,1,1996,0,0,0,0,0,0,0,0,0,0
80097,1,1,1996,11,11,11,11,11,11,11,11,11,11
80098,1,1,1996,24,24,24,24,24,24,24,24,24,24
80099,1,1,1996,0,0,0,0,0,0,0,0,0,0
80099,2,1,1996,0,0,0,0,0,0,0,0,0,0
80100,1,1,1996,0,0,0,0,0,0,0,0,0,0
80100,2,1,1996,0,0,0,0,0,0,0,0,0,0
80101,1,1,1996,0,0,0,0,0,0,0,0,0,0
80101,2,1,1996,0,0,0,0,0,0,0,0,0,0
80102,0,1,1996,19,19,19,19,19,19,19,19,19,19
80102,0,2,1996,4,12,0,11,0,0,25,0,0,0
80102,1,1,1996,0,0,0,0,0,0,0,0,0,0
80103,1,1,1996,12,15,15,0,0,0,0,0,0,0
80103,2,1,1996,11,0,10,0,0,5,0,10,0,27
80104,1,1,1996,21,21,21,21,21,21,21,21,21,21
80104,2,1,1996,0,0,0,0,0,0,0,0,0,0
80105,0,1,1996,0,0,0,0,0,0,0,0,0,0
80105,1,1,1996,0,0,0,0,0,0,0,0,0,0
80106,1,1,1996,2,2,2,2,2,2,2,2,2,2
80107,1,1,1996,6,6,6,6,6,6,6,6,6,6
80108,1,1,1996,0,0,0,0,0,0,0,0,0,0
80109,0,1,1996,3,3,3,3,3,3,3,3,3,3
80109,1,1,1996,0,0,0,0,0,0,0,0,0,0
80110,1,1,1996,0,0,0,0,0,0,0,0,0,0
80111,1,1,1996,0,0,0,0,0,0,0,0,0,0
80112,1,1,1996,0,0,0,26,30,0,0,0,17,0
80113,1,1,1996,0,0,0,0,0,0,28,0,0,0
80114,0,1,1996,7,7,7,7,7,7,7,7,7,7
80114,1,1,1996,0,0,0,0,0,0,0,0,0,0
80115,1,1,1996,28,28,28,28,28,28,28,28,28,28
80116,1,1,1996,0,0,0,0,0,0,0,0,0,0
80117,1,1,1996,0,0,0,0,0,0,0,0,0,0
80117,2,1,1996,0,0,0,0,0,0,0,0,0,0
80118,0,1,1996,0,0,0,0,0,0,0,0,0,0
80118,1,1,1996,1,1,1,1,1,1,1,1,1,1
80119,1,1,1996,0,0,0,0,0,0,0,0,0,0
80119,2,1,1996,0,0,0,0,0,0,0,0,0,0
80120,1,1,1996,36,36,36,36,36,36,36,36,36,36
80120,2,1,1996,0,0,0,0,0,0,0,0,0,0
80121,1,1,1996,0,0,0,0,0,0,0,0,0,0
80121,2,1,1996,0,0,0,0,0,0,0,0,0,0
80122,0,1,1996,14,14,14,14,14,14,14,14,14,14
80122,1,1,1996,29,29,29,29,29,29,29,29,29,29
80123,1,1,1996,0,0,0,0,0,0,0,0,0,9
80123,2,1,1996,0,0,0,0,0,0,0,0,0,0
80124,1,1,1996,0,0,0,23,0,0,0,0,0,0
80124,2,1,1996,0,0,0,0,0,0,0,0,0,0
80124,3,1,1996,0,0,0,0,0,0,0,0,0,0
80125,1,1,1996,0,0,0,0,0,0,0,0,0,0
80126,1,1,1996,0,0,0,0,0,0,0,0,0,0
80127,1,1,1996,38,38,38,38,38,38,38,38,38,38
80128,0,1,1996,0,0,0,18,0,0,40,0,0,0
80128,1,1,1996,0,0,0,0,0,0,0,0,0,0
80129,1,2,1996,2,2,2,2,2,2,2,2,2,2
80130,0,1,1996,39,39,39,39,39,39,39,39,39,39
80130,1,1,1996,0,0,0,0,2,0,3,0,16,0
80131,1,1,1996,0,0,0,0,0,0,0,0,0,0
80131,2,1,1996,0,0,0,0,0,0,0,0,0,0
80132,0,1,1996,12,12,12,12,12,12,12,12,12,12
80132,1,1,1996,0,0,0,5,24,0,0,0,0,0
80133,1,1,1996,34,34,34,34,34,34,34,34,34,34
80134,1,1,1996,0,0,0,0,0,0,0,0,0,0
80134,2,1,1996,0,0,0,0,0,0,0,0,0,0
80135,1,1,1996,18,18,18,18,18,18,18,18,18,18
80136,1,1,1996,12,12,12,12,12,12,12,12,12,12
80136,2,1,1996,0,0,0,0,0,0,0,0,0,0
80137,1,1,1996,0,0,0,0,0,0,0,0,0,0
80137,2,1,1996,0,0,13,0,0,10,0,0,0,0
80138,1,1,1996,0,0,0,0,0,0,0,0,0,0
80138,2,1,1996,0,0,0,0,0,0,0,0,0,0
80139,1,1,1996,0,0,0,0,0,0,0,0,0,0
80139,2,1,1996,0,0,0,0,0,0,0,0,0,0
80140,0,1,1996,0,0,11,0,0,0,0,0,0,0
80140,0,2,1996,0,7,16,12,0,4,9,0,0,0
80140,1,1,1996,0,0,0,0,0,0,0,0,0,0
80141,1,1,1996,0,0,0,0,0,0,0,0,0,0
80142,1,1,1996,0,0,0,0,0,0,0,0,0,0
80143,1,1,1996,0,0,0,0,0,0,0,0,0,0
80143,2,1,1996,0,0,0,0,0,0,0,0,0,0
80144,1,1,1996,27,27,27,27,27,27,27,27,27,27
80145,0,1,1996,18,18,18,18,18,18,18,18,18,18
80145,1,1,1996,0,0,0,0,0,0,0,0,0,0
80146,0,1,1996,0,0,0,0,0,0,0,0,0,0
80146,1,1,1996,0,0,0,0,0,0,0,0,0,0
80147,1,1,1996,0,0,0,0,0,0,0,17,0,0
80147,2,1,1996,0,0,0,0,0,0,0,0,0,0
80148,0,1,1996,20,20,20,20,20,20,20,20,20,20
80148,1,1,1996,0,0,19,0,0,0,0,0,0,0
80149,1,1,1996,0,0,0,0,0,0,0,0,0,0
80150,1,1,1996,24,24,24,24,24,24,24,24,24,24
80151,1,1,1996,0,0,0,0,0,0,0,0,0,0
80152,1,1,1996,5,5,5,5,5,5,5,5,5,5
80152,2,1,1996,0,0,0,0,0,0,0,0,0,0
80153,1,1,1996,9,9,9,9,9,9,9,9,9,9
80154,1,1,1996,0,0,0,0,0,0,0,0,0,0
80154,2,1,1996,1,1,1,1,1,1,1,1,1,1
80155,1,1,1996,0,0,0,0,0,0,0,0,0,0
80156,1,1,1996,0,0,0,0,0,0,0,0,0,0
80156,2,1,1996,0,0,0,0,0,0,0,0,0,0
80157,0,1,1996,0,0,0,0,0,0,0,0,0,0
80157,1,1,1996,0,14,0,0,0,0,0,0,0,0
80158,1,1,1996,22,22,22,22,22,22,22,22,22,22
80159,1,1,1996,0,0,0,0,0,0,0,0,0,0
80159,2,1,1996,0,0,0,0,0,0,0,0,0,0
80160,1,1,1996,7,7,7,7,7,7,7,7,7,7
80161,1,1,1996,1,1,1,1,1,1,1,1,1,1
80162,1,1,1996,0,0,0,0,0,0,0,0,0,0
80162,2,1,1996,0,0,0,0,0,0,0,0,0,0
80163,1,1,1996,0,0,0,0,0,0,0,0,0,0
80164,1,1,1996,22,22,22,22,22,22,22,22,22,22
80165,1,1,1996,0,0,0,0,0,0,0,0,0,0
80166,1,1,1996,4,4,4,4,4,4,4,4,4,4
80166,2,1,1996,0,0,0,0,0,0,0,0,0,0
80167,1,1,1996,6,6,6,6,6,6,6,6,6,6
80168,1,1,1996,19,19,19,19,19,19,19,19,19,19
80169,1,1,1996,21,21,21,21,21,21,21,21,21,21
80170,0,1,1996,0,0,0,0,0,0,0,0,0,0
80170,1,1,1996,0,0,0,0,0,0,0,0,0,0
80171,1,1,1996,26,26,26,26,26,26,26,26,26,26
80172,1,1,1996,0,0,0,0,0,0,0,0,0,0
80172,2,1,1996,0,0,0,0,0,0,0,0,0,0
80173,1,1,1996,20,20,20,20,20,20,20,20,20,20
80173,2,1,1996,0,0,0,0,0,0,0,0,0,0
80174,0,1,1996,0,0,0,0,0,0,0,0,0,0
80174,0,2,1996,0,0,0,0,0,0,0,0,0,0
80174,1,1,1996,0,0,0,0,0,0,0,0,0,0
80175,1,1,1996,0,0,0,0,0,0,0,0,0,0
80175,2,1,1996,0,0,0,0,0,0,0,0,0,0
80176,1,1,1996,24,24,24,24,24,24,24,24,24,24
80177,0,1,1996,0,0,0,0,0,0,0,0,0,0
80177,1,1,1996,27,27,27,27,27,27,27,27,27,27
80178,1,1,1996,0,0,0,0,0,0,0,0,0,0
80178,2,1,1996,0,0,0,0,0,0,0,0,0,0
80179,1,1,1996,16,16,16,16,16,16,16,16,16,16
80180,1,1,1996,0,0,0,0,0,0,30,0,0,0
80181,1,1,1996,0,0,0,0,0,0,0,0,0,0
80182,1,1,1996,6,6,6,6,6,6,6,6,6,6
80183,1,1,1996,0,0,0,0,0,0,0,0,0,0
80184,0,1,1996,0,0,0,0,0,0,0,0,0,0
80184,1,1,1996,0,0,0,0,0,0,0,0,0,0
80185,1,1,1996,20,20,20,20,20,20,20,20,20,20
80185,2,1,1996,0,0,0,0,0,0,0,0,0,0
80186,1,1,1996,18,18,18,18,18,18,18,18,18,18
80187,0,1,1996,14,14,14,14,14,14,14,14,14,14
80187,1,1,1996,5,0,10,0,21,0,12,0,28,0
80187,2,1,1996,0,16,0,0,0,0,0,0,0,0
80187,3,1,1996,0,0,0,14,0,0,0,0,0,0
80188,1,1,1996,0,0,0,0,0,0,0,0,0,0
80188,2,1,1996,0,6,0,0,0,0,0,0,0,0
80189,1,1,1996,10,10,10,10,10,10,10,10,10,10
80190,1,1,1996,17,17,17,17,17,17,17,17,17,17
80191,1,1,1996,0,0,0,0,0,0,0,0,0,0
80192,1,1,1996,25,25,25,25,25,25,25,25,25,25
80193,1,1,1996,16,16,16,16,16,16,16,16,16,16
80193,2,1,1996,0,0,0,0,0,0,0,0,0,0
80194,1,1,1996,0,0,0,0,0,0,0,0,0,0
80194,2,1,1996,0,0,0,0,0,0,0,0,0,0
80195,1,1,1996,0,0,0,0,0,0,0,0,0,0
80196,1,1,1996,22,22,22,22,22,22,22,22,22,22
80197,1,1,1996,11,11,11,11,11,11,11,11,11,11
80198,1,1,1996,0,0,0,0,0,0,0,0,0,0
80199,1,1,1996,0,0,0,0,0,0,0,0,0,0
80200,1,1,1996,0,0,0,0,0,0,0,0,0,0
80200,2,1,1996,0,0,10,0,0,12,0,0,0,0
80201,1,1,1996,0,0,0,0,0,0,0,0,0,0
80202,1,1,1996,19,19,19,19,19,19,19,19,19,19
80203,1,1,1996,0,0,0,0,0,0,0,0,0,0
80204,1,1,1996,21,21,21,21,21,21,21,21,21,21
80204,2,1,1996,0,0,0,0,0,0,0,0,0,0
80205,1,1,1996,22,22,22,22,22,22,22,22,22,22
80206,1,1,1996,0,0,0,0,0,0,0,0,0,0
80206,2,1,1996,0,0,0,0,0,0,0,0,4,0
80207,1,1,1996,0,0,0,0,0,0,0,0,0,0
80207,2,1,1996,0,0,0,0,0,0,0,0,0,0
80207,3,1,1996,0,0,16,0,0,0,0,0,0,0
80208,1,1,1996,22,22,22,22,22,22,22,22,22,22
80208,2,1,1996,0,20,0,0,0,0,0,0,0,0
80209,0,1,1996,0,0,0,0,0,0,0,0,0,0
80209,1,1,1996,0,0,0,0,0,0,0,0,0,0
80210,1,1,1996,16,16,16,16,16,16,16,16,16,16
80211,1,1,1996,0,0,0,0,0,0,0,0,0,0
80211,2,1,1996,0,0,0,0,0,0,0,0,0,0
80212,1,1,1996,0,0,0,0,0,0,0,0,0,0
80212,2,1,1996,0,0,0,0,0,0,0,0,0,0
80213,1,1,1996,14,14,14,14,14,14,14,14,14,14
80214,1,1,1996,0,0,0,0,0,0,0,0,0,0
80215,1,1,1996,0,0,0,0,0,0,0,0,0,0
80215,2,1,1996,0,0,0,0,0,0,0,0,0,0
80216,1,1,1996,16,16,16,16,16,16,16,16,16,16
80217,1,1,1996,0,0,0,0,0,0,0,0,0,0
80218,1,1,1996,0,0,0,0,0,0,0,0,0,0
80218,2,1,1996,0,0,0,0,0,0,0,0,0,0
80219,1,1,1996,0,0,0,0,0,0,0,0,0,0
80219,2,1,1996,0,0,0,0,0,0,0,0,0,0
80220,1,1,1996,16,16,16,16,16,16,16,16,16,16
80220,2,1,1996,0,0,23,0,0,0,0,0,0,0
80221,1,1,1996,12,12,12,12,12,12,12,12,12,12
80222,1,1,1996,0,0,0,0,0,0,0,0,0,0
80222,2,1,1996,0,0,0,0,0,0,0,0,0,0
80223,1,1,1996,20,20,20,20,20,20,20,20,20,20
80223,2,1,1996,0,19,0,0,0,0,16,0,0,0
80224,1,1,1996,4,4,4,4,4,4,4,4,4,4
80225,0,1,1996,0,0,0,0,0,0,0,0,0,0
80225,1,1,1996,0,0,0,0,0,0,0,0,0,0
80226,1,1,1996,0,0,0,0,0,0,0,0,0,0
80226,2,1,1996,0,0,0,0,0,0,0,0,0,0
80227,1,1,1996,0,0,0,0,0,0,0,0,0,0
80228,1,1,1996,30,30,30,30,30,30,30,30,30,30
80229,1,1,1996,0,0,0,0,0,0,0,0,0,0
80230,1,1,1996,0,0,0,0,0,0,0,0,0,0
80231,1,1,1996,29,29,29,29,29,29,29,29,29,29
80232,1,1,1996,0,0,0,0,0,0,0,0,0,0
80232,2,1,1996,0,0,0,0,0,0,0,0,0,0
80233,1,1,1996,0,0,0,0,0,0,0,0,0,20
80233,2,1,1996,0,0,0,0,0,0,0,0,0,0
80234,1,1,1996,0,0,0,0,0,0,0,0,0,0
80235,1,1,1996,0,0,0,0,0,0,0,0,0,0
80235,2,1,1996,0,0,0,0,0,0,0,0,0,0
80235,3,1,1996,0,0,0,0,0,0,0,0,0,0
80236,1,1,1996,0,0,0,0,0,0,0,0,0,0
80237,1,1,1996,0,0,0,0,0,0,0,0,0,0
80238,1,1,1996,0,0,0,0,0,0,0,0,0,0
80238,2,1,1996,0,0,0,0,0,0,0,0,0,0
80239,1,1,1996,5,5,5,5,5,5,5,5,5,5
80239,2,1,1996,0,0,0,0,0,0,0,0,0,0
80240,1,1,1996,28,16,0,16,12,0,0,14,8,17
80241,1,1,1996,0,0,0,0,0,0,0,0,0,0
80241,2,1,1996,0,0,0,0,0,0,0,0,0,0
80242,1,1,1996,28,28,28,28,28,28,28,28,28,28
80244,1,1,1996,4,4,4,4,4,4,4,4,4,4
80244,2,1,1996,12,12,12,12,12,12,12,12,12,12
80245,1,1,1996,0,6,0,0,0,0,0,0,0,0
80246,1,1,1996,27,27,27,27,27,27,27,27,27,27
80247,1,1,1996,0,0,0,0,0,0,0,0,0,0
80248,1,1,1996,0,0,0,0,0,0,0,0,0,0
80248,2,1,1996,0,0,0,0,0,0,0,0,0,0
80249,1,1,1996,0,0,0,0,0,0,0,0,0,0
80250,1,1,1996,0,0,0,0,0,0,0,0,0,0
80250,2,1,1996,0,17,0,0,0,0,0,0,0,0
80251,1,1,1996,0,0,0,0,0,0,0,0,14,0
80251,2,1,1996,0,0,0,0,0,0,0,0,0,0
80252,1,1,1996,0,0,0,0,0,0,0,0,0,0
80252,2,1,1996,0,0,0,0,0,0,0,0,0,0
80253,1,1,1996,0,0,0,0,0,0,0,0,0,0
80254,1,1,1996,0,0,0,0,0,0,0,0,0,0
80255,1,1,1996,0,0,0,0,0,0,0,0,0,0
80256,1,1,1996,16,16,16,16,16,16,16,16,16,16
80257,1,1,1996,0,0,0,0,0,0,0,0,0,0
80258,1,1,1996,0,0,0,0,0,0,0,0,0,0
80258,2,1,1996,0,0,0,0,0,0,0,0,0,0
80258,3,1,1996,0,0,0,0,0,0,0,0,0,0
80259,1,1,1996,14,14,14,14,14,14,14,14,14,14
80260,1,1,1996,32,32,32,32,32,32,32,32,32,32
80260,2,1,1996,0,0,0,0,0,0,0,0,0,0
80261,0,1,1996,0,0,0,0,0,0,0,0,0,0
80261,1,1,1996,0,0,0,22,0,0,0,0,0,0
80262,1,1,1996,0,7,0,0,0,0,0,0,0,0
80262,2,1,1996,0,0,0,0,0,0,0,0,0,0
80263,1,1,1996,0,0,0,0,0,0,0,0,0,0
80264,1,1,1996,0,0,0,0,0,0,0,0,0,0
80265,1,1,1996,0,0,0,0,0,0,0,0,0,0
80265,2,1,1996,0,0,0,0,0,0,0,0,0,0
80266,1,1,1996,0,0,0,0,0,0,0,0,0,0
80267,1,1,1996,22,22,22,22,22,22,22,22,22,22
80268,1,1,1996,0,0,0,0,0,0,0,0,0,0
80269,0,1,1996,0,0,0,0,0,0,0,0,0,0
80269,1,1,1996,0,0,0,0,0,0,0,0,0,0
80270,1,1,1996,0,0,0,0,0,0,0,0,0,0
80270,2,1,1996,0,0,0,0,0,0,0,0,0,0
80270,3,1,1996,17,0,0,0,0,0,0,0,0,0
80271,1,1,1996,0,0,0,0,0,0,0,0,0,0
80272,0,1,1996,0,0,0,0,0,0,0,0,0,0
80272,1,1,1996,0,0,0,0,9,0,0,0,0,0
80273,1,1,1996,25,25,25,25,25,25,25,25,25,25
80274,1,1,1996,0,0,0,0,0,0,0,0,0,0
80274,2,1,1996,0,0,0,0,0,0,0,0,0,0
80275,1,1,1996,0,0,0,0,0,0,0,0,0,0
80276,1,1,1996,11,11,11,11,11,11,11,11,11,11
80276,2,1,1996,0,0,0,0,0,0,0,0,0,0
80277,1,1,1996,19,19,19,19,19,19,19,19,19,19
80278,1,1,1996,17,17,17,17,17,17,17,17,17,17
80279,1,1,1996,0,0,0,0,0,0,0,0,0,0
80280,0,1,1996,0,0,0,0,0,0,0,0,0,0
80280,1,1,1996,0,0,0,0,0,0,0,0,0,0
80281,1,1,1996,21,21,21,21,21,21,21,21,21,21
80281,2,1,1996,0,0,0,0,0,0,0,0,0,0
80282,0,1,1996,10,10,10,10,10,10,10,10,10,10
80282,1,1,1996,0,0,0,0,0,0,0,0,0,0
80283,1,1,1996,0,0,0,0,0,0,0,0,0,0
80284,1,1,1996,28,28,28,28,28,28,28,28,28,28
80285,1,1,1996,0,0,0,0,0,0,0,0,0,0
80285,2,1,1996,0,0,6,0,0,0,0,0,0,0
80286,1,1,1996,7,7,7,7,7,7,7,7,7,7
80286,2,1,1996,4,4,4,4,4,4,4,4,4,4
80287,1,1,1996,0,0,0,0,0,0,0,0,0,0
80287,2,1,1996,0,0,0,0,0,0,0,0,0,0
80288,1,1,1996,0,0,0,0,0,0,0,0,0,0
80288,2,1,1996,0,0,0,0,0,0,0,0,0,0
80289,1,1,1996,21,21,21,21,21,21,21,21,21,21
80290,1,1,1996,0,0,0,0,0,0,0,0,0,0
80290,2,1,1996,0,0,0,0,0,0,0,0,0,0
80290,3,1,1996,8,0,0,0,0,0,0,0,0,0
80290,4,1,1996,0,0,0,0,11,0,0,0,0,0
80291,1,1,1996,0,0,0,0,0,0,0,0,0,0
80292,0,1,1996,31,31,31,31,31,31,31,31,31,31
80292,0,2,1996,15,28,31,24,31,0,16,8,34,34
80292,1,1,1996,0,0,0,0,0,0,0,0,0,0
80293,1,1,1996,0,0,0,0,0,0,0,0,0,0
80294,1,1,1996,23,23,23,23,23,23,23,23,23,23
80295,1,1,1996,0,0,17,0,0,0,0,0,0,0
80296,1,1,1996,29,29,29,29,29,29,29,29,29,29
80297,1,1,1996,24,24,24,24,24,24,24,24,24,24
80298,0,1,1996,0,0,0,0,0,0,0,0,0,0
80298,1,1,1996,0,0,0,0,0,0,0,0,0,0
80299,1,1,1996,0,0,0,0,0,0,0,0,18,10
80300,1,1,1996,19,19,19,19,19,19,19,19,19,19
80301,0,1,1996,33,2,26,17,0,0,29,45,18,18
80301,1,1,1996,0,0,0,0,0,0,0,0,0,0
80302,1,1,1996,0,0,0,0,0,0,0,0,0,0
80302,2,1,1996,0,0,0,0,0,0,0,0,0,0
80303,1,1,1996,19,19,19,19,19,19,19,19,19,19
80304,1,1,1996,24,24,24,24,24,24,24,24,24,24
80305,1,1,1996,0,0,0,0,0,0,0,0,0,0
80306,1,1,1996,0,0,0,0,0,0,0,0,0,0
80307,1,1,1996,4,4,4,4,4,4,4,4,4,4
80308,0,1,1996,0,0,0,0,0,0,0,0,0,0
80308,1,1,1996,0,0,0,0,0,0,0,0,0,0
80308,2,1,1996,0,0,0,0,0,0,0,0,0,0
80309,1,1,1996,0,0,0,0,0,0,0,0,0,0
80309,2,1,1996,0,0,0,0,0,0,0,0,0,9
80311,0,1,1996,0,24,0,0,0,0,0,0,0,0
80311,0,2,1996,0,14,0,19,0,32,18,0,39,48
80311,1,1,1996,0,0,0,0,0,0,0,0,18,19
80311,2,1,1996,0,0,0,0,0,0,0,0,0,0
80312,1,1,1996,21,21,21,21,21,21,21,21,21,21
80313,0,1,1996,14,14,14,14,14,14,14,14,14,14
80313,1,1,1996,0,0,0,0,0,0,0,0,0,8
80314,1,1,1996,0,0,0,0,0,0,0,0,0,0
80315,1,1,1996,0,0,0,0,0,0,0,0,0,0
80315,2,1,1996,0,0,0,0,0,0,0,0,0,0
80316,1,1,1996,0,0,10,0,0,0,0,0,0,0
80316,2,1,1996,0,0,10,0,0,0,0,0,0,0
80316,3,1,1996,0,0,0,0,0,0,0,0,0,20
80316,4,1,1996,0,0,0,0,9,0,0,0,0,0
80317,1,1,1996,12,12,12,12,12,12,12,12,12,12
80317,2,1,1996,4,4,4,4,4,4,4,4,4,4
80318,1,1,1996,17,17,17,17,17,17,17,17,17,17
80319,1,1,1996,15,15,15,15,15,15,15,15,15,15
80320,1,1,1996,0,0,0,0,0,0,0,0,0,0
80320,2,1,1996,0,0,0,0,0,0,0,0,0,0
80321,1,1,1996,0,0,0,0,0,0,0,0,0,0
80322,1,1,1996,0,0,0,0,0,0,0,0,0,0
80323,1,1,1996,18,18,18,18,18,18,18,18,18,18
80324,1,1,1996,25,25,25,25,25,25,25,25,25,25
80325,1,1,1996,27,27,27,27,27,27,27,27,27,27
80325,2,1,1996,0,0,0,0,0,0,0,0,0,0
80326,1,1,1996,0,0,0,0,6,0,0,15,0,0
80327,1,1,1996,0,0,0,0,0,0,0,0,0,0
80328,1,1,1996,19,19,19,19,19,19,19,19,19,19
80329,1,1,1996,0,0,0,0,0,0,0,0,0,0
80330,1,1,1996,0,0,0,0,0,0,0,0,0,0
80330,2,1,1996,0,0,0,0,0,0,0,0,0,0
80330,3,1,1996,0,0,0,0,0,0,0,0,0,0
80331,1,1,1996,0,0,0,0,0,0,0,0,0,0
80331,2,1,1996,0,0,0,0,0,0,0,0,0,0
80332,1,1,1996,0,0,0,0,0,0,0,0,0,0
80332,2,1,1996,0,0,0,0,0,0,0,0,0,0
80332,3,1,1996,0,0,0,0,0,0,0,0,0,0
80332,4,1,1996,0,17,0,0,1,0,5,0,0,0
80333,1,1,1996,20,20,20,20,20,20,20,20,20,20
80334,1,1,1996,0,0,0,0,0,0,0,0,0,0
80335,1,1,1996,0,0,0,0,0,0,0,0,0,0
80335,2,1,1996,0,0,0,0,0,0,0,0,0,0
80336,1,1,1996,0,0,0,0,0,0,0,0,0,0
80337,1,1,1996,20,20,20,20,20,20,20,20,20,20
80338,1,1,1996,0,0,0,0,0,0,0,0,0,0
80339,1,1,1996,0,0,0,0,0,0,0,0,0,0
80340,1,1,1996,14,14,14,14,14,14,14,14,14,14
80341,1,1,1996,0,0,0,0,0,0,0,0,0,0
80341,2,1,1996,0,0,0,0,0,0,0,0,0,0
80341,3,1,1996,0,0,0,0,0,0,0,0,0,0
80342,0,1,1996,26,26,26,26,26,26,26,26,26,26
80342,1,1,1996,0,0,0,0,0,0,0,0,0,0
80343,1,1,1996,6,0,0,20,20,0,0,0,0,0
80343,2,1,1996,0,0,0,23,0,0,0,0,0,0
80344,1,1,1996,0,0,0,0,0,0,0,0,0,0
80344,2,1,1996,0,0,0,0,0,0,0,0,0,0
80345,1,1,1996,14,14,14,14,14,14,14,14,14,14
80346,1,1,1996,0,0,0,0,0,0,0,0,0,0
80347,1,1,1996,24,24,24,24,24,24,24,24,24,24
80348,1,1,1996,0,0,0,0,0,0,0,0,0,0
80348,2,1,1996,0,0,0,0,0,0,0,0,0,0
80349,1,1,1996,17,17,17,17,17,17,17,17,17,17
80350,1,1,1996,0,0,0,0,0,0,0,0,0,0
80350,2,1,1996,0,0,0,0,0,0,0,0,0,0
80350,3,1,1996,0,0,0,25,0,0,0,0,0,0
80351,1,1,1996,17,17,17,17,17,17,17,17,17,17
80351,2,1,1996,0,0,0,0,0,0,0,0,0,0
80352,1,1,1996,8,8,8,8,8,8,8,8,8,8
80353,1,1,1996,15,15,15,15,15,15,15,15,15,15
80354,1,1,1996,16,16,16,16,16,16,16,16,16,16
80354,2,1,1996,0,0,0,0,0,0,0,0,0,0
80355,1,1,1996,18,18,18,18,18,18,18,18,18,18
80356,1,1,1996,14,14,14,14,14,14,14,14,14,14
80357,1,1,1996,0,0,0,0,0,0,0,0,0,0
80357,2,1,1996,0,0,0,0,0,0,0,0,0,0
80358,1,1,1996,21,21,21,21,21,21,21,21,21,21
80358,2,1,1996,0,0,0,0,9,0,0,0,0,0
80359,0,1,1996,14,14,14,14,14,14,14,14,14,14
80359,1,1,1996,0,0,0,0,0,0,0,0,0,0
80360,1,1,1996,0,0,0,0,0,0,0,0,0,0
80360,2,1,1996,0,0,0,0,0,0,0,0,0,0
80361,0,1,1996,13,13,13,13,13,13,13,13,13,13
80361,1,1,1996,4,0,4,6,21,16,11,15,11,22
80362,0,1,1996,1,1,1,1,1,1,1,1,1,1
80362,1,1,1996,4,15,7,10,5,11,4,8,20,6
80363,1,1,1996,0,0,0,0,0,0,0,0,0,0
80364,1,1,1996,22,22,22,22,22,22,22,22,22,22
80364,2,1,1996,0,0,0,0,0,0,0,0,0,0
80364,3,1,1996,0,0,0,0,0,0,0,0,0,0
80365,1,1,1996,17,17,17,17,17,17,17,17,17,17
80366,1,1,1996,0,0,0,0,0,0,0,0,0,0
80366,2,1,1996,0,0,0,0,0,0,0,0,0,0
80367,1,1,1996,0,0,5,0,0,0,0,0,0,0
80368,1,1,1996,0,0,0,0,0,0,0,0,0,0
80369,1,1,1996,16,16,16,16,16,16,16,16,16,16
80370,1,1,1996,0,0,0,0,0,0,0,0,0,0
80371,1,1,1996,0,0,0,0,0,0,0,0,0,0
80371,2,1,1996,0,0,0,0,0,0,0,0,0,0
80372,1,1,1996,0,0,0,0,0,0,0,0,0,0
80373,0,1,1996,0,0,0,0,0,0,0,0,0,0
80373,1,1,1996,0,0,0,0,0,0,0,0,0,0
80374,1,1,1996,0,0,0,0,0,0,0,0,0,0
80375,1,1,1996,5,5,5,5,5,5,5,5,5,5
80375,2,1,1996,0,0,0,0,0,0,0,0,0,0
80376,1,1,1996,0,0,0,0,0,0,0,0,0,0
80377,1,1,1996,15,15,15,15,15,15,15,15,15,15