ST_CASE,VEH_NO,PER_NO,YEAR,P1,P2,P3,P4,P5,P6,P7,P8,P9,P10
80378,1,1,1996,0,0,0,0,0,0,0,0,0,0
80378,2,1,1996,0,0,0,0,0,0,0,0,0,0
80379,1,1,1996,6,6,6,6,6,6,6,6,6,6
80380,1,1,1996,0,0,0,0,0,0,0,0,0,0
80381,1,1,1996,0,0,0,0,0,0,0,0,0,0
80381,2,1,1996,0,0,0,0,0,0,0,0,0,0
80382,1,1,1996,0,0,0,0,0,0,0,0,0,0
80382,2,1,1996,0,0,0,0,0,0,0,0,0,0
80383,1,1,1996,0,0,0,0,0,0,0,0,0,0
80383,2,1,1996,0,0,0,0,0,0,0,0,0,0
80384,1,1,1996,16,16,16,16,16,16,16,16,16,16
80385,1,1,1996,0,0,0,0,0,0,0,0,0,0
80386,0,1,1996,9,9,9,9,9,9,9,9,9,9
80386,1,1,1996,17,17,17,17,17,17,17,17,17,17
80387,1,1,1996,0,0,0,0,0,0,0,0,0,0
80388,1,1,1996,0,0,0,0,0,0,0,0,0,0
80389,1,1,1996,0,0,0,0,0,0,0,0,0,0
80389,2,1,1996,0,0,0,0,0,0,0,0,0,0
80390,0,1,1996,0,0,19,8,0,0,14,0,0,12
80390,1,1,1996,0,0,0,0,0,0,0,0,0,0
80390,2,1,1996,0,0,0,0,0,0,0,0,0,0
80391,1,1,1996,0,0,0,0,0,0,0,0,0,0
80392,1,1,1996,0,0,0,0,0,0,0,0,0,0
80392,2,1,1996,0,0,0,0,0,0,0,0,0,0
80392,3,1,1996,0,0,0,0,0,0,0,0,0,0
80392,4,1,1996,0,0,0,0,4,0,0,0,0,0
80393,1,1,1996,15,15,15,15,15,15,15,15,15,15
80394,0,1,1996,23,23,23,23,23,23,23,23,23,23
80394,1,1,1996,0,0,0,7,0,0,0,0,0,0
80395,1,1,1996,0,0,0,0,0,0,0,0,0,0
80396,1,1,1996,0,0,0,0,0,0,0,0,0,0
80396,2,1,1996,0,0,0,0,0,0,0,0,0,0
80397,0,1,1996,0,0,0,0,0,0,0,0,0,0
80397,1,1,1996,0,0,0,0,0,0,0,0,0,0
80398,1,1,1996,20,20,20,20,20,20,20,20,20,20
80399,1,1,1996,6,6,6,6,6,6,6,6,6,6
80399,2,1,1996,0,0,0,0,0,0,0,0,0,0
80400,1,1,1996,0,0,0,0,0,0,0,0,0,0
80401,1,1,1996,0,0,0,0,0,0,0,0,0,0
80401,2,1,1996,0,0,0,0,0,0,0,0,0,0
80402,1,1,1996,4,4,4,4,4,4,4,4,4,4
80402,2,1,1996,0,0,0,0,0,0,0,0,0,0
80403,1,1,1996,12,12,12,12,12,12,12,12,12,12
80403,2,1,1996,0,0,0,0,0,0,0,0,0,0
80404,1,1,1996,15,15,15,15,15,15,15,15,15,15
80405,1,1,1996,0,0,0,0,0,0,0,0,0,0
80406,1,1,1996,15,15,15,15,15,15,15,15,15,15
80407,1,1,1996,0,0,0,0,0,0,0,0,0,0
80407,2,1,1996,13,0,0,0,0,0,0,0,0,0
80407,3,1,1996,0,0,0,0,0,0,0,0,0,0
80408,0,1,1996,27,27,27,27,27,27,27,27,27,27
80408,1,1,1996,11,11,11,11,11,11,11,11,11,11
80408,2,1,1996,0,0,0,0,0,0,0,0,0,0
80409,1,1,1996,21,37,38,23,16,28,18,22,17,28
80410,0,1,1996,0,0,0,0,0,0,0,0,0,0
80410,1,1,1996,0,0,0,0,0,0,0,0,0,0
80411,1,1,1996,0,0,0,0,0,0,0,0,0,0
80412,1,1,1996,13,13,13,13,13,13,13,13,13,13
80413,0,1,1996,0,0,0,0,0,0,0,0,0,0
80413,1,1,1996,0,0,0,0,0,0,0,0,0,0
80414,0,1,1996,0,0,0,0,0,0,0,0,0,0
80414,1,1,1996,0,0,0,0,0,0,0,0,0,0
80415,1,1,1996,7,16,28,11,12,9,9,16,0,0
80415,2,1,1996,0,0,0,0,0,0,0,0,0,0
80416,1,1,1996,0,0,0,0,0,0,0,0,0,0
80416,2,1,1996,0,0,0,0,0,0,0,0,0,0
80417,1,1,1996,0,0,0,0,0,0,0,0,0,0
80418,1,1,1996,7,7,7,7,7,7,7,7,7,7
80418,2,1,1996,13,13,13,13,13,13,13,13,13,13
80419,1,1,1996,0,0,0,0,0,0,0,0,0,0
80420,1,1,1996,10,10,10,10,10,10,10,10,10,10
80421,0,1,1996,33,33,33,33,33,33,33,33,33,33
80421,1,1,1996,19,19,19,19,19,19,19,19,19,19
80422,1,1,1996,0,0,0,0,0,0,0,0,0,0
80423,1,1,1996,0,0,0,0,0,0,0,0,0,0
80424,0,1,1996,32,32,32,32,32,32,32,32,32,32
80424,1,1,1996,0,0,0,0,0,0,0,0,0,0
80425,0,1,1996,0,0,0,0,0,0,0,0,0,0
80425,1,1,1996,0,0,0,0,0,0,0,6,0,0
80426,1,1,1996,0,0,0,0,0,0,0,0,0,0
80427,1,1,1996,0,0,0,0,0,0,0,0,0,0
80428,1,1,1996,0,0,0,0,0,0,0,0,0,0
80429,1,1,1996,0,0,0,0,0,0,0,0,0,0
80430,1,1,1996,17,17,17,17,17,17,17,17,17,17
80431,1,1,1996,24,24,24,24,24,24,24,24,24,24
80432,1,1,1996,7,0,0,0,0,0,0,0,0,0
80433,0,1,1996,1,1,1,1,1,1,1,1,1,1
80433,1,1,1996,11,0,0,0,0,0,5,0,0,13
80434,0,1,1996,24,24,24,24,24,24,24,24,24,24
80434,1,1,1996,0,0,0,0,0,0,0,0,0,30
80435,1,1,1996,19,19,19,19,19,19,19,19,19,19
80436,1,1,1996,0,0,0,0,0,0,0,0,0,0
80437,1,1,1996,0,0,0,0,0,0,0,6,0,0
80437,2,1,1996,0,0,0,0,8,0,0,0,0,0
80438,0,1,1996,0,0,0,0,0,0,0,0,0,0
80438,1,1,1996,10,10,10,10,10,10,10,10,10,10
80439,1,1,1996,0,0,0,0,0,0,0,0,0,0
80439,2,1,1996,0,0,0,0,0,0,0,0,0,0
80440,1,1,1996,24,24,24,24,24,24,24,24,24,24
80440,2,1,1996,0,0,0,0,0,0,0,0,0,0
80441,0,1,1996,26,26,26,26,26,26,26,26,26,26
80441,1,1,1996,0,0,0,0,0,0,0,0,0,0
80442,1,1,1996,0,0,0,0,0,0,0,0,0,0
80443,1,1,1996,0,0,0,0,0,0,0,0,0,0
80444,1,1,1996,5,5,5,5,5,5,5,5,5,5
80445,1,1,1996,27,27,27,27,27,27,27,27,27,27
80445,2,1,1996,0,0,0,0,0,0,0,0,0,0
80446,1,1,1996,0,0,14,0,0,0,0,0,0,0
80447,1,1,1996,0,0,0,0,19,0,0,15,19,0
80448,1,1,1996,21,21,21,21,21,21,21,21,21,21
80449,1,1,1996,2,2,2,2,2,2,2,2,2,2
80450,1,1,1996,25,25,25,25,25,25,25,25,25,25
80450,2,1,1996,0,0,0,0,0,0,0,0,0,0
80451,0,1,1996,0,0,0,0,0,0,0,0,0,0
80451,1,1,1996,24,24,24,24,24,24,24,24,24,24
80452,1,1,1996,22,22,22,22,22,22,22,22,22,22
80452,2,1,1996,0,0,0,0,0,0,0,0,0,11
80453,1,1,1996,0,0,0,0,0,0,0,0,0,0
80454,1,1,1996,12,12,12,12,12,12,12,12,12,12
80455,0,1,1996,0,0,0,0,0,0,0,0,0,0
80455,0,2,1996,0,0,18,0,16,0,0,18,16,20
80455,1,1,1996,28,28,28,28,28,28,28,28,28,28
80456,1,1,1996,12,12,12,12,12,12,12,12,12,12
80457,1,1,1996,23,23,23,23,23,23,23,23,23,23
80458,1,1,1996,0,0,0,0,0,0,0,0,0,0
80458,2,1,1996,0,0,3,0,0,0,5,0,0,0
80459,0,1,1996,42,0,0,0,0,0,0,0,0,0
80459,0,2,1996,3,3,3,3,3,3,3,3,3,3
80459,1,1,1996,0,0,0,0,0,0,19,0,0,0
80460,1,1,1996,0,0,0,0,0,0,0,0,0,0
80461,1,1,1996,14,14,14,14,14,14,14,14,14,14
80462,1,1,1996,0,0,0,0,0,0,0,0,0,0
80462,2,1,1996,0,0,0,0,0,0,0,0,0,0
80463,0,1,1996,6,6,6,6,6,6,6,6,6,6
80463,1,1,1996,4,4,4,4,4,4,4,4,4,4
80464,0,1,1996,0,0,0,0,23,18,0,16,0,9
80465,1,1,1996,0,0,0,0,0,0,0,0,0,0
80466,1,1,1996,12,17,4,2,16,31,10,23,10,26
80467,1,1,1996,27,27,27,27,27,27,27,27,27,27
80467,2,1,1996,6,6,6,6,6,6,6,6,6,6
80468,1,1,1996,17,17,17,17,17,17,17,17,17,17
80469,1,1,1996,23,23,23,23,23,23,23,23,23,23
80469,2,1,1996,0,0,0,0,0,0,0,0,0,0
80470,0,1,1996,21,21,21,21,21,21,21,21,21,21
80470,0,2,1996,13,9,12,0,0,9,32,22,0,25
80470,1,1,1996,9,15,0,0,0,0,6,0,0,0
80471,1,1,1996,0,0,0,0,0,0,0,0,0,0
80472,1,1,1996,0,0,0,0,0,0,0,0,0,0
80472,2,1,1996,0,0,0,0,0,0,0,0,0,0
80473,0,1,1996,24,24,24,24,24,24,24,24,24,24
80473,1,1,1996,0,0,0,0,0,0,0,0,0,0
80474,1,1,1996,0,0,0,0,0,0,0,0,0,0
80474,2,1,1996,0,0,0,0,0,0,0,0,0,0
80475,1,1,1996,0,0,13,0,0,0,21,0,0,0
80475,2,1,1996,0,0,0,0,0,0,0,0,0,0
80476,0,1,1996,0,0,0,0,0,0,0,0,0,0
80476,1,1,1996,0,0,0,0,0,0,0,0,0,0
80477,1,1,1996,15,15,15,15,15,15,15,15,15,15
80477,2,1,1996,17,17,17,17,17,17,17,17,17,17
80478,1,1,1996,0,0,0,0,0,0,0,0,0,0
80478,2,1,1996,0,0,0,0,0,0,0,0,0,0
80479,0,1,1996,12,12,12,12,12,12,12,12,12,12
80479,1,1,1996,0,0,0,0,0,0,0,0,0,0
80480,1,1,1996,0,0,0,0,0,0,0,0,0,0
80480,2,1,1996,0,0,0,0,0,0,0,0,0,3
80480,3,1,1996,0,0,0,0,0,0,0,0,0,0
80481,1,1,1996,22,22,22,22,22,22,22,22,22,22
80482,0,1,1996,0,0,0,0,12,0,0,0,0,0
80482,1,1,1996,0,0,0,0,0,0,0,0,0,0
80483,0,1,1996,0,0,0,0,0,0,0,0,9,0
80484,1,1,1996,0,0,0,0,0,0,0,0,0,0
80484,2,1,1996,0,0,0,0,0,0,0,0,0,0
80485,1,1,1996,0,0,0,0,0,0,0,0,0,0
80486,1,1,1996,0,0,0,0,0,0,0,0,7,0
80487,1,1,1996,0,0,0,0,0,0,0,0,0,0
80487,2,1,1996,0,0,0,0,0,0,0,0,0,0
80488,1,1,1996,0,0,0,0,0,0,0,0,0,0
80488,2,1,1996,0,0,0,0,0,0,0,0,0,0
80489,1,1,1996,0,0,0,0,0,0,0,0,0,0
80490,1,1,1996,0,0,0,0,0,0,0,0,0,0
80490,2,1,1996,0,0,0,0,0,10,0,0,0,0
80491,1,1,1996,20,20,20,20,20,20,20,20,20,20
80492,1,1,1996,0,0,0,0,0,0,0,0,0,0
80492,2,1,1996,0,0,0,0,0,0,0,0,0,0
80493,1,1,1996,20,20,20,20,20,20,20,20,20,20
80493,2,1,1996,0,0,0,0,0,0,0,0,0,0
80494,1,1,1996,0,0,0,0,0,0,0,0,0,0
80494,2,1,1996,0,0,0,0,0,0,0,0,0,0
80495,0,1,1996,0,0,0,0,0,0,0,0,0,0
80495,1,1,1996,0,0,0,0,0,0,0,0,0,0
80496,1,1,1996,0,0,0,0,0,0,0,0,0,0
80497,1,1,1996,0,0,0,0,0,0,0,0,0,0
80498,1,1,1996,13,13,13,13,13,13,13,13,13,13
80498,2,1,1996,13,13,13,13,13,13,13,13,13,13
80499,1,1,1996,0,0,0,0,0,0,0,0,0,0
80499,2,1,1996,0,0,0,0,0,0,0,0,0,0
80500,1,1,1996,0,0,12,0,0,0,0,0,0,0
80500,2,1,1996,0,0,0,0,0,0,0,0,0,0
80501,1,1,1996,0,0,0,0,0,0,0,0,0,0
80502,1,1,1996,0,0,0,0,0,0,0,0,0,0
80503,1,1,1996,0,25,23,21,29,0,24,28,25,38
80504,1,1,1996,0,0,0,0,18,0,0,0,0,0
80504,2,1,1996,0,0,0,0,0,0,0,0,0,0
80505,1,1,1996,0,0,0,0,0,0,0,0,0,0
80505,2,1,1996,0,0,0,0,0,0,0,0,0,0
80505,3,1,1996,0,0,0,0,3,0,0,0,0,0
80506,1,1,1996,0,0,0,0,0,0,0,0,0,0
80506,2,1,1996,0,0,0,0,0,0,0,0,0,0
80507,1,1,1996,11,11,11,11,11,11,11,11,11,11
80508,1,1,1996,0,0,0,0,0,0,0,0,0,0
80509,1,1,1996,0,0,0,0,0,0,0,0,0,0
80509,2,1,1996,0,0,0,0,0,0,0,0,0,0
80509,3,1,1996,0,0,0,0,0,0,0,0,0,0
80510,1,1,1996,18,18,18,18,18,18,18,18,18,18
80511,1,1,1996,0,0,0,0,0,0,0,0,0,0
80512,1,1,1996,0,0,0,0,0,0,0,0,0,0
80512,2,1,1996,0,0,0,0,0,0,0,0,0,0
80513,0,1,1996,0,0,0,0,0,0,0,0,0,0
80513,1,1,1996,0,0,0,0,0,0,0,0,0,0
80514,1,1,1996,0,0,0,0,0,0,0,0,0,0
80515,1,1,1996,0,0,0,0,0,0,0,0,0,0
80515,2,1,1996,0,0,0,0,0,0,0,0,0,0
80516,1,1,1996,26,26,26,26,26,26,26,26,26,26
80516,2,1,1996,0,0,0,0,0,0,0,0,0,0
80517,1,1,1996,0,0,0,0,0,0,0,0,0,0
80518,1,1,1996,20,20,20,20,20,20,20,20,20,20
80519,1,1,1996,0,0,0,0,0,0,0,0,0,0
80519,2,1,1996,0,0,0,0,0,0,0,0,0,0
80520,1,1,1996,16,16,16,16,16,16,16,16,16,16
80521,1,1,1996,22,22,22,22,22,22,22,22,22,22
80522,1,1,1996,0,0,0,0,0,0,0,0,0,0
80523,1,1,1996,7,7,7,7,7,7,7,7,7,7
80524,1,1,1996,14,14,14,14,14,14,14,14,14,14
80525,1,1,1996,0,0,0,0,0,0,0,0,0,0
80526,1,1,1996,0,0,0,0,0,0,0,0,0,0
80527,1,1,1996,10,10,10,10,10,10,10,10,10,10
80527,2,1,1996,0,0,0,0,0,0,0,0,0,0
80528,1,1,1996,0,0,0,0,0,0,0,0,0,0
80528,2,1,1996,0,0,0,0,0,0,0,0,0,0
80529,1,1,1996,0,0,0,0,0,0,0,0,0,0
80529,2,1,1996,0,0,0,0,0,0,0,0,0,0
80530,1,1,1996,0,0,0,0,0,0,0,0,0,0
80530,2,1,1996,8,8,8,8,8,8,8,8,8,8
80531,1,1,1996,0,20,0,26,16,0,0,6,11,0
80532,0,1,1996,0,0,0,0,0,0,0,0,0,0
80532,1,1,1996,0,0,16,0,0,0,0,0,0,0
80533,1,1,1996,25,25,25,25,25,25,25,25,25,25
80534,0,1,1996,25,25,25,25,25,25,25,25,25,25
80534,1,1,1996,27,18,17,11,20,7,15,20,12,25
80535,1,1,1996,17,17,17,17,17,17,17,17,17,17
80536,0,1,1996,0,0,10,0,0,0,0,0,0,0
80536,1,1,1996,0,0,0,0,0,0,0,0,0,0
80537,0,1,1996,0,0,0,0,0,0,0,0,0,0
80537,1,1,1996,0,0,0,9,0,0,0,0,0,0
80538,0,1,1996,0,0,0,0,0,0,0,0,0,0
80538,1,1,1996,0,0,0,0,0,0,0,0,0,0
80539,0,1,1996,0,0,0,0,0,0,0,0,0,0
80539,1,1,1996,0,0,0,0,0,0,0,0,0,0
80540,0,1,1996,0,0,0,0,0,0,0,0,0,0
80540,1,1,1996,0,0,0,0,0,0,0,0,0,0
80541,1,1,1996,10,15,13,13,24,9,15,8,15,10
80541,2,1,1996,0,0,0,0,0,0,0,0,0,0
80541,3,1,1996,0,0,0,0,0,0,0,0,0,0
80542,1,1,1996,0,0,0,0,0,0,0,0,0,0
80543,1,1,1996,34,34,34,34,34,34,34,34,34,34
80543,2,1,1996,0,0,0,0,0,0,0,0,0,0
80543,3,1,1996,0,0,0,0,0,0,0,0,0,0
80544,1,1,1996,0,0,0,0,0,0,0,0,0,0
80544,2,1,1996,0,0,0,0,0,0,0,0,0,0
80544,3,1,1996,0,0,0,0,0,0,0,0,0,0
80544,4,1,1996,0,0,0,0,0,0,0,0,0,0
80545,1,1,1996,10,10,10,10,10,10,10,10,10,10
80545,2,1,1996,0,0,0,0,0,0,0,0,0,0
80546,1,1,1996,0,0,0,0,0,0,0,0,0,0
80546,2,1,1996,0,0,0,0,0,0,0,0,0,0
80547,1,1,1996,19,19,19,19,19,19,19,19,19,19
80548,1,1,1996,0,0,0,0,0,0,0,0,0,0
80548,2,1,1996,0,0,0,0,0,0,0,0,0,0
80549,1,1,1996,0,0,0,0,0,0,0,0,0,0
80549,2,1,1996,0,21,0,18,17,0,15,0,0,21
80550,1,1,1996,0,0,0,0,0,0,0,0,0,0
80550,2,1,1996,0,0,0,11,0,0,0,0,0,0
80551,0,1,1996,0,0,0,0,0,0,0,0,0,0
80551,1,1,1996,0,0,0,0,0,0,0,0,0,0
80552,1,1,1996,28,28,28,28,28,28,28,28,28,28
80553,0,1,1996,0,0,0,0,0,0,0,0,0,0
80553,1,1,1996,21,21,21,21,21,21,21,21,21,21
80554,0,1,1996,0,0,0,0,0,0,0,0,0,0
80554,1,1,1996,0,0,0,0,0,0,0,0,0,0
80555,1,1,1996,23,23,23,23,23,23,23,23,23,23
80555,2,1,1996,0,0,0,0,0,0,0,0,0,0
80556,1,1,1996,0,0,0,0,0,0,0,0,0,0
80556,2,1,1996,0,0,0,0,0,0,0,0,0,0
80556,3,1,1996,0,0,0,0,0,0,0,0,0,0
80557,1,1,1996,0,0,0,0,0,0,0,0,0,0
90001,1,1,1996,0,0,0,0,0,0,0,0,0,0
90001,2,1,1996,0,0,0,0,0,0,0,0,0,0
90002,0,1,1996,0,0,0,0,0,0,0,0,0,0
90002,1,1,1996,0,0,13,0,0,0,0,0,0,0
90003,1,1,1996,7,7,7,7,7,7,7,7,7,7
90004,1,1,1996,0,0,0,0,0,0,0,0,0,0
90004,2,1,1996,0,0,0,0,0,0,0,0,0,0
90005,1,1,1996,0,0,0,0,0,0,13,0,0,0
90006,1,1,1996,29,29,29,29,29,29,29,29,29,29
90007,1,1,1996,0,4,0,0,0,0,0,27,0,0
90007,2,1,1996,13,13,13,13,13,13,13,13,13,13
90008,1,1,1996,0,0,0,0,0,0,0,0,0,0
90008,2,1,1996,0,0,0,0,0,0,0,0,0,0
90009,1,1,1996,18,18,18,18,18,18,18,18,18,18
90010,1,1,1996,19,19,19,19,19,19,19,19,19,19
90011,1,1,1996,22,22,22,22,22,22,22,22,22,22
90012,1,1,1996,27,27,27,27,27,27,27,27,27,27
90012,2,1,1996,0,0,0,0,18,19,0,0,0,0
90013,0,1,1996,0,0,15,0,0,0,0,0,0,0
90014,0,1,1996,0,0,13,0,17,0,0,0,0,22
90014,1,1,1996,0,0,0,0,0,0,0,0,0,0
90015,1,1,1996,0,0,0,0,0,0,0,0,0,0
90016,0,1,1996,0,0,0,8,0,0,0,0,0,0
90016,1,1,1996,0,0,0,0,0,15,0,0,0,0
90017,1,1,1996,7,7,7,7,7,7,7,7,7,7
90017,2,1,1996,0,0,0,0,0,0,0,0,0,0
90018,1,1,1996,0,0,0,0,0,0,0,0,0,0
90019,1,1,1996,0,0,0,0,0,0,0,0,0,0
90019,2,1,1996,0,0,0,0,0,0,0,0,0,0
90020,1,1,1996,14,14,14,14,14,14,14,14,14,14
90021,0,1,1996,0,0,0,0,0,0,0,0,0,0
90021,1,1,1996,0,0,0,0,0,0,0,0,0,0
90022,1,1,1996,12,0,0,0,0,0,0,0,0,0
90023,1,1,1996,0,0,0,0,0,0,0,0,0,0
90023,2,1,1996,0,0,0,0,0,0,0,0,0,0
90023,3,1,1996,0,0,0,0,0,0,0,0,0,0
90024,1,1,1996,9,9,9,9,9,9,9,9,9,9
90025,1,1,1996,0,0,0,0,0,0,0,0,0,0
90026,1,1,1996,0,0,0,0,0,0,0,0,0,0
90026,2,1,1996,0,0,0,0,0,0,0,0,0,0
90027,1,1,1996,0,0,0,0,0,0,0,0,0,0
90028,1,1,1996,11,11,11,11,11,11,11,11,11,11
90029,1,1,1996,15,15,15,15,15,15,15,15,15,15
90030,1,1,1996,17,17,17,17,17,17,17,17,17,17
90031,1,1,1996,11,0,0,0,10,0,0,0,17,27
90032,1,1,1996,0,0,0,0,0,0,0,0,0,0
90033,1,1,1996,12,12,12,12,12,12,12,12,12,12
90033,2,1,1996,25,0,0,0,0,0,20,0,21,13
90033,3,1,1996,0,0,0,0,0,0,0,0,0,0
90034,1,1,1996,10,10,10,10,10,10,10,10,10,10
90035,1,1,1996,0,0,0,0,0,0,0,0,0,0
90036,1,1,1996,0,0,0,0,0,0,0,0,0,0
90036,2,1,1996,0,0,0,0,0,0,0,0,0,0
90037,0,1,1996,22,22,22,22,22,22,22,22,22,22
90037,1,1,1996,26,13,15,11,11,17,16,15,0,5
90038,1,1,1996,0,0,0,0,0,0,0,0,0,0
90038,2,1,1996,0,0,0,0,0,0,0,0,0,0
90039,0,1,1996,0,0,0,0,0,0,0,0,0,0
90039,1,1,1996,0,0,12,0,0,7,0,0,0,0
90040,1,1,1996,0,0,0,0,0,0,0,0,0,0
90040,2,1,1996,0,0,0,0,0,0,0,0,0,0
90041,0,1,1996,14,14,14,14,14,14,14,14,14,14
90041,1,1,1996,19,19,19,19,19,19,19,19,19,19
90042,1,1,1996,9,6,0,22,10,31,9,0,4,4
90042,2,1,1996,17,5,0,17,26,17,0,30,0,18
90043,1,1,1996,0,0,0,0,0,0,0,0,0,0
90044,1,1,1996,0,0,0,0,0,0,0,0,0,0
90044,2,1,1996,0,0,17,0,0,0,0,0,0,0
90045,1,1,1996,0,0,0,0,0,0,0,0,0,0
90045,2,1,1996,0,0,0,0,0,0,0,9,0,0
90046,0,1,1996,0,0,0,0,0,0,0,0,0,0
90046,1,1,1996,12,0,19,0,0,14,0,0,0,0
90047,1,1,1996,16,16,16,16,16,16,16,16,16,16
90048,1,1,1996,0,0,0,0,0,0,0,0,0,0
90048,2,1,1996,0,0,0,0,0,0,0,0,0,0
90049,1,1,1996,0,0,0,0,0,0,0,0,0,0
90050,0,1,1996,0,0,0,0,0,0,0,0,0,0
90050,1,1,1996,11,0,0,9,38,0,0,0,15,5
90051,1,1,1996,0,0,0,0,0,0,0,0,0,0
90051,2,1,1996,0,0,0,0,0,0,0,0,0,0
90052,1,1,1996,0,0,0,0,0,0,0,0,0,9
90052,2,1,1996,0,0,0,0,0,0,0,0,17,8
90053,1,1,1996,0,0,0,0,0,0,0,0,0,0
90053,2,1,1996,0,0,0,0,0,0,0,0,0,0
90054,1,1,1996,22,22,22,22,22,22,22,22,22,22
90055,1,1,1996,0,0,0,39,0,0,0,0,17,0
90055,2,1,1996,0,0,0,0,0,0,0,0,0,0
90056,1,1,1996,0,0,0,0,0,0,0,0,0,0
90056,2,1,1996,21,21,21,21,21,21,21,21,21,21
90057,1,1,1996,19,0,24,21,0,17,0,7,24,7
90058,1,1,1996,0,0,0,0,13,0,0,0,29,0
90058,2,1,1996,0,0,0,0,0,0,0,0,0,0
90059,2,1,1996,0,0,0,6,0,0,0,16,20,0
90060,1,1,1996,0,0,0,0,0,0,0,0,0,0
90060,2,1,1996,0,0,0,0,0,0,0,0,0,0
90061,1,1,1996,17,17,17,17,17,17,17,17,17,17
90062,1,1,1996,13,13,13,13,13,13,13,13,13,13
90063,1,1,1996,0,0,0,0,0,0,0,0,0,0
90063,2,1,1996,0,0,0,0,0,0,0,0,0,0
90063,3,1,1996,0,0,0,0,0,0,0,0,0,0
90063,4,1,1996,0,0,9,0,0,0,0,0,0,0
90063,5,1,1996,0,0,0,0,0,0,3,0,0,0
90064,1,1,1996,0,0,0,0,0,0,0,0,0,21
90064,2,1,1996,0,0,0,0,0,0,0,0,0,0
90064,3,1,1996,0,8,0,0,0,0,0,0,0,0
90064,4,1,1996,0,7,0,0,0,5,0,0,0,0
90064,5,1,1996,16,7,0,0,12,0,0,0,0,0
90065,1,1,1996,0,0,0,0,0,0,0,0,0,0
90066,1,1,1996,0,0,0,0,0,0,0,0,0,0
90066,2,1,1996,25,10,7,14,24,11,9,14,16,9
90066,3,1,1996,0,0,18,0,0,0,0,0,10,0
90067,0,1,1996,0,0,19,0,16,0,0,0,0,0
90067,0,2,1996,0,0,0,0,10,0,0,24,0,0
90067,0,3,1996,0,0,0,0,0,12,0,0,0,0
90067,1,1,1996,21,21,21,21,21,21,21,21,21,21
90068,1,1,1996,7,7,7,7,7,7,7,7,7,7
90069,1,1,1996,5,5,5,5,5,5,5,5,5,5
90069,2,1,1996,0,0,0,0,0,0,0,0,0,0
90071,1,1,1996,15,0,0,0,0,0,0,0,0,4
90072,1,1,1996,22,0,0,12,0,0,0,0,9,21
90072,2,1,1996,3,3,3,3,3,3,3,3,3,3
90073,1,1,1996,9,9,9,9,9,9,9,9,9,9
90074,1,1,1996,0,0,0,0,0,0,0,0,0,0
90074,2,1,1996,0,0,0,19,9,0,0,0,0,0
90075,0,1,1996,10,10,10,10,10,10,10,10,10,10
90075,1,1,1996,0,0,0,0,15,0,0,0,0,15
90076,0,1,1996,25,25,25,25,25,25,25,25,25,25
90076,1,1,1996,0,0,0,0,0,0,0,0,0,12
90077,1,1,1996,13,13,13,13,13,13,13,13,13,13
90078,1,1,1996,0,0,0,0,0,0,0,0,0,0
90078,2,1,1996,0,0,0,0,0,0,0,0,0,0
90079,1,1,1996,10,10,10,10,10,10,10,10,10,10
90080,1,1,1996,0,0,0,0,0,0,0,0,0,0
90081,1,1,1996,29,29,29,29,29,29,29,29,29,29
90082,1,1,1996,15,15,15,15,15,15,15,15,15,15
90083,1,1,1996,0,0,13,0,0,17,0,0,0,30
90083,2,1,1996,31,31,31,31,31,31,31,31,31,31
90084,1,1,1996,13,12,14,19,23,12,13,12,27,14
90085,1,1,1996,18,18,18,18,18,18,18,18,18,18
90085,2,1,1996,0,0,0,0,0,0,0,0,0,0
90086,0,1,1996,16,16,16,16,16,16,16,16,16,16
90086,1,1,1996,0,0,0,0,0,8,0,0,0,0
90087,1,1,1996,12,0,9,0,23,4,8,0,14,0
90087,2,1,1996,0,8,0,0,0,0,0,0,0,23
90088,1,1,1996,0,0,0,0,0,0,0,0,0,0
90090,1,1,1996,0,0,0,0,0,0,0,0,0,0
90092,1,1,1996,30,30,30,30,30,30,30,30,30,30
90092,2,1,1996,0,8,0,0,0,0,0,0,0,0
90093,1,1,1996,0,0,6,0,0,0,0,0,0,0
90093,2,1,1996,0,0,0,0,0,0,0,0,0,0
90094,1,1,1996,8,0,0,0,0,17,0,0,0,12
90095,0,1,1996,0,0,0,0,0,0,0,0,0,0
90095,1,1,1996,0,0,0,0,14,0,0,0,0,0
90096,0,1,1996,15,15,15,15,15,15,15,15,15,15
90096,1,1,1996,0,0,0,0,0,0,0,0,0,0
90097,1,1,1996,10,10,10,10,10,10,10,10,10,10
90098,1,1,1996,12,12,12,12,12,12,12,12,12,12
90099,0,1,1996,20,20,20,20,20,20,20,20,20,20
90099,1,1,1996,0,0,0,0,0,0,0,0,0,0
90100,1,1,1996,0,0,0,0,0,0,0,0,0,0
90101,0,1,1996,0,0,0,0,0,0,0,0,0,0
90101,1,1,1996,0,0,12,0,0,0,0,29,17,29
90102,0,1,1996,0,0,0,0,0,0,0,0,0,0
90102,1,1,1996,0,0,0,0,0,0,0,0,0,0
90103,1,1,1996,7,7,7,7,7,7,7,7,7,7
90104,1,1,1996,27,27,27,27,27,27,27,27,27,27
90105,1,1,1996,25,25,25,25,25,25,25,25,25,25
90106,1,1,1996,0,0,0,0,0,0,0,0,0,0
90106,2,1,1996,0,0,0,0,0,0,0,0,0,0
90107,1,1,1996,16,16,16,16,16,16,16,16,16,16