ST_CASE,VEH_NO,PER_NO,YEAR,P1,P2,P3,P4,P5,P6,P7,P8,P9,P10
120164,1,1,1996,0,0,0,0,0,0,0,0,0,0
120165,1,1,1996,0,0,0,0,0,0,0,0,0,0
120165,2,1,1996,0,0,0,0,0,0,0,0,0,0
120166,0,1,1996,11,11,11,11,11,11,11,11,11,11
120166,1,1,1996,0,0,0,0,0,0,0,0,0,0
120167,0,1,1996,0,0,0,0,0,0,0,0,0,0
120167,1,1,1996,0,0,0,0,0,0,0,0,0,0
120168,1,1,1996,0,0,0,0,0,0,0,0,0,0
120168,2,1,1996,0,0,0,0,0,0,0,0,0,0
120169,1,1,1996,28,28,28,28,28,28,28,28,28,28
120169,2,1,1996,0,0,0,0,0,0,0,0,0,0
120171,1,1,1996,0,0,0,0,0,0,0,0,0,0
120172,1,1,1996,0,0,0,0,0,0,0,0,0,0
120172,2,1,1996,0,0,0,0,0,0,0,0,0,0
120173,1,1,1996,0,0,0,0,0,0,0,0,8,16
120174,1,1,1996,0,0,0,0,0,0,0,0,0,0
120174,2,1,1996,0,0,0,0,0,0,0,0,0,0
120175,0,1,1996,0,0,0,0,0,0,0,0,0,0
120175,1,1,1996,0,0,0,0,0,0,0,0,0,0
120176,1,1,1996,21,21,21,21,21,21,21,21,21,21
120176,2,1,1996,0,0,0,0,0,0,0,0,0,0
120177,1,1,1996,21,21,21,21,21,21,21,21,21,21
120178,1,1,1996,21,21,21,21,21,21,21,21,21,21
120178,2,1,1996,0,0,0,0,0,0,21,0,0,0
120179,1,1,1996,12,20,19,0,8,0,18,20,11,23
120179,2,1,1996,0,0,0,0,0,0,0,0,0,0
120180,1,1,1996,0,0,34,0,0,0,0,0,0,0
120181,0,1,1996,20,20,20,20,20,20,20,20,20,20
120181,1,1,1996,0,0,0,0,0,0,0,11,0,11
120182,1,1,1996,0,0,0,13,0,0,0,0,0,0
120182,2,1,1996,0,0,0,0,0,0,0,0,6,0
120182,3,1,1996,0,0,0,9,0,0,0,28,0,0
120183,1,1,1996,0,0,0,0,0,0,0,0,0,0
120183,2,1,1996,0,0,0,0,0,0,0,0,0,0
120183,3,1,1996,0,0,0,0,0,0,0,0,0,0
120184,1,1,1996,22,22,22,22,22,22,22,22,22,22
120184,2,1,1996,0,0,0,0,0,0,0,0,0,0
120185,1,1,1996,0,0,0,0,0,0,0,0,0,0
120185,2,1,1996,0,0,0,0,0,0,0,0,0,0
120186,1,1,1996,9,9,9,9,9,9,9,9,9,9
120188,1,1,1996,0,0,0,0,0,0,0,0,0,0
120188,2,1,1996,0,0,0,0,0,0,0,0,0,0
120189,0,1,1996,0,0,0,0,0,0,0,0,0,0
120189,1,1,1996,0,0,0,0,0,0,0,0,24,0
120189,2,1,1996,0,15,0,0,0,0,0,0,0,0
120190,1,1,1996,7,7,7,7,7,7,7,7,7,7
120191,1,1,1996,0,0,0,0,0,0,0,0,0,0
120191,2,1,1996,0,0,0,0,0,0,0,0,0,0
120192,1,1,1996,9,0,0,0,0,0,0,0,0,0
120192,2,1,1996,0,0,0,0,0,0,0,0,0,0
120193,1,1,1996,19,19,19,19,19,19,19,19,19,19
120194,0,1,1996,0,0,0,0,0,0,0,0,0,0
120194,1,1,1996,0,0,0,0,0,0,0,0,0,0
120195,1,1,1996,0,0,0,0,0,0,0,0,0,0
120196,1,1,1996,37,37,37,37,37,37,37,37,37,37
120196,2,1,1996,0,0,0,0,12,0,0,0,0,0
120197,1,1,1996,0,0,0,0,0,0,0,0,0,0
120197,2,1,1996,0,0,0,0,0,0,0,0,0,0
120198,0,1,1996,15,0,0,0,0,0,0,0,0,13
120198,1,1,1996,0,0,0,0,0,0,0,0,0,0
120199,1,1,1996,0,0,18,0,0,0,0,11,0,0
120200,1,1,1996,12,12,12,12,12,12,12,12,12,12
120200,2,1,1996,0,0,0,0,0,0,0,0,0,0
120201,1,1,1996,0,0,0,0,0,0,0,0,0,0
120201,2,1,1996,0,0,0,0,0,0,0,0,0,0
120202,1,1,1996,0,0,0,9,0,0,0,0,0,0
120203,0,1,1996,0,0,0,0,0,0,0,0,0,0
120203,1,1,1996,0,0,0,0,0,0,0,0,0,0
120204,1,1,1996,0,0,0,0,0,0,0,0,0,0
120204,2,1,1996,0,0,0,0,0,0,0,0,0,0
120205,0,1,1996,18,18,18,18,18,18,18,18,18,18
120205,1,1,1996,0,0,0,0,0,0,0,0,0,0
120206,0,1,1996,0,0,0,0,0,0,0,0,0,0
120206,1,1,1996,0,0,0,0,0,0,0,0,0,0
120207,0,1,1996,14,14,14,14,14,14,14,14,14,14
120207,1,1,1996,0,0,0,0,0,0,0,0,0,0
120208,1,1,1996,21,21,21,21,21,21,21,21,21,21
120209,0,1,1996,0,0,0,0,0,0,0,0,0,0
120209,1,1,1996,0,0,0,0,0,0,0,0,0,0
120210,1,1,1996,0,0,0,0,0,0,0,0,0,0
120210,2,1,1996,0,0,0,0,0,0,0,0,4,0
120211,1,1,1996,0,0,0,0,0,0,0,0,0,0
120211,2,1,1996,0,0,0,0,0,0,27,0,0,0
120212,1,1,1996,0,0,0,0,0,0,0,0,0,0
120212,2,1,1996,0,0,0,0,0,0,0,0,0,0
120212,3,1,1996,0,0,0,0,0,0,0,0,0,0
120213,0,1,1996,34,34,34,34,34,34,34,34,34,34
120213,1,1,1996,0,0,0,0,0,0,0,0,0,0
120214,1,1,1996,0,0,0,0,0,0,0,0,0,0
120215,1,1,1996,0,0,0,12,0,0,0,0,0,0
120215,2,1,1996,0,0,0,0,0,0,0,0,0,0
120216,1,1,1996,0,8,0,0,0,0,0,0,0,0
120216,2,1,1996,0,0,0,0,0,0,0,9,0,0
120217,1,1,1996,13,13,13,13,13,13,13,13,13,13
120217,2,1,1996,0,0,0,0,0,0,0,30,0,11
120218,1,1,1996,0,0,0,0,0,0,0,0,0,0
120218,2,1,1996,0,0,0,0,0,0,0,0,0,0
120219,0,1,1996,16,0,0,0,0,0,0,0,0,0
120219,1,1,1996,0,0,0,0,0,0,0,0,0,0
120220,1,1,1996,0,0,0,0,0,0,0,0,0,0
120221,1,1,1996,13,25,8,0,13,21,28,12,14,28
120222,1,1,1996,0,0,0,0,0,0,0,0,0,0
120222,2,1,1996,0,0,0,0,0,0,0,0,0,0
120223,1,1,1996,0,0,0,0,0,0,0,0,0,0
120223,2,1,1996,0,0,0,0,0,0,0,0,0,0
120224,0,1,1996,0,0,8,0,0,0,7,0,0,0
120224,1,1,1996,8,8,8,8,8,8,8,8,8,8
120225,1,1,1996,0,0,0,0,0,0,0,0,0,0
120225,2,1,1996,0,0,0,0,0,0,0,0,0,0
120226,1,1,1996,0,0,0,0,0,0,0,0,0,0
120227,0,1,1996,0,0,0,0,0,0,0,0,0,0
120227,1,1,1996,0,0,0,0,0,0,0,0,0,0
120228,1,1,1996,0,0,0,0,0,0,0,0,0,0
120228,2,1,1996,0,0,0,0,0,0,0,0,0,0
120229,1,1,1996,0,0,0,0,0,0,0,0,0,0
120230,1,1,1996,0,0,0,0,0,0,0,0,0,0
120231,0,1,1996,0,0,0,0,0,0,0,0,0,0
120231,1,1,1996,0,0,0,0,0,0,0,0,0,0
120232,1,1,1996,0,0,0,0,0,0,0,0,0,0
120232,2,1,1996,0,0,0,0,0,0,0,0,0,0
120232,3,1,1996,0,0,0,0,0,0,0,0,0,0
120234,1,1,1996,0,0,0,0,0,0,0,0,0,0
120234,2,1,1996,0,0,0,0,0,0,0,0,0,0
120235,0,1,1996,17,17,17,17,17,17,17,17,17,17
120235,1,1,1996,0,0,0,29,30,0,0,18,0,9
120236,1,1,1996,28,28,28,28,28,28,28,28,28,28
120237,1,1,1996,17,17,17,17,17,17,17,17,17,17
120238,1,1,1996,0,0,0,0,0,0,0,0,0,0
120238,2,1,1996,0,0,0,0,0,0,0,0,0,0
120239,0,1,1996,0,27,0,0,20,0,0,0,0,0
120239,1,1,1996,0,0,0,0,0,0,0,0,0,0
120240,1,1,1996,0,0,0,0,17,0,0,0,0,0
120240,2,1,1996,0,0,0,0,0,0,0,0,0,0
120240,3,1,1996,0,0,0,0,0,0,0,0,0,0
120241,1,1,1996,0,0,0,0,0,0,0,0,0,0
120241,2,1,1996,0,0,0,0,0,0,0,0,0,0
120242,0,1,1996,0,0,0,0,0,0,0,0,0,0
120242,1,1,1996,0,0,0,0,0,0,0,0,0,21
120243,1,1,1996,0,0,0,0,0,0,0,0,0,0
120243,2,1,1996,0,0,0,0,0,0,0,0,0,0
120244,1,1,1996,0,0,0,0,0,0,0,0,0,0
120244,2,1,1996,0,0,0,0,0,0,0,0,0,0
120245,1,1,1996,0,0,0,0,0,0,0,0,0,0
120245,2,1,1996,0,0,0,0,0,0,0,0,0,0
120245,3,1,1996,0,0,0,0,0,0,0,0,0,0
120246,0,1,1996,26,26,26,26,26,26,26,26,26,26
120246,1,1,1996,0,0,0,0,0,0,0,0,0,0
120247,1,1,1996,26,26,26,26,26,26,26,26,26,26
120247,2,1,1996,0,0,0,0,0,0,0,0,0,0
120248,0,1,1996,22,22,22,22,22,22,22,22,22,22
120248,1,1,1996,0,0,0,0,0,0,0,0,0,0
120249,1,1,1996,0,0,0,0,0,0,0,0,0,0
120249,2,1,1996,0,0,0,0,0,0,0,0,0,0
120249,3,1,1996,0,0,0,0,0,0,0,0,0,0
120250,1,1,1996,0,0,0,0,8,0,0,0,0,0
120250,2,1,1996,0,0,0,0,0,0,0,0,0,0
120251,0,1,1996,15,15,15,15,15,15,15,15,15,15
120251,1,1,1996,0,0,0,0,0,0,0,0,0,0
120252,1,1,1996,0,0,0,0,0,0,0,0,0,0
120252,2,1,1996,0,0,0,0,0,0,0,0,0,0
120252,3,1,1996,0,0,0,0,0,0,0,0,0,0
120252,4,1,1996,0,0,0,0,0,0,0,0,0,0
120252,5,1,1996,0,0,0,0,0,0,0,0,0,0
120252,6,1,1996,0,0,0,0,0,0,0,0,0,0
120253,1,1,1996,20,20,20,20,20,20,20,20,20,20
120254,1,1,1996,0,0,0,0,0,0,0,0,0,0
120254,2,1,1996,0,0,0,0,0,0,0,0,0,0
120255,1,1,1996,0,0,0,0,0,0,0,0,0,0
120255,2,1,1996,0,0,0,0,0,0,0,0,0,0
120255,3,1,1996,0,0,0,0,0,0,0,0,0,0
120256,1,1,1996,0,0,0,0,0,0,0,0,0,0
120256,2,1,1996,0,0,0,0,0,0,0,0,0,0
120257,1,1,1996,0,0,0,0,0,0,0,0,0,0
120257,2,1,1996,0,0,0,0,0,0,0,0,0,0
120258,1,1,1996,13,13,13,13,13,13,13,13,13,13
120258,2,1,1996,0,0,0,20,5,0,0,0,19,7
120259,0,1,1996,0,0,0,0,0,0,0,0,0,0
120259,1,1,1996,0,0,0,0,0,0,0,0,0,0
120260,0,1,1996,0,17,0,0,0,0,0,0,0,0
120260,1,1,1996,0,0,0,0,0,0,0,0,0,0
120261,0,1,1996,0,27,0,28,15,12,17,0,20,11
120261,1,1,1996,0,0,0,0,0,0,0,0,0,0
120262,1,1,1996,0,0,4,0,0,0,0,0,0,0
120262,2,1,1996,0,0,0,0,0,0,0,0,0,0
120262,3,1,1996,0,0,0,0,0,0,0,0,0,0
120263,1,1,1996,0,0,0,0,0,0,7,0,0,0
120263,2,1,1996,0,0,0,0,0,0,0,0,0,0
120264,1,1,1996,0,23,0,0,0,0,0,0,0,0
120264,2,1,1996,0,0,0,0,0,0,0,0,0,0
120265,1,1,1996,0,0,0,0,0,0,0,0,0,0
120266,1,1,1996,0,0,0,8,0,0,0,0,17,0
120267,0,1,1996,0,0,31,0,17,28,0,0,0,0
120267,1,1,1996,0,0,0,0,0,0,0,0,0,0
120268,1,1,1996,0,0,0,0,0,0,0,0,0,0
120268,2,1,1996,0,0,0,0,0,0,0,0,0,0
120271,0,1,1996,0,0,0,0,0,0,0,0,0,0
120271,1,1,1996,0,0,0,0,0,0,0,0,0,0
120272,1,1,1996,14,14,14,14,14,14,14,14,14,14
120272,2,1,1996,0,0,0,0,0,0,0,0,0,14
120273,1,1,1996,0,0,0,0,0,0,0,0,0,0
120273,2,1,1996,0,0,0,0,0,0,0,0,0,0
120274,0,1,1996,0,0,0,0,0,0,0,0,0,0
120274,1,1,1996,0,0,0,0,0,0,0,0,0,0
120275,1,1,1996,14,14,14,14,14,14,14,14,14,14
120275,2,1,1996,0,0,0,0,0,0,0,0,10,0
120275,3,1,1996,0,0,0,0,0,0,0,0,0,0
120276,1,1,1996,0,0,0,0,0,0,0,0,0,0
120276,2,1,1996,0,0,0,0,0,0,0,0,0,0
120276,3,1,1996,0,0,0,0,0,0,0,0,0,0
120277,1,1,1996,0,0,0,11,0,0,0,0,0,0
120277,2,1,1996,0,0,0,0,0,0,0,0,0,0
120278,1,1,1996,0,0,0,0,0,0,0,0,0,0
120279,1,1,1996,9,9,9,9,9,9,9,9,9,9
120279,2,1,1996,0,0,0,0,0,0,0,0,0,0
120280,1,1,1996,9,9,9,9,9,9,9,9,9,9
120280,2,1,1996,0,0,0,0,0,0,0,0,0,0
120280,3,1,1996,0,0,0,0,0,0,0,0,0,0
120281,0,1,1996,32,0,0,21,0,14,27,0,9,12
120281,0,2,1996,0,0,0,0,0,13,8,0,0,0
120281,1,1,1996,0,0,0,0,0,0,0,0,0,0
120282,0,1,1996,0,0,0,0,0,0,0,0,0,0
120282,1,1,1996,0,0,0,0,0,0,0,3,0,0
120283,1,1,1996,1,1,1,1,1,1,1,1,1,1
120284,1,1,1996,0,0,0,30,0,0,10,0,0,16
120285,0,1,1996,9,9,9,9,9,9,9,9,9,9
120285,1,1,1996,0,0,0,0,0,0,0,0,0,11
120286,1,1,1996,0,0,0,0,0,0,0,0,0,0
120287,0,1,1996,0,0,0,0,0,0,0,0,0,0
120287,1,1,1996,0,0,0,0,0,19,0,0,0,0
120288,1,1,1996,0,0,0,0,0,0,0,0,0,0
120288,2,1,1996,0,0,0,0,0,0,0,0,0,0
120289,1,1,1996,0,0,0,0,0,0,0,0,0,0
120289,2,1,1996,0,0,0,0,0,0,0,0,0,0
120290,1,1,1996,0,0,0,0,0,0,0,0,0,0
120290,2,1,1996,0,0,0,0,0,0,0,0,0,0
120290,3,1,1996,0,0,0,0,0,0,0,0,0,0
120291,1,1,1996,0,0,0,0,10,0,0,0,14,0
120292,1,1,1996,0,0,0,0,0,0,0,0,0,0
120292,2,1,1996,0,0,0,0,0,0,0,0,0,0
120293,1,1,1996,12,12,12,12,12,12,12,12,12,12
120293,2,1,1996,0,0,0,0,0,0,0,0,0,0
120294,1,1,1996,0,0,0,0,0,0,0,0,0,0
120294,2,1,1996,0,0,0,0,0,0,0,0,0,0
120295,1,1,1996,0,0,0,0,0,0,0,0,0,0
120295,2,1,1996,0,0,0,0,0,0,0,0,0,0
120296,0,1,1996,18,18,18,18,18,18,18,18,18,18
120296,1,1,1996,0,0,0,0,0,0,0,0,0,0
120297,1,1,1996,0,0,0,0,0,0,0,0,0,0
120297,2,1,1996,0,0,0,0,0,0,0,0,0,0
120298,1,1,1996,17,17,17,17,17,17,17,17,17,17
120299,1,1,1996,0,0,0,0,0,0,0,0,0,0
120300,0,1,1996,0,0,0,0,0,0,0,0,0,0
120300,1,1,1996,0,0,0,0,0,0,0,0,0,0
120301,0,1,1996,11,11,11,11,11,11,11,11,11,11
120301,1,1,1996,0,0,0,0,0,0,0,0,0,17
120301,2,1,1996,0,6,0,0,0,0,0,0,0,0
120302,1,1,1996,0,0,0,0,2,0,0,0,0,0
120302,2,1,1996,0,0,0,0,0,0,0,0,0,0
120303,0,1,1996,35,35,35,35,35,35,35,35,35,35
120303,1,1,1996,0,0,0,0,0,0,0,0,0,0
120304,1,1,1996,21,21,21,21,21,21,21,21,21,21
120304,2,1,1996,0,0,0,0,0,0,0,0,0,0
120305,1,1,1996,0,0,0,0,0,0,0,0,0,0
120305,2,1,1996,0,0,0,0,0,0,0,0,0,0
120306,1,1,1996,0,14,0,0,0,0,0,0,0,0
120307,1,1,1996,9,0,0,0,25,0,9,0,22,0
120307,2,1,1996,0,0,0,0,0,0,0,0,0,0
120307,3,1,1996,0,0,0,0,0,11,0,0,0,0
120308,1,1,1996,32,0,0,0,0,0,0,0,0,0
120309,1,1,1996,0,0,0,0,0,0,0,0,0,0
120309,2,1,1996,0,0,0,0,0,0,0,0,0,0
120309,3,1,1996,0,0,0,0,0,0,0,0,0,0
120310,1,1,1996,0,0,0,0,0,0,0,0,0,0
120310,2,1,1996,0,0,4,0,0,0,0,0,0,0
120311,1,1,1996,0,0,0,0,0,0,0,0,0,0
120311,2,1,1996,0,0,0,0,0,0,0,0,0,0
120312,1,1,1996,0,0,0,0,0,0,0,0,0,0
120312,2,1,1996,0,0,0,0,0,0,0,0,0,0
120313,1,1,1996,0,0,0,0,0,0,0,0,0,0
120313,2,1,1996,0,0,0,0,0,0,0,0,0,0
120314,0,1,1996,10,10,10,10,10,10,10,10,10,10
120314,1,1,1996,0,0,0,0,0,0,0,0,10,0
120315,1,1,1996,23,23,23,23,23,23,23,23,23,23
120316,1,1,1996,17,17,17,17,17,17,17,17,17,17
120317,0,1,1996,0,0,0,0,0,0,0,0,0,0
120317,1,1,1996,16,16,16,16,16,16,16,16,16,16
120318,1,1,1996,0,0,0,0,0,0,0,0,0,0
120318,2,1,1996,0,0,0,0,0,0,0,0,0,0
120319,1,1,1996,0,0,0,0,0,0,0,0,0,0
120319,2,1,1996,0,0,0,0,0,0,0,0,0,0
120319,3,1,1996,0,0,0,0,0,0,0,0,0,20
120320,1,1,1996,17,17,17,17,17,17,17,17,17,17
120321,1,1,1996,9,9,9,9,9,9,9,9,9,9
120322,1,1,1996,1,1,1,1,1,1,1,1,1,1
120322,2,1,1996,0,0,0,0,0,0,0,0,0,0
120323,0,1,1996,0,0,0,0,0,0,0,0,0,0
120323,1,1,1996,0,0,0,0,0,0,14,0,0,0
120324,1,1,1996,0,0,0,0,0,0,0,0,0,0
120325,1,1,1996,0,0,0,0,0,0,0,0,0,0
120326,1,1,1996,0,0,0,0,0,0,0,0,0,0
120326,2,1,1996,0,0,0,0,0,0,0,0,0,0
120327,1,1,1996,22,22,22,22,22,22,22,22,22,22
120328,1,1,1996,0,0,0,0,0,0,0,0,0,0
120328,2,1,1996,0,0,0,0,0,0,0,0,0,0
120328,3,1,1996,0,0,0,0,0,0,0,0,0,0
120329,1,1,1996,0,0,0,0,0,0,0,0,0,0
120329,2,1,1996,0,0,0,0,0,0,0,0,0,0
120330,1,1,1996,0,0,0,0,0,0,0,0,0,0
120330,2,1,1996,0,0,0,0,0,0,0,0,0,0
120331,1,1,1996,0,3,17,0,0,18,0,0,0,0
120331,2,1,1996,0,0,0,0,0,0,0,0,0,0
120332,1,1,1996,18,18,18,18,18,18,18,18,18,18
120332,2,1,1996,0,0,0,0,0,0,0,0,0,0
120333,1,1,1996,0,0,0,0,0,0,0,0,0,0
120333,2,1,1996,9,0,0,0,0,0,0,0,0,0
120333,3,1,1996,0,0,0,0,0,0,0,0,0,0
120334,0,1,1996,0,0,0,0,0,0,0,0,0,0
120334,1,1,1996,0,0,0,0,0,0,0,0,0,0
120335,1,1,1996,0,0,0,0,0,0,0,0,0,0
120335,2,1,1996,0,0,0,0,0,0,0,0,0,0
120336,0,1,1996,0,0,0,0,0,0,0,0,0,0
120336,1,1,1996,0,0,0,0,0,0,0,0,0,0
120337,1,1,1996,0,0,0,0,0,0,0,0,0,0
120338,1,1,1996,11,11,11,11,11,11,11,11,11,11
120338,2,1,1996,0,0,0,0,0,0,0,0,0,0
120339,1,1,1996,0,0,0,0,0,0,0,0,0,0
120339,2,1,1996,0,7,0,0,0,0,0,0,0,0
120340,1,1,1996,0,0,0,0,0,0,0,8,0,0
120341,1,1,1996,0,0,0,0,0,0,0,0,0,0
120341,2,1,1996,0,0,0,0,0,0,0,0,0,0
120342,1,1,1996,0,0,0,0,0,0,0,0,0,0
120342,2,1,1996,0,0,0,0,0,0,0,0,0,0
120342,3,1,1996,0,0,6,0,0,0,0,0,0,0
120343,1,1,1996,0,0,0,0,0,0,0,0,0,0
120343,2,1,1996,0,0,0,0,0,0,0,0,0,0
120344,1,1,1996,0,0,0,0,0,0,0,0,0,0
120344,2,1,1996,0,0,0,0,0,0,0,0,0,0
120345,0,1,1996,0,0,0,0,0,0,0,0,0,0
120345,1,1,1996,0,0,0,0,0,0,0,0,0,0
120346,0,1,1996,21,21,21,21,21,21,21,21,21,21
120346,1,1,1996,0,0,18,0,0,0,0,0,0,0
120347,1,1,1996,0,0,0,0,0,0,0,0,0,0
120348,1,1,1996,0,0,0,0,0,0,0,0,0,0
120348,2,1,1996,0,0,0,0,0,0,0,0,0,0
120349,1,1,1996,15,0,0,0,0,0,0,0,0,0
120350,1,1,1996,0,0,0,0,0,0,0,0,0,0
120350,2,1,1996,0,0,0,0,0,0,0,0,0,0
120351,1,1,1996,0,0,14,0,0,0,13,0,0,18
120352,0,1,1996,0,0,0,21,0,0,0,24,0,0
120352,1,1,1996,0,0,0,0,0,0,0,0,0,0
120353,1,1,1996,0,0,0,0,0,0,0,0,0,0
120353,2,1,1996,0,0,0,0,0,0,0,0,0,0
120354,1,1,1996,33,33,33,33,33,33,33,33,33,33
120354,2,1,1996,0,0,0,0,0,0,0,0,0,0
120354,3,1,1996,0,9,0,0,0,0,0,0,0,0
120354,4,1,1996,0,0,0,19,0,0,0,0,0,0
120355,0,1,1996,15,9,14,16,15,27,27,37,17,15
120355,1,1,1996,13,0,0,0,0,0,0,0,0,0
120356,0,1,1996,24,24,24,24,24,24,24,24,24,24
120356,1,1,1996,0,0,0,0,0,0,0,0,0,0
120356,2,1,1996,0,0,0,0,0,0,0,0,0,0
120356,3,1,1996,0,0,0,0,0,0,0,0,0,0
120358,1,1,1996,0,0,0,0,0,0,0,0,0,0
120359,1,1,1996,1,1,1,1,1,1,1,1,1,1
120359,2,1,1996,0,0,0,0,0,0,0,0,0,0
120360,1,1,1996,0,0,0,0,0,0,0,0,0,0
120360,2,1,1996,0,0,0,0,0,0,0,0,0,0
120361,1,1,1996,21,21,21,21,21,21,21,21,21,21
120361,2,1,1996,0,0,0,0,0,0,0,0,0,0
120361,3,1,1996,0,0,0,0,0,0,0,0,0,0
120362,1,1,1996,0,0,0,0,0,0,0,0,0,0
120362,2,1,1996,25,25,25,25,25,25,25,25,25,25
120363,1,1,1996,8,8,8,8,8,8,8,8,8,8
120363,2,1,1996,0,0,0,0,0,0,0,0,0,0
120364,1,1,1996,0,0,11,9,0,12,0,21,0,22
120365,1,1,1996,0,0,0,0,0,0,0,0,0,0
120365,2,1,1996,9,9,9,9,9,9,9,9,9,9
120365,3,1,1996,0,0,0,0,0,0,0,0,0,0
120366,1,1,1996,0,0,0,0,0,0,0,0,0,0
120366,2,1,1996,0,0,0,0,0,0,0,0,0,0
120367,0,1,1996,14,0,16,26,15,15,27,17,0,12
120367,1,1,1996,21,21,21,21,21,21,21,21,21,21
120368,1,1,1996,22,22,22,22,22,22,22,22,22,22
120369,1,1,1996,28,28,28,28,28,28,28,28,28,28
120370,0,1,1996,0,0,0,0,0,0,0,0,0,0
120370,1,1,1996,0,0,0,0,0,0,0,0,0,0
120370,2,1,1996,0,0,0,0,0,0,0,0,0,0
120371,0,1,1996,0,26,0,0,0,0,0,30,12,0
120371,1,1,1996,0,0,0,12,0,0,0,0,0,0
120372,0,1,1996,0,0,0,0,0,0,0,0,0,0
120372,1,1,1996,0,0,0,0,0,0,0,0,0,0
120373,1,1,1996,26,26,26,26,26,26,26,26,26,26
120373,2,1,1996,14,0,0,0,0,0,0,0,0,0
120374,0,1,1996,0,0,0,0,0,0,0,0,0,0
120374,1,1,1996,0,0,0,0,0,0,0,0,0,0
120375,1,1,1996,0,0,0,0,0,0,0,0,0,0
120376,0,1,1996,26,0,0,0,3,22,19,0,7,0
120376,0,2,1996,0,0,0,0,0,0,0,0,15,0
120376,1,1,1996,0,0,0,0,0,25,9,0,0,6
120377,1,1,1996,48,19,29,23,25,18,34,14,12,17
120378,1,1,1996,0,0,0,0,0,0,0,0,0,0
120379,1,1,1996,0,0,0,0,0,0,0,0,0,0
120379,2,1,1996,19,0,0,0,0,0,0,0,0,0
120380,1,1,1996,0,0,0,0,0,0,0,0,0,0
120380,2,1,1996,0,0,0,0,0,0,0,0,0,0
120381,1,1,1996,0,0,0,0,0,0,0,0,0,0
120381,2,1,1996,0,0,0,0,0,0,0,0,0,0
120382,1,1,1996,18,0,0,0,16,16,17,0,22,17
120383,1,1,1996,23,23,23,23,23,23,23,23,23,23
120384,1,1,1996,0,9,0,0,0,9,0,0,3,0
120384,2,1,1996,0,0,0,0,0,0,0,0,0,0
120385,1,1,1996,0,0,0,0,0,0,0,0,0,0
120386,1,1,1996,24,24,24,24,24,24,24,24,24,24
120387,1,1,1996,13,13,13,13,13,13,13,13,13,13
120387,2,1,1996,0,0,0,0,0,0,0,0,0,0
120388,1,1,1996,0,0,0,0,0,0,0,0,0,0
120388,2,1,1996,0,0,0,0,0,0,0,0,0,0
120389,1,1,1996,0,0,0,0,0,0,0,0,0,0
120390,0,1,1996,0,0,0,0,0,0,0,0,0,0
120390,1,1,1996,15,0,0,0,0,0,0,0,0,0
120391,0,1,1996,18,0,0,48,0,0,0,0,0,0
120391,1,1,1996,15,15,15,15,15,15,15,15,15,15
120392,1,1,1996,0,0,0,0,0,0,0,0,0,0
120392,2,1,1996,0,0,0,0,9,0,0,0,0,0
120392,3,1,1996,0,0,0,0,0,0,0,0,0,0
120393,1,1,1996,22,22,22,22,22,22,22,22,22,22
120393,2,1,1996,0,0,0,0,0,0,0,0,0,0
120393,3,1,1996,0,0,0,0,0,0,0,0,0,0
120393,4,1,1996,0,0,0,0,0,0,0,0,0,0
120394,1,1,1996,0,0,0,0,0,0,0,0,0,0
120394,2,1,1996,0,0,0,0,0,0,0,0,0,0
120395,1,1,1996,0,0,0,0,0,0,0,0,0,11
120395,2,1,1996,0,0,0,0,0,0,0,0,0,0
120396,0,1,1996,10,10,10,10,10,10,10,10,10,10
120396,1,1,1996,0,0,0,0,0,0,0,0,0,0
120397,1,1,1996,0,18,0,0,0,0,0,0,0,0
120397,2,1,1996,0,0,0,0,0,0,0,0,0,0
120398,1,1,1996,19,19,19,19,19,19,19,19,19,19
120399,1,1,1996,4,4,4,4,4,4,4,4,4,4
120400,1,1,1996,0,0,0,0,0,0,0,0,0,0
120400,2,1,1996,0,0,0,0,0,0,23,0,0,0
120400,3,1,1996,0,0,0,0,0,0,0,0,0,0
120401,1,1,1996,0,0,0,0,0,0,0,0,0,0
120402,1,1,1996,0,0,0,0,0,0,0,0,0,0
120402,2,1,1996,0,0,0,0,0,0,0,0,0,0
120402,3,1,1996,0,0,0,0,0,0,0,0,0,0
120403,1,1,1996,14,14,14,14,14,14,14,14,14,14
120404,1,1,1996,0,0,0,0,7,11,0,0,16,0
120405,1,1,1996,0,0,0,0,0,0,0,0,0,0
120405,2,1,1996,8,0,0,0,0,0,0,0,0,0
120406,1,1,1996,0,0,0,0,0,0,0,0,0,0
120406,2,1,1996,0,0,0,0,0,0,0,0,0,0
120407,1,1,1996,0,0,0,0,0,0,0,0,0,0
120407,2,1,1996,0,0,0,0,0,0,0,0,0,0
120408,1,1,1996,0,0,0,0,0,0,0,0,0,0
120408,2,1,1996,0,0,0,0,0,0,0,0,0,0
120409,1,1,1996,18,18,18,18,18,18,18,18,18,18
120409,2,1,1996,0,0,0,0,0,0,0,0,0,0
120410,1,1,1996,21,21,21,21,21,21,21,21,21,21
120410,2,1,1996,0,0,0,0,0,0,0,0,0,0
120411,1,1,1996,0,0,0,0,0,0,0,0,0,0
120411,2,1,1996,0,0,0,0,0,0,0,0,0,0
120412,0,1,1996,0,0,0,0,0,0,0,0,0,0
120412,1,1,1996,0,0,0,0,0,0,0,0,0,0
120413,1,1,1996,15,15,15,15,15,15,15,15,15,15
120414,0,1,1996,21,21,21,21,21,21,21,21,21,21