ST_CASE,VEH_NO,PER_NO,YEAR,P1,P2,P3,P4,P5,P6,P7,P8,P9,P10
120414,1,1,1996,0,0,0,11,0,0,0,12,0,0
120414,2,1,1996,0,0,0,0,0,0,0,0,0,0
120415,0,1,1996,3,3,3,3,3,3,3,3,3,3
120415,1,1,1996,0,0,0,0,0,0,0,0,0,0
120416,1,1,1996,0,0,0,0,0,0,0,0,0,0
120416,2,1,1996,0,0,0,0,0,0,0,0,0,0
120417,1,1,1996,21,21,21,21,21,21,21,21,21,21
120417,2,1,1996,0,0,0,0,0,0,19,0,20,0
120417,3,1,1996,0,0,0,0,0,0,0,0,0,0
120418,1,1,1996,0,0,0,0,0,0,0,0,0,0
120418,2,1,1996,0,0,0,0,0,0,0,0,0,0
120419,0,1,1996,0,0,0,0,0,0,0,0,0,0
120419,1,1,1996,0,0,0,0,0,0,0,0,0,0
120420,1,1,1996,10,10,10,10,10,10,10,10,10,10
120420,2,1,1996,0,0,0,0,0,0,0,0,0,0
120421,1,1,1996,0,0,0,0,0,0,0,0,0,7
120421,2,1,1996,0,0,0,0,0,0,0,0,0,0
120422,1,1,1996,0,0,0,0,0,0,0,0,19,0
120422,2,1,1996,0,0,0,0,0,0,0,0,0,0
120423,1,1,1996,3,3,3,3,3,3,3,3,3,3
120424,1,1,1996,0,0,0,0,0,0,0,0,0,0
120424,2,1,1996,0,0,0,0,0,0,0,0,0,0
120425,1,1,1996,0,0,0,0,0,0,0,0,0,0
120425,2,1,1996,0,0,0,0,0,0,0,0,0,0
120425,3,1,1996,0,0,0,0,0,0,0,0,0,0
120426,1,1,1996,0,0,0,0,0,0,0,0,0,0
120426,2,1,1996,0,0,0,0,0,0,0,0,0,0
120427,1,1,1996,0,0,0,0,0,0,0,0,0,0
120427,2,1,1996,0,0,0,0,0,0,0,0,0,0
120428,1,1,1996,0,0,0,0,0,0,0,0,0,0
120428,2,1,1996,0,0,0,7,0,0,0,0,0,0
120429,1,1,1996,0,0,0,0,0,0,0,0,0,0
120430,1,1,1996,0,0,0,0,0,0,0,0,0,0
120430,2,1,1996,0,0,0,0,0,0,0,0,0,13
120431,0,1,1996,0,0,0,0,0,0,0,0,0,0
120431,1,1,1996,0,0,0,0,0,0,0,0,0,0
120432,1,1,1996,0,0,0,0,0,0,0,0,0,0
120432,2,1,1996,0,0,0,0,0,0,0,0,0,0
120433,1,1,1996,0,10,5,13,0,0,0,0,11,0
120434,0,1,1996,0,10,0,36,0,0,16,0,0,0
120434,0,2,1996,19,0,0,22,19,0,0,13,28,0
120434,1,1,1996,10,10,10,10,10,10,10,10,10,10
120435,1,1,1996,0,0,0,0,0,0,0,0,0,0
120436,1,1,1996,0,0,0,0,0,0,0,0,0,0
120436,2,1,1996,0,0,0,0,0,0,0,0,0,0
120437,1,1,1996,0,0,0,0,0,0,0,0,0,0
120437,2,1,1996,0,0,0,0,0,0,0,0,0,0
120438,1,1,1996,0,0,0,0,0,0,0,0,0,0
120438,2,1,1996,0,0,0,0,0,0,0,0,0,0
120439,1,1,1996,0,0,0,0,0,0,0,0,0,0
120439,2,1,1996,0,0,0,0,0,0,0,0,0,0
120440,1,1,1996,0,0,0,0,0,0,0,0,0,0
120441,1,1,1996,0,0,0,0,0,0,0,0,0,0
120441,2,1,1996,0,0,0,0,0,0,0,0,0,0
120442,1,1,1996,0,0,0,0,0,0,0,0,0,0
120442,2,1,1996,0,0,0,0,0,0,0,0,0,0
120443,1,1,1996,20,20,20,20,20,20,20,20,20,20
120443,2,1,1996,14,12,0,0,5,0,0,0,0,0
120444,1,1,1996,0,0,0,0,0,0,0,0,0,0
120444,2,1,1996,0,0,0,0,0,0,0,0,0,0
120444,3,1,1996,0,0,0,0,0,0,0,0,0,0
120445,1,1,1996,0,0,0,0,0,0,0,0,0,0
120445,2,1,1996,0,4,0,0,0,6,0,0,0,0
120446,1,1,1996,0,0,0,0,0,0,0,0,0,0
120446,2,1,1996,0,0,0,0,0,0,0,0,0,0
120447,1,1,1996,6,0,0,0,0,0,0,0,0,0
120447,2,1,1996,0,0,0,0,0,0,0,0,0,0
120447,3,2,1996,0,0,0,0,0,0,0,0,0,0
120448,0,1,1996,0,25,18,23,0,0,19,17,0,15
120448,1,1,1996,0,0,0,0,0,0,0,0,0,0
120448,2,1,1996,0,0,0,0,0,0,0,0,0,0
120449,1,1,1996,0,0,0,0,0,0,0,0,0,0
120450,0,1,1996,0,0,0,0,0,0,0,0,0,0
120450,1,1,1996,0,0,0,0,0,0,0,0,0,0
120451,1,1,1996,10,10,10,10,10,10,10,10,10,10
120451,2,1,1996,0,16,24,23,0,0,0,0,0,0
120452,1,1,1996,0,0,0,0,0,0,0,0,0,0
120452,2,1,1996,0,0,0,0,0,0,0,0,0,0
120453,1,1,1996,0,0,0,0,0,0,0,0,0,0
120453,2,1,1996,28,28,28,28,28,28,28,28,28,28
120454,1,1,1996,0,0,0,0,0,0,0,0,0,0
120454,2,1,1996,0,0,0,0,0,0,0,0,0,0
120455,1,1,1996,0,0,0,0,0,0,0,0,0,0
120455,2,1,1996,0,0,0,0,0,0,0,0,0,0
120455,3,1,1996,0,0,0,0,0,0,0,0,0,0
120455,4,1,1996,13,0,0,0,0,0,0,0,0,0
120455,5,1,1996,0,0,0,0,0,0,0,0,0,0
120456,1,1,1996,25,0,0,27,13,0,19,0,16,10
120457,0,1,1996,0,0,0,0,0,0,0,0,0,0
120457,1,1,1996,0,0,0,0,0,0,0,0,0,0
120458,0,1,1996,0,0,17,0,0,0,0,0,0,0
120458,1,1,1996,0,0,10,0,0,0,3,0,0,0
120459,1,1,1996,8,8,8,8,8,8,8,8,8,8
120459,2,1,1996,0,0,8,0,24,18,5,0,10,0
120460,1,1,1996,0,0,0,0,0,0,0,0,0,0
120460,2,1,1996,0,0,0,0,0,0,0,0,0,0
120461,1,1,1996,16,16,16,16,16,16,16,16,16,16
120461,2,1,1996,0,0,0,0,0,0,0,0,0,0
120462,0,1,1996,6,6,6,6,6,6,6,6,6,6
120462,1,1,1996,0,0,0,0,0,0,0,0,0,0
120463,1,1,1996,8,8,8,8,8,8,8,8,8,8
120463,2,1,1996,0,0,0,0,0,0,0,0,0,0
120464,0,1,1996,28,28,28,28,28,28,28,28,28,28
120464,1,1,1996,0,0,0,0,0,0,0,0,0,0
120464,2,1,1996,0,0,0,0,0,0,0,0,0,0
120465,1,1,1996,11,11,11,11,11,11,11,11,11,11
120466,1,1,1996,0,0,14,0,0,0,0,0,0,17
120467,0,1,1996,28,28,28,28,28,28,28,28,28,28
120467,1,1,1996,0,12,0,0,0,0,14,0,0,0
120467,2,1,1996,0,0,0,0,0,0,8,0,0,0
120468,0,1,1996,31,31,31,31,31,31,31,31,31,31
120468,1,1,1996,0,0,0,0,0,0,0,0,0,0
120469,1,1,1996,9,9,9,9,9,9,9,9,9,9
120469,2,1,1996,0,0,0,0,0,0,0,0,0,0
120470,0,1,1996,0,0,0,0,0,0,0,0,0,0
120470,1,1,1996,0,0,0,0,0,0,0,0,0,0
120471,0,1,1996,0,0,0,0,0,0,0,0,0,0
120471,1,1,1996,0,0,0,0,0,0,0,0,0,0
120472,1,1,1996,0,0,0,0,0,0,0,0,0,0
120472,2,1,1996,0,0,0,0,0,0,0,0,0,0
120472,3,1,1996,0,0,0,0,0,0,0,0,0,0
120472,4,1,1996,0,0,0,0,8,0,0,0,0,0
120473,1,1,1996,0,0,0,0,0,0,0,0,0,0
120474,1,1,1996,0,0,0,0,0,0,0,0,0,0
120474,2,1,1996,0,0,0,0,0,0,0,0,0,0
120475,0,1,1996,0,0,0,0,0,0,0,0,0,0
120475,1,1,1996,0,0,0,0,0,0,0,0,0,0
120475,2,1,1996,0,0,0,0,0,0,0,15,0,16
120475,3,1,1996,0,0,0,0,0,0,0,0,0,0
120476,1,1,1996,0,0,0,0,0,0,0,0,0,0
120476,2,1,1996,0,0,0,0,0,0,0,0,0,0
120477,0,1,1996,10,0,0,0,0,0,0,0,0,0
120477,1,1,1996,0,0,0,0,0,0,0,0,0,0
120478,1,1,1996,15,15,15,15,15,15,15,15,15,15
120479,1,1,1996,8,8,8,8,8,8,8,8,8,8
120479,2,1,1996,0,0,0,0,0,0,0,0,0,0
120480,0,1,1996,11,11,11,11,11,11,11,11,11,11
120480,1,1,1996,12,0,0,0,33,11,0,0,0,0
120482,1,1,1996,0,0,0,0,0,0,9,0,0,21
120482,2,1,1996,0,0,0,0,0,0,0,0,0,0
120483,0,1,1996,7,7,7,7,7,7,7,7,7,7
120483,1,1,1996,0,0,0,23,0,6,0,0,0,17
120484,1,1,1996,19,19,19,19,19,19,19,19,19,19
120484,2,1,1996,16,16,16,16,16,16,16,16,16,16
120485,0,1,1996,0,0,0,0,0,0,0,0,0,0
120485,1,1,1996,0,0,0,0,0,0,0,0,0,0
120486,1,1,1996,19,19,19,19,19,19,19,19,19,19
120487,0,1,1996,10,10,10,10,10,10,10,10,10,10
120487,1,1,1996,0,0,0,0,0,0,0,0,0,0
120488,1,1,1996,14,14,14,14,14,14,14,14,14,14
120489,1,1,1996,0,11,26,13,7,26,9,10,14,6
120490,1,1,1996,0,0,0,0,0,0,0,0,0,0
120490,2,1,1996,0,0,0,0,0,0,0,0,0,0
120491,1,1,1996,0,0,0,0,0,0,0,0,0,0
120491,2,1,1996,0,0,0,0,0,0,0,0,0,0
120492,0,1,1996,0,0,0,0,0,0,0,0,0,0
120492,1,1,1996,0,0,0,0,0,0,0,0,0,0
120492,2,1,1996,0,0,0,0,0,0,0,0,0,0
120493,0,1,1996,22,22,22,22,22,22,22,22,22,22
120493,1,1,1996,0,0,0,0,0,0,0,0,0,0
120494,1,1,1996,17,17,17,17,17,17,17,17,17,17
120495,1,1,1996,0,0,0,0,0,0,0,0,0,0
120496,1,1,1996,21,21,21,21,21,21,21,21,21,21
120497,1,1,1996,18,18,18,18,18,18,18,18,18,18
120498,0,1,1996,23,23,23,23,23,23,23,23,23,23
120498,1,1,1996,0,0,0,0,0,0,0,0,0,0
120499,0,1,1996,0,0,0,0,0,0,0,0,0,0
120499,1,1,1996,0,0,0,0,0,0,0,0,0,0
120500,1,1,1996,0,0,0,0,0,0,0,0,0,0
120500,2,1,1996,0,0,0,0,0,0,0,0,0,0
120501,0,1,1996,24,24,24,24,24,24,24,24,24,24
120501,1,1,1996,12,12,12,12,12,12,12,12,12,12
120502,0,1,1996,0,0,0,0,0,0,31,0,0,0
120502,1,1,1996,13,13,13,13,13,13,13,13,13,13
120503,1,1,1996,0,0,0,0,0,0,0,22,0,22
120504,1,1,1996,0,0,0,0,0,0,11,0,0,0
120504,2,1,1996,0,0,0,0,0,0,0,0,0,0
120505,1,1,1996,0,0,0,0,0,0,9,0,0,0
120505,2,1,1996,0,0,0,0,0,0,0,0,0,0
120505,3,1,1996,0,0,0,0,0,0,0,0,0,0
120506,0,1,1996,0,0,34,0,0,0,0,27,17,16
120506,1,1,1996,0,0,0,0,0,0,0,0,0,0
120507,0,1,1996,30,0,0,0,0,0,0,0,0,0
120507,1,1,1996,0,8,0,0,0,0,0,0,0,0
120508,1,1,1996,26,26,26,26,26,26,26,26,26,26
120508,2,1,1996,0,0,0,0,0,0,0,0,0,0
120509,1,1,1996,0,0,0,0,0,0,0,0,0,0
120509,2,1,1996,0,0,0,0,0,0,0,0,0,0
120510,1,1,1996,0,0,0,0,0,0,8,0,0,0
120510,2,1,1996,0,0,0,0,0,0,0,0,0,0
120510,3,1,1996,0,0,0,0,0,0,0,0,0,0
120511,0,1,1996,17,17,0,25,23,10,0,0,0,0
120511,1,1,1996,0,0,0,0,0,0,0,0,0,0
120512,1,1,1996,27,27,27,27,27,27,27,27,27,27
120513,0,1,1996,25,25,25,25,25,25,25,25,25,25
120513,1,1,1996,0,0,0,0,0,0,11,0,0,0
120514,1,1,1996,28,0,0,0,17,0,0,24,12,0
120515,1,1,1996,25,25,25,25,25,25,25,25,25,25
120515,2,1,1996,0,0,0,0,0,0,0,0,0,0
120516,1,1,1996,11,11,11,11,11,11,11,11,11,11
120517,1,1,1996,27,27,27,27,27,27,27,27,27,27
120517,2,1,1996,0,0,0,0,0,0,0,0,0,0
120517,3,1,1996,0,0,0,0,0,0,0,0,0,0
120517,4,1,1996,0,0,0,0,0,0,0,0,0,0
120518,1,1,1996,5,5,5,5,5,5,5,5,5,5
120519,1,1,1996,1,1,1,1,1,1,1,1,1,1
120519,2,1,1996,0,0,0,0,0,0,0,0,0,0
120520,1,1,1996,0,0,0,0,0,0,0,0,0,0
120520,2,1,1996,0,0,0,0,0,0,0,0,0,0
120521,1,1,1996,0,0,0,9,0,0,0,0,0,11
120522,0,1,1996,0,18,0,0,0,0,0,0,0,0
120522,1,1,1996,0,0,0,0,0,0,0,0,0,0
120523,1,1,1996,9,9,9,9,9,9,9,9,9,9
120524,0,1,1996,0,29,22,0,0,0,0,29,0,0
120524,1,1,1996,0,0,0,0,0,0,0,11,0,0
120524,2,1,1996,0,0,0,0,0,0,0,0,0,15
120525,1,1,1996,8,0,0,0,0,0,0,14,0,0
120525,2,1,1996,0,0,0,0,0,0,0,0,0,0
120526,0,1,1996,0,0,0,0,0,0,0,0,0,0
120526,1,1,1996,0,0,0,0,0,0,0,0,0,0
120527,1,1,1996,0,0,0,0,0,0,0,0,0,0
120527,2,1,1996,0,0,0,0,0,0,37,0,0,0
120528,0,1,1996,22,22,22,22,22,22,22,22,22,22
120528,1,1,1996,3,3,3,3,3,3,3,3,3,3
120529,1,1,1996,0,0,0,0,0,0,0,0,0,0
120529,2,1,1996,0,0,0,0,0,0,0,0,0,0
120530,1,1,1996,0,0,0,0,0,0,0,0,0,0
120530,2,1,1996,0,0,0,0,0,0,0,0,0,0
120531,1,1,1996,0,0,0,0,0,0,0,0,0,0
120531,2,1,1996,7,7,7,7,7,7,7,7,7,7
120532,0,1,1996,0,0,17,0,0,0,0,0,0,32
120532,1,1,1996,0,0,0,9,0,0,0,6,0,0
120534,0,1,1996,0,0,0,0,0,0,0,0,0,0
120534,1,1,1996,0,0,0,0,0,0,0,0,0,0
120535,1,1,1996,3,3,3,3,3,3,3,3,3,3
120536,1,1,1996,0,0,0,7,0,0,0,0,16,31
120537,1,1,1996,22,22,22,22,22,22,22,22,22,22
120538,0,1,1996,0,0,0,0,0,0,0,0,0,0
120538,1,1,1996,0,0,0,0,0,0,0,0,0,0
120539,1,1,1996,0,0,0,0,0,0,0,0,0,0
120540,1,1,1996,0,0,0,0,0,0,0,0,0,0
120540,2,1,1996,0,0,0,0,0,0,0,0,0,0
120540,3,1,1996,0,0,0,0,0,0,0,0,0,0
120541,1,1,1996,22,22,22,22,22,22,22,22,22,22
120542,1,1,1996,11,11,11,11,11,11,11,11,11,11
120543,1,1,1996,18,18,18,18,18,18,18,18,18,18
120544,0,1,1996,0,0,0,0,0,0,0,0,0,0
120544,1,1,1996,0,0,0,0,0,0,0,0,0,0
120545,0,1,1996,0,14,21,33,15,16,4,0,29,0
120545,1,1,1996,0,0,0,10,0,0,0,0,0,0
120546,1,1,1996,5,5,5,5,5,5,5,5,5,5
120546,2,1,1996,0,0,0,0,0,0,0,0,0,0
120547,1,1,1996,0,0,0,0,0,0,0,0,0,0
120547,2,1,1996,0,0,0,0,0,0,0,0,0,0
120548,0,1,1996,0,0,0,0,0,0,0,0,0,0
120548,1,1,1996,0,0,0,29,0,0,7,0,0,0
120548,2,1,1996,0,0,0,0,0,0,0,0,0,0
120548,3,1,1996,0,0,0,0,0,0,28,0,0,0
120549,1,1,1996,0,0,0,0,0,0,0,0,0,0
120550,0,1,1996,0,18,0,0,0,0,0,0,22,0
120550,1,1,1996,10,10,10,10,10,10,10,10,10,10
120551,0,1,1996,38,38,38,38,38,38,38,38,38,38
120551,1,1,1996,0,0,0,0,0,0,0,0,0,0
120552,1,1,1996,0,0,0,0,0,0,0,0,0,0
120552,2,1,1996,0,0,0,0,0,0,0,0,0,0
120553,1,1,1996,0,0,0,0,0,0,0,0,0,0
120554,1,1,1996,0,0,0,0,0,0,0,0,0,0
120554,2,1,1996,0,0,0,0,0,0,0,0,0,0
120555,1,1,1996,0,0,0,0,0,0,0,0,0,0
120555,2,1,1996,0,0,0,0,0,0,0,0,0,0
120556,1,1,1996,0,0,0,0,0,0,0,0,0,0
120556,2,1,1996,0,0,0,0,0,0,0,0,0,17
120557,1,1,1996,0,0,0,0,0,0,0,0,0,0
120557,2,1,1996,0,0,0,0,0,0,0,0,0,0
120558,0,1,1996,0,0,0,5,0,0,0,11,0,0
120558,1,1,1996,0,0,0,0,0,0,0,0,0,0
120559,0,1,1996,0,0,0,0,0,0,0,0,0,0
120559,1,1,1996,0,0,0,0,0,0,0,0,0,0
120560,1,1,1996,0,0,0,0,0,0,0,0,0,0
120561,1,1,1996,0,0,0,0,0,0,0,0,0,0
120561,2,1,1996,0,0,0,0,0,0,0,0,0,0
120562,1,1,1996,24,24,24,24,24,24,24,24,24,24
120563,1,1,1996,0,0,0,0,0,0,0,0,0,0
120563,2,1,1996,0,0,0,0,0,0,0,0,0,0
120564,1,1,1996,0,0,0,0,0,0,0,0,0,0
120564,2,1,1996,0,0,0,0,0,0,0,0,0,0
120565,1,1,1996,21,21,21,21,21,21,21,21,21,21
120566,1,1,1996,0,0,0,0,0,0,0,0,0,0
120566,2,1,1996,0,0,0,0,0,0,0,0,0,0
120567,1,1,1996,0,0,0,0,0,0,0,0,0,0
120567,2,1,1996,0,0,0,0,0,0,0,0,0,0
120567,3,1,1996,0,0,0,0,0,0,0,0,0,33
120567,4,1,1996,0,0,0,0,0,0,0,0,0,0
120567,5,1,1996,0,0,0,0,0,0,16,0,0,0
120568,1,1,1996,0,0,0,0,0,0,0,0,0,0
120569,1,1,1996,0,0,0,0,0,0,0,0,0,0
120569,2,1,1996,0,0,0,0,0,0,0,0,0,0
120570,1,1,1996,27,27,27,27,27,27,27,27,27,27
120570,2,1,1996,0,0,0,0,0,0,0,0,0,0
120571,1,1,1996,0,0,0,0,0,0,4,0,0,2
120571,2,1,1996,0,0,0,0,0,0,0,0,0,0
120572,1,1,1996,18,18,18,18,18,18,18,18,18,18
120573,1,1,1996,0,0,0,0,0,0,0,0,0,0
120573,2,1,1996,0,0,0,0,0,0,0,0,0,0
120574,1,1,1996,0,0,0,0,0,0,0,0,0,0
120574,2,1,1996,0,0,0,0,0,0,0,0,0,0
120575,1,1,1996,0,0,0,0,0,0,0,0,0,0
120575,2,1,1996,0,0,0,0,0,0,0,0,0,0
120575,3,1,1996,0,0,0,0,0,0,0,0,0,0
120576,1,1,1996,0,0,0,0,0,0,0,0,0,0
120576,2,1,1996,0,0,0,0,0,0,0,0,0,0
120577,1,1,1996,1,1,1,1,1,1,1,1,1,1
120578,1,1,1996,32,32,32,32,32,32,32,32,32,32
120578,2,1,1996,0,0,0,0,0,0,0,0,0,0
120579,1,1,1996,15,15,15,15,15,15,15,15,15,15
120580,1,1,1996,19,19,19,19,19,19,19,19,19,19
120581,1,1,1996,0,0,0,0,0,0,0,0,0,0
120582,1,1,1996,0,0,0,0,0,10,0,0,0,0
120582,2,1,1996,0,0,0,0,0,0,0,0,0,0
120583,0,1,1996,30,30,30,30,30,30,30,30,30,30
120583,1,1,1996,12,11,0,16,0,14,18,0,0,4
120584,1,1,1996,21,21,21,21,21,21,21,21,21,21
120585,1,1,1996,0,0,0,0,0,0,0,0,0,0
120585,2,1,1996,0,0,0,0,0,0,0,0,0,0
120585,3,1,1996,0,0,0,0,0,0,0,0,0,0
120586,1,1,1996,16,16,16,16,16,16,16,16,16,16
120586,2,1,1996,7,7,7,7,7,7,7,7,7,7
120587,1,1,1996,0,26,4,10,30,12,11,6,17,21
120588,1,1,1996,0,0,0,0,0,0,0,0,0,0
120589,1,1,1996,21,21,21,21,21,21,21,21,21,21
120589,2,1,1996,0,0,0,0,0,0,0,0,0,0
120590,1,1,1996,0,0,0,0,0,0,0,0,0,0
120590,2,1,1996,0,0,0,0,0,0,0,0,0,0
120591,0,1,1996,0,0,0,0,0,0,0,0,0,28
120591,1,1,1996,12,12,12,12,12,12,12,12,12,12
120592,1,1,1996,0,0,0,0,0,0,0,0,0,0
120592,2,1,1996,0,0,0,0,0,0,0,0,0,0
120593,1,1,1996,0,13,11,0,32,0,0,30,0,0
120594,1,1,1996,0,0,0,0,0,0,0,0,0,0
120594,2,1,1996,5,5,5,5,5,5,5,5,5,5
120595,1,1,1996,0,0,0,0,0,0,0,0,0,0
120595,2,1,1996,0,0,0,0,0,0,0,0,0,0
120596,0,1,1996,0,0,0,0,0,0,0,0,0,0
120596,1,1,1996,0,0,0,0,0,0,0,0,0,0
120597,1,1,1996,0,0,0,0,0,0,0,0,0,0
120597,2,1,1996,0,0,0,0,0,0,0,0,0,0
120598,1,1,1996,0,0,0,0,0,0,0,0,0,0
120598,2,1,1996,0,0,0,0,0,0,13,0,0,0
120599,1,1,1996,0,0,0,0,0,0,0,0,0,0
120600,1,1,1996,0,0,0,0,0,0,0,0,0,0
120600,2,1,1996,0,0,0,0,0,0,0,0,0,0
120601,1,1,1996,0,0,0,0,0,0,0,0,0,0
120602,1,1,1996,0,0,0,0,0,0,0,0,0,0
120602,2,1,1996,0,0,0,0,0,0,0,0,0,0
120602,3,1,1996,0,0,9,0,0,0,0,0,0,0
120603,1,1,1996,15,15,15,15,15,15,15,15,15,15
120604,0,1,1996,19,19,19,19,19,19,19,19,19,19
120604,1,1,1996,0,0,0,0,0,0,0,0,0,29
120605,1,1,1996,0,0,0,0,0,0,0,0,0,0
120605,2,1,1996,0,0,0,0,16,0,23,6,0,0
120605,3,1,1996,0,0,0,0,0,0,0,0,0,0
120605,4,1,1996,0,0,0,0,0,0,0,0,0,0
120606,1,1,1996,0,0,0,0,0,0,0,0,0,0
120606,2,1,1996,0,0,0,21,0,0,0,0,0,0
120607,1,1,1996,0,0,13,0,0,13,0,0,0,0
120607,2,1,1996,0,0,0,0,0,0,0,0,0,0
120608,0,1,1996,0,0,0,0,0,0,0,0,0,0
120608,1,1,1996,0,0,0,0,0,0,0,0,0,0
120609,0,1,1996,0,0,0,0,0,0,0,0,0,0
120609,1,1,1996,0,0,0,0,0,0,0,0,0,0
120610,1,1,1996,0,0,0,0,0,0,0,0,0,0
120610,2,1,1996,0,0,0,0,0,0,0,0,0,0
120611,0,1,1996,0,0,31,0,0,0,0,0,0,0
120611,1,1,1996,26,26,26,26,26,26,26,26,26,26
120612,1,1,1996,4,4,4,4,4,4,4,4,4,4
120613,1,1,1996,0,0,0,0,0,0,0,0,0,0
120613,2,1,1996,0,0,0,0,0,0,0,0,0,0
120614,1,1,1996,19,19,11,0,26,0,18,0,17,9
120614,2,1,1996,0,0,0,0,0,0,0,0,0,0
120615,1,1,1996,0,19,20,10,14,18,0,0,15,18
120615,2,1,1996,21,21,21,21,21,21,21,21,21,21
120616,1,1,1996,13,13,13,13,13,13,13,13,13,13
120617,1,1,1996,0,0,0,0,0,0,0,0,0,0
120617,2,1,1996,0,0,0,0,0,0,0,20,0,0
120618,1,1,1996,0,9,0,0,0,0,0,0,0,0
120618,2,1,1996,0,0,27,0,0,0,0,0,0,0
120618,3,1,1996,0,0,0,0,0,0,0,0,0,0
120619,0,1,1996,29,29,29,29,29,29,29,29,29,29
120619,1,1,1996,0,0,0,0,0,0,0,14,2,0
120620,1,1,1996,0,0,0,0,0,0,0,0,0,0
120620,2,1,1996,0,0,0,0,0,0,0,0,0,0
120621,0,1,1996,0,0,0,0,0,0,0,0,0,0
120621,1,1,1996,0,0,0,0,0,0,0,0,0,0
120622,1,1,1996,0,0,0,0,0,0,0,0,0,0
120622,2,1,1996,0,0,0,0,0,0,0,0,0,0
120623,1,1,1996,0,0,0,0,0,0,0,0,0,0
120623,2,1,1996,0,0,0,0,0,0,0,0,0,0
120623,3,1,1996,0,0,0,0,0,0,0,0,0,0
120624,1,1,1996,31,20,18,24,0,20,17,7,18,4
120625,0,1,1996,0,22,0,10,0,0,0,0,33,51
120625,1,1,1996,0,15,0,0,0,0,0,0,0,0
120626,1,1,1996,0,0,0,0,0,0,0,0,0,0
120626,2,1,1996,0,0,0,0,0,0,0,0,0,0
120627,1,1,1996,0,0,0,0,0,0,0,0,0,0
120627,2,1,1996,0,0,0,0,0,0,0,0,0,0
120628,1,1,1996,0,0,0,0,0,22,21,36,0,0
120629,1,1,1996,0,0,0,0,0,4,0,0,11,0
120630,0,1,1996,0,0,0,0,0,0,0,18,0,0
120630,1,1,1996,0,0,0,0,0,0,0,0,0,0
120631,0,1,1996,0,0,0,0,0,0,0,0,0,0
120631,1,1,1996,0,0,0,0,0,0,0,0,0,0
120632,0,1,1996,0,0,0,0,4,0,0,0,0,0
120632,0,2,1996,13,13,13,13,13,13,13,13,13,13
120632,1,1,1996,0,0,0,0,0,0,0,0,0,0
120633,1,1,1996,25,25,25,25,25,25,25,25,25,25
120634,1,1,1996,20,21,45,0,24,0,0,0,19,0
120634,2,1,1996,0,0,0,0,0,47,0,9,0,0
120635,1,1,1996,7,7,7,7,7,7,7,7,7,7
120636,1,1,1996,5,5,5,5,5,5,5,5,5,5
120636,2,1,1996,7,7,7,7,7,7,7,7,7,7
120637,0,1,1996,36,36,36,36,36,36,36,36,36,36
120637,1,1,1996,0,0,0,0,0,0,0,0,6,0
120638,1,1,1996,0,0,0,0,0,0,0,0,0,0
120638,2,1,1996,0,0,0,7,0,0,0,0,0,0
120638,3,1,1996,0,0,0,12,0,12,10,19,0,20
120639,1,1,1996,0,0,0,0,0,0,0,0,0,0
120639,2,1,1996,0,0,0,0,0,0,0,0,0,0
120640,0,1,1996,0,0,0,0,0,0,0,0,0,0
120640,1,1,1996,0,0,0,0,0,0,0,0,0,0
120641,1,1,1996,0,0,0,0,0,0,0,0,0,0
120641,2,1,1996,0,0,0,0,0,0,0,0,0,0
120642,1,1,1996,0,0,0,0,0,0,0,0,0,0
120642,2,1,1996,0,0,0,0,0,0,0,0,0,0
120643,0,1,1996,0,0,0,0,0,0,0,0,0,0
120643,0,2,1996,0,26,0,0,0,0,24,0,0,0
120643,1,1,1996,17,17,17,17,17,17,17,17,17,17
120644,1,1,1996,0,0,0,0,0,0,0,0,0,0
120645,1,1,1996,0,0,0,0,0,0,0,0,0,0
120645,2,1,1996,0,0,0,0,0,0,0,0,0,0
120646,0,1,1996,0,0,0,0,0,0,0,0,0,0
120646,1,1,1996,0,0,0,0,0,0,0,0,0,0
120647,1,1,1996,0,0,0,0,0,0,0,0,0,0
120647,2,1,1996,0,0,0,0,0,0,0,0,0,0
120648,1,1,1996,10,10,10,10,10,10,10,10,10,10
120649,1,1,1996,0,0,0,0,0,0,0,0,0,0
120650,0,1,1996,28,28,28,28,28,28,28,28,28,28
120650,1,1,1996,14,14,14,14,14,14,14,14,14,14
120651,1,1,1996,7,7,7,7,7,7,7,7,7,7
120651,2,1,1996,3,3,3,3,3,3,3,3,3,3
120652,0,1,1996,5,0,0,0,0,0,19,20,0,0
120652,0,2,1996,13,15,27,18,25,0,21,22,9,18
120652,1,1,1996,0,0,0,0,0,0,0,0,0,0
120652,2,1,1996,0,0,0,6,0,0,0,0,0,0
120653,1,1,1996,4,4,4,4,4,4,4,4,4,4
120653,2,1,1996,0,0,0,0,0,0,0,0,0,0
120654,1,1,1996,0,0,0,0,0,0,0,0,0,0
120655,1,1,1996,23,23,23,23,23,23,23,23,23,23
120656,0,1,1996,5,34,0,25,0,30,0,26,19,0
120656,1,1,1996,0,0,0,0,0,0,7,0,0,0
120657,1,1,1996,0,0,0,0,0,0,0,0,0,0
120657,2,1,1996,0,0,0,0,0,0,0,0,0,0
120658,0,1,1996,23,23,23,23,23,23,23,23,23,23