ST_CASE,VEH_NO,PER_NO,YEAR,P1,P2,P3,P4,P5,P6,P7,P8,P9,P10
120658,1,1,1996,0,0,0,0,0,0,0,0,0,0
120659,0,1,1996,27,27,27,27,27,27,27,27,27,27
120659,1,1,1996,6,0,0,0,32,0,0,0,0,7
120660,1,1,1996,0,0,0,0,0,0,0,0,0,0
120660,2,1,1996,0,0,0,0,0,0,0,0,0,0
120660,3,1,1996,0,0,0,0,0,0,0,0,0,0
120661,1,1,1996,2,2,2,2,2,2,2,2,2,2
120661,2,1,1996,0,0,0,0,0,0,0,0,0,0
120662,1,1,1996,21,21,21,21,21,21,21,21,21,21
120663,1,1,1996,16,16,16,16,16,16,16,16,16,16
120664,0,1,1996,0,0,0,0,0,0,0,0,0,0
120664,1,1,1996,0,0,0,0,0,0,0,0,0,0
120665,1,1,1996,29,29,29,29,29,29,29,29,29,29
120666,1,1,1996,0,0,0,0,0,0,0,0,0,0
120666,2,1,1996,0,0,0,0,0,0,0,0,0,0
120666,3,1,1996,0,0,0,0,0,0,0,0,0,0
120666,4,1,1996,0,0,0,0,0,0,0,0,0,0
120667,0,1,1996,0,0,0,0,0,0,0,0,0,0
120667,1,1,1996,0,0,0,0,0,0,0,0,0,0
120668,0,1,1996,25,25,25,25,25,25,25,25,25,25
120668,1,1,1996,0,0,0,0,0,0,0,0,0,0
120669,1,1,1996,0,0,0,0,0,0,0,0,0,0
120670,0,1,1996,0,32,0,16,0,0,33,17,0,0
120670,1,1,1996,0,0,0,0,0,0,0,0,0,0
120671,1,1,1996,12,12,12,12,12,12,12,12,12,12
120671,2,1,1996,0,0,0,0,0,0,0,0,0,0
120672,1,1,1996,22,22,22,22,22,22,22,22,22,22
120673,0,1,1996,0,0,0,0,0,0,0,0,0,0
120673,1,1,1996,0,0,0,0,0,0,0,0,0,0
120674,1,1,1996,19,19,19,19,19,19,19,19,19,19
120674,2,1,1996,0,0,0,0,0,0,0,0,0,0
120675,1,1,1996,0,0,0,0,0,6,0,0,0,0
120675,2,1,1996,0,0,0,0,0,0,0,0,0,0
120676,1,1,1996,26,26,26,26,26,26,26,26,26,26
120676,2,1,1996,13,13,13,13,13,13,13,13,13,13
120677,1,1,1996,0,0,0,0,0,0,0,0,0,0
120677,2,1,1996,0,0,0,0,0,0,0,0,0,0
120678,1,1,1996,0,0,0,0,0,0,0,0,0,0
120678,2,1,1996,0,0,0,0,0,0,0,0,0,0
120679,1,1,1996,0,0,0,0,0,0,0,0,0,0
120679,2,1,1996,0,0,0,0,0,0,0,0,0,0
120680,1,1,1996,0,0,0,0,0,0,0,0,0,0
120681,1,1,1996,15,15,15,15,15,15,15,15,15,15
120681,2,1,1996,16,0,0,0,0,0,0,0,0,19
120682,0,1,1996,0,28,0,0,0,31,0,0,0,0
120682,1,1,1996,0,0,0,13,0,0,0,0,0,0
120683,1,1,1996,0,0,0,7,0,0,0,0,0,0
120683,2,1,1996,0,0,0,0,0,0,0,0,0,6
120684,1,1,1996,0,0,0,0,0,0,0,0,0,0
120684,2,1,1996,0,0,0,0,0,0,0,0,0,0
120684,3,1,1996,0,0,0,0,0,0,9,0,0,0
120685,1,1,1996,24,24,24,24,24,24,24,24,24,24
120685,2,1,1996,38,0,0,0,15,18,0,0,0,0
120685,3,1,1996,0,0,0,0,0,0,0,0,0,0
120686,1,1,1996,18,18,18,18,18,18,18,18,18,18
120686,2,1,1996,20,0,30,38,19,0,14,25,28,0
120687,0,1,1996,0,0,0,0,0,0,0,0,0,0
120687,1,1,1996,0,0,0,0,0,0,0,0,0,0
120688,0,1,1996,0,0,0,0,0,0,13,0,0,0
120688,1,1,1996,0,0,0,0,0,0,0,0,0,0
120689,0,1,1996,0,0,26,0,0,23,0,0,21,0
120689,1,1,1996,0,0,0,0,0,0,0,0,0,0
120689,2,1,1996,0,0,0,0,0,0,0,0,0,0
120690,1,1,1996,9,25,12,12,25,32,24,28,26,10
120691,1,1,1996,0,0,0,0,0,0,0,0,0,0
120692,1,1,1996,0,0,0,0,0,0,0,0,0,0
120692,2,1,1996,0,0,0,0,0,0,0,0,0,0
120693,1,1,1996,0,0,0,0,0,0,0,0,0,0
120693,2,1,1996,2,2,2,2,2,2,2,2,2,2
120694,1,1,1996,0,0,0,0,0,0,0,0,0,0
120694,2,1,1996,0,0,0,0,0,0,0,0,0,0
120695,1,1,1996,0,0,0,0,0,0,0,0,0,0
120695,2,1,1996,0,0,0,0,0,0,0,0,0,0
120696,1,1,1996,6,6,6,6,6,6,6,6,6,6
120697,0,1,1996,0,0,0,0,0,0,0,0,0,0
120697,1,1,1996,0,0,0,0,11,0,0,0,0,0
120698,0,1,1996,0,0,0,0,0,0,0,0,0,0
120698,1,1,1996,0,0,0,4,0,0,0,0,0,0
120699,1,1,1996,0,0,0,0,0,0,0,0,0,0
120699,2,1,1996,0,0,0,0,0,0,0,0,0,0
120700,1,1,1996,5,5,5,5,5,5,5,5,5,5
120701,0,1,1996,0,0,0,0,0,0,0,0,0,0
120701,1,1,1996,0,0,0,0,0,0,0,0,0,0
120702,0,1,1996,0,0,0,0,0,0,0,0,0,0
120702,1,1,1996,0,0,0,0,0,0,0,0,0,0
120703,1,1,1996,29,29,29,29,29,29,29,29,29,29
120703,2,1,1996,0,0,0,0,0,0,0,0,0,0
120703,3,1,1996,0,0,0,0,0,0,0,0,0,0
120704,1,1,1996,0,0,0,0,0,0,8,0,0,7
120705,0,1,1996,0,0,0,0,0,0,0,0,0,0
120705,1,1,1996,0,0,0,4,0,0,0,0,0,16
120706,1,1,1996,21,21,21,21,21,21,21,21,21,21
120706,2,1,1996,0,0,0,0,0,0,0,0,0,0
120706,3,1,1996,0,0,0,0,0,0,0,0,0,0
120707,1,1,1996,0,0,0,0,0,0,0,0,0,0
120707,2,1,1996,0,0,0,0,0,0,0,0,19,0
120708,0,1,1996,24,24,24,24,24,24,24,24,24,24
120708,1,1,1996,0,0,0,0,0,0,0,0,0,0
120709,1,1,1996,15,15,15,15,15,15,15,15,15,15
120709,2,1,1996,0,0,0,0,0,0,0,0,0,0
120710,0,1,1996,22,0,9,0,0,21,17,0,20,0
120710,1,1,1996,0,0,0,0,0,0,9,0,0,0
120711,1,1,1996,0,0,0,0,0,0,0,0,0,0
120712,1,1,1996,4,4,4,4,4,4,4,4,4,4
120713,1,1,1996,0,14,0,0,0,0,0,0,0,0
120713,2,1,1996,0,0,0,0,0,0,0,0,0,0
120713,3,1,1996,0,0,0,0,0,0,0,0,0,0
120714,0,1,1996,26,26,26,26,26,26,26,26,26,26
120714,1,1,1996,0,0,0,0,0,0,0,0,0,0
120715,1,1,1996,0,0,0,0,0,15,0,0,0,0
120715,2,1,1996,0,0,0,0,0,0,0,0,0,0
120716,1,1,1996,0,0,0,0,0,0,0,0,0,0
120716,2,1,1996,25,25,25,25,25,25,25,25,25,25
120717,0,1,1996,30,30,30,30,30,30,30,30,30,30
120717,1,1,1996,0,0,0,0,25,0,0,0,0,0
120718,1,1,1996,0,0,0,0,0,0,0,0,0,0
120718,2,1,1996,0,0,0,0,0,0,0,0,0,0
120720,0,1,1996,21,21,21,21,21,21,21,21,21,21
120720,1,1,1996,9,0,0,0,0,0,0,16,0,0
120721,1,1,1996,0,0,0,0,0,0,0,0,0,0
120721,2,1,1996,0,0,0,0,0,0,0,0,0,0
120721,3,1,1996,0,10,0,0,0,0,13,0,3,0
120721,4,1,1996,0,0,0,0,0,0,9,0,0,0
120721,5,1,1996,0,0,0,0,0,0,0,0,0,0
120721,6,1,1996,0,12,0,0,6,0,9,0,16,0
120722,1,1,1996,14,14,14,14,14,14,14,14,14,14
120723,0,1,1996,0,0,0,0,0,0,0,0,0,0
120723,1,1,1996,0,0,0,0,0,0,0,0,0,0
120724,1,1,1996,0,0,0,0,0,0,0,0,0,0
120724,2,1,1996,0,0,0,0,0,0,0,0,0,0
120725,1,1,1996,6,6,6,6,6,6,6,6,6,6
120726,1,1,1996,0,0,0,0,0,0,0,0,0,0
120726,2,1,1996,0,0,0,0,0,0,0,0,0,0
120726,3,1,1996,0,0,0,0,0,0,0,0,0,0
120726,4,1,1996,0,0,0,0,0,0,0,0,0,0
120726,5,1,1996,0,0,0,0,0,0,0,0,0,0
120727,1,1,1996,15,15,15,15,15,15,15,15,15,15
120728,1,1,1996,0,0,0,0,0,0,0,0,0,0
120729,1,1,1996,15,15,15,15,15,15,15,15,15,15
120729,2,1,1996,2,2,2,2,2,2,2,2,2,2
120730,1,1,1996,0,0,0,0,21,0,12,0,0,0
120730,2,1,1996,0,0,0,0,0,0,0,0,0,0
120731,1,1,1996,0,0,0,0,0,0,0,0,0,0
120731,2,1,1996,0,5,0,0,0,0,0,0,0,0
120732,1,1,1996,0,0,0,0,0,0,0,0,0,0
120733,0,1,1996,0,0,0,0,0,0,0,0,0,0
120733,1,1,1996,0,0,0,0,0,0,0,0,0,0
120734,1,1,1996,0,0,0,0,0,0,0,0,0,0
120734,2,1,1996,0,0,0,0,0,0,0,0,0,0
120735,1,1,1996,0,0,0,0,0,0,0,0,0,0
120736,0,1,1996,0,11,0,0,0,0,0,0,0,0
120736,1,1,1996,0,0,0,0,0,0,0,0,0,0
120737,0,1,1996,0,0,21,0,25,0,0,23,12,0
120737,1,1,1996,0,0,0,0,0,0,0,0,0,0
120738,1,1,1996,27,27,27,27,27,27,27,27,27,27
120739,0,1,1996,40,40,40,40,40,40,40,40,40,40
120739,1,1,1996,0,0,0,0,0,0,0,0,0,0
120740,1,1,1996,0,0,0,0,0,0,0,0,0,0
120741,1,1,1996,0,0,0,0,0,0,0,0,0,0
120741,2,1,1996,0,0,0,0,0,0,0,0,0,0
120741,3,1,1996,0,0,0,0,0,0,0,0,0,0
120742,1,1,1996,15,0,0,0,0,21,11,14,5,0
120743,1,1,1996,0,0,0,0,0,0,0,0,0,0
120743,2,1,1996,0,0,0,0,0,0,0,0,0,0
120744,1,1,1996,15,15,15,15,15,15,15,15,15,15
120745,1,1,1996,16,0,26,12,22,0,39,0,0,0
120746,1,1,1996,0,0,0,0,0,0,0,0,0,0
120746,2,1,1996,0,0,0,0,0,0,0,0,0,0
120747,0,1,1996,16,16,16,16,16,16,16,16,16,16
120747,1,1,1996,0,0,13,0,0,0,0,0,0,0
120748,1,1,1996,0,0,0,0,0,0,0,0,0,0
120748,2,1,1996,0,0,0,0,0,0,0,0,0,0
120748,3,1,1996,0,0,0,0,0,0,0,0,0,0
120749,1,1,1996,0,0,0,0,0,0,0,0,0,1
120750,1,1,1996,0,0,0,0,0,0,0,0,0,0
120750,2,1,1996,0,0,0,0,0,0,0,0,0,0
120751,0,1,1996,0,0,0,0,0,0,0,0,0,0
120751,1,1,1996,0,0,0,0,0,0,0,0,0,0
120752,1,1,1996,0,0,0,0,0,0,0,0,0,0
120752,2,1,1996,0,0,0,0,0,0,0,0,0,0
120752,3,1,1996,0,0,0,0,0,0,0,0,0,0
120753,1,1,1996,21,21,21,21,21,21,21,21,21,21
120753,2,1,1996,0,0,0,0,0,0,0,0,0,0
120754,1,1,1996,0,19,4,5,0,0,0,0,0,0
120754,2,1,1996,0,0,0,0,0,0,0,0,0,0
120755,1,1,1996,0,0,0,0,0,0,0,0,0,0
120755,2,1,1996,0,0,4,0,0,0,0,0,0,0
120756,1,1,1996,0,0,0,0,9,0,0,0,0,0
120756,2,1,1996,0,0,0,0,0,0,0,0,0,0
120757,1,1,1996,0,0,0,0,0,0,0,0,0,0
120757,2,1,1996,0,0,0,0,0,0,0,0,0,0
120758,1,1,1996,0,0,0,0,0,0,0,0,0,0
120758,2,1,1996,0,0,0,0,0,0,0,0,0,0
120759,1,1,1996,0,0,0,0,0,0,0,12,0,0
120759,2,1,1996,0,10,0,7,0,11,0,0,0,9
120759,3,1,1996,0,0,0,13,0,0,0,0,0,0
120760,1,1,1996,0,32,22,16,37,37,39,17,20,0
120761,1,1,1996,0,0,0,0,0,0,0,0,0,0
120761,2,1,1996,0,0,0,0,0,0,0,0,0,0
120762,1,1,1996,16,0,10,0,0,0,0,0,0,0
120762,2,1,1996,24,24,24,24,24,24,24,24,24,24
120763,1,1,1996,0,0,11,0,0,0,0,0,0,0
120763,2,1,1996,0,0,0,0,0,0,0,0,0,0
120764,0,1,1996,0,0,0,0,0,0,0,14,0,0
120764,0,2,1996,0,0,0,0,5,24,0,0,0,20
120764,1,1,1996,0,0,0,0,0,0,0,0,0,0
120765,1,1,1996,21,21,21,21,21,21,21,21,21,21
120765,2,1,1996,0,0,0,0,0,0,0,0,4,0
120766,1,1,1996,0,0,0,0,0,0,0,0,0,0
120766,2,1,1996,0,0,0,0,0,0,0,0,0,0
120767,0,1,1996,0,0,6,0,0,6,0,0,0,0
120767,1,1,1996,0,0,0,0,0,0,0,0,0,0
120768,1,1,1996,0,0,0,0,0,0,0,0,0,0
120768,2,1,1996,0,0,0,0,0,0,0,0,0,0
120769,1,1,1996,0,0,0,0,0,0,0,0,0,0
120769,2,1,1996,0,0,0,0,21,21,0,0,25,0
120770,1,1,1996,0,0,0,0,0,0,0,0,0,0
120770,2,1,1996,0,0,0,0,0,0,0,0,0,0
120771,1,1,1996,0,0,0,0,0,0,0,0,0,0
120772,1,1,1996,14,14,14,14,14,14,14,14,14,14
120772,2,1,1996,18,18,18,18,18,18,18,18,18,18
120773,1,1,1996,25,25,25,25,25,25,25,25,25,25
120774,1,1,1996,18,18,18,18,18,18,18,18,18,18
120775,1,1,1996,22,22,22,22,22,22,22,22,22,22
120776,1,1,1996,0,0,0,0,0,0,0,0,0,0
120776,2,1,1996,0,0,0,0,0,0,0,0,0,0
120778,1,1,1996,0,0,0,0,0,0,0,0,0,0
120778,2,1,1996,0,0,0,0,0,0,0,0,0,0
120779,0,1,1996,0,0,0,0,0,0,0,0,0,0
120779,1,1,1996,0,0,0,0,0,0,0,0,0,0
120780,1,1,1996,26,26,26,26,26,26,26,26,26,26
120780,2,1,1996,0,0,15,28,8,19,12,8,20,9
120780,3,1,1996,0,0,7,0,0,0,0,0,0,8
120781,0,1,1996,0,0,0,0,0,0,0,0,0,0
120781,1,1,1996,0,0,0,0,0,0,0,0,0,0
120782,0,1,1996,0,0,0,0,0,0,21,0,0,0
120782,1,1,1996,0,0,0,0,0,0,0,0,0,0
120783,0,1,1996,0,0,0,0,0,0,0,0,0,0
120783,1,1,1996,0,0,12,0,0,0,0,0,0,0
120784,1,1,1996,19,0,22,0,0,0,8,21,0,0
120784,2,1,1996,0,0,0,0,0,12,0,0,0,0
120785,0,1,1996,21,21,21,21,21,21,21,21,21,21
120785,1,1,1996,17,0,0,0,0,0,0,0,0,0
120786,1,1,1996,0,0,0,0,0,0,0,0,0,0
120786,2,1,1996,0,0,0,0,0,0,0,0,0,0
120787,1,1,1996,32,32,32,32,32,32,32,32,32,32
120788,1,1,1996,6,6,6,6,6,6,6,6,6,6
120788,2,1,1996,0,0,0,0,0,0,0,0,0,0
120789,1,1,1996,17,17,17,17,17,17,17,17,17,17
120789,2,1,1996,0,0,0,0,0,0,0,0,0,0
120790,1,1,1996,0,0,9,25,0,28,0,0,16,26
120791,1,1,1996,24,24,24,24,24,24,24,24,24,24
120792,1,1,1996,0,0,0,0,0,0,0,0,0,0
120792,2,1,1996,0,0,0,0,0,0,0,0,0,0
120793,0,1,1996,0,0,0,0,0,0,0,0,0,0
120793,1,1,1996,0,0,0,0,0,0,0,0,0,0
120794,1,1,1996,0,0,0,0,0,0,0,0,0,26
120795,1,1,1996,0,0,0,0,0,0,0,0,0,0
120796,1,1,1996,0,0,0,0,0,0,0,0,0,0
120797,0,1,1996,0,0,0,0,0,0,0,0,0,0
120797,1,1,1996,0,0,0,0,0,0,0,0,0,0
120798,1,1,1996,6,6,6,6,6,6,6,6,6,6
120799,1,1,1996,0,0,0,0,0,0,0,0,0,0
120800,1,1,1996,0,0,0,0,18,0,0,0,0,15
120800,2,1,1996,0,0,0,0,0,0,0,0,0,0
120801,1,1,1996,0,0,0,0,0,0,0,0,0,0
120801,2,1,1996,0,0,0,0,0,0,0,0,0,0
120802,0,1,1996,0,0,0,33,21,0,12,0,0,0
120802,1,1,1996,0,0,0,0,0,0,0,0,0,0
120803,0,1,1996,7,7,7,7,7,7,7,7,7,7
120803,1,1,1996,0,0,24,0,0,0,0,0,0,0
120804,1,1,1996,13,13,13,13,13,13,13,13,13,13
120805,0,1,1996,0,0,0,0,0,0,0,0,0,0
120805,1,1,1996,27,27,27,27,27,27,27,27,27,27
120806,0,1,1996,30,30,30,30,30,30,30,30,30,30
120806,1,1,1996,0,0,0,0,0,0,0,0,0,0
120807,1,1,1996,12,12,12,12,12,12,12,12,12,12
120808,1,1,1996,0,0,0,0,0,0,0,0,0,0
120809,1,1,1996,21,21,21,21,21,21,21,21,21,21
120810,1,1,1996,0,0,33,0,0,0,0,0,0,0
120810,2,1,1996,0,13,0,0,0,0,0,0,0,0
120811,1,1,1996,0,0,0,0,0,0,0,0,0,0
120811,2,1,1996,0,0,0,0,0,0,0,0,0,0
120812,0,1,1996,0,0,0,17,0,0,0,0,8,0
120812,1,1,1996,0,0,0,0,0,0,0,0,0,0
120813,1,1,1996,0,0,0,0,0,0,0,0,0,0
120813,2,1,1996,0,0,0,0,0,0,0,0,0,0
120814,0,1,1996,0,0,0,0,0,0,0,0,0,0
120814,1,1,1996,0,0,0,6,0,0,0,0,0,6
120815,1,1,1996,15,0,0,0,0,0,0,0,0,0
120815,2,1,1996,0,0,0,0,0,0,0,0,0,0
120816,1,1,1996,28,21,0,0,0,16,0,0,0,0
120817,0,1,1996,0,0,0,0,0,0,0,0,0,0
120817,1,1,1996,0,0,0,0,0,0,0,0,0,0
120818,1,1,1996,0,0,0,0,0,0,0,0,0,0
120818,2,1,1996,31,0,0,0,0,0,0,0,0,0
120819,0,1,1996,0,0,0,0,0,0,0,0,0,0
120819,1,1,1996,0,0,0,0,0,0,0,0,0,0
120820,0,1,1996,0,21,0,0,0,0,0,0,0,0
120820,1,1,1996,0,0,0,0,0,0,0,0,0,0
120821,1,1,1996,12,12,12,12,12,12,12,12,12,12
120822,1,1,1996,0,0,0,0,0,0,0,0,0,0
120822,2,1,1996,0,0,0,22,0,0,0,0,0,0
120823,1,1,1996,19,19,19,19,19,19,19,19,19,19
120823,2,1,1996,12,0,0,0,0,0,0,0,0,0
120824,1,1,1996,22,22,22,22,22,22,22,22,22,22
120825,0,1,1996,0,0,0,0,0,0,0,0,0,0
120825,1,1,1996,0,0,0,0,0,0,0,0,0,0
120826,1,1,1996,18,18,18,18,18,18,18,18,18,18
120827,1,1,1996,0,0,0,0,0,0,0,0,0,0
120827,2,1,1996,0,0,0,0,0,0,0,0,0,0
120828,1,1,1996,0,0,0,0,0,0,0,0,0,0
120828,2,1,1996,0,0,0,0,0,0,0,0,0,0
120829,1,1,1996,0,0,0,0,0,0,0,0,0,0
120830,0,1,1996,20,20,20,20,20,20,20,20,20,20
120830,1,1,1996,12,15,0,0,0,0,22,0,13,0
120831,1,1,1996,21,21,21,21,21,21,21,21,21,21
120832,1,1,1996,0,0,0,0,0,0,0,0,0,0
120833,1,1,1996,25,25,25,25,25,25,25,25,25,25
120834,1,1,1996,0,0,0,0,0,0,0,0,0,0
120834,2,1,1996,0,0,0,0,0,0,0,0,0,0
120835,1,1,1996,11,11,11,11,11,11,11,11,11,11
120836,1,1,1996,0,0,0,0,0,0,0,0,0,0
120836,2,1,1996,0,0,0,0,0,0,0,0,0,0
120837,1,1,1996,0,0,0,0,0,0,0,0,0,0
120837,2,1,1996,0,0,0,0,0,0,0,0,0,0
120838,1,1,1996,18,18,18,18,18,18,18,18,18,18
120838,2,1,1996,0,0,0,0,0,0,0,0,0,0
120839,1,1,1996,24,24,24,24,24,24,24,24,24,24
120839,2,1,1996,0,0,0,0,0,0,0,0,0,0
120840,0,1,1996,25,25,25,25,25,25,25,25,25,25
120840,1,1,1996,0,0,0,0,0,0,0,0,0,0
120841,0,1,1996,0,31,0,6,0,0,15,32,0,0
120841,1,1,1996,0,0,0,0,7,0,15,0,0,11
120842,0,1,1996,20,20,20,20,20,20,20,20,20,20
120842,1,1,1996,14,0,0,0,0,0,0,0,0,0
120843,1,1,1996,0,0,0,0,0,0,0,0,0,0
120843,2,1,1996,0,0,0,0,0,0,0,0,0,0
120843,3,1,1996,0,0,0,0,0,0,0,0,0,0
120844,1,1,1996,0,0,0,0,0,0,0,0,0,0
120844,2,1,1996,0,0,0,0,0,0,0,0,0,0
120845,1,1,1996,0,0,0,0,0,0,0,0,0,0
120845,2,1,1996,0,0,0,0,0,0,0,0,0,0
120846,1,1,1996,0,0,14,0,0,0,0,0,0,0
120846,2,1,1996,0,0,0,0,0,0,0,0,0,0
120846,3,1,1996,0,0,0,0,0,0,0,0,0,0
120847,1,1,1996,29,29,29,29,29,29,29,29,29,29
120847,2,1,1996,21,21,21,21,21,21,21,21,21,21
120848,0,1,1996,18,18,18,18,18,18,18,18,18,18
120848,1,1,1996,0,0,0,0,0,0,0,0,0,0
120849,0,1,1996,0,0,0,0,0,0,0,0,0,0
120849,1,1,1996,0,0,0,0,0,0,0,0,0,0
120850,1,1,1996,0,0,0,0,0,0,0,0,0,0
120850,2,1,1996,0,0,0,0,0,0,0,0,0,0
120851,1,1,1996,0,0,0,0,0,0,0,0,0,0
120851,2,1,1996,0,0,0,0,0,0,0,0,0,0
120851,3,1,1996,0,0,0,0,0,0,0,0,0,0
120851,4,1,1996,0,0,0,0,0,0,0,0,0,0
120851,5,1,1996,0,0,0,13,0,0,0,0,17,0
120851,6,1,1996,0,0,0,0,0,0,0,21,0,0
120851,7,1,1996,0,0,0,0,0,0,0,0,0,0
120851,8,1,1996,0,0,0,0,0,0,0,0,0,0
120851,9,1,1996,0,0,0,0,0,0,0,0,0,0
120851,10,1,1996,0,0,0,0,0,0,0,0,0,0
120851,11,1,1996,0,0,0,0,0,0,0,0,0,0
120851,12,1,1996,0,0,19,0,0,0,0,0,0,0
120851,13,1,1996,0,0,0,0,0,0,0,0,0,0
120852,0,1,1996,0,0,0,0,0,0,0,0,0,0
120852,1,1,1996,0,0,0,0,0,0,0,0,0,0
120853,1,1,1996,22,22,22,22,22,22,22,22,22,22
120853,2,1,1996,0,0,0,0,0,0,0,0,0,0
120853,3,1,1996,0,0,0,0,0,0,0,0,0,0
120854,1,1,1996,19,23,0,0,0,0,26,19,13,11
120855,1,1,1996,0,0,0,0,0,0,0,0,0,0
120855,2,1,1996,0,0,0,0,0,0,0,0,0,0
120855,3,1,1996,0,0,0,0,0,0,0,0,0,0
120856,0,1,1996,0,0,0,0,0,0,0,0,0,0
120856,1,1,1996,0,0,0,0,0,0,0,0,0,0
120857,1,1,1996,22,22,22,22,22,22,22,22,22,22
120858,1,1,1996,0,0,0,0,17,10,0,0,0,7
120858,2,1,1996,0,0,0,0,0,0,0,0,0,0
120859,0,1,1996,0,0,0,0,14,0,0,0,23,0
120859,1,1,1996,0,0,0,0,0,0,0,0,0,0
120860,1,1,1996,0,0,0,0,0,21,0,0,28,7
120860,2,1,1996,0,19,0,19,0,11,8,0,0,0
120861,0,1,1996,0,0,0,0,0,0,0,0,0,0
120861,1,1,1996,0,0,0,0,0,0,0,0,0,0
120862,1,1,1996,0,0,0,0,0,0,0,0,0,0
120862,2,1,1996,0,0,0,0,0,0,0,0,0,0
120863,1,1,1996,0,0,0,0,0,0,0,0,0,0
120863,2,1,1996,13,0,0,0,0,0,13,23,0,0
120864,1,1,1996,15,15,15,15,15,15,15,15,15,15
120865,1,1,1996,0,0,0,0,0,0,0,0,0,0
120865,2,1,1996,0,0,0,0,0,0,0,0,0,0
120866,1,1,1996,0,0,0,0,0,0,0,0,0,0
120866,2,1,1996,0,0,0,0,0,0,0,0,0,0
120867,0,1,1996,0,0,0,0,0,0,0,0,0,0
120867,1,1,1996,0,0,0,0,0,0,0,0,0,0
120868,1,1,1996,23,23,23,23,23,23,23,23,23,23
120869,1,1,1996,0,0,0,0,0,0,0,0,0,0
120869,2,1,1996,0,0,0,0,0,0,0,0,0,0
120870,1,1,1996,0,0,0,0,0,0,0,0,0,0
120870,2,1,1996,0,0,0,0,0,0,0,0,0,0
120871,1,1,1996,24,24,24,24,24,24,24,24,24,24
120873,1,1,1996,27,27,27,27,27,27,27,27,27,27
120874,1,1,1996,0,0,0,0,0,9,0,0,0,0
120874,2,1,1996,17,17,17,17,17,17,17,17,17,17
120875,0,1,1996,9,0,0,0,0,19,0,19,0,0
120875,1,1,1996,0,0,19,0,20,0,0,27,0,0
120876,1,1,1996,0,0,0,0,0,0,0,0,0,0
120876,2,1,1996,0,0,0,0,0,0,0,0,0,0
120877,1,1,1996,20,20,20,20,20,20,20,20,20,20
120877,2,1,1996,0,0,0,0,0,0,0,0,0,0
120877,3,1,1996,0,0,0,0,0,0,0,0,0,0
120878,0,1,1996,22,22,22,22,22,22,22,22,22,22
120878,1,1,1996,0,0,11,0,0,0,0,0,0,0
120879,1,1,1996,0,0,0,0,0,0,0,19,0,10
120880,1,1,1996,0,0,0,0,18,0,0,0,0,0
120880,2,1,1996,0,0,0,0,0,0,0,0,0,0
120881,1,1,1996,0,0,0,0,0,0,0,0,0,0
120882,1,1,1996,0,0,0,0,0,0,0,9,0,0
120882,2,1,1996,0,0,0,0,0,0,0,0,0,0
120883,1,1,1996,4,4,4,4,4,4,4,4,4,4
120883,2,1,1996,0,0,0,0,0,0,0,0,0,0
120883,3,1,1996,0,0,0,0,0,0,0,0,0,0
120884,0,1,1996,16,30,13,0,0,0,24,0,16,11
120884,1,1,1996,0,0,0,0,0,0,0,0,0,5
120885,1,1,1996,0,0,0,0,0,0,0,0,0,0
120885,2,1,1996,0,0,0,0,0,0,0,0,0,0
120886,1,1,1996,0,0,0,0,0,0,0,0,0,0
120886,2,1,1996,0,0,0,0,0,0,0,0,0,0
120887,1,1,1996,23,23,23,23,23,23,23,23,23,23
120887,2,1,1996,0,0,0,0,0,0,0,11,0,0
120887,3,1,1996,0,0,0,0,0,0,0,0,0,0
120888,1,1,1996,0,15,0,0,24,0,0,0,0,0
120889,1,1,1996,0,0,0,0,0,0,0,0,0,0
120889,2,1,1996,0,0,0,0,0,0,0,0,0,0
120890,1,1,1996,0,0,0,0,0,0,0,0,0,0
120890,2,1,1996,0,0,0,0,0,0,0,0,0,0
120891,1,1,1996,0,0,0,10,0,0,0,0,0,0
120891,2,1,1996,0,0,0,0,0,0,0,0,0,0
120892,1,1,1996,14,14,14,14,14,14,14,14,14,14
120893,1,1,1996,0,0,0,0,0,0,0,0,0,0
120893,2,1,1996,0,0,0,0,0,0,0,0,0,0
120893,3,1,1996,0,0,0,0,0,0,0,0,0,0
120893,4,1,1996,0,0,0,0,0,0,0,0,0,0
120893,5,1,1996,0,0,0,0,0,0,0,0,0,0
120894,0,1,1996,0,0,0,0,0,0,0,0,0,0
120894,1,1,1996,0,0,0,0,0,0,0,0,0,0
120895,1,1,1996,0,0,0,0,0,0,0,0,0,0
120895,2,1,1996,0,0,0,0,0,0,0,0,0,0
120896,1,1,1996,0,0,0,0,25,0,0,0,0,0
120897,1,1,1996,0,0,0,0,0,0,0,0,0,0
120898,1,1,1996,22,22,22,22,22,22,22,22,22,22
120899,0,1,1996,0,0,27,9,0,0,12,31,24,0
120899,0,2,1996,0,0,0,12,0,0,18,0,0,29
120899,1,1,1996,0,0,0,0,0,0,0,0,0,0
120900,1,1,1996,0,0,0,0,0,0,0,0,0,0
120900,2,1,1996,0,0,0,0,0,0,0,0,0,0
120901,1,1,1996,0,0,0,0,0,0,0,0,0,0
120901,2,1,1996,0,0,0,0,0,0,0,0,0,0