ST_CASE,VEH_NO,PER_NO,YEAR,P1,P2,P3,P4,P5,P6,P7,P8,P9,P10
120902,0,1,1996,0,0,0,0,0,0,0,0,0,0
120902,1,1,1996,0,0,0,0,0,0,0,0,0,0
120903,1,1,1996,0,0,0,10,0,0,4,0,30,0
120904,0,1,1996,11,11,11,11,11,11,11,11,11,11
120904,1,1,1996,8,8,8,8,8,8,8,8,8,8
120905,1,1,1996,0,0,0,0,0,0,0,0,0,0
120906,1,1,1996,28,28,28,28,28,28,28,28,28,28
120906,2,1,1996,0,0,0,0,0,0,0,0,0,0
120907,1,1,1996,0,0,0,0,0,0,0,0,0,0
120908,1,1,1996,0,0,0,0,0,0,0,0,0,0
120908,2,1,1996,0,0,0,0,0,0,0,0,0,0
120909,1,1,1996,0,0,0,0,0,0,0,0,0,0
120909,2,1,1996,0,0,0,0,0,0,0,0,0,0
120910,0,1,1996,0,0,0,0,0,0,0,0,0,0
120910,1,1,1996,0,0,0,0,0,0,0,0,0,0
120912,1,1,1996,28,28,28,28,28,28,28,28,28,28
120912,2,1,1996,0,0,0,0,0,0,0,0,0,0
120913,0,1,1996,2,2,2,2,2,2,2,2,2,2
120913,1,1,1996,0,0,0,0,0,0,0,0,0,0
120914,1,1,1996,0,0,0,0,0,0,0,0,0,0
120914,2,1,1996,0,0,0,0,0,0,0,0,0,0
120916,1,1,1996,0,0,0,0,0,0,0,0,0,0
120916,2,1,1996,0,0,0,0,0,0,0,0,0,0
120917,0,1,1996,0,0,0,0,0,0,0,0,0,0
120917,1,1,1996,0,0,0,0,0,0,0,0,0,0
120918,1,1,1996,0,0,0,0,0,0,0,0,0,0
120918,2,1,1996,0,0,0,0,0,0,10,0,0,0
120919,0,1,1996,0,0,0,0,0,0,0,0,0,0
120919,1,1,1996,0,0,0,0,0,0,0,0,0,0
120920,0,1,1996,28,28,28,28,28,28,28,28,28,28
120920,1,1,1996,18,18,18,18,18,18,18,18,18,18
120921,1,1,1996,3,3,3,3,3,3,3,3,3,3
120922,1,1,1996,0,0,0,0,0,0,0,0,0,0
120922,2,1,1996,0,0,0,0,0,0,0,0,0,0
120922,3,1,1996,0,0,0,0,0,0,0,0,0,0
120923,0,1,1996,16,16,16,16,16,16,16,16,16,16
120923,1,1,1996,18,0,0,16,0,12,0,0,0,14
120924,1,1,1996,0,0,0,0,0,0,0,0,0,13
120924,2,1,1996,0,0,0,0,0,0,0,0,0,0
120925,1,1,1996,31,31,31,31,31,31,31,31,31,31
120926,1,1,1996,0,0,0,0,0,0,0,0,0,0
120927,1,1,1996,5,5,5,5,5,5,5,5,5,5
120928,1,1,1996,0,0,0,0,0,0,0,0,0,0
120928,2,1,1996,0,0,0,0,0,0,0,0,0,0
120929,1,1,1996,14,14,14,14,14,14,14,14,14,14
120930,1,1,1996,0,0,0,0,0,0,0,0,0,0
120930,2,1,1996,6,6,6,6,6,6,6,6,6,6
120931,0,1,1996,0,0,0,0,0,0,0,0,0,0
120931,1,1,1996,0,0,0,0,0,0,0,0,0,0
120932,1,1,1996,0,0,0,0,0,2,0,0,0,0
120932,2,1,1996,0,0,0,0,0,0,0,0,0,0
120933,1,1,1996,0,0,0,0,0,0,0,0,0,0
120933,2,1,1996,0,0,0,0,0,0,0,0,0,0
120934,1,1,1996,0,0,0,0,0,0,0,0,0,0
120934,2,1,1996,0,0,0,0,0,0,0,0,0,0
120935,0,1,1996,0,0,0,0,0,0,0,0,0,23
120935,1,1,1996,0,14,0,0,0,0,0,0,0,0
120936,1,1,1996,0,0,0,0,0,0,0,0,0,0
120936,2,1,1996,0,0,0,0,0,0,0,0,0,0
120937,1,1,1996,4,4,4,4,4,4,4,4,4,4
120938,1,1,1996,0,0,0,0,0,0,0,0,0,0
120938,2,1,1996,0,0,0,0,0,0,0,0,0,0
120938,3,1,1996,0,0,0,0,0,0,0,0,0,0
120939,1,1,1996,0,0,0,0,0,0,0,0,0,0
120939,2,1,1996,0,0,0,0,22,0,27,0,0,0
120940,1,1,1996,0,0,0,0,0,0,0,0,0,0
120941,1,1,1996,0,0,0,0,0,0,0,0,0,0
120943,1,1,1996,0,0,0,0,0,0,0,0,0,6
120943,2,1,1996,0,0,0,0,0,0,0,0,0,0
120943,3,1,1996,0,0,0,0,0,0,0,0,0,0
120944,0,1,1996,30,30,30,30,30,30,30,30,30,30
120944,1,1,1996,15,0,12,0,0,0,0,0,0,0
120945,1,1,1996,0,0,0,0,0,0,0,0,0,0
120947,1,1,1996,9,5,0,25,15,0,17,35,0,0
120947,2,1,1996,19,19,19,19,19,19,19,19,19,19
120948,1,1,1996,15,15,15,15,15,15,15,15,15,15
120949,1,1,1996,0,0,0,0,0,0,0,0,0,0
120949,2,1,1996,0,0,0,0,0,0,0,0,0,0
120949,3,1,1996,0,0,0,0,0,0,0,0,0,0
120950,1,1,1996,0,0,0,0,0,0,0,0,0,0
120950,2,1,1996,0,0,0,0,0,0,0,0,0,0
120951,1,1,1996,0,0,9,0,9,0,0,0,0,0
120952,0,1,1996,0,0,0,0,0,0,0,0,0,0
120952,1,1,1996,0,0,0,0,0,0,0,0,0,0
120953,1,1,1996,0,0,0,0,0,0,0,0,0,0
120953,2,1,1996,0,0,0,0,0,0,0,0,0,0
120954,1,1,1996,0,0,0,0,0,0,19,0,8,0
120954,2,1,1996,0,0,0,0,0,0,0,0,0,0
120955,1,1,1996,0,0,0,0,0,0,0,0,0,0
120955,2,1,1996,0,0,0,0,0,0,0,0,0,0
120955,3,1,1996,9,0,0,0,0,0,0,0,0,0
120955,4,1,1996,0,0,0,0,0,0,0,0,0,0
120956,1,1,1996,0,0,0,0,0,0,0,0,0,0
120956,2,1,1996,8,8,8,8,8,8,8,8,8,8
120957,1,1,1996,0,0,0,0,0,0,0,0,0,0
120957,2,1,1996,0,0,0,0,0,0,0,0,0,0
120958,1,1,1996,24,24,24,24,24,24,24,24,24,24
120958,2,1,1996,0,0,0,0,0,0,0,0,0,0
120959,1,1,1996,0,0,0,0,0,0,0,0,0,0
120959,2,1,1996,0,0,0,0,0,0,0,0,0,0
120960,0,1,1996,0,0,0,0,0,0,0,0,0,0
120960,1,1,1996,0,0,0,0,0,0,0,0,0,0
120961,1,1,1996,0,0,0,0,0,0,0,0,0,0
120961,2,1,1996,0,0,0,0,0,0,0,0,0,0
120962,1,1,1996,0,0,0,0,0,0,0,0,0,0
120963,1,1,1996,0,0,0,0,0,0,0,0,0,0
120963,2,1,1996,0,0,0,0,0,0,0,0,0,0
120964,1,1,1996,0,0,0,0,0,0,11,0,0,0
120964,2,1,1996,0,20,0,0,0,0,0,0,0,30
120965,0,1,1996,26,26,26,26,26,26,26,26,26,26
120965,1,1,1996,0,0,0,0,0,0,0,0,0,0
120966,1,1,1996,15,15,15,15,15,15,15,15,15,15
120967,1,1,1996,0,0,0,0,0,0,0,0,0,0
120967,2,1,1996,0,0,0,0,0,0,0,0,0,0
120968,1,1,1996,0,0,0,0,0,0,0,0,0,0
120968,2,1,1996,0,0,0,0,0,0,0,0,0,0
120969,0,1,1996,0,0,0,0,0,0,0,0,0,0
120969,1,1,1996,20,20,20,20,20,20,20,20,20,20
120970,0,1,1996,29,23,17,0,39,0,9,15,32,0
120970,1,1,1996,13,13,13,13,13,13,13,13,13,13
120971,1,1,1996,0,0,0,0,0,0,0,0,0,0
120972,0,1,1996,0,0,0,0,0,0,0,0,0,0
120972,1,1,1996,0,0,0,0,0,0,0,0,0,0
120973,1,1,1996,0,0,0,0,0,0,0,0,0,0
120975,0,1,1996,10,10,10,10,10,10,10,10,10,10
120975,1,1,1996,0,0,0,0,0,0,0,0,0,0
120976,1,1,1996,3,3,3,3,3,3,3,3,3,3
120977,1,1,1996,13,13,13,13,13,13,13,13,13,13
120978,0,1,1996,23,8,0,24,0,0,16,18,0,42
120978,0,2,1996,0,0,0,0,0,0,0,0,0,0
120978,0,3,1996,32,32,32,32,32,32,32,32,32,32
120978,1,1,1996,16,16,16,16,16,16,16,16,16,16
120979,0,1,1996,0,0,0,0,0,0,0,0,0,0
120979,1,1,1996,0,0,0,0,0,0,0,0,0,0
120980,0,1,1996,0,0,0,0,0,0,9,0,0,0
120980,1,1,1996,0,0,0,0,0,0,0,0,0,6
120981,0,1,1996,0,0,15,18,20,38,25,12,0,0
120981,1,1,1996,10,10,10,10,10,10,10,10,10,10
120982,0,1,1996,0,0,7,0,0,0,17,0,0,0
120982,1,1,1996,0,0,0,0,0,0,0,0,0,0
120983,0,1,1996,0,0,0,0,0,0,0,0,0,0
120983,1,1,1996,0,0,0,0,0,0,0,0,0,0
120984,0,1,1996,0,19,0,12,0,4,0,0,0,16
120984,1,1,1996,0,0,0,0,0,0,0,0,0,0
120985,0,1,1996,0,0,0,0,0,0,0,26,12,21
120985,1,1,1996,0,0,0,0,0,0,0,0,0,0
120986,1,1,1996,0,0,0,21,0,0,0,0,0,0
120986,2,1,1996,0,0,0,0,0,0,0,0,0,0
120987,1,1,1996,27,27,27,27,27,27,27,27,27,27
120988,0,1,1996,0,18,0,17,0,0,16,13,12,0
120988,1,1,1996,0,0,0,0,0,0,0,0,0,0
120989,1,1,1996,0,0,0,13,0,0,0,0,0,0
120990,1,1,1996,0,0,0,0,0,0,0,0,0,0
120990,2,1,1996,0,0,0,0,0,0,0,0,0,0
120991,0,1,1996,15,19,36,11,18,37,0,32,20,32
120991,1,1,1996,0,0,0,0,0,0,0,0,0,0
120992,1,1,1996,26,26,26,26,26,26,26,26,26,26
120993,0,1,1996,28,28,28,28,28,28,28,28,28,28
120993,1,1,1996,15,15,15,15,15,15,15,15,15,15
120993,2,1,1996,0,0,0,0,0,0,0,0,0,0
120994,1,1,1996,0,0,0,0,0,0,0,0,0,0
120994,2,1,1996,0,0,0,0,0,0,0,0,0,0
120994,3,1,1996,0,0,0,0,0,0,0,0,0,0
120995,0,1,1996,0,0,0,0,0,0,0,0,0,0
120995,1,1,1996,0,0,0,0,0,0,0,0,0,0
120995,2,1,1996,0,0,0,0,0,0,0,0,0,0
120996,1,1,1996,19,19,19,19,19,19,19,19,19,19
120997,1,1,1996,0,0,0,0,0,0,0,0,0,0
120997,2,1,1996,0,0,0,0,0,0,0,0,0,0
120998,0,1,1996,0,0,0,0,0,0,0,0,0,0
120998,1,1,1996,0,0,0,0,0,11,0,5,8,11
120999,1,1,1996,0,0,0,0,0,0,0,0,0,0
120999,2,1,1996,17,17,17,17,17,17,17,17,17,17
121000,1,1,1996,17,17,17,17,17,17,17,17,17,17
121000,2,1,1996,0,0,0,0,0,0,0,12,0,0
121001,1,1,1996,26,26,26,26,26,26,26,26,26,26
121002,1,1,1996,0,0,0,0,0,0,0,0,0,0
121002,2,1,1996,0,0,0,0,0,0,0,0,0,0
121003,0,1,1996,0,0,26,0,0,0,0,25,0,20
121003,1,1,1996,0,0,0,0,0,0,0,0,0,0
121004,1,1,1996,0,0,0,0,0,0,0,0,0,0
121005,1,1,1996,5,0,10,0,0,0,0,0,0,0
121005,2,1,1996,0,0,0,0,0,0,0,0,0,0
121005,3,1,1996,0,0,0,0,0,0,0,14,0,0
121006,1,1,1996,0,0,0,0,0,0,0,0,0,0
121006,2,1,1996,0,0,0,0,0,0,0,0,0,0
121007,0,1,1996,22,22,22,22,22,22,22,22,22,22
121007,1,1,1996,24,13,22,0,29,0,0,0,15,4
121008,1,1,1996,7,7,7,7,7,7,7,7,7,7
121008,2,1,1996,0,0,0,0,0,0,0,0,0,0
121009,1,1,1996,17,17,17,17,17,17,17,17,17,17
121010,1,1,1996,22,22,22,22,22,22,22,22,22,22
121011,1,1,1996,0,0,0,0,0,0,0,0,0,0
121012,0,1,1996,0,0,0,0,0,0,0,0,0,0
121012,1,1,1996,0,0,0,0,0,0,0,0,0,0
121013,1,1,1996,0,0,0,0,0,0,0,0,0,0
121013,2,1,1996,0,0,0,0,0,0,0,0,0,0
121013,3,1,1996,0,0,0,0,0,0,0,0,0,0
121014,1,1,1996,0,0,0,0,0,0,0,0,0,0
121015,1,1,1996,0,0,0,0,0,0,0,0,0,0
121015,2,1,1996,0,0,0,0,0,0,0,0,0,0
121016,1,1,1996,0,0,0,0,0,0,0,0,0,0
121017,1,1,1996,0,0,0,0,0,0,0,0,0,0
121017,2,1,1996,0,0,0,0,0,0,0,0,0,0
121018,0,1,1996,20,0,0,0,0,6,0,0,0,10
121018,1,1,1996,0,0,0,0,0,0,0,0,0,0
121019,1,1,1996,0,0,0,0,0,0,0,0,0,0
121019,2,1,1996,0,0,0,0,0,0,0,0,0,0
121020,1,1,1996,0,0,0,0,0,0,0,0,0,0
121020,2,1,1996,0,0,0,0,0,0,0,0,0,0
121021,1,1,1996,0,0,0,0,0,0,0,0,0,0
121021,2,1,1996,0,0,0,0,0,0,0,0,0,0
121022,0,1,1996,0,0,0,0,0,0,0,0,0,0
121022,1,1,1996,0,0,0,0,0,0,0,0,0,0
121023,1,1,1996,0,0,0,0,0,0,0,0,0,0
121024,1,1,1996,0,0,0,0,0,0,0,0,0,0
121024,2,1,1996,0,0,0,0,0,0,0,10,0,0
121025,0,1,1996,0,0,0,0,0,0,0,0,0,0
121025,1,1,1996,0,0,0,0,0,0,0,10,0,0
121026,1,1,1996,0,0,0,0,0,0,0,0,0,0
121027,1,1,1996,0,0,0,0,0,0,0,0,0,0
121028,1,1,1996,16,16,16,16,16,16,16,16,16,16
121029,0,1,1996,0,0,0,0,0,0,0,0,0,0
121029,1,1,1996,0,0,0,0,0,0,0,0,0,0
121030,0,1,1996,33,33,33,33,33,33,33,33,33,33
121030,1,1,1996,0,0,5,0,0,0,0,0,0,0
121031,1,1,1996,28,28,28,28,28,28,28,28,28,28
121032,1,1,1996,0,0,0,0,0,0,0,0,0,0
121032,2,1,1996,5,0,0,0,0,0,0,0,0,0
121033,1,1,1996,23,0,19,0,0,36,0,0,0,0
121034,1,1,1996,0,0,0,0,0,0,0,0,0,0
121034,2,1,1996,0,0,0,0,0,0,0,0,0,0
121035,1,1,1996,23,23,23,23,23,23,23,23,23,23
121036,1,1,1996,0,0,0,0,0,0,0,0,0,0
121036,2,1,1996,0,0,0,0,0,0,0,0,9,0
121037,1,1,1996,0,0,0,0,0,0,0,0,0,0
121037,2,1,1996,0,0,0,0,0,0,0,0,0,0
121039,1,1,1996,0,0,0,0,0,0,0,0,0,0
121040,1,1,1996,0,0,0,0,0,0,0,0,0,0
121041,0,1,1996,48,48,48,48,48,48,48,48,48,48
121041,1,1,1996,0,0,29,26,0,0,0,0,0,0
121042,1,1,1996,10,10,10,10,10,10,10,10,10,10
121043,1,1,1996,0,0,0,0,0,0,0,0,0,0
121043,2,1,1996,0,0,0,0,0,0,6,0,0,0
121044,1,1,1996,0,0,0,0,0,0,0,0,0,0
121044,2,1,1996,2,2,2,2,2,2,2,2,2,2
121045,1,1,1996,0,0,0,0,0,0,0,0,0,0
121046,1,1,1996,0,0,0,0,0,0,0,0,0,0
121047,1,1,1996,0,0,0,0,0,0,0,0,0,13
121048,1,1,1996,0,0,0,0,0,0,0,0,0,0
121048,2,1,1996,0,0,0,0,0,0,0,0,0,0
121049,1,1,1996,0,20,0,8,0,0,0,0,0,0
121050,1,1,1996,0,0,14,0,0,22,0,0,16,0
121051,1,1,1996,0,0,0,0,0,0,0,0,0,0
121051,2,1,1996,0,0,0,0,0,0,0,0,0,0
121052,1,1,1996,18,18,18,18,18,18,18,18,18,18
121053,1,1,1996,0,0,0,0,0,0,0,0,0,0
121053,2,1,1996,17,0,0,0,0,0,0,0,0,0
121054,1,1,1996,5,5,5,5,5,5,5,5,5,5
121054,2,1,1996,0,0,0,0,0,0,0,0,0,0
121055,1,1,1996,10,10,10,10,10,10,10,10,10,10
121055,2,1,1996,0,0,0,0,0,0,0,0,0,0
121056,1,1,1996,0,0,0,0,0,0,0,0,0,0
121057,1,1,1996,0,0,0,0,0,0,0,0,0,0
121058,1,1,1996,0,0,0,0,0,0,0,0,0,0
121058,2,1,1996,0,0,0,0,0,0,0,0,0,0
121059,1,1,1996,0,0,0,0,0,0,0,0,0,0
121059,2,1,1996,0,0,0,0,0,0,0,0,0,0
121060,1,1,1996,0,0,0,0,0,0,0,0,0,0
121060,2,1,1996,0,0,0,0,0,0,0,0,0,0
121061,1,1,1996,0,18,12,26,15,28,0,0,5,13
121062,1,1,1996,21,21,21,21,21,21,21,21,21,21
121063,1,1,1996,14,14,14,14,14,14,14,14,14,14
121064,1,1,1996,24,24,24,24,24,24,24,24,24,24
121065,1,1,1996,0,0,0,0,0,0,0,0,0,0
121065,2,1,1996,0,0,0,0,0,0,0,0,0,0
121065,3,1,1996,0,0,0,0,0,0,0,0,0,0
121066,1,1,1996,0,0,0,0,0,0,0,0,0,0
121066,2,1,1996,0,0,0,0,0,0,0,0,0,0
121067,0,1,1996,38,38,38,38,38,38,38,38,38,38
121067,1,1,1996,0,17,3,14,8,0,0,0,0,10
121068,1,1,1996,17,17,17,17,17,17,17,17,17,17
121069,1,1,1996,2,2,2,2,2,2,2,2,2,2
121069,2,1,1996,0,0,0,0,0,0,0,0,0,0
121070,1,1,1996,18,18,18,18,18,18,18,18,18,18
121071,1,1,1996,28,28,28,28,28,28,28,28,28,28
121071,2,1,1996,0,0,0,0,0,0,0,0,0,0
121072,0,1,1996,30,30,30,30,30,30,30,30,30,30
121072,1,1,1996,0,0,0,0,0,0,0,0,0,0
121073,1,1,1996,28,28,28,28,28,28,28,28,28,28
121073,2,1,1996,0,0,0,0,0,0,0,0,0,0
121074,1,1,1996,8,8,8,8,8,8,8,8,8,8
121074,2,1,1996,0,5,0,0,14,0,0,0,0,0
121075,1,1,1996,0,0,0,0,0,0,0,0,0,0
121075,2,1,1996,0,0,15,0,0,0,0,0,0,0
121076,1,1,1996,0,0,0,0,0,0,13,0,0,0
121076,2,1,1996,12,0,0,0,0,0,0,0,0,0
121077,1,1,1996,11,11,11,11,11,11,11,11,11,11
121078,1,1,1996,0,0,0,0,0,14,0,0,0,0
121078,2,1,1996,0,0,0,0,0,0,0,0,0,0
121079,1,1,1996,0,0,0,0,0,0,0,0,0,0
121079,2,1,1996,0,0,0,0,0,0,0,0,0,0
121080,1,1,1996,0,0,0,0,0,0,0,0,0,0
121080,2,1,1996,0,0,0,0,0,0,0,0,0,0
121081,1,1,1996,0,0,11,0,0,0,0,0,0,0
121081,2,1,1996,0,0,0,0,0,0,0,0,0,0
121082,1,1,1996,19,19,19,19,19,19,19,19,19,19
121083,0,1,1996,0,0,0,0,0,0,0,0,0,0
121083,1,1,1996,0,0,0,0,0,0,0,0,0,0
121084,1,1,1996,0,0,0,0,0,0,0,0,0,0
121084,2,1,1996,0,0,0,0,0,0,0,0,0,0
121085,0,1,1996,0,0,0,0,0,0,0,0,0,0
121085,1,1,1996,0,0,0,0,0,0,0,0,0,0
121086,1,1,1996,0,0,0,23,0,0,0,11,3,0
121087,1,1,1996,0,0,0,0,0,0,0,0,0,0
121087,2,1,1996,0,0,0,0,0,0,0,0,0,0
121088,0,1,1996,0,0,0,0,0,0,0,0,0,0
121088,1,1,1996,0,0,0,0,0,0,0,0,0,0
121089,0,1,1996,0,0,0,0,0,0,0,0,0,0
121089,1,1,1996,0,0,0,0,0,0,0,0,0,0
121090,1,1,1996,0,0,0,0,0,0,0,0,0,0
121090,2,1,1996,0,0,0,0,0,0,0,0,0,0
121091,1,1,1996,0,0,0,0,0,0,0,0,0,0
121091,2,1,1996,0,0,0,0,0,0,0,0,0,0
121092,0,1,1996,8,8,8,8,8,8,8,8,8,8
121092,1,1,1996,0,0,0,11,0,0,0,0,0,0
121092,2,1,1996,0,0,0,0,0,0,0,0,0,0
121093,1,1,1996,21,21,21,21,21,21,21,21,21,21
121094,0,1,1996,0,0,21,0,0,0,0,0,0,0
121094,1,1,1996,0,0,0,0,0,0,0,0,0,0
121095,1,1,1996,0,0,10,0,0,0,23,14,6,0
121095,2,1,1996,0,8,0,0,0,0,0,0,0,0
121096,1,1,1996,17,0,0,0,0,0,0,0,0,0
121096,2,1,1996,0,0,0,0,0,0,0,0,0,0
121096,3,1,1996,0,0,0,0,6,0,0,0,0,0
121097,1,1,1996,5,5,5,5,5,5,5,5,5,5
121097,2,1,1996,0,0,0,0,0,0,0,0,0,0
121097,3,1,1996,0,0,0,0,0,0,0,2,0,0
121097,4,1,1996,0,0,0,0,0,0,0,0,0,0
121098,0,1,1996,0,0,0,0,0,0,0,0,0,0
121098,1,1,1996,0,0,0,0,0,0,0,0,0,0
121099,1,1,1996,0,0,0,0,0,0,0,0,0,0
121099,2,1,1996,0,0,0,0,0,0,0,0,0,0
121100,1,1,1996,0,0,0,0,0,0,0,0,0,0
121100,2,1,1996,0,0,0,0,0,0,0,0,0,0
121101,1,1,1996,0,0,0,0,0,0,0,0,0,0
121101,2,1,1996,0,0,0,0,0,0,0,0,0,0
121102,1,1,1996,0,0,0,0,0,0,0,0,0,0
121102,2,1,1996,0,0,0,0,0,0,0,0,0,0
121103,1,1,1996,0,0,0,0,0,0,0,0,0,0
121103,2,1,1996,0,5,0,0,0,0,9,0,0,17
121104,1,1,1996,0,0,0,0,0,0,0,0,0,0
121104,2,1,1996,0,0,0,0,0,0,0,0,0,0
121105,1,1,1996,0,0,0,0,0,0,0,0,0,0
121105,2,1,1996,0,0,0,0,0,0,0,0,0,0
121105,3,1,1996,0,0,11,0,0,0,0,0,0,0
121106,1,1,1996,0,0,0,0,0,0,0,0,0,0
121106,2,1,1996,0,0,0,0,0,0,0,0,0,0
121107,1,1,1996,0,0,0,0,0,0,0,0,0,0
121107,2,1,1996,0,0,0,0,0,0,0,0,0,0
121108,1,1,1996,0,0,0,0,0,0,0,0,0,0
121108,2,1,1996,0,0,0,0,0,0,0,0,0,0
121109,1,1,1996,4,4,4,4,4,4,4,4,4,4
121110,0,1,1996,28,38,22,21,9,34,8,20,13,14
121110,1,1,1996,0,0,0,0,0,0,0,0,0,0
121110,2,1,1996,0,0,8,0,0,20,0,0,0,0
121111,1,1,1996,0,0,0,0,24,0,5,0,0,0
121112,0,1,1996,17,22,12,15,23,18,0,27,20,22
121112,1,1,1996,0,0,0,0,0,0,0,0,0,0
121113,0,1,1996,10,0,0,0,0,0,0,0,0,0
121113,1,1,1996,0,6,0,37,0,0,11,12,0,12
121114,1,1,1996,22,10,29,5,23,8,24,0,17,13
121114,2,1,1996,14,23,17,20,0,0,12,14,0,16
121115,1,1,1996,8,0,0,0,0,0,0,0,0,0
121116,1,1,1996,0,0,0,0,0,0,0,0,0,0
121116,2,1,1996,0,0,0,0,0,0,0,0,0,0
121117,1,1,1996,7,7,7,7,7,7,7,7,7,7
121118,1,1,1996,0,0,0,0,0,0,0,0,0,0
121118,2,1,1996,0,0,0,0,0,0,0,0,0,0
121119,0,1,1996,16,16,16,16,16,16,16,16,16,16
121119,1,1,1996,15,15,15,15,15,15,15,15,15,15
121120,1,1,1996,0,0,20,0,0,13,0,24,0,0
121120,2,1,1996,0,0,0,0,0,0,0,15,0,0
121120,3,1,1996,0,0,0,0,0,0,0,0,0,0
121121,0,1,1996,28,28,28,28,28,28,28,28,28,28
121121,1,1,1996,0,0,0,0,0,0,0,0,0,0
121122,1,1,1996,0,0,0,11,0,0,0,0,0,0
121122,2,1,1996,0,0,0,0,0,0,0,0,0,0
121123,1,1,1996,0,0,0,0,0,0,0,0,0,0
121123,2,1,1996,0,0,0,0,0,0,0,0,0,0
121124,1,1,1996,17,16,0,16,11,0,0,0,6,0
121125,1,1,1996,0,0,0,0,0,0,0,10,0,0
121125,2,1,1996,0,0,0,0,0,0,0,0,0,0
121125,3,1,1996,0,0,0,0,0,0,0,0,0,0
121126,1,1,1996,18,0,0,0,0,0,0,0,0,0
121126,2,1,1996,0,0,0,0,0,0,0,0,0,0
121127,1,1,1996,0,0,0,0,0,0,0,0,0,0
121127,2,1,1996,0,0,0,0,0,0,0,0,0,0
121128,0,1,1996,8,8,8,8,8,8,8,8,8,8
121128,1,1,1996,0,0,0,0,0,0,0,0,0,0
121129,1,1,1996,21,21,21,21,21,21,21,21,21,21
121130,0,1,1996,0,0,0,0,0,0,0,0,0,0
121130,1,1,1996,0,0,0,0,0,0,0,0,0,0
121131,1,1,1996,18,18,18,18,18,18,18,18,18,18
121132,1,1,1996,43,43,43,43,43,43,43,43,43,43
121133,1,1,1996,0,0,0,0,0,0,0,0,0,0
121134,1,1,1996,14,14,14,14,14,14,14,14,14,14
121135,1,1,1996,0,0,0,0,0,0,0,0,0,0
121135,2,1,1996,0,0,0,0,0,8,0,0,0,0
121136,1,1,1996,0,0,0,0,0,0,0,0,0,0
121137,1,1,1996,0,0,0,1,16,0,0,0,0,0
121137,2,1,1996,0,0,0,0,0,0,0,0,0,0
121138,0,1,1996,30,30,30,30,30,30,30,30,30,30
121138,1,1,1996,24,0,0,4,0,12,7,0,0,0
121139,1,1,1996,37,10,0,0,8,0,17,34,0,23
121140,1,1,1996,0,0,5,0,0,0,0,0,0,0
121140,2,1,1996,0,0,0,0,0,0,0,0,0,0
121141,1,1,1996,0,0,0,0,0,0,0,0,0,0
121142,1,1,1996,0,0,0,0,0,0,0,0,0,0
121143,1,1,1996,0,0,0,0,0,0,0,0,0,0
121143,2,1,1996,0,0,0,0,0,0,0,0,0,0
121144,1,1,1996,10,10,10,10,10,10,10,10,10,10
121144,2,1,1996,13,13,13,13,13,13,13,13,13,13
121145,1,1,1996,0,0,0,0,0,0,0,0,0,0
121145,2,1,1996,0,0,0,0,0,0,0,0,0,0
121145,3,1,1996,0,0,0,0,0,0,0,0,0,0
121145,4,1,1996,0,0,0,0,0,0,0,0,0,0
121146,1,1,1996,0,0,0,0,0,0,0,0,0,0
121146,2,1,1996,14,14,14,14,14,14,14,14,14,14
121147,1,1,1996,5,5,5,5,5,5,5,5,5,5
121147,2,1,1996,14,0,0,0,0,0,0,0,0,0
121148,0,1,1996,24,24,24,24,24,24,24,24,24,24
121148,1,1,1996,0,0,0,0,0,0,0,0,0,0
121149,1,1,1996,0,0,0,0,0,0,0,0,0,0
121149,2,1,1996,0,0,0,0,0,0,0,0,0,0
121150,1,1,1996,26,26,26,26,26,26,26,26,26,26
121150,2,1,1996,0,0,0,0,0,6,0,0,0,0
121151,1,1,1996,7,12,19,14,21,13,25,14,11,8
121152,1,1,1996,36,36,36,36,36,36,36,36,36,36
121153,1,1,1996,0,0,0,0,0,0,0,0,0,0
121154,1,1,1996,0,0,16,0,36,9,0,10,0,8
121155,1,1,1996,0,0,0,0,0,0,0,0,0,0
121155,2,1,1996,0,0,0,0,0,0,0,0,0,0
121156,1,1,1996,0,0,0,0,0,0,0,0,0,0
121156,2,1,1996,0,0,0,0,0,0,0,0,0,0
121157,1,1,1996,16,18,14,0,0,20,0,0,0,16
121158,0,1,1996,0,0,0,0,0,0,0,0,0,0
121158,1,1,1996,0,0,0,0,0,0,10,0,0,0
121159,1,1,1996,15,15,15,15,15,15,15,15,15,15
121160,1,1,1996,1,1,1,1,1,1,1,1,1,1
121161,1,1,1996,0,0,0,0,0,0,0,0,0,0
121161,2,1,1996,0,0,0,0,0,0,0,0,0,0
121162,1,1,1996,21,21,21,21,21,21,21,21,21,21
121163,1,1,1996,0,0,0,0,0,0,0,0,0,0
121163,2,1,1996,0,0,0,0,0,0,0,0,0,0
121163,3,1,1996,0,0,0,0,0,0,0,0,0,0
121164,1,1,1996,0,0,0,0,0,0,0,0,0,0
121164,2,1,1996,0,0,0,0,0,0,0,0,0,0
121165,0,1,1996,0,0,0,0,0,0,0,0,0,0
121165,1,1,1996,0,0,0,0,0,0,0,0,0,0
121166,0,1,1996,0,0,0,0,0,0,0,0,0,0
121166,1,1,1996,0,0,0,0,0,0,0,0,0,0