ST_CASE,VEH_NO,PER_NO,YEAR,P1,P2,P3,P4,P5,P6,P7,P8,P9,P10
121167,1,1,1996,0,17,0,0,0,0,0,0,0,0
121167,2,1,1996,0,0,0,0,0,0,0,0,0,0
121168,1,1,1996,0,5,0,0,0,0,0,0,7,0
121168,2,1,1996,6,11,0,0,0,8,7,0,0,0
121169,1,1,1996,0,0,0,0,0,0,0,0,0,0
121170,1,1,1996,0,0,11,0,0,0,0,0,0,0
121170,2,1,1996,0,0,0,0,0,0,0,0,0,0
121171,0,1,1996,18,18,18,18,18,18,18,18,18,18
121171,1,1,1996,0,0,0,0,0,0,0,0,0,0
121172,1,1,1996,0,0,0,11,0,12,0,0,0,0
121173,1,1,1996,0,0,0,0,0,0,0,0,0,0
121174,1,1,1996,14,14,14,14,14,14,14,14,14,14
121174,2,1,1996,0,0,0,0,0,0,0,0,0,0
121175,1,1,1996,0,0,0,0,0,0,0,0,0,0
121175,2,1,1996,0,0,0,0,0,0,0,0,0,0
121176,1,1,1996,14,14,14,14,14,14,14,14,14,14
121177,0,1,1996,0,0,0,0,0,0,0,0,0,0
121177,1,1,1996,0,0,0,0,0,0,0,0,0,0
121178,1,1,1996,0,0,0,0,0,0,0,0,0,0
121178,2,1,1996,0,0,0,0,16,0,0,0,17,13
121179,0,1,1996,33,33,33,33,33,33,33,33,33,33
121179,1,1,1996,0,24,0,0,0,7,0,0,20,0
121180,0,1,1996,0,0,0,0,0,0,0,0,0,0
121180,1,1,1996,0,0,0,0,0,0,0,0,0,0
121181,0,1,1996,0,0,0,0,0,0,0,0,0,0
121181,1,1,1996,0,0,0,0,0,0,0,0,0,0
121182,0,1,1996,35,9,30,25,25,21,12,0,12,16
121182,1,1,1996,0,0,0,0,0,12,0,0,0,0
121183,1,1,1996,0,0,0,0,0,0,0,0,0,0
121183,2,1,1996,0,0,0,0,0,0,0,0,0,0
121184,1,1,1996,0,0,0,0,0,0,0,0,0,0
121184,2,1,1996,0,0,0,0,0,0,0,0,0,0
121185,1,1,1996,1,1,1,1,1,1,1,1,1,1
121185,2,1,1996,8,8,8,8,8,8,8,8,8,8
121186,1,1,1996,0,0,0,0,0,0,0,0,0,0
121187,0,1,1996,0,0,0,0,0,0,0,0,0,0
121187,1,1,1996,0,0,0,0,0,0,0,7,0,0
121188,1,1,1996,0,0,0,0,0,0,0,0,0,0
121189,0,1,1996,0,26,0,0,0,0,0,0,0,0
121189,1,1,1996,12,12,12,12,12,12,12,12,12,12
121190,0,1,1996,0,0,0,0,0,0,0,0,0,0
121190,1,1,1996,0,0,0,0,0,0,0,0,0,0
121191,1,1,1996,0,0,0,0,0,0,0,0,0,0
121192,1,1,1996,0,0,0,0,0,0,0,0,0,0
121192,2,1,1996,0,0,0,0,0,0,0,0,0,0
121193,0,1,1996,0,0,0,0,0,0,0,0,0,0
121193,1,1,1996,0,0,0,0,0,0,0,0,0,0
121194,0,1,1996,24,24,24,24,24,24,24,24,24,24
121194,1,1,1996,0,0,0,0,0,0,0,0,0,0
121194,2,1,1996,0,0,0,0,0,0,0,0,0,0
121195,0,1,1996,5,5,5,5,5,5,5,5,5,5
121195,1,1,1996,0,0,0,0,0,0,0,0,0,0
121196,1,1,1996,0,0,0,0,0,0,0,0,0,0
121196,2,1,1996,14,14,14,14,14,14,14,14,14,14
121197,1,1,1996,0,0,0,0,0,0,0,0,0,0
121197,2,1,1996,0,24,0,0,0,0,0,0,0,0
121198,1,1,1996,0,0,0,0,0,4,0,0,0,0
121198,2,1,1996,0,0,0,0,0,0,0,0,0,0
121199,1,1,1996,0,0,0,0,0,8,0,0,5,0
121200,1,1,1996,0,5,4,0,0,10,0,0,0,13
121200,2,1,1996,16,22,23,16,0,0,0,0,0,0
121201,1,1,1996,0,0,0,0,0,0,0,0,0,0
121202,1,1,1996,5,5,5,5,5,5,5,5,5,5
121203,1,1,1996,20,20,20,20,20,20,20,20,20,20
121204,1,1,1996,0,0,0,0,0,0,0,0,0,0
121204,2,1,1996,0,0,0,0,0,0,0,0,0,0
121204,3,1,1996,0,0,0,0,0,0,0,0,0,9
121204,4,1,1996,0,0,0,0,0,0,0,0,0,0
121205,1,1,1996,0,0,0,0,0,0,0,0,0,0
121206,1,1,1996,28,28,28,28,28,28,28,28,28,28
121207,1,1,1996,35,35,35,35,35,35,35,35,35,35
121208,1,1,1996,0,0,0,0,0,0,0,0,0,0
121208,2,1,1996,0,0,0,0,0,0,0,0,0,0
121209,1,1,1996,13,13,13,13,13,13,13,13,13,13
121209,2,1,1996,0,0,0,0,0,0,0,0,0,0
121210,1,1,1996,0,0,0,0,0,0,0,0,0,0
121210,2,1,1996,0,0,0,0,0,0,0,0,0,0
121211,0,1,1996,24,24,24,24,24,24,24,24,24,24
121211,1,1,1996,0,0,0,0,0,0,0,0,0,0
121212,1,1,1996,0,0,0,0,0,0,0,0,0,0
121212,2,1,1996,0,0,0,0,0,0,0,0,0,0
121213,1,1,1996,0,0,0,0,0,0,0,0,0,0
121213,2,1,1996,0,0,0,0,0,0,0,0,0,0
121214,0,1,1996,0,0,0,0,0,0,0,0,0,0
121214,0,2,1996,0,0,0,0,0,0,0,0,0,0
121214,1,1,1996,0,0,0,0,0,0,0,0,0,0
121214,2,1,1996,0,0,0,0,0,0,0,0,0,0
121215,0,1,1996,0,0,0,0,0,0,0,0,0,0
121215,1,1,1996,0,20,0,0,0,0,0,0,0,0
121215,2,1,1996,0,0,0,0,0,0,0,0,0,5
121216,1,1,1996,0,0,0,0,0,0,0,0,0,0
121217,1,1,1996,22,22,22,22,22,22,22,22,22,22
121218,1,1,1996,19,19,19,19,19,19,19,19,19,19
121218,2,1,1996,24,24,24,24,24,24,24,24,24,24
121219,1,1,1996,0,0,0,0,0,0,0,0,0,0
121219,2,1,1996,0,0,0,0,0,0,0,0,15,0
121220,1,1,1996,10,13,11,16,0,12,21,0,6,21
121221,1,1,1996,5,5,5,5,5,5,5,5,5,5
121222,1,1,1996,0,0,0,0,0,0,0,0,0,0
121223,1,1,1996,26,26,26,26,26,26,26,26,26,26
121223,2,1,1996,0,0,0,0,0,0,0,0,0,0
121224,1,1,1996,0,0,0,0,0,0,0,0,0,0
121225,1,1,1996,0,0,0,0,0,0,0,0,0,0
121226,1,1,1996,0,0,0,0,0,0,0,0,0,0
121227,0,1,1996,58,26,0,0,0,0,22,0,0,0
121227,1,1,1996,0,0,0,0,0,0,0,0,0,0
121228,1,1,1996,0,0,0,0,0,13,0,0,0,0
121228,2,1,1996,0,0,0,0,0,0,0,0,0,0
121229,0,1,1996,0,0,0,0,0,0,0,0,0,0
121229,1,1,1996,0,10,0,0,0,0,0,0,0,0
121230,0,1,1996,29,29,29,29,29,29,29,29,29,29
121230,1,1,1996,2,2,2,2,2,2,2,2,2,2
121231,1,1,1996,0,0,0,0,0,0,0,0,0,0
121231,2,1,1996,0,0,0,0,0,0,0,0,0,0
121232,1,1,1996,0,0,0,0,0,0,0,0,0,0
121232,2,1,1996,0,0,0,0,0,0,0,0,0,0
121233,1,1,1996,0,0,0,0,0,0,0,0,0,0
121234,1,1,1996,26,26,26,26,26,26,26,26,26,26
121235,1,1,1996,0,0,0,0,0,0,0,0,0,0
121235,2,1,1996,0,0,0,0,0,0,0,0,0,0
121236,1,1,1996,0,0,0,0,0,0,0,0,0,0
121236,2,1,1996,0,0,0,0,0,0,0,0,0,0
121237,1,1,1996,0,0,0,0,25,0,0,0,0,0
121237,2,1,1996,0,0,0,0,0,0,0,0,0,0
121238,1,1,1996,0,0,0,0,0,0,0,0,0,0
121238,2,1,1996,0,0,0,0,11,0,0,0,0,0
121239,1,1,1996,0,0,0,0,0,0,0,0,0,0
121240,1,1,1996,0,0,0,0,0,0,0,0,0,0
121241,0,1,1996,0,0,0,0,0,0,0,0,0,0
121241,1,1,1996,7,7,7,7,7,7,7,7,7,7
121242,0,1,1996,10,36,7,21,4,29,17,0,12,25
121242,1,1,1996,21,21,21,21,21,21,21,21,21,21
121243,0,1,1996,0,0,0,0,0,0,0,0,0,0
121243,1,1,1996,0,0,0,0,0,0,0,0,0,0
121244,1,1,1996,21,21,21,21,21,21,21,21,21,21
121244,2,1,1996,0,0,13,0,0,0,0,0,0,17
121245,0,1,1996,0,0,0,0,0,0,0,0,0,0
121245,1,1,1996,16,16,16,16,16,16,16,16,16,16
121246,1,1,1996,0,0,0,0,0,0,0,0,0,0
121246,2,1,1996,0,0,0,0,19,0,0,0,0,0
121247,1,1,1996,0,0,0,0,0,0,0,0,0,0
121247,2,1,1996,0,0,5,0,0,0,0,0,0,0
121248,1,1,1996,0,0,0,0,0,0,0,0,0,0
121248,2,1,1996,0,0,0,0,0,0,0,0,0,0
121249,1,1,1996,15,15,15,15,15,15,15,15,15,15
121250,1,1,1996,8,8,8,8,8,8,8,8,8,8
121251,1,1,1996,9,9,9,9,9,9,9,9,9,9
121252,0,1,1996,26,26,26,26,26,26,26,26,26,26
121252,1,1,1996,0,0,0,0,0,0,0,0,0,0
121253,1,1,1996,3,3,3,3,3,3,3,3,3,3
121254,0,1,1996,0,0,0,0,0,0,0,0,0,0
121254,1,1,1996,0,0,0,0,0,0,0,0,0,0
121255,0,1,1996,21,21,21,21,21,21,21,21,21,21
121255,1,1,1996,0,0,0,0,0,0,0,0,0,0
121256,1,1,1996,0,0,0,0,0,0,0,0,0,0
121256,2,1,1996,0,0,0,0,0,0,0,0,0,0
121257,1,1,1996,21,21,21,21,21,21,21,21,21,21
121258,1,1,1996,12,12,12,12,12,12,12,12,12,12
121258,2,2,1996,19,19,19,19,19,19,19,19,19,19
121259,1,1,1996,0,0,0,0,0,0,0,0,0,0
121260,1,1,1996,0,0,0,0,0,0,0,0,0,0
121260,2,1,1996,0,0,0,0,0,0,0,0,0,0
121261,0,1,1996,0,0,0,0,0,0,0,0,0,0
121261,1,1,1996,0,0,0,0,0,0,0,0,0,0
121262,0,1,1996,24,24,24,24,24,24,24,24,24,24
121262,1,1,1996,0,0,0,0,0,0,0,0,0,0
121263,1,1,1996,26,26,26,26,26,26,26,26,26,26
121263,2,1,1996,0,0,0,0,0,0,0,0,0,0
121264,1,1,1996,0,0,0,0,0,0,0,0,0,0
121264,2,1,1996,0,0,0,0,0,0,0,0,0,0
121265,1,1,1996,0,0,0,0,0,0,0,0,0,0
121265,2,1,1996,8,8,8,8,8,8,8,8,8,8
121267,1,1,1996,0,0,0,0,0,0,0,0,0,0
121268,1,1,1996,0,0,0,0,0,0,0,0,0,19
121268,2,1,1996,0,0,0,0,0,0,0,0,0,0
121269,1,1,1996,9,9,9,9,9,9,9,9,9,9
121270,1,1,1996,9,9,9,9,9,9,9,9,9,9
121271,1,1,1996,0,0,9,0,0,0,0,34,0,22
121271,2,1,1996,0,0,0,0,0,30,0,0,0,0
121272,1,1,1996,0,0,0,0,0,0,0,0,0,0
121272,2,1,1996,13,0,0,0,0,0,0,0,0,0
121273,1,1,1996,0,0,0,0,0,0,0,0,0,0
121274,1,1,1996,20,20,20,20,20,20,20,20,20,20
121275,1,1,1996,21,21,21,21,21,21,21,21,21,21
121275,2,1,1996,0,0,0,0,0,0,0,0,0,0
121275,3,1,1996,0,0,0,0,0,0,0,0,0,0
121276,1,1,1996,19,19,19,19,19,19,19,19,19,19
121277,1,1,1996,9,9,9,9,9,9,9,9,9,9
121278,1,1,1996,11,20,23,19,15,0,0,18,21,10
121279,0,1,1996,17,17,17,17,17,17,17,17,17,17
121279,1,1,1996,2,16,0,11,0,5,0,0,0,5
121280,1,1,1996,26,0,0,0,0,0,0,0,0,0
121280,2,1,1996,14,0,0,0,0,0,0,0,0,0
121281,1,1,1996,0,0,0,0,0,0,0,0,0,0
121282,1,1,1996,0,0,0,0,0,0,0,0,0,0
121284,0,1,1996,23,23,23,23,23,23,23,23,23,23
121284,1,1,1996,0,0,0,0,0,0,0,0,0,0
121285,1,1,1996,0,0,0,0,0,0,8,0,0,0
121285,2,1,1996,0,0,0,0,0,0,0,0,0,0
121286,1,1,1996,0,0,0,0,0,0,0,0,0,0
121287,1,1,1996,17,17,17,17,17,17,17,17,17,17
121287,2,1,1996,0,0,0,0,0,13,0,0,0,0
121288,0,1,1996,19,19,19,19,19,19,19,19,19,19
121288,1,1,1996,0,0,0,0,0,0,0,0,0,0
121289,1,1,1996,0,0,0,0,0,0,0,12,0,0
121289,2,1,1996,0,0,0,0,0,0,0,0,0,0
121290,1,1,1996,16,16,16,16,16,16,16,16,16,16
121291,1,1,1996,17,17,17,17,17,17,17,17,17,17
121292,0,1,1996,0,0,0,0,0,0,0,0,0,0
121292,1,1,1996,0,0,0,0,0,0,0,0,0,0
121293,0,1,1996,23,23,23,23,23,23,23,23,23,23
121293,1,1,1996,0,0,0,0,0,0,0,0,0,0
121294,1,1,1996,0,0,0,0,0,0,0,0,0,0
121295,1,1,1996,20,20,20,20,20,20,20,20,20,20
121296,1,1,1996,32,32,32,32,32,32,32,32,32,32
121296,2,1,1996,0,0,0,0,0,0,0,0,0,0
121297,1,1,1996,33,33,33,33,33,33,33,33,33,33
121298,0,1,1996,0,0,0,0,0,0,0,0,0,0
121298,1,1,1996,0,0,0,0,0,0,0,0,0,0
121299,0,1,1996,0,0,0,0,0,0,0,0,0,0
121299,1,1,1996,0,0,0,0,0,15,0,0,0,0
121300,1,1,1996,5,5,5,5,5,5,5,5,5,5
121301,1,1,1996,0,0,0,0,0,0,0,0,0,0
121301,2,1,1996,0,0,8,0,0,0,0,0,0,0
121302,1,1,1996,24,24,24,24,24,24,24,24,24,24
121303,1,1,1996,23,23,23,23,23,23,23,23,23,23
121304,1,1,1996,0,0,0,0,0,0,0,0,0,0
121305,1,1,1996,14,14,14,14,14,14,14,14,14,14
121305,2,1,1996,0,0,0,7,0,0,0,0,10,0
121306,0,1,1996,0,0,0,0,0,0,0,0,0,0
121306,1,1,1996,0,0,0,6,0,0,0,0,0,0
121307,1,1,1996,0,0,0,0,0,0,10,0,0,0
121308,1,1,1996,0,0,0,0,0,0,0,0,0,0
121309,1,1,1996,0,0,0,0,0,0,0,0,0,0
121309,2,1,1996,0,0,0,0,0,0,0,0,0,0
121310,1,1,1996,0,0,0,0,0,0,0,0,0,0
121310,2,1,1996,0,0,0,0,0,0,0,0,0,0
121311,0,1,1996,0,0,0,0,19,21,0,0,0,0
121311,1,1,1996,17,0,0,0,0,0,0,0,0,0
121312,1,1,1996,0,0,0,0,0,0,0,0,0,0
121313,1,1,1996,0,0,0,0,0,0,0,0,0,0
121313,2,1,1996,0,0,0,0,11,0,0,0,0,0
121313,3,1,1996,0,0,0,0,0,0,0,0,0,0
121314,0,1,1996,2,2,2,2,2,2,2,2,2,2
121314,0,2,1996,15,0,0,0,15,12,0,0,0,0
121314,1,1,1996,0,0,0,0,0,0,0,0,0,0
121315,1,1,1996,0,0,0,0,0,0,0,0,0,0
121315,2,1,1996,8,0,0,0,0,0,0,0,12,0
121315,3,1,1996,0,0,0,0,0,0,0,0,0,0
121316,1,1,1996,0,0,0,0,0,0,0,13,0,0
121316,2,1,1996,0,0,0,0,0,0,0,0,0,0
121317,1,1,1996,0,0,0,0,0,0,0,0,0,0
121318,1,1,1996,0,0,0,0,0,0,0,0,0,0
121318,2,1,1996,0,0,0,0,0,0,0,0,0,0
121319,1,1,1996,36,27,24,29,16,11,0,20,0,0
121320,0,1,1996,31,31,31,31,31,31,31,31,31,31
121320,1,1,1996,0,0,0,0,0,0,0,0,0,0
121321,1,1,1996,11,0,0,0,27,13,13,11,19,0
121322,1,1,1996,17,17,17,17,17,17,17,17,17,17
121323,0,1,1996,0,0,0,0,0,0,18,12,0,0
121323,0,2,1996,0,0,0,10,22,29,9,21,10,11
121323,1,1,1996,0,0,0,0,0,0,0,0,0,0
121324,1,1,1996,18,18,18,18,18,18,18,18,18,18
121325,1,1,1996,18,18,18,18,18,18,18,18,18,18
121326,0,1,1996,0,0,0,0,0,0,0,29,0,0
121326,1,1,1996,0,0,13,0,0,0,0,0,0,0
121327,1,1,1996,0,0,14,0,0,0,0,0,0,0
121327,2,1,1996,0,8,23,0,9,0,22,0,16,0
121328,1,1,1996,0,0,0,0,0,0,0,0,0,0
121329,1,1,1996,0,36,0,0,0,0,0,0,0,0
121329,2,1,1996,0,0,0,0,0,0,0,0,0,0
121330,1,1,1996,0,0,0,0,0,0,0,0,0,0
121331,1,1,1996,0,0,0,0,0,0,0,0,0,0
121331,2,1,1996,0,0,0,0,0,0,0,0,0,0
121331,3,1,1996,0,0,0,0,0,0,0,0,0,0
121332,1,1,1996,28,28,28,28,28,28,28,28,28,28
121333,1,1,1996,0,0,0,0,0,0,0,0,0,0
121333,2,1,1996,0,0,12,4,0,21,0,0,0,0
121334,1,1,1996,5,0,0,0,0,0,0,0,23,0
121335,1,1,1996,18,18,18,18,18,18,18,18,18,18
121335,2,1,1996,0,0,0,0,0,0,0,0,0,0
121336,1,1,1996,0,0,0,0,0,0,22,0,0,0
121336,2,1,1996,0,0,0,0,0,0,0,0,0,0
121337,0,1,1996,0,0,0,0,0,0,0,0,0,0
121337,1,1,1996,0,0,0,25,0,0,0,0,0,0
121338,0,1,1996,0,0,0,0,0,0,0,30,0,0
121338,1,1,1996,0,0,0,0,9,0,0,0,0,17
121339,1,1,1996,0,0,0,0,0,0,0,0,0,0
121339,2,1,1996,0,0,0,0,0,0,0,0,0,0
121341,0,1,1996,0,0,0,0,0,20,0,0,0,0
121341,0,2,1996,0,0,0,0,14,0,15,0,0,12
121341,1,1,1996,0,0,0,0,0,0,0,0,0,0
121342,1,1,1996,0,0,0,0,0,0,0,0,0,0
121342,2,1,1996,0,0,0,22,0,0,0,0,0,0
121343,1,1,1996,0,0,0,0,0,0,0,0,0,0
121344,1,1,1996,0,0,0,0,0,0,0,0,0,0
121344,2,1,1996,0,0,0,0,0,0,0,0,0,0
121345,0,1,1996,0,13,13,0,0,15,17,0,36,0
121345,1,1,1996,0,0,0,0,0,0,0,0,0,0
121346,1,1,1996,18,18,18,18,18,18,18,18,18,18
121347,1,1,1996,0,0,0,0,0,0,0,0,0,0
121347,2,1,1996,0,0,0,0,0,0,0,0,0,0
121348,1,1,1996,0,0,0,0,0,0,0,0,0,0
121349,1,1,1996,13,13,13,13,13,13,13,13,13,13
121349,2,1,1996,8,8,8,8,8,8,8,8,8,8
121350,0,1,1996,40,40,40,40,40,40,40,40,40,40
121350,1,1,1996,0,0,0,0,0,0,0,0,0,0
121351,0,1,1996,0,0,0,0,0,0,0,0,0,0
121351,1,1,1996,0,0,0,0,0,0,4,0,0,13
121352,1,1,1996,0,0,0,0,0,0,4,0,0,0
121352,2,1,1996,0,0,0,0,0,0,0,0,0,0
121353,1,1,1996,16,16,16,16,16,16,16,16,16,16
121354,0,1,1996,0,0,0,0,0,0,0,0,0,0
121354,1,1,1996,0,0,0,0,0,0,0,0,0,0
121355,0,1,1996,8,37,0,0,17,0,17,7,19,19
121355,1,1,1996,0,0,0,0,0,0,0,0,0,0
121356,1,1,1996,0,8,16,0,11,15,23,16,20,7
121356,2,1,1996,5,10,3,0,7,7,0,10,10,14
121357,1,1,1996,0,0,0,0,0,0,0,0,0,0
121357,2,1,1996,0,0,0,0,0,0,0,0,0,0
121358,1,1,1996,0,0,0,0,0,0,0,0,0,0
121358,2,1,1996,0,0,0,0,0,0,0,0,0,0
121359,1,1,1996,0,0,0,0,0,0,0,0,0,0
121359,2,1,1996,0,0,0,0,0,0,0,0,0,0
121360,1,1,1996,0,0,0,0,0,0,0,0,0,0
121361,1,1,1996,0,0,0,0,0,0,0,0,0,0
121361,2,1,1996,0,0,0,0,0,0,0,0,0,0
121362,0,1,1996,0,0,0,0,0,0,0,48,14,0
121362,1,1,1996,0,0,0,0,0,0,9,0,0,0
121363,1,1,1996,0,0,0,0,0,0,0,0,0,0
121363,2,1,1996,0,0,0,0,0,0,0,0,0,0
121363,3,1,1996,0,8,0,0,0,0,0,0,0,0
121364,1,1,1996,8,8,8,8,8,8,8,8,8,8
121365,1,1,1996,0,0,0,0,0,0,0,0,0,0
121366,1,1,1996,0,0,0,0,0,32,0,14,0,0
121366,2,1,1996,0,0,0,0,0,0,0,0,0,0
121367,1,1,1996,0,0,0,0,0,0,0,0,0,0
121368,1,1,1996,19,19,19,19,19,19,19,19,19,19
121369,1,1,1996,0,0,0,0,0,0,0,0,0,0
121369,2,1,1996,5,5,5,5,5,5,5,5,5,5
121370,1,1,1996,0,25,22,15,13,0,19,13,8,13
121370,2,1,1996,0,0,0,0,0,0,0,0,0,0
121371,0,1,1996,0,0,0,0,0,0,0,0,0,15
121371,1,1,1996,0,0,0,0,0,0,0,0,0,0
121373,1,1,1996,20,20,20,20,20,20,20,20,20,20
121374,0,1,1996,10,0,0,0,0,0,0,22,0,0
121374,1,1,1996,0,0,0,5,0,0,0,0,0,0
121375,0,1,1996,0,22,9,14,0,23,19,29,29,33
121375,0,2,1996,0,0,0,0,0,0,0,0,0,0
121375,1,1,1996,0,9,0,21,18,16,0,0,0,0
121376,1,1,1996,0,0,6,0,0,4,0,0,0,13
121377,0,1,1996,0,0,0,0,0,12,0,17,0,24
121377,1,1,1996,7,0,14,4,0,0,13,8,22,0
121378,0,1,1996,0,0,0,0,0,0,0,0,0,0
121378,1,1,1996,0,10,0,0,0,0,0,0,0,0
121379,0,1,1996,0,0,0,0,0,0,0,0,0,0
121379,1,1,1996,0,0,0,0,0,0,0,0,0,0
121379,2,1,1996,0,0,0,0,0,9,0,0,0,0
121381,1,1,1996,26,26,26,26,26,26,26,26,26,26
121381,2,1,1996,0,0,0,0,0,0,0,0,0,0
121382,1,1,1996,20,29,0,0,0,8,0,0,0,0
121383,1,1,1996,22,22,22,22,22,22,22,22,22,22
121383,2,1,1996,0,0,0,0,0,0,0,0,0,0
121384,1,1,1996,0,0,0,0,0,0,0,0,0,0
121385,1,1,1996,0,0,0,0,0,0,0,0,0,0
121385,2,1,1996,0,0,0,0,0,0,0,0,0,0
121386,1,1,1996,0,0,0,0,0,0,0,0,0,0
121386,2,1,1996,0,0,0,0,0,0,0,0,0,0
121387,1,1,1996,0,0,0,0,0,0,0,0,0,0
121387,2,1,1996,0,0,0,0,0,0,0,0,0,0
121388,0,1,1996,0,29,11,13,0,32,21,24,8,22
121388,1,1,1996,0,0,0,0,0,0,0,0,0,0
121389,1,1,1996,20,20,20,20,20,20,20,20,20,20
121389,2,1,1996,0,0,0,0,0,0,0,19,0,0
121390,0,1,1996,0,0,0,0,0,0,0,0,0,0
121390,1,1,1996,0,0,0,0,0,0,0,0,0,0
121391,1,1,1996,0,0,0,0,0,0,0,0,0,0
121391,2,1,1996,0,0,0,0,0,0,0,0,0,0
121392,1,1,1996,0,0,0,8,0,0,0,0,0,0
121393,1,1,1996,0,21,0,0,0,0,0,0,0,0
121394,1,1,1996,0,18,0,0,0,0,0,0,0,0
121395,1,1,1996,0,0,0,0,7,0,15,0,0,0
121396,1,1,1996,0,0,0,0,0,0,0,0,0,0
121396,2,1,1996,19,0,18,11,0,26,0,0,6,10
121396,3,1,1996,0,0,0,0,0,0,0,16,0,0
121397,0,1,1996,0,0,0,0,7,22,0,0,0,0
121397,1,1,1996,0,0,0,0,0,0,29,0,0,0
121398,1,1,1996,0,0,0,0,0,0,0,0,0,0
121399,1,1,1996,0,0,0,0,0,0,0,0,0,0
121399,2,1,1996,0,0,0,0,0,0,0,0,0,0
121400,1,1,1996,0,0,0,0,0,0,0,0,0,0
121400,2,1,1996,0,18,0,0,0,0,23,0,0,0
121401,1,1,1996,0,0,0,0,0,0,0,0,0,0
121402,0,1,1996,0,0,0,0,24,0,7,0,0,0
121402,1,1,1996,0,6,5,0,0,10,4,4,0,14
121403,1,1,1996,29,29,29,29,29,29,29,29,29,29
121404,1,1,1996,19,19,19,19,19,19,19,19,19,19
121405,1,1,1996,0,0,0,0,0,0,0,0,0,0
121405,2,1,1996,0,0,0,0,0,0,0,0,0,0
121405,3,1,1996,0,0,0,0,0,0,0,0,0,0
121406,1,1,1996,0,0,0,0,0,0,0,0,0,0
121406,2,1,1996,8,0,0,0,0,0,0,0,0,0
121407,1,1,1996,0,0,0,0,0,0,0,0,0,0
121408,1,1,1996,0,0,0,0,0,0,0,0,0,0
121408,2,1,1996,0,0,0,0,0,0,0,0,0,0
121409,1,1,1996,0,0,0,0,0,0,0,0,0,0
121409,2,1,1996,0,0,0,0,0,0,0,0,0,0
121410,1,1,1996,0,0,0,0,0,0,0,0,0,0
121411,1,1,1996,29,29,29,29,29,29,29,29,29,29
121411,2,1,1996,0,0,0,0,0,0,0,0,0,0
121412,1,1,1996,0,0,0,0,0,0,0,5,0,0
121412,2,1,1996,0,0,0,0,0,0,0,0,0,0
121413,1,1,1996,0,0,0,0,0,0,0,0,0,0
121413,2,1,1996,0,0,0,0,0,0,0,0,0,0
121414,1,1,1996,0,0,0,0,0,0,0,0,0,0
121414,2,1,1996,0,0,0,0,0,0,0,0,0,0
121415,1,1,1996,15,15,15,15,15,15,15,15,15,15
121415,2,1,1996,10,10,10,10,10,10,10,10,10,10
121416,1,1,1996,0,0,0,11,0,0,0,0,0,0
121416,2,1,1996,0,0,0,0,0,0,0,0,0,0
121416,3,1,1996,0,0,0,0,0,0,0,0,0,0
121417,0,1,1996,6,6,6,6,6,6,6,6,6,6
121417,1,1,1996,0,0,0,0,0,0,0,0,0,0
121418,1,1,1996,0,0,0,0,0,0,0,0,0,0
121418,2,1,1996,0,0,8,0,0,0,0,0,0,6
121419,1,1,1996,0,0,0,0,0,0,0,0,0,0
121419,2,1,1996,0,0,0,0,0,0,0,0,0,0
121420,1,1,1996,0,0,15,0,0,0,0,0,0,0
121420,2,1,1996,0,0,0,0,0,0,0,0,0,0
121421,0,1,1996,0,0,0,0,0,0,0,0,0,0
121421,1,1,1996,0,0,0,0,0,0,0,0,0,0
121421,2,1,1996,0,0,0,0,0,0,0,0,0,9
121422,0,1,1996,0,0,0,0,0,0,0,0,0,0
121422,1,1,1996,0,0,0,0,0,0,0,0,0,0
121423,1,1,1996,0,0,0,13,0,0,0,0,0,0
121424,0,1,1996,3,16,16,27,20,0,0,0,0,0
121424,1,1,1996,0,0,0,0,0,0,0,0,0,0
121425,1,1,1996,0,0,0,0,0,0,0,0,0,0
121426,1,1,1996,1,1,1,1,1,1,1,1,1,1
121426,2,1,1996,0,0,0,0,0,0,0,22,0,0
121426,3,1,1996,0,0,0,0,0,0,0,0,0,0
121427,1,1,1996,23,23,23,23,23,23,23,23,23,23
121428,1,1,1996,21,21,21,21,21,21,21,21,21,21
121428,2,1,1996,0,0,0,0,0,0,0,0,0,0
121430,1,1,1996,0,0,0,0,0,0,0,0,0,0
121430,2,1,1996,23,0,0,14,0,0,0,0,0,0
121431,1,1,1996,0,0,0,0,0,0,0,0,0,0
121432,0,1,1996,0,0,0,0,0,0,0,0,0,0
121432,1,1,1996,0,0,0,0,0,0,0,0,0,0
121433,1,1,1996,0,0,0,0,0,0,0,0,0,0
121433,2,1,1996,0,0,0,0,0,0,0,0,0,0
121434,1,1,1996,0,0,16,12,0,0,0,0,0,0
121434,2,1,1996,0,0,0,0,0,0,0,0,0,0
121435,1,1,1996,24,24,24,24,24,24,24,24,24,24
121435,2,1,1996,0,0,0,0,0,0,0,17,0,0
121436,1,1,1996,0,0,0,0,0,0,0,0,0,0
121436,2,1,1996,0,0,0,0,0,0,0,0,0,0
121437,0,1,1996,0,0,0,0,0,0,0,0,0,0
121437,1,1,1996,15,15,15,15,15,15,15,15,15,15
121438,1,1,1996,33,33,33,33,33,33,33,33,33,33