ST_CASE,VEH_NO,PER_NO,YEAR,P1,P2,P3,P4,P5,P6,P7,P8,P9,P10
121438,2,1,1996,0,0,0,31,0,0,0,0,0,0
121439,0,1,1996,0,0,0,19,34,28,11,0,17,0
121439,1,1,1996,0,0,0,0,0,0,0,0,0,0
121440,1,1,1996,7,7,7,7,7,7,7,7,7,7
121441,1,1,1996,0,0,0,0,0,0,0,0,0,0
121441,2,1,1996,0,0,0,0,0,0,0,0,0,0
121442,1,1,1996,0,0,0,0,0,0,0,0,0,0
121442,2,1,1996,0,0,0,0,0,0,0,0,0,0
121443,1,1,1996,0,0,0,0,0,0,0,0,0,0
121443,2,1,1996,0,0,0,0,0,0,0,0,0,0
121444,1,1,1996,0,0,0,0,0,0,0,0,0,0
121444,2,1,1996,0,0,0,0,0,0,0,0,0,0
121445,1,1,1996,0,0,0,0,0,6,0,0,0,0
121445,2,1,1996,0,0,0,0,0,0,0,0,0,0
121446,1,1,1996,0,0,0,0,0,0,0,0,34,0
121446,2,1,1996,0,0,0,0,0,0,0,0,0,0
121446,3,1,1996,19,0,0,0,0,0,0,0,0,0
121447,1,1,1996,0,0,0,0,0,0,0,0,0,0
121448,0,1,1996,0,0,0,0,0,0,0,0,0,0
121448,1,1,1996,0,15,0,0,0,0,0,0,23,0
121449,1,1,1996,21,21,21,21,21,21,21,21,21,21
121449,2,1,1996,0,0,0,0,0,0,0,0,0,0
121449,3,1,1996,0,0,0,0,0,0,0,0,0,0
121450,0,1,1996,22,22,22,22,22,22,22,22,22,22
121450,1,1,1996,0,0,0,0,0,0,0,0,0,0
121451,0,1,1996,0,0,0,5,0,0,20,0,0,0
121451,1,1,1996,0,0,8,0,0,0,0,0,0,0
121452,1,1,1996,0,0,0,0,0,5,0,3,0,0
121452,2,1,1996,0,0,42,16,13,0,0,0,12,0
121453,1,1,1996,14,14,14,14,14,14,14,14,14,14
121454,1,1,1996,0,0,0,0,0,0,0,18,9,13
121454,2,1,1996,0,0,0,0,0,0,0,0,0,0
121455,1,1,1996,0,0,0,0,0,0,0,0,0,0
121455,2,1,1996,0,0,0,0,0,0,0,0,0,0
121455,3,1,1996,0,0,0,0,0,0,0,0,0,0
121456,0,1,1996,0,13,37,0,0,24,0,0,0,28
121456,0,2,1996,0,0,0,0,0,0,0,0,0,0
121456,1,1,1996,0,0,0,0,12,0,6,0,0,0
121457,1,1,1996,0,0,0,0,0,0,0,0,0,0
121458,0,1,1996,6,6,6,6,6,6,6,6,6,6
121458,1,1,1996,10,10,10,10,10,10,10,10,10,10
121459,1,1,1996,26,26,26,26,26,26,26,26,26,26
121459,2,1,1996,0,0,0,0,0,0,0,0,0,0
121460,1,1,1996,0,0,0,0,0,0,0,0,0,0
121460,2,1,1996,0,0,0,0,0,0,0,0,0,0
121460,3,1,1996,0,0,0,0,0,0,0,0,0,0
121461,0,1,1996,0,0,0,0,0,0,0,0,0,0
121461,1,1,1996,0,0,0,0,0,0,0,0,0,0
121462,0,1,1996,0,0,0,0,0,0,0,0,0,0
121462,1,1,1996,0,15,0,5,0,0,0,0,0,0
121463,1,1,1996,0,0,0,0,0,0,0,0,0,0
121463,2,1,1996,0,0,0,0,0,0,0,0,0,0
121464,1,1,1996,0,0,0,1,0,0,23,0,0,0
121464,2,1,1996,0,0,15,0,0,0,0,0,0,0
121465,1,1,1996,26,26,26,26,26,26,26,26,26,26
121466,1,1,1996,0,0,0,15,0,0,0,0,0,0
121466,2,1,1996,0,0,0,0,0,0,0,0,0,0
121466,3,1,1996,0,0,0,0,0,0,0,0,0,0
121467,1,1,1996,9,9,9,9,9,9,9,9,9,9
121468,1,1,1996,0,0,0,0,0,0,0,0,0,0
121468,2,1,1996,0,0,0,0,0,0,0,0,0,0
121470,1,1,1996,9,9,9,9,9,9,9,9,9,9
121470,2,1,1996,0,0,0,0,0,0,0,0,0,0
121471,1,1,1996,0,0,0,0,0,0,0,0,0,0
121472,0,1,1996,0,0,0,0,0,0,0,0,0,0
121472,0,2,1996,7,0,16,0,0,0,20,0,21,0
121472,0,3,1996,0,23,22,0,0,0,12,0,0,14
121472,1,1,1996,0,0,0,0,0,0,0,0,0,0
121473,0,1,1996,18,18,18,18,18,18,18,18,18,18
121473,1,1,1996,0,0,0,0,0,0,0,0,0,0
121474,1,1,1996,0,0,0,0,0,0,0,0,0,0
121475,1,1,1996,13,13,13,13,13,13,13,13,13,13
121475,2,1,1996,20,20,20,20,20,20,20,20,20,20
121476,1,1,1996,0,0,0,0,0,0,0,0,0,0
121477,0,1,1996,33,33,33,33,33,33,33,33,33,33
121477,1,1,1996,0,0,0,0,0,0,0,0,0,0
121478,1,1,1996,0,0,0,0,0,0,0,0,0,0
121479,1,1,1996,16,16,16,16,16,16,16,16,16,16
121480,1,1,1996,0,0,0,0,0,0,0,0,0,0
121480,2,1,1996,0,0,0,0,0,0,0,0,0,0
121481,1,1,1996,7,7,7,7,7,7,7,7,7,7
121481,2,1,1996,0,0,0,0,0,0,0,0,0,0
121481,3,1,1996,0,0,0,0,0,0,0,0,0,0
121482,1,1,1996,0,0,0,0,0,0,0,0,0,0
121483,0,1,1996,0,0,0,0,0,0,0,0,0,0
121483,1,1,1996,0,0,0,0,0,0,0,0,0,0
121484,1,1,1996,0,0,0,0,0,4,0,0,0,0
121484,2,1,1996,0,0,0,0,0,0,0,0,0,0
121485,1,1,1996,15,15,15,15,15,15,15,15,15,15
121485,2,1,1996,0,9,0,0,0,0,0,0,0,0
121486,1,1,1996,0,0,0,0,0,0,0,0,0,0
121486,2,1,1996,0,0,0,0,0,0,0,0,0,0
121486,3,1,1996,0,0,0,0,0,0,0,0,0,0
121487,0,1,1996,0,0,0,0,0,0,0,0,0,0
121487,1,1,1996,15,15,15,15,15,15,15,15,15,15
121488,1,1,1996,0,0,0,9,0,0,0,0,0,0
121488,2,1,1996,0,0,0,0,0,0,0,0,0,0
121488,3,1,1996,0,0,0,0,5,0,0,0,0,0
121489,1,1,1996,0,0,0,0,0,0,0,0,0,0
121489,2,1,1996,0,0,0,0,0,0,0,0,0,0
121490,1,1,1996,0,0,0,0,20,0,0,0,0,0
121491,1,1,1996,0,9,0,0,0,0,21,17,0,0
121491,2,1,1996,0,0,0,0,0,0,0,0,0,0
121492,1,1,1996,0,0,0,0,0,0,0,0,0,0
121492,2,1,1996,0,0,0,0,0,0,0,0,0,0
121493,1,1,1996,0,0,0,0,0,0,0,0,0,0
121493,2,1,1996,0,0,23,0,0,0,8,0,0,0
121494,1,1,1996,0,0,0,0,0,0,0,0,0,0
121494,2,1,1996,0,0,0,0,0,0,0,0,0,0
121495,0,1,1996,0,0,0,0,0,0,0,0,0,0
121495,1,1,1996,0,0,0,0,0,0,0,0,0,0
121496,1,1,1996,0,0,0,0,0,0,0,0,0,0
121496,2,1,1996,0,0,0,0,0,0,0,0,0,0
121497,0,1,1996,26,26,26,26,26,26,26,26,26,26
121497,1,1,1996,10,0,0,0,0,0,0,0,0,0
121498,1,1,1996,0,0,0,0,27,0,0,0,0,0
121498,2,1,1996,0,0,0,0,0,0,0,0,0,0
121499,0,1,1996,34,34,34,34,34,34,34,34,34,34
121499,1,1,1996,0,20,0,0,0,0,0,0,0,0
121500,1,1,1996,0,0,0,0,0,0,0,0,0,0
121500,2,1,1996,0,0,0,0,0,0,0,0,0,0
121501,1,1,1996,11,11,11,11,11,11,11,11,11,11
121501,2,1,1996,20,0,0,0,0,0,0,0,0,0
121502,1,1,1996,0,0,0,0,0,0,0,0,0,0
121502,2,1,1996,0,0,0,0,0,0,0,0,0,0
121503,1,1,1996,0,0,0,0,0,0,0,0,0,0
121503,2,1,1996,0,0,0,0,0,0,0,0,0,0
121504,0,1,1996,33,33,33,33,33,33,33,33,33,33
121504,0,2,1996,5,5,5,5,5,5,5,5,5,5
121504,1,1,1996,11,11,11,11,11,11,11,11,11,11
121505,1,1,1996,0,0,0,0,0,0,0,0,0,0
121505,2,1,1996,0,0,0,0,0,0,0,0,0,0
121506,1,1,1996,4,4,4,4,4,4,4,4,4,4
121506,2,1,1996,0,0,0,0,0,0,0,0,0,0
121507,1,1,1996,0,0,0,0,0,0,0,0,0,29
121507,2,1,1996,0,0,0,0,0,0,0,0,0,0
121507,3,1,1996,0,0,0,0,16,0,0,0,0,0
121508,1,1,1996,0,0,0,0,0,0,0,0,0,0
121508,2,1,1996,19,19,19,19,19,19,19,19,19,19
121509,0,1,1996,0,0,0,0,0,0,0,0,0,0
121509,1,1,1996,0,2,13,0,0,0,7,0,0,10
121510,1,1,1996,24,24,24,24,24,24,24,24,24,24
121510,2,1,1996,0,0,0,0,0,0,0,0,0,0
121511,1,1,1996,0,0,0,0,0,0,0,0,0,0
121511,2,1,1996,4,4,4,4,4,4,4,4,4,4
121512,0,1,1996,34,34,34,34,34,34,34,34,34,34
121512,1,1,1996,1,0,0,0,0,9,19,0,7,0
121513,1,1,1996,8,8,8,8,8,8,8,8,8,8
121514,1,1,1996,0,0,0,0,0,0,0,0,0,0
121514,2,1,1996,0,0,0,0,0,0,0,0,0,0
121515,0,1,1996,22,22,22,22,22,22,22,22,22,22
121515,1,1,1996,0,0,0,0,0,0,0,0,0,0
121516,1,1,1996,0,0,0,0,0,0,0,0,0,0
121517,1,1,1996,0,0,0,0,0,0,0,0,0,0
121518,0,1,1996,13,13,13,13,13,13,13,13,13,13
121518,1,1,1996,0,0,0,0,0,0,0,0,0,0
121519,1,1,1996,0,0,0,0,0,0,0,0,0,0
121520,0,1,1996,26,26,26,26,26,26,26,26,26,26
121520,1,1,1996,24,0,0,0,0,0,0,0,0,0
121521,0,1,1996,25,25,25,25,25,25,25,25,25,25
121521,1,1,1996,7,7,7,7,7,7,7,7,7,7
121522,0,1,1996,20,0,19,22,0,18,0,17,8,0
121522,1,1,1996,0,0,0,0,0,0,0,0,0,0
121523,0,1,1996,0,0,0,0,0,0,0,0,0,0
121523,1,1,1996,0,0,0,0,0,0,0,0,0,0
121524,1,1,1996,0,0,0,0,0,0,0,7,0,16
121524,2,1,1996,0,0,0,0,0,0,0,7,0,0
121525,0,1,1996,0,0,0,0,0,0,0,0,0,0
121525,1,1,1996,0,0,0,0,0,16,0,0,0,0
121526,1,1,1996,13,13,13,13,13,13,13,13,13,13
121526,2,1,1996,13,13,13,13,13,13,13,13,13,13
121527,1,1,1996,20,20,20,20,20,20,20,20,20,20
121527,2,1,1996,0,0,0,0,0,0,0,0,0,0
121528,1,1,1996,32,32,32,32,32,32,32,32,32,32
121529,0,1,1996,0,0,0,0,0,0,0,0,0,0
121529,1,1,1996,0,0,0,0,0,0,0,0,0,0
121530,0,1,1996,11,11,11,11,11,11,11,11,11,11
121530,1,1,1996,0,14,5,13,27,25,0,0,10,0
121531,1,1,1996,0,0,0,0,0,9,0,0,0,0
121531,2,1,1996,0,6,0,0,0,0,0,0,0,0
121532,1,1,1996,0,0,0,0,0,0,0,0,0,0
121532,2,1,1996,0,0,0,0,0,0,0,0,0,0
121533,1,1,1996,0,0,0,0,0,0,0,0,0,0
121533,2,1,1996,0,0,0,0,0,0,0,0,0,0
121534,0,1,1996,29,29,29,29,29,29,29,29,29,29
121534,1,1,1996,0,21,0,7,0,0,0,0,0,0
121535,1,1,1996,0,0,0,0,0,0,0,0,0,0
121535,2,1,1996,0,0,0,0,0,0,0,0,0,0
121536,0,1,1996,21,25,18,27,13,19,14,13,16,0
121536,0,2,1996,0,0,0,0,0,0,0,0,0,0
121536,1,1,1996,0,0,0,0,0,0,0,0,0,0
121537,1,1,1996,22,22,22,22,22,22,22,22,22,22
121537,2,1,1996,0,0,5,0,0,0,0,0,8,0
121537,3,1,1996,0,0,0,0,0,0,0,0,0,0
121537,4,1,1996,0,0,0,0,0,0,0,0,0,0
121538,1,1,1996,18,18,18,18,18,18,18,18,18,18
121539,1,1,1996,0,0,0,0,0,0,0,0,0,0
121539,2,1,1996,0,0,0,0,0,0,0,0,0,0
121540,1,1,1996,10,10,10,10,10,10,10,10,10,10
121541,1,1,1996,0,0,0,0,0,0,0,18,0,0
121541,2,1,1996,0,0,0,0,0,0,0,0,0,0
121542,1,1,1996,21,21,21,21,21,21,21,21,21,21
121543,1,1,1996,0,0,0,9,21,0,0,0,0,0
121544,0,1,1996,0,0,0,0,0,0,0,0,0,0
121544,1,1,1996,0,0,0,0,0,0,0,0,0,0
121545,1,1,1996,0,0,0,0,0,0,0,0,0,0
121546,1,1,1996,18,18,18,18,18,18,18,18,18,18
121547,1,1,1996,33,33,33,33,33,33,33,33,33,33
121547,2,1,1996,0,0,0,0,0,0,0,0,0,0
121548,1,1,1996,0,0,0,0,0,0,0,0,0,0
121548,2,1,1996,0,0,0,0,0,0,0,0,0,0
121548,3,1,1996,0,0,0,0,0,0,0,0,0,0
121548,4,1,1996,0,0,0,0,0,0,0,0,5,0
121548,5,1,1996,0,0,0,10,5,0,0,0,0,0
121548,6,1,1996,0,0,8,0,5,0,0,0,0,0
121548,7,1,1996,0,0,0,0,0,0,0,0,0,0
121548,8,1,1996,0,0,0,0,0,0,0,0,0,0
121549,1,1,1996,0,0,0,0,0,0,0,0,0,0
121549,2,1,1996,0,0,0,0,0,0,0,0,0,0
121550,1,1,1996,14,14,14,14,14,14,14,14,14,14
121551,0,1,1996,0,0,0,0,0,0,0,0,0,0
121551,1,1,1996,0,0,0,0,0,0,9,0,16,0
121552,1,1,1996,0,0,0,0,0,0,0,0,0,0
121552,2,1,1996,0,0,0,0,0,0,0,0,0,0
121553,1,1,1996,0,0,0,0,6,0,0,0,0,0
121553,2,1,1996,0,0,0,0,0,0,0,0,0,0
121554,1,1,1996,22,22,22,22,22,22,22,22,22,22
121555,1,1,1996,0,0,0,0,0,0,0,0,0,0
121555,2,1,1996,0,0,0,0,0,0,0,0,0,0
121556,1,1,1996,0,0,0,0,0,0,0,0,0,0
121557,1,1,1996,0,0,0,0,0,0,0,0,0,0
121558,1,1,1996,0,0,0,0,0,0,0,0,0,0
121558,2,1,1996,0,0,0,0,0,0,0,0,0,0
121559,1,1,1996,5,5,5,5,5,5,5,5,5,5
121560,1,1,1996,0,9,0,0,0,0,0,0,0,0
121560,2,1,1996,0,0,0,0,0,0,0,15,0,15
121560,3,1,1996,0,0,0,0,0,0,0,0,0,8
121561,1,1,1996,0,0,0,0,0,0,0,0,0,0
121562,1,1,1996,9,9,9,9,9,9,9,9,9,9
121562,2,1,1996,0,0,0,0,0,0,0,0,0,0
121563,0,1,1996,0,0,0,0,0,0,0,0,0,0
121563,1,1,1996,0,0,0,0,0,0,0,0,0,0
121564,1,1,1996,0,0,0,0,0,0,0,0,0,0
121565,0,1,1996,0,0,0,0,0,0,0,0,0,0
121565,1,1,1996,0,0,0,0,0,0,18,0,0,0
121566,1,1,1996,0,0,0,0,0,0,0,0,0,0
121566,2,1,1996,0,0,0,0,0,0,0,0,0,0
121567,0,1,1996,0,27,31,18,17,19,40,12,0,6
121567,1,1,1996,5,0,0,0,0,0,3,0,0,12
121568,1,1,1996,0,0,0,0,0,0,0,0,0,0
121568,2,1,1996,0,0,0,0,0,0,0,0,0,0
121569,1,1,1996,0,0,0,0,0,0,0,0,0,0
121569,2,1,1996,0,0,0,0,0,0,0,0,0,0
121570,1,1,1996,0,0,0,0,0,0,0,0,0,0
121571,1,1,1996,0,0,0,0,0,0,0,0,0,0
121571,2,1,1996,0,0,0,0,0,0,0,0,0,0
121572,1,1,1996,0,0,0,0,0,0,0,0,0,0
121572,2,1,1996,0,0,0,0,0,0,0,0,0,0
121574,0,1,1996,0,0,0,0,0,0,0,0,0,0
121574,1,1,1996,0,0,0,0,0,0,0,0,0,0
121575,1,1,1996,15,15,15,15,15,15,15,15,15,15
121576,1,1,1996,0,0,0,0,0,0,0,0,0,0
121576,2,1,1996,0,0,0,0,0,0,0,0,0,0
121577,1,1,1996,0,0,0,0,0,0,0,0,0,0
121578,0,1,1996,0,0,0,0,0,0,0,0,0,0
121578,1,1,1996,0,0,0,0,0,0,0,0,0,0
121579,1,1,1996,0,0,0,0,0,0,0,0,0,0
121579,2,1,1996,10,10,10,10,10,10,10,10,10,10
121580,0,1,1996,0,0,0,0,0,0,0,0,0,0
121580,1,1,1996,0,0,0,0,0,0,0,0,0,0
121581,0,1,1996,0,0,0,0,0,14,0,0,0,0
121581,1,1,1996,0,0,0,0,0,0,0,0,0,0
121582,0,1,1996,29,29,29,29,29,29,29,29,29,29
121582,1,1,1996,0,9,0,0,0,0,0,0,0,0
121583,1,1,1996,14,0,0,0,0,0,0,0,0,13
121583,2,1,1996,0,0,0,0,0,0,0,0,0,0
121584,1,1,1996,6,16,26,4,19,17,5,0,15,10
121585,1,1,1996,26,26,26,26,26,26,26,26,26,26
121585,2,1,1996,0,10,0,0,0,0,0,0,0,0
121586,1,1,1996,10,10,10,10,10,10,10,10,10,10
121587,1,1,1996,0,0,0,0,0,0,0,0,0,0
121587,2,1,1996,12,12,12,12,12,12,12,12,12,12
121588,1,1,1996,0,0,0,0,9,0,0,0,6,0
121588,2,1,1996,17,0,0,0,11,0,0,16,25,0
121588,3,1,1996,0,0,0,0,0,0,0,0,3,0
121589,0,1,1996,22,22,22,22,22,22,22,22,22,22
121589,1,1,1996,0,0,9,23,0,0,0,18,0,0
121590,1,1,1996,0,0,0,0,0,0,0,0,0,0
121590,2,1,1996,0,0,0,0,0,0,0,0,0,0
121591,1,1,1996,0,0,0,0,0,0,0,0,0,0
121591,2,1,1996,0,0,0,0,0,0,0,0,0,0
121592,1,1,1996,0,10,0,0,8,18,20,0,28,0
121592,2,1,1996,0,6,0,0,11,0,9,0,0,12
121593,1,1,1996,0,0,0,0,0,0,0,0,0,0
121593,2,1,1996,0,0,0,0,0,0,0,0,0,0
121594,1,1,1996,0,0,0,0,0,0,0,0,0,0
121595,1,1,1996,14,14,14,14,14,14,14,14,14,14
121596,0,1,1996,0,0,0,0,0,0,0,0,0,0
121596,1,1,1996,0,0,0,0,0,0,0,0,0,0
121597,1,1,1996,20,20,20,20,20,20,20,20,20,20
121597,2,1,1996,0,0,0,0,0,0,0,0,0,0
121598,1,1,1996,18,18,18,18,18,18,18,18,18,18
121599,1,1,1996,0,0,0,0,0,0,0,0,0,0
121600,1,1,1996,0,0,0,0,0,0,0,0,0,0
121601,1,1,1996,16,0,0,0,0,0,0,0,14,0
121601,2,1,1996,0,0,0,0,0,0,10,0,0,0
121601,3,1,1996,0,0,0,0,0,0,0,0,0,0
121602,1,1,1996,0,0,0,0,0,0,0,0,0,0
121603,1,1,1996,11,23,11,18,12,2,20,14,19,24
121604,1,1,1996,0,0,0,0,0,0,0,0,0,0
121604,2,1,1996,0,0,0,0,0,0,0,0,0,0
121605,1,1,1996,18,18,18,18,18,18,18,18,18,18
121606,1,1,1996,3,3,3,3,3,3,3,3,3,3
121607,1,1,1996,28,28,28,28,28,28,28,28,28,28
121608,1,1,1996,0,0,0,0,0,0,0,0,0,0
121608,2,1,1996,12,12,12,12,12,12,12,12,12,12
121609,1,1,1996,0,0,0,0,0,0,0,0,0,0
121609,2,1,1996,0,0,0,0,0,0,0,0,0,0
121610,0,1,1996,31,0,38,0,0,0,0,0,0,0
121610,1,1,1996,0,0,0,0,0,0,18,0,0,0
121611,0,1,1996,9,0,0,0,0,0,0,0,0,19
121611,1,1,1996,0,0,0,40,0,0,0,12,0,6
121612,1,1,1996,22,22,22,22,22,22,22,22,22,22
121613,1,1,1996,0,0,0,0,0,2,9,6,0,0
121614,1,1,1996,0,0,0,0,0,0,0,0,0,0
121614,2,1,1996,0,0,0,0,0,0,0,23,0,0
121615,1,1,1996,0,0,0,0,0,0,0,0,0,0
121615,2,1,1996,0,0,0,0,0,0,0,0,0,0
121616,1,1,1996,31,31,31,31,31,31,31,31,31,31
121616,2,1,1996,0,0,0,0,0,0,0,0,0,0
121617,1,1,1996,0,0,0,0,0,0,0,0,0,0
121617,2,1,1996,0,0,0,0,0,0,0,0,0,0
121618,1,1,1996,17,17,17,17,17,17,17,17,17,17
121619,1,1,1996,0,0,0,0,0,0,0,0,0,0
121619,2,1,1996,0,0,0,0,0,0,0,0,0,0
121619,3,1,1996,0,0,0,0,0,0,0,0,0,0
121620,0,1,1996,0,0,0,0,0,0,0,0,0,0
121620,1,1,1996,0,0,0,0,0,0,0,0,0,0
121620,2,1,1996,0,0,0,0,0,0,0,0,0,0
121621,1,1,1996,2,2,2,2,2,2,2,2,2,2
121622,1,1,1996,26,26,26,26,26,26,26,26,26,26
121623,0,1,1996,0,0,0,0,0,0,0,0,0,0
121623,1,1,1996,0,0,0,0,0,0,0,24,13,0
121624,1,1,1996,0,0,0,0,0,0,0,0,0,0
121625,0,1,1996,6,6,6,6,6,6,6,6,6,6
121625,1,1,1996,0,0,0,0,0,0,0,0,0,0
121626,0,1,1996,41,41,41,41,41,41,41,41,41,41
121626,0,2,1996,3,3,3,3,3,3,3,3,3,3
121626,1,1,1996,0,0,0,7,0,0,0,0,0,0
121627,1,1,1996,0,0,0,0,0,0,0,0,0,0
121628,1,1,1996,0,0,0,0,0,0,0,0,0,0
121629,0,1,1996,24,24,24,24,24,24,24,24,24,24
121629,1,1,1996,20,20,20,20,20,20,20,20,20,20
121630,1,1,1996,0,0,0,0,0,0,0,0,0,0
121630,2,1,1996,0,0,0,0,0,0,0,0,0,0
121630,3,1,1996,0,0,0,0,0,0,0,0,0,0
121631,1,1,1996,14,14,14,14,14,14,14,14,14,14
121632,1,1,1996,11,11,11,11,11,11,11,11,11,11
121632,2,1,1996,0,0,0,0,0,0,0,0,0,0
121633,1,1,1996,28,25,17,23,23,29,25,22,11,16
121634,0,1,1996,0,0,0,0,0,0,0,0,0,0
121634,1,1,1996,0,0,0,0,0,0,0,0,0,0
121635,1,1,1996,20,30,0,0,0,0,0,0,0,0
121635,2,1,1996,0,0,0,0,26,0,0,0,0,0
121636,1,1,1996,0,0,0,0,0,0,0,0,0,0
121636,2,1,1996,0,0,0,0,0,0,0,0,0,0
121637,1,1,1996,0,0,0,0,0,0,0,0,0,0
121637,2,1,1996,16,16,16,16,16,16,16,16,16,16
121638,0,1,1996,0,23,0,0,0,0,0,12,26,0
121638,1,1,1996,0,0,0,0,0,15,0,0,0,0
121639,0,1,1996,14,14,14,14,14,14,14,14,14,14
121639,1,1,1996,0,0,0,0,0,0,0,0,0,0
121639,2,1,1996,0,0,0,0,0,0,0,0,0,8
121639,3,1,1996,0,0,0,0,0,0,0,0,7,0
121640,0,1,1996,0,0,0,0,0,0,0,0,0,0
121640,1,1,1996,0,0,0,0,0,0,0,0,0,0
121641,1,1,1996,0,0,0,0,0,0,0,0,0,0
121642,1,1,1996,6,6,6,6,6,6,6,6,6,6
121642,2,1,1996,0,0,0,0,0,0,0,0,0,0
121642,3,1,1996,0,0,0,0,0,0,0,0,0,0
121643,1,1,1996,0,0,0,0,18,0,0,0,0,16
121643,2,1,1996,0,0,0,0,0,0,0,0,0,0
121644,1,1,1996,0,0,0,0,0,0,0,0,0,0
121644,2,1,1996,0,0,0,0,0,0,0,0,0,0
121645,1,1,1996,0,0,0,0,0,0,0,0,6,0
121646,1,1,1996,23,0,0,0,0,0,6,0,0,16
121646,2,1,1996,25,0,0,0,0,0,0,0,9,0
121646,3,1,1996,0,0,0,0,0,0,0,0,16,0
121646,4,1,1996,0,0,0,4,0,0,0,0,0,0
121646,5,1,1996,0,0,0,0,0,0,0,0,0,0
121647,1,1,1996,12,12,12,12,12,12,12,12,12,12
121648,1,1,1996,0,0,0,0,0,0,0,0,0,0
121649,1,1,1996,0,0,0,0,0,0,0,0,0,4
121649,2,1,1996,0,0,0,0,0,0,0,0,0,0
121650,0,1,1996,3,3,3,3,3,3,3,3,3,3
121650,1,1,1996,2,2,2,2,2,2,2,2,2,2
121651,0,1,1996,20,20,20,20,20,20,20,20,20,20
121651,1,1,1996,0,15,5,0,0,0,0,0,0,1
121652,1,1,1996,0,0,0,0,0,0,0,0,0,0
121652,2,1,1996,0,0,0,0,0,0,0,0,0,0
121653,0,1,1996,0,0,0,0,0,0,0,0,0,0
121653,1,1,1996,0,0,0,0,0,0,0,0,0,0
121653,2,1,1996,6,0,0,0,0,0,0,0,0,0
121654,1,1,1996,0,0,0,0,0,0,0,0,0,0
121654,2,1,1996,0,0,0,0,0,0,0,0,0,0
121654,3,1,1996,0,0,0,0,0,0,0,0,0,0
121655,0,1,1996,42,42,42,42,42,42,42,42,42,42
121655,1,1,1996,0,30,0,0,0,0,13,0,0,0
121656,0,1,1996,2,2,2,2,2,2,2,2,2,2
121656,1,1,1996,0,0,0,0,0,0,0,0,0,0
121657,1,1,1996,24,24,24,24,24,24,24,24,24,24
121657,2,1,1996,0,0,0,0,0,0,0,0,0,0
121658,0,1,1996,0,0,0,0,0,0,0,0,0,0
121658,1,1,1996,0,0,0,0,0,0,0,0,0,0
121659,0,1,1996,34,34,34,34,34,34,34,34,34,34
121659,1,1,1996,8,8,0,0,0,0,0,0,0,23
121659,2,1,1996,0,0,0,0,0,0,0,0,0,0
121660,0,1,1996,5,5,5,5,5,5,5,5,5,5
121660,1,1,1996,0,0,0,0,0,0,0,0,0,0
121661,1,1,1996,0,0,0,0,0,0,0,0,0,0
121661,2,1,1996,0,0,0,0,0,0,0,0,0,0
121662,1,1,1996,0,0,0,0,0,0,0,0,0,0
121662,2,1,1996,0,0,0,0,0,0,0,0,0,0
121663,1,1,1996,20,20,20,20,20,20,20,20,20,20
121663,2,1,1996,9,9,9,9,9,9,9,9,9,9
121664,1,1,1996,10,0,0,0,23,12,24,13,27,0
121664,2,1,1996,0,0,0,0,0,0,0,0,0,0
121665,1,1,1996,28,28,28,28,28,28,28,28,28,28
121666,0,1,1996,0,0,25,0,0,0,0,0,0,0
121666,1,1,1996,0,0,0,0,0,0,0,0,0,0
121667,1,1,1996,0,0,0,0,0,0,0,0,0,0
121668,1,1,1996,21,21,21,21,21,21,21,21,21,21
121669,1,1,1996,9,9,9,9,9,9,9,9,9,9
121669,2,1,1996,0,0,0,0,0,0,0,0,0,6
121670,0,1,1996,0,0,0,0,0,0,0,0,0,0
121670,1,1,1996,25,0,0,0,0,0,0,0,0,0
121670,2,1,1996,0,38,0,0,0,0,0,0,0,0
121671,1,1,1996,0,0,0,0,0,0,0,0,0,0
121672,0,1,1996,36,6,16,0,34,29,25,18,8,36
121672,1,1,1996,13,0,7,0,0,5,0,8,6,9
121673,0,1,1996,32,32,32,32,32,32,32,32,32,32
121673,1,1,1996,0,0,0,0,0,0,0,0,0,0
121674,0,1,1996,0,0,0,0,0,0,0,0,0,26
121674,1,1,1996,0,0,0,0,0,0,0,0,0,14
121675,1,1,1996,0,0,0,0,0,0,0,0,0,0
121676,1,1,1996,16,16,16,16,16,16,16,16,16,16
121677,0,1,1996,0,0,29,0,24,24,0,0,0,10
121677,1,1,1996,11,6,0,0,0,0,0,0,0,0
121677,2,1,1996,0,9,0,0,0,0,0,0,0,0
121677,3,1,1996,0,22,0,0,0,17,0,0,0,0
121678,1,1,1996,20,20,20,20,20,20,20,20,20,20
121679,1,1,1996,42,42,42,42,42,42,42,42,42,42
121680,1,1,1996,19,19,19,19,19,19,19,19,19,19
121680,2,1,1996,0,0,0,0,0,0,0,0,0,0
121680,3,1,1996,0,0,0,0,0,0,0,0,0,0
121680,4,1,1996,0,0,0,0,0,0,0,0,0,0
121681,1,1,1996,0,0,0,0,0,0,0,0,0,0
121681,2,1,1996,0,0,0,0,0,0,0,0,0,0
121682,0,1,1996,17,17,17,17,17,17,17,17,17,17
121682,1,1,1996,0,0,0,0,0,0,0,0,14,0