ST_CASE,VEH_NO,PER_NO,YEAR,P1,P2,P3,P4,P5,P6,P7,P8,P9,P10
121683,1,1,1996,14,14,14,14,14,14,14,14,14,14
121684,0,1,1996,5,5,5,5,5,5,5,5,5,5
121684,1,1,1996,0,0,0,0,0,0,0,0,0,0
121685,1,1,1996,0,0,0,0,0,0,0,0,0,0
121685,2,1,1996,0,0,0,0,0,0,0,0,0,0
121686,1,1,1996,0,0,0,0,0,0,0,0,0,0
121686,2,1,1996,0,0,0,0,0,0,0,0,0,0
121687,0,1,1996,0,0,0,0,0,0,0,0,0,0
121687,1,1,1996,0,0,0,0,0,0,0,0,0,0
121688,0,1,1996,0,0,0,0,0,0,0,0,26,0
121688,1,1,1996,0,0,0,0,0,0,0,0,0,0
121689,1,1,1996,12,7,0,0,0,0,0,0,0,0
121690,1,1,1996,0,0,0,0,0,0,0,0,0,0
121690,2,1,1996,0,13,0,0,0,0,0,0,0,0
121691,1,1,1996,0,0,0,0,0,0,0,0,0,13
121692,1,1,1996,0,0,0,0,0,0,0,0,0,0
121692,2,1,1996,0,0,0,0,0,0,0,0,0,0
121693,1,1,1996,0,0,0,0,0,0,0,0,0,0
121693,2,1,1996,16,0,0,0,0,23,9,0,0,0
121694,1,1,1996,0,0,0,6,12,0,0,0,0,22
121694,2,1,1996,14,0,7,0,0,0,0,0,0,0
121694,3,1,1996,0,0,0,0,0,0,0,0,0,0
121695,1,1,1996,0,0,0,0,0,0,0,0,0,0
121695,2,1,1996,0,0,0,0,0,0,0,0,0,0
121696,1,1,1996,20,29,32,5,32,23,0,9,0,20
121697,0,1,1996,1,1,1,1,1,1,1,1,1,1
121697,1,1,1996,0,0,0,0,0,0,0,0,0,0
121698,1,1,1996,23,0,0,0,8,0,31,0,0,0
121698,2,1,1996,17,17,17,17,17,17,17,17,17,17
121698,3,1,1996,0,0,0,0,0,0,0,0,0,0
121699,1,1,1996,0,0,0,0,0,0,0,0,0,0
121699,2,1,1996,0,0,0,0,0,0,0,0,0,0
121700,1,1,1996,0,0,0,0,0,0,0,0,0,0
121700,2,1,1996,0,0,0,0,21,0,0,0,0,0
121700,3,1,1996,0,12,0,0,0,0,0,0,0,0
121701,1,1,1996,0,0,0,0,0,0,0,0,0,0
121701,2,1,1996,0,0,0,0,0,0,0,0,0,0
121702,1,1,1996,0,0,0,0,0,0,0,0,0,0
121702,2,1,1996,0,0,0,0,0,0,0,0,0,0
121703,1,1,1996,0,0,0,0,0,0,0,0,0,0
121703,2,1,1996,0,0,0,0,0,0,0,0,0,10
121703,3,1,1996,0,0,0,0,0,3,0,0,0,0
121704,1,1,1996,0,12,0,0,0,0,0,0,0,0
121705,1,1,1996,0,10,0,0,22,0,0,5,15,0
121706,1,1,1996,0,0,0,0,0,0,0,0,0,0
121706,2,1,1996,0,0,0,0,0,0,0,0,0,0
121707,1,1,1996,24,24,24,24,24,24,24,24,24,24
121708,1,1,1996,7,0,0,3,0,0,0,0,0,0
121708,2,1,1996,0,0,0,0,0,0,0,0,0,0
121709,1,1,1996,0,0,0,0,0,0,0,0,0,0
121709,2,1,1996,0,0,0,0,0,0,0,0,21,0
121709,3,1,1996,0,0,0,0,0,0,0,0,0,0
121710,1,1,1996,0,0,0,0,0,0,0,0,0,0
121711,1,1,1996,0,0,0,0,0,0,0,0,0,0
121711,2,1,1996,0,0,0,0,0,0,0,0,15,0
121712,1,1,1996,0,0,0,0,0,0,0,0,0,0
121713,1,1,1996,0,0,0,0,0,0,23,0,0,0
121713,2,1,1996,0,0,0,0,0,0,0,0,0,0
121714,1,1,1996,26,26,26,26,26,26,26,26,26,26
121714,2,1,1996,18,18,18,18,18,18,18,18,18,18
121715,1,1,1996,21,21,21,21,21,21,21,21,21,21
121715,2,1,1996,14,0,0,0,0,0,0,0,0,0
121715,3,1,1996,0,0,0,0,0,0,0,0,0,0
121716,1,1,1996,0,0,0,0,0,0,0,0,0,0
121716,2,1,1996,0,0,0,0,0,0,0,0,0,0
121717,1,1,1996,18,18,18,18,18,18,18,18,18,18
121718,0,1,1996,15,15,15,15,15,15,15,15,15,15
121718,1,1,1996,0,0,0,0,0,0,0,0,0,0
121719,1,1,1996,0,0,0,19,0,0,0,0,0,0
121719,2,1,1996,0,0,0,0,0,0,0,0,0,0
121720,0,1,1996,0,0,0,0,0,0,0,0,0,0
121720,1,1,1996,0,0,0,0,0,0,0,0,0,0
121721,1,1,1996,0,0,0,0,0,0,0,0,0,0
121722,1,1,1996,0,0,0,0,0,0,0,0,0,0
121722,2,1,1996,0,0,0,0,0,0,0,0,0,0
121723,1,1,1996,0,0,0,0,0,0,0,0,0,0
121723,2,1,1996,0,0,0,0,0,0,0,11,0,0
121724,0,1,1996,0,0,0,0,0,0,0,0,0,0
121724,1,1,1996,0,0,0,0,0,0,0,0,0,0
121725,1,1,1996,4,0,0,0,0,0,0,25,0,0
121726,1,1,1996,0,0,0,0,0,0,0,0,0,0
121726,2,1,1996,0,0,0,9,0,0,0,0,0,0
121727,1,1,1996,0,0,0,0,0,0,0,0,0,0
121728,1,1,1996,5,21,16,12,15,12,0,7,0,11
121729,1,1,1996,0,0,0,0,0,0,0,0,0,0
121730,1,1,1996,0,0,0,0,0,0,0,0,0,0
121731,0,1,1996,0,0,0,0,0,0,0,0,0,0
121731,1,1,1996,0,0,0,0,0,0,0,0,0,0
121732,1,1,1996,15,15,15,15,15,15,15,15,15,15
121732,2,1,1996,20,4,12,15,8,11,7,29,18,16
121733,1,1,1996,0,0,0,22,0,0,0,0,27,0
121733,2,1,1996,0,0,0,0,0,0,15,0,0,0
121734,0,1,1996,25,25,25,25,25,25,25,25,25,25
121734,1,1,1996,11,3,0,6,11,0,5,0,0,11
121734,2,1,1996,0,0,14,0,0,0,5,8,0,0
121734,3,1,1996,40,13,17,0,14,0,10,9,8,9
121735,1,1,1996,3,3,3,3,3,3,3,3,3,3
121736,1,1,1996,0,0,0,0,0,0,0,0,0,0
121736,2,1,1996,0,0,0,0,0,0,0,0,0,0
121736,3,1,1996,30,0,0,0,0,0,0,0,0,0
121737,1,1,1996,19,0,0,0,0,0,0,0,0,0
121738,0,1,1996,17,17,17,17,17,17,17,17,17,17
121738,1,1,1996,0,6,19,12,0,0,28,0,0,0
121739,1,1,1996,0,0,0,0,0,0,0,0,0,0
121739,2,1,1996,0,0,0,0,0,0,0,0,0,0
121740,0,1,1996,36,30,21,11,0,22,10,26,19,0
121740,1,1,1996,0,0,0,0,0,0,0,0,0,0
121741,1,1,1996,0,0,0,0,0,0,0,0,0,0
121742,1,1,1996,24,13,23,0,0,27,0,0,9,14
121742,2,1,1996,0,0,0,0,0,0,0,0,0,0
121743,0,1,1996,0,32,0,0,0,0,0,0,0,0
121743,1,1,1996,9,0,0,0,0,0,0,0,0,0
121744,0,1,1996,0,0,0,0,0,0,0,0,0,0
121744,1,1,1996,0,0,0,12,0,8,0,0,0,16
121745,1,1,1996,0,0,0,0,0,0,0,0,0,0
121746,1,1,1996,0,0,0,9,0,0,0,0,18,0
121747,1,1,1996,0,0,0,0,0,0,0,0,0,11
121747,2,1,1996,0,0,0,0,0,0,0,0,0,0
121748,0,1,1996,0,0,0,0,0,0,0,0,0,0
121748,1,1,1996,0,0,0,0,0,0,0,0,0,0
121749,1,1,1996,0,0,0,0,0,0,0,0,0,0
121750,0,1,1996,0,0,0,0,0,0,0,0,0,0
121750,1,1,1996,0,0,0,0,0,0,0,0,0,0
121751,1,1,1996,0,0,0,0,0,0,0,0,0,0
121752,1,1,1996,0,0,0,0,0,0,0,0,0,0
121752,2,1,1996,0,0,0,0,0,0,0,0,0,0
121753,1,1,1996,0,0,0,0,0,0,0,0,0,0
121753,2,1,1996,0,0,0,0,0,0,0,0,0,0
121754,0,1,1996,20,20,20,20,20,20,20,20,20,20
121754,1,1,1996,0,0,0,23,0,6,0,0,0,0
121756,1,1,1996,0,0,0,0,0,0,0,0,0,0
121756,2,1,1996,0,0,0,0,0,0,0,0,0,0
121757,1,1,1996,14,14,14,14,14,14,14,14,14,14
121758,1,1,1996,16,16,16,16,16,16,16,16,16,16
121759,1,1,1996,16,16,16,16,16,16,16,16,16,16
121760,1,1,1996,0,0,0,0,0,0,0,0,0,0
121760,2,1,1996,0,0,0,0,0,0,0,0,0,0
121761,1,1,1996,0,0,0,0,0,0,0,0,0,0
121761,2,1,1996,0,0,0,0,0,0,0,0,0,0
121762,1,1,1996,0,0,0,0,0,0,0,0,0,0
121763,1,1,1996,0,0,0,0,0,0,0,0,0,0
121763,2,1,1996,0,0,0,0,0,0,0,0,0,0
121764,0,1,1996,5,5,5,5,5,5,5,5,5,5
121764,1,1,1996,0,0,0,0,0,0,0,0,7,0
121765,0,1,1996,0,0,0,30,23,0,0,0,0,0
121765,1,1,1996,0,0,0,0,0,0,0,0,0,0
121766,1,1,1996,15,15,15,15,15,15,15,15,15,15
121767,0,1,1996,0,0,29,0,0,0,0,0,0,0
121767,1,1,1996,0,0,0,0,0,0,0,0,0,0
121767,2,1,1996,0,0,0,0,0,0,0,0,0,0
121768,1,1,1996,0,0,0,0,0,0,0,0,0,0
121768,2,1,1996,0,0,0,0,0,0,0,0,0,0
121769,1,1,1996,0,0,0,0,0,0,0,0,0,0
121769,2,1,1996,0,0,0,0,0,0,0,0,0,0
121769,3,1,1996,0,0,0,5,0,0,6,0,0,0
121770,1,1,1996,0,0,0,0,0,0,0,0,0,0
121770,2,1,1996,0,0,0,0,0,0,0,0,0,0
121771,0,1,1996,0,0,0,0,0,0,0,0,0,0
121771,0,2,1996,0,0,0,29,0,0,0,0,0,0
121771,1,1,1996,0,0,0,0,0,0,0,0,0,0
121771,2,1,1996,0,0,0,0,11,0,0,0,0,0
121772,1,1,1996,26,26,26,26,26,26,26,26,26,26
121772,2,1,1996,0,0,0,0,0,0,0,0,0,0
121773,1,1,1996,0,0,0,0,0,0,0,0,0,0
121774,1,1,1996,0,0,0,0,0,0,0,0,0,0
121774,2,1,1996,0,0,0,0,0,0,0,0,0,0
121775,1,1,1996,0,0,0,0,0,0,0,0,0,0
121775,2,1,1996,0,0,0,0,0,0,0,0,0,0
121776,1,1,1996,0,0,6,0,0,0,0,0,16,11
121776,2,1,1996,0,0,0,0,0,0,12,0,13,0
121777,1,1,1996,0,0,0,0,0,0,0,0,0,0
121777,2,1,1996,12,12,12,12,12,12,12,12,12,12
121778,1,1,1996,0,0,0,0,0,0,0,0,0,0
121778,2,1,1996,33,6,0,0,0,0,0,0,0,0
121778,3,1,1996,0,0,0,0,0,0,0,0,0,0
121778,4,1,1996,0,0,0,0,0,0,0,0,0,0
121779,1,1,1996,0,0,0,0,25,0,23,0,0,0
121779,2,1,1996,0,0,0,0,0,0,0,0,0,0
121780,0,1,1996,7,7,7,7,7,7,7,7,7,7
121780,1,1,1996,0,0,0,0,0,0,0,0,0,0
121781,0,1,1996,23,23,23,23,23,23,23,23,23,23
121781,1,1,1996,18,22,0,0,0,0,0,0,0,0
121782,0,1,1996,24,0,11,0,32,12,20,0,16,0
121782,1,1,1996,0,0,0,0,0,7,0,0,0,0
121782,2,1,1996,0,0,0,0,0,0,0,0,0,18
121783,1,1,1996,18,18,18,18,18,18,18,18,18,18
121783,2,1,1996,0,0,0,0,0,0,0,0,0,0
121783,3,1,1996,10,22,0,0,6,17,24,0,0,0
121784,1,1,1996,16,16,16,16,16,16,16,16,16,16
121784,2,1,1996,0,0,0,0,0,0,0,0,0,0
121785,0,1,1996,18,0,0,0,0,20,0,0,23,17
121785,1,1,1996,0,0,0,0,0,0,0,7,0,0
121786,0,1,1996,17,0,0,0,0,0,0,10,0,0
121786,1,1,1996,0,0,0,0,0,0,0,0,0,0
121787,1,1,1996,0,0,0,0,0,0,0,0,0,0
121788,1,1,1996,10,5,21,11,5,0,24,21,34,9
121789,1,1,1996,0,0,0,0,0,4,0,0,0,0
121789,2,1,1996,0,0,0,0,0,0,0,0,0,0
121790,1,1,1996,0,0,0,0,0,0,28,0,0,0
121791,1,1,1996,0,0,0,0,0,0,0,0,0,0
121791,2,1,1996,0,0,0,0,0,0,0,0,0,0
121792,1,1,1996,0,0,0,0,0,0,0,0,0,0
121792,2,1,1996,0,0,0,0,0,0,0,0,0,0
121792,3,1,1996,0,0,0,0,0,0,0,0,0,0
121793,0,1,1996,28,28,28,28,28,28,28,28,28,28
121793,1,1,1996,0,0,0,0,0,0,0,0,0,0
121794,1,1,1996,0,0,0,0,0,0,0,0,0,0
121794,2,1,1996,0,0,0,0,0,0,0,0,0,0
121795,1,1,1996,22,22,22,22,22,22,22,22,22,22
121795,2,1,1996,0,0,0,0,0,0,0,0,0,0
121796,1,1,1996,2,2,2,2,2,2,2,2,2,2
121797,1,1,1996,0,0,0,0,0,0,0,0,0,0
121797,2,1,1996,0,0,0,0,0,0,0,0,0,0
121798,1,1,1996,0,0,0,0,0,0,0,0,0,0
121798,2,1,1996,0,0,0,0,0,0,0,0,0,0
121799,1,1,1996,12,12,12,12,12,12,12,12,12,12
121799,2,1,1996,14,14,14,14,14,14,14,14,14,14
121800,1,1,1996,25,25,25,25,25,25,25,25,25,25
121801,1,1,1996,0,0,0,0,0,0,0,0,0,8
121801,2,1,1996,0,0,0,0,0,0,0,0,0,0
121801,3,1,1996,8,13,0,0,0,0,0,0,0,7
121802,0,1,1996,23,0,30,16,18,30,24,0,8,0
121802,1,1,1996,0,0,0,0,0,0,0,0,0,0
121803,1,1,1996,0,0,0,0,0,0,0,0,0,0
121803,2,1,1996,0,0,0,0,0,0,0,0,0,0
121804,1,1,1996,0,0,0,0,0,0,0,0,0,0
121804,2,1,1996,0,0,0,0,0,0,0,0,0,0
121804,3,1,1996,0,8,0,0,0,0,0,0,0,0
121805,1,1,1996,0,0,0,0,26,0,0,0,9,0
121805,2,1,1996,0,0,0,0,0,0,0,0,0,0
121806,1,1,1996,0,24,0,0,0,0,0,0,0,0
121807,0,1,1996,0,0,0,0,0,0,0,0,0,0
121807,1,1,1996,0,0,0,0,0,0,0,0,0,0
121808,1,1,1996,0,0,0,0,0,0,0,0,0,0
121808,2,1,1996,0,0,0,0,0,0,0,0,0,0
121809,1,1,1996,0,0,0,0,0,0,0,0,0,0
121809,2,1,1996,0,0,0,0,0,0,0,0,0,0
121810,1,1,1996,0,0,0,0,0,0,0,0,0,0
121810,2,1,1996,0,0,0,0,0,0,0,0,0,0
121811,1,1,1996,0,0,0,0,0,0,0,0,0,0
121811,2,1,1996,0,0,0,0,0,0,0,0,0,0
121812,1,1,1996,0,0,0,0,0,0,0,13,0,0
121812,2,1,1996,0,0,0,0,0,0,0,0,0,0
121813,1,1,1996,0,0,0,0,0,0,0,0,0,0
121814,0,1,1996,0,0,21,28,0,0,0,28,0,0
121814,1,1,1996,0,0,0,0,7,0,0,0,0,0
121815,1,1,1996,0,0,4,8,0,0,27,21,0,0
121815,2,1,1996,0,0,0,0,0,0,0,13,0,0
121816,1,1,1996,5,5,5,5,5,5,5,5,5,5
121817,1,1,1996,14,0,0,0,0,0,0,0,0,0
121817,2,1,1996,0,0,0,0,0,0,0,0,0,0
121818,0,1,1996,0,0,0,30,0,0,25,0,0,0
121818,1,1,1996,0,0,0,8,0,0,0,6,0,0
121819,0,1,1996,0,0,0,0,0,0,0,0,0,0
121819,1,1,1996,0,0,0,0,0,0,0,0,0,0
121820,1,1,1996,0,0,0,0,0,0,0,0,0,0
121820,2,1,1996,0,0,0,0,0,0,0,0,0,0
121821,1,1,1996,0,0,0,0,0,0,0,0,0,0
121821,2,1,1996,0,0,0,0,0,0,0,0,0,0
121823,1,1,1996,25,25,25,25,25,25,25,25,25,25
121824,1,1,1996,2,2,2,2,2,2,2,2,2,2
121825,0,1,1996,35,35,35,35,35,35,35,35,35,35
121825,1,1,1996,0,26,0,6,0,0,0,0,0,0
121826,1,1,1996,15,15,15,15,15,15,15,15,15,15
121827,0,1,1996,0,0,0,0,0,0,0,0,0,0
121827,1,1,1996,0,0,0,0,0,0,0,0,0,0
121828,1,1,1996,0,0,0,0,0,0,0,0,0,0
121828,2,1,1996,0,0,0,0,0,0,0,0,0,0
121829,1,1,1996,0,0,0,0,0,0,0,0,0,0
121829,2,1,1996,0,0,0,0,0,0,0,0,0,0
121830,1,1,1996,0,0,0,0,0,0,0,0,0,0
121830,2,1,1996,0,0,0,0,0,0,0,0,0,0
121831,1,1,1996,23,29,0,0,18,10,19,0,18,18
121832,0,1,1996,0,26,17,36,17,0,0,19,0,0
121832,1,1,1996,0,0,14,19,0,0,0,0,0,0
121833,0,1,1996,18,18,18,18,18,18,18,18,18,18
121833,1,1,1996,0,0,0,5,0,17,0,0,0,0
121834,0,1,1996,0,0,0,0,0,0,0,0,0,0
121834,1,1,1996,0,0,0,0,0,0,0,0,0,0
121835,1,1,1996,0,0,0,0,0,0,0,0,0,0
121835,2,1,1996,0,0,0,0,0,0,0,0,0,0
121835,3,1,1996,0,0,0,0,0,0,0,6,0,0
121835,4,1,1996,0,0,0,0,0,0,0,0,0,0
121835,5,1,1996,0,0,0,0,0,0,0,0,0,0
121836,0,1,1996,0,0,0,0,0,0,0,0,0,0
121836,1,1,1996,0,0,0,0,0,0,0,0,0,0
121837,1,1,1996,0,0,0,0,0,0,0,0,0,0
121837,2,1,1996,0,0,0,0,0,0,0,0,0,0
121838,1,1,1996,0,0,0,0,0,0,0,10,0,0
121838,2,1,1996,0,0,0,0,0,0,0,0,0,0
121839,1,1,1996,0,14,7,0,0,0,0,12,0,0
121840,1,1,1996,0,0,0,0,0,0,0,0,0,0
121840,2,1,1996,0,0,0,0,0,0,11,0,0,0
121841,1,1,1996,14,14,14,14,14,14,14,14,14,14
121842,0,1,1996,0,0,0,0,0,0,0,0,0,0
121842,1,1,1996,0,0,0,0,0,0,0,0,0,0
121843,0,1,1996,0,0,0,0,0,0,0,0,0,0
121843,1,1,1996,0,0,0,0,0,0,0,0,0,0
121844,1,1,1996,0,0,0,0,0,0,0,0,0,0
121844,2,1,1996,0,0,0,0,0,0,0,0,0,0
121845,1,1,1996,21,0,16,7,0,0,0,0,9,13
121845,2,1,1996,0,0,0,14,0,0,8,0,8,0
121845,3,1,1996,0,0,0,0,0,0,0,0,0,0
121846,1,1,1996,0,0,0,0,0,0,0,0,0,0
121846,2,1,1996,0,0,11,9,0,0,0,0,0,0
121847,1,1,1996,0,0,0,0,0,0,0,0,0,0
121847,2,1,1996,0,0,0,0,0,0,0,0,0,0
121848,1,1,1996,0,0,0,0,0,0,0,0,0,0
121848,2,1,1996,0,0,0,0,0,0,0,0,0,0
121849,0,1,1996,29,29,29,29,29,29,29,29,29,29
121849,1,1,1996,0,0,0,0,0,23,0,0,19,0
121850,0,1,1996,0,0,0,0,0,43,0,25,0,0
121850,1,1,1996,0,0,0,0,0,0,0,0,0,0
121851,1,1,1996,21,21,21,21,21,21,21,21,21,21
121852,0,1,1996,0,0,0,0,0,0,0,0,0,0
121852,1,1,1996,11,11,11,11,11,11,11,11,11,11
121853,1,1,1996,20,20,20,20,20,20,20,20,20,20
121853,2,1,1996,0,0,0,0,0,0,0,0,0,0
121854,1,1,1996,0,0,0,0,0,0,0,0,0,0
121855,1,1,1996,0,0,0,0,0,0,0,0,0,0
121855,2,1,1996,0,0,0,0,0,0,0,0,0,0
121856,0,1,1996,0,0,0,0,0,0,0,0,0,0
121856,1,1,1996,0,0,0,0,0,0,0,0,0,6
121857,0,1,1996,0,0,0,0,0,0,0,0,0,0
121857,1,1,1996,0,0,0,0,0,0,0,0,0,0
121858,0,1,1996,38,38,38,38,38,38,38,38,38,38
121858,1,1,1996,0,0,0,0,0,0,0,0,0,0
121859,1,1,1996,0,0,0,0,0,0,0,9,14,12
121859,2,1,1996,0,0,0,6,0,0,0,0,0,0
121860,1,1,1996,0,0,0,10,0,0,0,0,11,0
121861,1,1,1996,17,0,0,0,0,0,0,0,0,0
121861,2,1,1996,0,0,0,0,0,0,0,0,0,0
121861,3,1,1996,0,0,0,0,0,0,0,0,0,0
121862,1,1,1996,0,0,0,0,0,0,0,0,0,0
121863,0,1,1996,0,0,0,0,0,0,0,0,0,0
121863,1,1,1996,0,0,0,0,0,0,0,0,0,0
121864,1,1,1996,0,0,0,0,0,0,0,0,0,0
121864,2,1,1996,0,0,0,0,0,0,6,11,0,0
121865,1,1,1996,0,0,0,0,0,0,0,0,0,0
121865,2,1,1996,0,0,0,0,0,0,0,0,0,0
121866,1,1,1996,4,6,8,15,0,20,15,16,19,2
121866,2,1,1996,0,0,0,16,0,0,0,0,0,0
121867,0,1,1996,0,0,0,0,0,0,0,0,0,0
121867,1,1,1996,0,0,0,0,0,0,0,0,0,0
121868,0,2,1996,0,0,0,0,0,0,0,0,0,0
121868,1,1,1996,0,0,0,0,0,0,0,0,0,0
121869,1,1,1996,12,12,12,12,12,12,12,12,12,12
121870,1,1,1996,20,20,20,20,20,20,20,20,20,20
121871,1,1,1996,0,0,0,0,0,0,0,0,0,0
121872,1,1,1996,23,23,23,23,23,23,23,23,23,23
121873,1,1,1996,0,0,0,0,0,0,0,0,0,0
121874,1,1,1996,23,23,23,23,23,23,23,23,23,23
121875,1,1,1996,0,0,0,0,0,0,0,0,0,0
121875,2,1,1996,0,0,0,0,0,0,0,0,0,0
121876,1,1,1996,35,35,35,35,35,35,35,35,35,35
121876,2,1,1996,0,0,0,0,0,0,0,0,0,0
121877,1,1,1996,0,0,0,0,0,0,0,0,0,0
121877,2,1,1996,0,0,0,0,0,0,0,0,0,0
121878,1,1,1996,0,24,0,0,0,0,0,0,0,0
121879,1,1,1996,0,0,0,0,0,0,0,0,0,0
121879,2,1,1996,0,0,0,0,0,0,0,0,0,0
121880,1,1,1996,0,0,0,0,0,0,0,0,0,0
121880,2,1,1996,0,0,0,0,0,0,0,0,0,0
121881,0,1,1996,0,24,26,12,0,0,0,0,0,0
121881,1,1,1996,11,11,11,11,11,11,11,11,11,11
121882,1,1,1996,33,33,33,33,33,33,33,33,33,33
121883,0,1,1996,18,23,18,20,7,0,0,32,17,0
121883,1,1,1996,0,5,24,25,12,14,0,7,2,18
121886,1,1,1996,29,29,29,29,29,29,29,29,29,29
121886,2,1,1996,0,0,0,0,0,0,0,0,0,0
121887,1,1,1996,9,9,9,9,9,9,9,9,9,9
121887,2,1,1996,9,0,0,0,0,0,0,0,0,0
121888,1,1,1996,27,27,27,27,27,27,27,27,27,27
121889,1,1,1996,21,21,21,21,21,21,21,21,21,21
121889,2,1,1996,0,0,0,13,0,0,0,0,0,0
121890,1,1,1996,25,25,25,25,25,25,25,25,25,25
121891,1,1,1996,0,0,0,0,0,0,0,0,0,0
121892,1,1,1996,11,11,11,11,11,11,11,11,11,11
121893,1,1,1996,21,21,21,21,21,21,21,21,21,21
121894,1,1,1996,0,0,29,0,0,0,0,0,0,0
121894,2,1,1996,0,0,0,0,0,0,0,0,0,0
121895,1,1,1996,0,0,0,0,0,0,0,0,0,0
121895,2,1,1996,0,0,0,0,0,0,0,0,0,0
121896,1,1,1996,0,0,0,0,0,0,0,0,0,0
121896,2,1,1996,0,0,0,0,0,0,0,0,0,0
121897,0,1,1996,0,0,0,41,48,0,0,16,24,11
121897,1,1,1996,0,0,0,0,0,0,0,0,0,0
121898,0,1,1996,9,9,9,9,9,9,9,9,9,9
121898,1,1,1996,5,5,5,5,5,5,5,5,5,5
121899,1,1,1996,3,3,3,3,3,3,3,3,3,3
121900,1,1,1996,16,16,16,16,16,16,16,16,16,16
121901,1,1,1996,0,0,0,0,0,0,0,0,0,0
121902,1,1,1996,0,0,0,0,0,0,0,0,0,0
121902,2,1,1996,0,0,0,0,0,0,0,0,0,0
121903,1,1,1996,0,0,0,0,0,0,0,0,0,0
121903,2,1,1996,0,0,0,16,0,0,0,0,0,0
121904,1,1,1996,0,0,0,0,0,0,0,0,0,0
121905,1,1,1996,0,0,0,0,0,0,0,0,0,0
121905,2,1,1996,0,0,10,0,0,0,0,0,0,0
121906,1,1,1996,0,5,19,17,18,10,19,17,16,9
121907,1,1,1996,11,11,11,11,11,11,11,11,11,11
121908,1,1,1996,0,0,0,0,0,0,0,0,0,0
121908,2,1,1996,0,0,0,0,0,0,0,0,0,0
121909,1,1,1996,0,0,0,0,0,0,0,0,0,0
121909,2,1,1996,0,0,0,0,0,0,0,0,0,0
121910,0,1,1996,0,0,0,0,0,0,0,0,0,0
121910,1,1,1996,2,2,2,2,2,2,2,2,2,2
121911,1,1,1996,0,0,0,0,0,0,0,0,0,0
121912,1,1,1996,0,0,0,20,0,0,0,0,0,0
121913,1,1,1996,0,0,0,0,0,0,0,0,0,0
121914,0,1,1996,0,0,0,0,0,0,0,0,0,0
121914,1,1,1996,0,0,0,0,0,0,0,0,0,0
121915,1,1,1996,8,8,8,8,8,8,8,8,8,8
121915,2,1,1996,11,11,11,11,11,11,11,11,11,11
121915,3,1,1996,0,13,0,0,0,0,0,0,0,16
121916,1,1,1996,26,26,26,26,26,26,26,26,26,26
121916,2,1,1996,0,0,0,0,0,0,0,0,0,0
121917,1,1,1996,0,0,0,0,0,0,0,0,0,0
121917,2,1,1996,0,0,0,0,0,0,0,0,0,0
121918,1,1,1996,13,13,13,13,13,13,13,13,13,13
121919,1,1,1996,0,0,27,0,0,0,0,16,0,0
121919,2,1,1996,0,0,0,0,0,0,0,0,0,0
121920,0,1,1996,0,26,29,23,0,0,27,0,0,0
121920,0,2,1996,0,19,0,0,0,0,18,20,0,0
121920,1,1,1996,0,0,0,3,0,0,20,0,0,0
121921,0,1,1996,0,0,0,0,0,0,0,0,0,0
121921,1,1,1996,15,15,15,15,15,15,15,15,15,15
121922,1,1,1996,20,20,20,20,20,20,20,20,20,20
121922,2,1,1996,0,0,0,0,0,15,0,0,0,0
121923,0,1,1996,0,0,0,0,0,0,0,0,0,0
121923,1,1,1996,0,0,0,0,0,0,0,0,0,0
121924,1,1,1996,0,0,0,0,0,0,0,0,0,0
121924,2,1,1996,0,0,0,0,0,0,0,0,0,0
121925,1,1,1996,33,0,0,0,0,0,0,0,0,0
121926,1,1,1996,0,0,0,0,0,0,0,0,0,0
121926,2,1,1996,0,0,0,0,0,0,0,0,0,0
121927,1,1,1996,0,0,26,0,0,0,0,4,0,0
121927,2,1,1996,0,0,6,0,0,0,0,0,0,0
121928,0,1,1996,19,19,19,19,19,19,19,19,19,19
121928,1,1,1996,0,0,0,0,0,0,0,0,12,0
121929,1,1,1996,15,15,15,15,15,15,15,15,15,15
121930,0,1,1996,0,0,0,0,0,0,16,0,0,0
121930,1,1,1996,0,0,0,0,0,0,0,0,0,0
121931,0,1,1996,21,21,21,21,21,21,21,21,21,21
121931,1,1,1996,0,0,0,0,0,0,0,0,0,0
121932,1,1,1996,0,0,0,0,0,0,0,0,0,0
121932,2,1,1996,0,0,0,0,0,0,0,0,0,0
121933,0,1,1996,16,16,16,16,16,16,16,16,16,16
121933,1,1,1996,13,13,13,13,13,13,13,13,13,13
121934,0,1,1996,0,0,0,0,0,0,0,0,0,0
121934,1,1,1996,0,0,0,0,0,0,0,0,0,0
121935,1,1,1996,0,0,0,0,0,0,0,0,0,0
121935,2,1,1996,0,0,0,0,0,0,0,0,3,0
121936,1,1,1996,21,21,21,21,21,21,21,21,21,21
121937,1,1,1996,0,0,0,0,0,0,0,0,0,0
121937,2,1,1996,12,0,0,0,0,0,0,0,0,0
121938,0,1,1996,0,0,0,0,0,0,0,0,0,0
121938,1,1,1996,0,0,0,0,0,0,0,0,0,0
121939,1,1,1996,0,0,0,0,0,0,0,0,0,0
121939,2,1,1996,0,0,0,0,0,0,0,0,0,0
121940,1,1,1996,0,0,0,0,0,0,0,0,0,0
121940,2,1,1996,0,0,0,0,0,0,0,0,0,0
121941,0,1,1996,0,0,0,9,0,0,0,0,0,0