ST_CASE,VEH_NO,PER_NO,YEAR,P1,P2,P3,P4,P5,P6,P7,P8,P9,P10
122198,2,1,1996,15,15,15,15,15,15,15,15,15,15
122199,1,1,1996,19,19,19,19,19,19,19,19,19,19
122200,1,1,1996,5,5,5,5,5,5,5,5,5,5
122201,1,1,1996,0,0,0,0,0,0,0,0,0,0
122202,1,1,1996,1,1,1,1,1,1,1,1,1,1
122203,0,1,1996,0,0,0,0,0,0,0,0,0,0
122203,1,1,1996,0,0,0,0,0,0,0,0,0,0
122204,0,1,1996,0,0,0,0,0,0,0,0,0,0
122204,0,2,1996,16,14,14,19,0,15,0,11,0,9
122204,1,1,1996,0,0,0,0,0,0,0,0,0,0
122205,1,1,1996,0,0,0,0,0,0,0,0,0,0
122206,1,1,1996,21,21,21,21,21,21,21,21,21,21
122206,2,1,1996,0,0,0,9,0,0,0,0,0,0
122207,1,1,1996,0,0,0,0,0,0,0,0,0,0
122207,2,1,1996,0,0,0,0,0,0,0,0,0,0
122207,3,1,1996,0,0,0,0,0,0,0,0,0,0
122208,1,1,1996,0,0,0,0,0,0,0,0,0,0
122208,2,1,1996,0,0,0,0,0,0,20,0,0,0
122209,1,1,1996,12,12,12,12,12,12,12,12,12,12
122210,0,1,1996,0,0,0,0,0,0,0,0,0,0
122210,1,1,1996,0,0,0,0,0,0,0,0,0,0
122211,0,1,1996,31,31,31,31,31,31,31,31,31,31
122211,1,1,1996,0,0,0,0,0,0,0,0,0,0
122212,1,1,1996,0,0,0,0,0,0,0,0,0,0
122213,1,1,1996,23,23,23,23,23,23,23,23,23,23
122214,1,1,1996,0,0,0,0,0,0,0,0,0,0
122214,2,1,1996,0,0,0,0,0,0,0,0,0,0
122215,1,1,1996,10,10,10,10,10,10,10,10,10,10
122216,0,1,1996,0,27,0,9,0,0,17,7,18,21
122216,1,1,1996,0,0,0,0,0,0,0,0,0,3
122216,2,1,1996,0,0,0,0,0,0,0,0,0,0
122216,3,1,1996,0,0,0,0,0,0,0,0,0,0
122217,0,1,1996,26,26,26,26,26,26,26,26,26,26
122217,1,1,1996,7,0,0,0,0,0,0,0,0,0
122218,1,1,1996,0,0,0,0,0,0,0,0,0,0
122218,2,1,1996,21,21,21,21,21,21,21,21,21,21
122219,1,1,1996,33,33,33,33,33,33,33,33,33,33
122220,0,1,1996,0,0,0,0,0,0,0,0,0,0
122220,1,1,1996,0,0,0,0,0,0,0,0,0,13
122221,1,1,1996,0,0,0,0,0,0,0,0,0,0
122222,1,1,1996,0,0,0,0,0,0,0,0,0,0
122222,2,1,1996,0,0,0,0,0,0,0,0,0,0
122223,1,1,1996,0,0,0,0,0,0,0,15,0,0
122223,2,1,1996,0,0,0,0,0,0,0,0,0,0
122224,1,1,1996,0,0,0,0,0,0,0,0,0,0
122224,2,1,1996,0,0,0,0,0,0,0,0,0,0
122224,3,1,1996,0,0,0,0,0,0,0,0,0,0
122225,0,1,1996,0,0,0,0,0,24,18,0,0,0
122225,1,1,1996,0,0,0,0,0,0,0,0,0,0
122225,3,1,1996,0,0,0,0,0,0,0,0,0,0
122226,0,1,1996,0,0,0,0,0,0,0,0,0,0
122226,1,1,1996,0,0,0,0,19,0,0,0,0,0
122227,1,1,1996,0,0,0,0,0,0,0,0,0,0
122228,0,1,1996,14,0,0,0,0,0,0,0,0,0
122228,1,1,1996,0,0,0,0,0,0,0,0,0,0
122229,0,1,1996,11,0,19,21,0,14,23,10,23,49
122229,1,1,1996,0,0,0,0,0,0,0,0,0,0
122230,1,1,1996,0,0,0,0,0,0,0,0,0,0
122230,2,1,1996,0,0,0,0,0,0,0,0,0,0
122230,3,1,1996,0,0,0,0,0,0,0,0,0,0
122231,1,1,1996,1,1,1,1,1,1,1,1,1,1
122231,2,1,1996,0,0,0,0,0,0,0,0,0,0
122232,1,1,1996,21,21,21,21,21,21,21,21,21,21
122233,1,1,1996,26,26,26,26,26,26,26,26,26,26
122234,1,1,1996,0,0,0,0,0,0,0,0,0,0
122234,2,1,1996,0,0,0,0,0,0,0,0,0,0
122235,0,1,1996,0,0,0,0,0,0,34,0,0,0
122235,1,1,1996,0,0,0,0,0,0,0,0,0,0
122236,1,1,1996,0,0,0,0,0,0,0,0,0,0
122236,2,1,1996,0,0,0,0,0,0,0,0,0,0
122237,0,1,1996,6,6,6,6,6,6,6,6,6,6
122237,1,1,1996,0,0,36,0,0,0,0,0,0,0
122238,0,1,1996,0,0,0,0,0,0,0,0,0,0
122238,1,1,1996,12,6,17,13,0,3,0,14,17,4
122239,0,1,1996,0,0,0,0,0,0,0,0,0,0
122239,1,1,1996,0,0,0,0,0,0,0,0,0,0
122240,1,1,1996,0,0,0,0,0,0,0,0,0,0
122240,2,1,1996,0,0,0,0,0,0,0,0,0,0
122241,0,1,1996,33,14,7,15,25,20,9,5,0,15
122241,1,1,1996,0,0,0,0,0,0,0,0,0,0
122242,0,1,1996,5,5,5,5,5,5,5,5,5,5
122242,1,1,1996,0,0,0,0,0,0,0,0,0,0
122243,1,1,1996,16,0,0,0,0,0,0,0,0,0
122243,2,1,1996,0,0,0,0,0,0,0,0,0,0
122244,0,1,1996,25,25,25,25,25,25,25,25,25,25
122244,1,1,1996,0,0,0,0,0,0,0,0,0,0
122245,0,1,1996,0,0,0,0,0,0,0,0,0,0
122245,1,1,1996,0,0,0,0,0,0,0,0,0,0
122246,1,1,1996,0,0,0,0,0,0,0,0,0,0
122246,2,1,1996,0,0,0,0,0,0,0,0,0,0
122247,0,1,1996,0,0,0,0,0,0,0,0,0,0
122247,1,1,1996,0,0,0,0,0,0,0,0,0,0
122248,1,1,1996,0,0,0,0,0,0,0,0,0,0
122248,2,1,1996,0,0,0,0,0,0,0,0,0,0
122249,0,1,1996,24,24,24,24,24,24,24,24,24,24
122249,1,1,1996,0,0,0,0,0,14,0,0,0,0
122250,1,1,1996,0,0,0,0,0,0,0,0,0,0
122250,2,1,1996,0,0,0,0,0,0,0,0,0,0
122251,1,1,1996,0,0,0,0,0,0,0,0,0,0
122251,2,1,1996,0,0,0,0,0,0,0,0,0,0
122252,0,1,1996,23,23,23,23,23,23,23,23,23,23
122252,1,1,1996,0,0,0,0,0,0,0,0,0,0
122253,1,1,1996,0,0,0,26,0,0,0,0,0,0
122253,2,1,1996,0,0,0,0,0,0,0,0,0,0
122254,1,1,1996,27,15,9,13,17,9,21,8,8,13
122254,2,1,1996,0,0,0,0,0,0,0,0,0,0
122254,3,1,1996,0,0,0,0,17,0,0,0,0,0
122255,1,1,1996,0,0,0,0,0,0,0,0,0,0
122255,2,1,1996,0,0,0,0,0,0,0,0,0,0
122256,1,1,1996,29,29,29,29,29,29,29,29,29,29
122257,0,1,1996,0,0,0,0,19,0,0,0,0,0
122257,1,1,1996,0,0,0,0,0,0,0,6,15,0
122258,1,1,1996,0,0,0,0,0,0,0,0,0,0
122259,1,1,1996,23,23,23,23,23,23,23,23,23,23
122260,1,1,1996,0,0,0,0,0,0,0,0,0,0
122260,2,1,1996,0,0,0,0,0,0,0,0,0,0
122261,1,1,1996,0,0,0,0,0,0,0,0,0,0
122261,2,1,1996,7,7,7,7,7,7,7,7,7,7
122262,1,1,1996,10,10,10,10,10,10,10,10,10,10
122262,2,1,1996,0,0,0,0,0,0,0,0,0,0
122263,1,1,1996,20,20,20,20,20,20,20,20,20,20
122264,1,1,1996,3,3,3,3,3,3,3,3,3,3
122264,2,1,1996,0,0,0,0,0,0,0,0,0,0
122265,1,1,1996,20,20,20,20,20,20,20,20,20,20
122266,1,1,1996,0,0,0,0,0,0,0,0,0,0
122267,1,1,1996,0,0,0,0,0,0,0,0,0,0
122267,2,1,1996,0,0,0,0,0,0,0,0,0,0
122267,3,1,1996,0,0,0,0,0,0,0,0,0,0
122268,1,1,1996,13,13,13,13,13,13,13,13,13,13
122269,1,1,1996,0,0,0,0,0,0,0,0,0,0
122269,2,1,1996,0,0,0,0,0,0,0,0,0,0
122270,1,1,1996,0,0,0,0,0,0,0,0,0,0
122270,2,1,1996,0,0,0,0,0,0,0,0,0,0
122271,0,1,1996,0,0,0,0,0,0,0,0,0,27
122271,1,1,1996,0,0,0,0,0,0,0,0,0,0
122272,1,1,1996,0,0,0,0,0,0,0,0,0,0
122272,2,1,1996,0,0,0,0,0,0,0,0,0,0
122273,1,1,1996,0,0,0,0,0,0,0,0,0,0
122274,1,1,1996,0,0,0,0,0,0,0,0,0,0
122274,2,1,1996,7,0,0,0,0,0,0,0,0,0
122275,1,1,1996,0,0,0,0,0,0,0,0,0,0
122275,2,1,1996,0,0,0,0,0,0,0,0,0,0
122276,1,1,1996,17,17,17,17,17,17,17,17,17,17
122276,2,1,1996,0,0,0,0,0,0,0,0,0,0
122277,0,1,1996,0,0,0,7,0,0,0,0,0,0
122277,1,1,1996,0,0,0,0,17,0,0,0,0,0
122278,1,1,1996,0,0,0,0,0,0,0,0,0,0
122278,2,1,1996,0,0,0,0,0,0,0,0,0,0
122279,1,1,1996,17,17,17,17,17,17,17,17,17,17
122279,2,1,1996,0,0,0,0,0,0,0,0,0,0
122280,1,1,1996,0,0,0,0,0,0,0,0,0,0
122280,2,1,1996,0,0,0,0,0,0,0,0,0,0
122280,3,1,1996,0,0,0,0,0,0,0,0,0,0
122281,0,1,1996,0,0,0,0,0,0,0,0,0,0
122281,1,1,1996,0,0,0,0,0,0,0,0,0,0
122282,1,1,1996,15,15,15,15,15,15,15,15,15,15
122282,2,1,1996,0,0,0,0,0,0,0,0,0,0
122282,3,1,1996,0,0,0,0,0,0,0,0,0,0
122283,1,1,1996,3,3,3,3,3,3,3,3,3,3
122283,2,1,1996,0,0,0,0,0,0,0,0,0,0
122284,1,1,1996,0,0,0,0,0,0,0,0,0,0
122285,0,1,1996,12,0,0,0,0,0,27,0,0,0
122285,1,1,1996,0,0,0,0,0,0,0,0,0,0
122286,0,1,1996,0,0,0,0,0,0,0,0,0,0
122286,1,1,1996,0,0,0,0,0,0,0,0,0,0
122287,1,1,1996,0,0,0,0,0,0,0,0,0,0
122287,2,1,1996,0,0,0,0,0,0,0,0,0,0
122288,1,1,1996,0,0,0,0,0,0,0,0,0,0
122288,2,1,1996,0,0,0,0,0,0,0,0,0,0
122289,0,1,1996,26,26,26,26,26,26,26,26,26,26
122289,1,1,1996,4,4,4,4,4,4,4,4,4,4
122290,0,1,1996,0,0,0,0,0,0,0,0,0,0
122290,1,1,1996,0,0,0,0,0,0,0,0,0,0
122291,1,1,1996,0,0,0,0,17,0,0,0,0,0
122292,1,1,1996,2,2,2,2,2,2,2,2,2,2
122292,2,1,1996,4,4,4,4,4,4,4,4,4,4
122293,1,1,1996,4,0,0,8,23,17,0,0,0,17
122295,1,1,1996,0,0,0,0,0,0,0,0,0,0
122296,1,1,1996,0,0,0,0,0,0,0,0,0,0
122296,2,1,1996,0,0,0,0,0,0,0,0,0,0
122297,0,1,1996,0,0,0,0,0,0,0,0,0,0
122297,1,1,1996,0,0,0,0,0,0,0,0,0,0
122298,1,1,1996,0,0,0,0,0,0,0,0,0,0
122298,2,1,1996,0,0,0,0,0,0,0,0,0,0
122298,3,1,1996,0,0,0,0,0,0,0,0,0,0
122298,4,1,1996,0,0,0,0,0,0,0,0,15,0
122299,1,1,1996,8,8,8,8,8,8,8,8,8,8
122300,1,1,1996,38,38,38,38,38,38,38,38,38,38
122301,0,1,1996,0,0,0,0,0,0,0,0,0,0
122301,1,1,1996,0,0,0,0,0,0,0,0,0,0
122302,1,1,1996,0,0,0,0,0,0,0,0,0,0
122303,0,1,1996,0,0,0,0,0,0,0,0,0,0
122303,1,1,1996,0,0,0,0,0,0,0,0,0,0
122304,1,1,1996,0,0,0,0,0,0,0,0,0,0
122304,2,1,1996,0,0,0,0,0,0,0,0,0,0
122304,3,1,1996,0,0,0,0,0,0,0,0,0,0
122305,0,1,1996,20,20,20,20,20,20,20,20,20,20
122305,1,1,1996,7,7,7,7,7,7,7,7,7,7
122306,0,1,1996,16,33,0,0,0,26,0,34,19,0
122306,1,1,1996,0,0,0,0,0,0,7,0,0,0
122307,1,1,1996,0,0,0,0,0,0,0,0,0,0
122307,2,1,1996,0,0,0,0,0,0,0,0,0,0
122308,1,1,1996,0,0,22,0,0,0,0,0,0,0
122309,1,1,1996,0,0,0,0,0,0,0,0,0,0
122310,0,1,1996,0,0,0,0,0,0,0,0,0,0
122310,1,1,1996,0,0,0,0,0,0,0,0,0,0
122311,0,1,1996,3,3,3,3,3,3,3,3,3,3
122311,1,1,1996,0,0,0,0,0,0,0,0,15,0
122312,0,1,1996,25,25,25,25,25,25,25,25,25,25
122312,1,1,1996,0,0,0,0,0,0,0,0,0,0
122313,1,1,1996,18,18,18,18,18,18,18,18,18,18
122314,1,1,1996,0,0,0,0,0,0,0,0,0,0
122314,2,1,1996,0,0,0,0,0,0,0,0,0,0
122315,1,1,1996,0,0,0,0,0,0,0,0,0,0
122316,1,1,1996,28,28,28,28,28,28,28,28,28,28
122316,2,1,1996,0,0,0,0,0,0,0,0,0,0
122317,1,1,1996,0,0,0,0,0,0,0,0,0,0
122317,2,1,1996,0,0,0,0,0,0,0,0,0,0
122318,0,1,1996,0,0,0,0,0,0,0,0,0,0
122318,1,1,1996,9,9,9,9,9,9,9,9,9,9
122319,1,1,1996,0,0,0,0,0,0,0,0,0,0
122319,2,1,1996,0,0,0,0,0,0,0,0,0,0
122319,3,1,1996,0,0,0,0,0,0,0,0,0,0
122320,1,1,1996,0,0,0,0,0,0,0,0,0,0
122320,2,1,1996,0,0,0,0,0,0,0,0,0,0
122321,1,1,1996,0,0,0,0,0,0,0,0,0,0
122321,2,1,1996,0,0,0,0,0,0,0,0,0,0
122322,1,1,1996,0,0,0,0,0,0,0,0,0,0
122323,1,1,1996,26,26,26,26,26,26,26,26,26,26
122323,2,1,1996,0,0,0,0,0,0,0,0,0,0
122324,1,1,1996,0,0,0,0,0,0,0,0,0,0
122324,2,1,1996,0,0,0,0,0,0,0,0,0,0
122325,1,1,1996,0,0,0,0,0,0,0,14,0,0
122325,2,1,1996,0,0,0,0,0,0,0,0,0,0
122326,1,1,1996,6,6,6,6,6,6,6,6,6,6
122327,0,1,1996,0,0,0,0,0,0,0,0,0,0
122327,1,1,1996,0,2,0,22,0,0,0,0,0,0
122328,0,1,1996,0,0,0,0,24,0,20,43,0,0
122328,1,1,1996,0,0,12,0,0,0,0,0,0,0
122328,2,1,1996,0,4,15,0,0,0,0,0,0,0
122329,1,1,1996,20,0,0,0,0,0,0,0,0,0
122329,2,1,1996,0,0,0,0,0,0,0,0,0,0
122329,3,1,1996,0,0,0,0,0,0,0,0,0,0
122329,4,1,1996,0,0,0,0,0,0,0,0,0,0
122329,5,1,1996,0,0,0,0,0,0,0,0,0,0
122329,6,1,1996,0,0,0,0,0,0,0,0,0,0
122329,7,1,1996,0,0,0,0,0,0,0,0,0,0
122329,8,1,1996,0,0,0,0,0,0,0,0,0,0
122330,1,1,1996,18,18,18,18,18,18,18,18,18,18
122331,1,1,1996,26,26,26,26,26,26,26,26,26,26
122331,2,1,1996,0,0,0,0,0,0,0,0,0,0
122332,0,1,1996,0,0,0,0,0,0,0,0,0,0
122332,1,1,1996,0,0,0,0,0,0,0,0,0,6
122333,1,1,1996,17,0,9,0,0,0,0,0,0,0
122333,2,1,1996,0,0,0,0,0,0,0,0,0,0
122334,0,1,1996,0,0,0,0,0,0,0,0,0,0
122334,1,1,1996,0,0,0,0,0,0,0,0,0,0
122335,1,1,1996,12,12,12,12,12,12,12,12,12,12
122336,1,1,1996,15,15,15,15,15,15,15,15,15,15
122337,1,1,1996,29,29,29,29,29,29,29,29,29,29
122338,0,1,1996,0,0,0,0,0,13,0,0,0,0
122338,1,1,1996,0,0,0,0,0,0,0,0,0,0
122338,2,1,1996,0,0,0,0,0,0,0,0,0,0
122339,1,1,1996,0,0,0,0,0,0,0,0,0,0
122339,2,1,1996,0,0,0,0,0,0,0,2,0,0
122340,1,1,1996,23,23,23,23,23,23,23,23,23,23
122341,0,1,1996,0,0,0,0,0,0,0,0,0,0
122341,1,1,1996,0,0,0,0,0,0,0,0,0,0
122342,1,1,1996,0,0,0,0,0,0,0,0,0,0
122342,2,1,1996,0,0,0,0,0,0,0,0,0,0
122343,0,1,1996,16,16,16,16,16,16,16,16,16,16
122343,1,1,1996,9,0,0,0,0,0,0,0,0,0
122344,1,1,1996,0,0,0,0,0,0,0,0,0,0
122345,1,1,1996,20,20,20,20,20,20,20,20,20,20
122346,1,1,1996,8,8,8,8,8,8,8,8,8,8
122346,2,1,1996,0,0,0,0,0,0,0,0,0,0
122347,1,1,1996,25,25,25,25,25,25,25,25,25,25
122348,1,1,1996,20,20,20,20,20,20,20,20,20,20
122348,2,1,1996,20,20,20,20,20,20,20,20,20,20
122349,0,1,1996,23,27,0,43,42,33,0,14,16,15
122349,1,1,1996,0,0,0,0,0,0,0,0,0,0
122350,0,1,1996,0,17,0,27,0,17,25,0,8,28
122350,1,1,1996,0,0,0,0,0,0,0,0,0,0
122351,1,1,1996,0,0,0,0,0,0,0,0,0,0
122352,0,1,1996,0,0,0,0,0,0,0,0,0,0
122352,1,1,1996,10,10,10,10,10,10,10,10,10,10
122352,2,1,1996,0,0,0,0,0,0,0,0,0,0
122353,0,1,1996,0,0,0,0,0,0,0,0,0,0
122353,1,1,1996,0,0,0,0,0,0,0,0,0,0
122354,1,1,1996,0,0,0,0,0,0,0,0,0,0
122354,2,1,1996,0,0,0,0,0,0,0,0,0,0
122355,1,1,1996,0,0,0,0,0,0,0,0,0,0
122355,2,1,1996,0,0,0,0,0,0,0,0,0,0
122356,1,1,1996,0,4,4,0,14,6,10,7,15,27
122356,2,1,1996,0,0,0,0,0,0,0,0,0,0
122357,1,1,1996,0,0,0,0,0,0,0,0,0,0
122358,1,1,1996,8,8,8,8,8,8,8,8,8,8
122358,2,1,1996,0,0,0,0,0,0,0,0,0,0
122358,3,1,1996,0,0,0,0,0,0,0,0,0,0
122359,1,1,1996,0,0,0,0,0,0,0,0,0,0
122360,0,1,1996,22,22,22,22,22,22,22,22,22,22
122360,1,1,1996,0,0,0,0,0,0,0,0,0,0
122361,1,1,1996,0,0,0,0,0,0,0,0,0,0
122361,2,1,1996,9,9,9,9,9,9,9,9,9,9
122362,1,1,1996,0,0,0,0,0,0,0,0,0,0
122362,2,1,1996,0,0,0,0,0,0,0,0,0,0
122363,1,1,1996,0,0,0,0,0,0,0,0,0,0
122363,2,1,1996,0,0,0,0,0,0,0,0,0,0
122363,3,1,1996,0,0,0,0,0,0,0,0,0,0
122364,1,1,1996,0,0,0,0,0,0,0,0,0,0
122364,2,1,1996,0,0,0,0,0,0,0,0,0,0
122365,0,1,1996,9,9,9,9,9,9,9,9,9,9
122365,1,1,1996,12,12,12,12,12,12,12,12,12,12
122366,1,1,1996,0,0,0,6,0,0,0,0,24,0
122366,2,1,1996,0,0,0,0,0,0,0,0,0,0
122367,1,1,1996,0,0,0,0,0,0,0,0,0,0
122368,1,1,1996,0,0,0,0,0,0,0,0,0,0
122369,1,1,1996,0,0,0,0,0,0,0,0,0,0
122369,2,1,1996,0,0,0,0,0,0,0,0,0,0
122370,1,1,1996,0,0,0,0,0,0,0,0,0,0
122371,1,1,1996,0,0,0,0,0,0,0,0,0,0
122371,2,1,1996,0,0,0,0,0,0,0,0,0,0
122372,0,1,1996,0,0,0,0,0,0,0,0,4,0
122372,1,1,1996,0,0,0,0,0,0,0,0,0,0
122373,1,1,1996,0,0,0,0,0,27,12,0,0,0
122374,0,1,1996,0,0,0,0,0,0,0,0,0,0
122374,1,1,1996,0,0,0,0,0,0,0,18,0,0
122375,0,1,1996,0,0,0,0,0,0,0,0,0,0
122375,1,1,1996,0,0,0,0,0,0,0,0,0,0
122376,1,1,1996,12,12,12,12,12,12,12,12,12,12
122377,1,1,1996,0,0,0,0,0,0,0,0,0,0
122377,2,1,1996,0,0,0,0,0,0,0,0,0,0
122378,0,1,1996,0,0,0,0,0,0,0,0,0,0
122378,1,1,1996,0,0,0,0,0,0,0,0,0,0
122379,1,1,1996,15,15,15,15,15,15,15,15,15,15
122380,1,1,1996,0,0,0,0,0,0,0,0,0,0
122380,2,1,1996,0,0,0,0,0,0,0,0,0,0
122381,1,1,1996,0,0,0,0,0,0,0,0,0,0
122381,2,1,1996,0,0,0,0,0,0,0,0,0,0
122382,1,1,1996,0,0,0,0,0,0,0,0,0,0
122382,2,1,1996,0,0,0,0,0,0,0,0,0,0
122383,1,1,1996,0,0,0,0,0,0,0,0,0,0
122383,2,1,1996,0,0,0,0,0,0,0,0,0,0
122383,3,1,1996,0,0,0,0,0,0,0,0,0,0
122384,1,1,1996,0,0,0,0,0,0,0,0,0,0
122384,2,1,1996,0,0,0,0,0,0,0,0,0,0
122385,0,1,1996,22,22,22,22,22,22,22,22,22,22
122385,1,1,1996,0,0,0,0,0,0,0,0,0,0
122386,1,1,1996,21,21,21,21,21,21,21,21,21,21
122386,2,1,1996,7,7,7,7,7,7,7,7,7,7
122387,0,1,1996,0,0,14,0,0,0,0,0,0,0
122387,1,1,1996,0,0,0,0,0,0,0,0,0,0
122388,0,1,1996,0,0,16,27,0,0,0,0,9,25
122388,1,1,1996,0,0,0,0,0,0,0,0,0,0
122388,2,1,1996,0,14,0,22,0,0,0,0,0,25
122388,3,1,1996,0,14,0,0,0,0,12,0,0,2
122388,4,1,1996,0,0,0,0,0,0,0,0,0,0
122389,0,1,1996,29,29,29,29,29,29,29,29,29,29
122389,1,1,1996,0,0,0,0,0,0,0,5,0,0
122390,0,1,1996,0,0,0,0,0,0,0,0,0,0
122390,0,2,1996,0,0,0,0,0,0,0,0,0,0
122390,1,1,1996,0,0,0,0,0,0,0,0,0,0
122391,1,1,1996,0,0,0,0,0,0,0,0,0,0
122391,2,1,1996,0,0,0,0,0,0,0,0,0,0
122392,1,1,1996,0,0,0,0,0,0,0,0,0,0
122392,2,1,1996,10,0,0,0,0,0,0,0,0,0
122393,1,1,1996,0,0,0,0,0,0,0,0,0,0
122394,1,1,1996,21,21,21,21,21,21,21,21,21,21
122394,2,1,1996,0,0,0,0,0,0,0,0,0,0
122395,0,1,1996,0,0,0,0,0,0,0,0,0,0
122395,0,2,1996,0,14,0,0,22,9,22,0,0,0
122395,0,3,1996,0,0,0,0,0,0,0,0,0,0
122395,0,4,1996,0,0,18,0,4,0,0,30,0,28
122395,0,5,1996,0,0,0,15,0,30,0,0,0,0
122395,0,6,1996,0,0,8,0,18,19,20,0,0,37
122395,1,1,1996,0,0,0,0,0,0,0,0,0,0
122396,1,1,1996,24,24,24,24,24,24,24,24,24,24
122397,1,1,1996,0,0,0,0,0,0,0,0,0,0
122397,2,1,1996,0,0,0,0,0,0,0,0,0,0
122398,1,1,1996,0,0,23,0,0,0,0,0,12,0
122398,2,1,1996,0,0,0,0,0,0,0,0,0,0
122399,1,1,1996,16,16,16,16,16,16,16,16,16,16
122400,1,1,1996,5,5,5,5,5,5,5,5,5,5
122400,2,1,1996,0,0,0,0,0,0,0,0,0,0
122401,1,1,1996,24,24,24,24,24,24,24,24,24,24
122402,1,1,1996,20,20,20,20,20,20,20,20,20,20
122402,2,1,1996,0,0,0,0,0,0,0,0,0,0
122402,3,1,1996,0,0,0,0,0,0,0,0,0,0
122403,0,1,1996,29,0,30,0,0,0,0,0,0,0
122403,1,1,1996,16,16,16,16,16,16,16,16,16,16
122404,1,1,1996,0,0,0,0,0,0,0,0,0,0
122404,2,1,1996,0,0,0,0,0,0,0,0,0,0
122405,1,1,1996,2,2,2,2,2,2,2,2,2,2
122405,2,1,1996,0,0,17,0,0,0,0,0,0,0
122405,3,1,1996,0,0,0,0,0,0,0,0,0,0
122406,0,1,1996,26,26,26,26,26,26,26,26,26,26
122406,1,1,1996,0,0,0,0,0,0,0,0,0,0
122407,1,1,1996,27,27,27,27,27,27,27,27,27,27
122408,1,1,1996,0,0,0,0,0,0,0,0,0,0
122408,2,1,1996,0,0,0,0,0,0,0,0,0,0
122409,0,1,1996,0,0,0,0,0,0,0,0,0,0
122409,1,1,1996,0,0,0,0,0,0,0,0,0,0
122410,1,1,1996,14,0,0,0,0,0,0,0,0,0
122410,2,1,1996,7,7,7,7,7,7,7,7,7,7
122411,1,1,1996,13,0,0,0,12,0,0,0,0,0
122411,2,1,1996,0,0,0,0,0,0,0,0,0,0
122412,0,1,1996,5,5,5,5,5,5,5,5,5,5
122412,1,1,1996,11,11,11,11,11,11,11,11,11,11
122413,1,1,1996,0,0,0,0,0,0,0,0,0,0
122413,2,1,1996,0,0,0,0,0,0,0,0,0,0
122414,0,1,1996,0,0,18,0,0,0,0,0,0,39
122414,1,1,1996,0,0,0,0,0,0,0,0,0,0
122415,1,1,1996,20,0,11,0,0,0,0,0,0,0
122415,2,1,1996,0,24,9,0,27,0,13,18,0,7
122416,1,1,1996,0,0,0,0,0,0,7,0,0,0
122416,2,1,1996,0,0,0,0,0,0,0,0,0,0
122417,1,1,1996,0,0,0,0,0,0,0,0,0,0
122417,2,1,1996,0,0,0,0,0,0,0,0,0,0
122418,1,1,1996,0,0,0,0,0,0,0,0,0,0
122418,2,1,1996,0,0,0,0,0,0,0,0,0,0
122419,1,1,1996,0,0,0,0,0,26,27,0,0,33
122420,0,1,1996,0,0,0,0,0,0,0,0,0,0
122420,1,1,1996,0,0,0,0,0,0,0,0,0,0
122421,1,1,1996,0,0,0,0,0,0,0,0,0,0
122422,1,1,1996,0,0,0,0,0,0,0,0,0,0
122422,2,1,1996,0,0,0,0,0,0,0,0,0,0
122423,1,1,1996,0,0,0,0,0,0,0,0,0,0
122423,2,1,1996,0,0,0,0,0,0,0,0,0,0
122424,0,1,1996,0,0,0,0,0,0,0,0,0,0
122424,1,1,1996,0,0,0,0,0,0,0,0,0,0
122425,1,1,1996,0,0,0,0,0,0,0,0,0,0
122425,2,1,1996,0,0,0,0,0,0,0,0,0,0
122426,1,1,1996,20,17,9,23,30,21,19,18,27,0
122426,2,1,1996,0,0,0,0,0,0,0,0,0,0
122427,1,1,1996,0,0,0,0,0,0,0,0,0,0
122427,2,1,1996,0,0,0,0,0,0,0,0,0,0
122428,1,1,1996,0,0,0,0,0,0,0,0,0,0
122428,2,1,1996,0,0,0,0,0,0,0,0,0,0
122429,1,1,1996,0,0,0,0,0,0,0,0,0,0
122429,2,1,1996,0,0,0,0,9,0,0,0,0,0
122430,1,1,1996,0,0,0,0,0,0,0,0,0,0
122430,2,1,1996,0,0,0,0,0,0,0,0,0,0
122431,0,1,1996,0,0,0,0,0,0,0,0,0,0
122431,1,1,1996,0,0,0,0,0,0,0,0,0,0
122432,0,1,1996,0,19,8,0,0,0,0,0,0,0
122432,1,1,1996,0,0,13,0,0,0,0,0,0,0
122433,1,1,1996,19,20,24,0,0,28,12,19,13,0
122434,0,1,1996,0,0,0,0,0,0,0,0,0,0
122434,1,1,1996,0,0,0,0,0,0,0,0,0,0
122435,1,1,1996,0,0,0,0,0,0,0,9,0,0
122435,2,1,1996,0,0,0,0,0,0,0,0,0,0
122436,1,1,1996,0,0,0,0,0,0,0,0,0,0
122436,2,1,1996,0,0,0,0,0,0,0,0,0,0
122437,1,1,1996,0,0,0,0,0,0,0,0,0,0
122437,2,1,1996,0,0,0,0,0,0,0,0,0,0
122438,0,1,1996,0,0,0,0,0,0,0,0,0,0
122438,1,1,1996,0,0,0,0,0,0,0,0,17,0
122439,1,1,1996,8,0,0,18,0,12,16,10,0,0
122440,1,1,1996,0,15,29,19,0,24,14,0,8,16
122441,1,1,1996,0,0,8,22,0,22,22,0,12,0
122441,2,1,1996,18,0,0,18,14,14,0,9,0,4
122442,0,1,1996,0,0,0,0,0,29,0,0,0,0
122442,1,1,1996,0,0,0,0,0,0,0,0,0,0
122443,1,1,1996,12,0,0,0,0,0,0,0,17,0
122443,2,1,1996,0,0,0,0,0,0,0,0,0,0