ST_CASE,VEH_NO,PER_NO,YEAR,P1,P2,P3,P4,P5,P6,P7,P8,P9,P10
130450,1,1,1996,5,9,19,12,8,2,3,10,8,17
130450,2,1,1996,0,0,0,0,0,0,0,0,0,0
130450,3,1,1996,0,0,0,0,0,0,0,0,0,0
130450,4,1,1996,0,0,0,0,0,0,0,0,0,0
130451,1,1,1996,0,0,0,0,0,0,0,0,0,0
130451,2,1,1996,0,0,0,0,0,0,0,0,0,0
130452,1,1,1996,0,0,0,0,0,0,0,0,0,0
130452,2,1,1996,0,0,0,0,0,0,0,0,0,0
130453,1,1,1996,8,8,8,8,8,8,8,8,8,8
130454,1,1,1996,0,0,0,0,0,0,0,0,0,0
130454,2,1,1996,0,0,0,0,0,0,0,0,0,0
130455,1,1,1996,22,22,22,22,22,22,22,22,22,22
130456,1,1,1996,0,0,0,0,0,0,0,0,0,0
130457,0,1,1996,0,0,0,0,0,0,0,0,0,0
130457,1,1,1996,0,0,0,0,0,0,0,0,0,0
130458,1,1,1996,0,0,0,0,0,0,0,0,0,0
130458,2,1,1996,0,0,0,0,0,0,0,0,0,0
130459,0,1,1996,0,0,0,0,0,0,0,0,0,0
130459,1,1,1996,0,0,0,0,0,0,0,0,0,0
130460,1,1,1996,0,0,0,0,0,0,0,0,0,0
130460,2,1,1996,0,0,0,0,0,0,0,0,0,0
130461,1,1,1996,0,0,0,0,0,0,0,0,0,0
130462,1,1,1996,0,0,0,0,0,0,0,0,0,0
130462,2,1,1996,0,0,0,0,0,0,0,0,0,0
130462,3,1,1996,0,0,0,0,0,0,0,0,0,0
130463,1,1,1996,0,0,0,0,0,0,0,0,0,0
130464,1,1,1996,0,0,0,0,0,0,0,0,0,0
130465,1,1,1996,0,0,0,0,0,0,0,0,0,0
130466,1,1,1996,19,19,19,19,19,19,19,19,19,19
130467,1,1,1996,0,0,0,0,0,0,0,0,0,0
130467,2,1,1996,0,0,0,0,0,0,0,0,0,0
130468,2,1,1996,17,17,17,17,17,17,17,17,17,17
130469,1,1,1996,0,0,0,0,0,0,0,0,0,0
130470,1,1,1996,8,8,8,8,8,8,8,8,8,8
130471,1,1,1996,0,26,33,0,10,12,16,24,13,13
130472,1,1,1996,16,16,16,16,16,16,16,16,16,16
130473,1,1,1996,0,0,0,0,0,0,0,0,0,0
130474,1,1,1996,21,21,21,21,21,21,21,21,21,21
130475,1,1,1996,19,19,19,19,19,19,19,19,19,19
130475,2,1,1996,0,0,13,0,26,19,0,18,36,0
130476,1,1,1996,8,8,8,8,8,8,8,8,8,8
130477,1,1,1996,0,0,0,0,0,0,0,0,0,0
130478,1,1,1996,15,15,15,15,15,15,15,15,15,15
130479,0,1,1996,13,13,13,13,13,13,13,13,13,13
130479,1,1,1996,0,0,0,0,0,0,0,0,0,0
130480,1,1,1996,27,27,27,27,27,27,27,27,27,27
130481,1,1,1996,25,25,25,25,25,25,25,25,25,25
130482,1,1,1996,0,0,0,0,0,0,0,0,0,0
130483,1,1,1996,0,0,0,0,0,0,0,0,0,0
130483,2,1,1996,0,0,0,0,0,0,0,0,0,0
130484,1,1,1996,0,0,0,0,0,0,0,0,0,0
130485,0,1,1996,0,0,0,0,0,0,0,0,0,0
130485,2,1,1996,0,0,0,0,0,0,0,0,0,0
130486,0,1,1996,0,0,0,0,0,0,0,15,0,0
130486,0,2,1996,0,10,0,0,21,12,0,0,0,20
130486,1,1,1996,0,0,0,0,0,0,0,0,0,0
130487,1,1,1996,0,0,0,0,0,0,0,0,0,0
130487,2,1,1996,0,0,0,0,0,0,0,0,0,0
130488,1,1,1996,0,0,0,0,0,0,0,0,0,0
130488,2,1,1996,0,0,0,0,0,0,0,0,0,0
130489,1,1,1996,0,0,0,0,0,0,0,0,0,0
130490,1,1,1996,0,0,0,0,0,0,0,0,0,0
130490,2,1,1996,0,7,0,0,0,0,8,0,0,0
130491,0,1,1996,0,0,0,0,0,0,0,0,0,0
130491,1,1,1996,0,0,0,0,0,0,0,0,0,0
130492,1,1,1996,0,15,0,34,21,0,0,0,0,0
130493,1,1,1996,26,26,26,26,26,26,26,26,26,26
130493,2,1,1996,0,0,0,0,0,0,0,0,0,0
130494,1,1,1996,0,6,0,0,16,0,0,0,0,0
130494,2,1,1996,0,0,0,0,0,0,0,0,0,0
130495,1,1,1996,0,0,0,0,0,0,0,0,0,0
130495,2,1,1996,0,0,0,0,0,0,0,0,0,0
130496,1,1,1996,0,0,0,0,0,0,0,0,0,0
130496,2,1,1996,0,0,0,0,0,0,0,0,0,0
130496,3,1,1996,0,0,0,0,0,0,0,0,0,0
130496,4,1,1996,0,0,0,0,0,0,0,0,0,0
130497,0,1,1996,0,0,0,0,0,0,0,0,0,0
130497,1,1,1996,0,0,0,19,0,0,0,0,0,0
130498,1,1,1996,0,0,0,0,0,0,0,0,0,0
130498,2,1,1996,0,0,0,0,0,0,0,0,0,0
130499,1,1,1996,0,0,0,0,0,0,0,0,0,0
130500,1,1,1996,0,0,0,0,0,0,0,0,0,0
130501,1,1,1996,0,0,0,0,0,0,0,0,0,0
130501,2,1,1996,0,0,0,0,0,0,0,0,0,0
130502,0,1,1996,7,7,7,7,7,7,7,7,7,7
130502,1,1,1996,25,0,9,0,0,20,10,0,8,18
130503,0,1,1996,22,22,22,22,22,22,22,22,22,22
130503,1,1,1996,0,0,0,0,0,0,0,0,0,0
130504,1,1,1996,0,0,0,0,0,0,0,0,0,0
130504,2,1,1996,0,0,0,0,0,0,0,0,0,0
130505,1,1,1996,0,0,0,0,0,0,0,0,0,0
130505,2,1,1996,0,0,0,0,0,0,0,0,0,0
130506,1,1,1996,0,0,0,0,0,0,0,0,10,0
130507,1,1,1996,0,0,0,0,0,0,0,0,0,0
130508,1,1,1996,0,0,0,0,0,0,0,0,0,0
130508,2,1,1996,0,0,0,0,0,0,0,0,0,0
130509,1,1,1996,17,17,17,17,17,17,17,17,17,17
130510,1,1,1996,0,0,0,0,0,0,0,0,0,0
130510,2,1,1996,0,0,0,0,0,0,0,0,0,0
130511,1,1,1996,31,31,31,31,31,31,31,31,31,31
130512,1,1,1996,8,8,8,8,8,8,8,8,8,8
130513,1,1,1996,0,0,0,0,0,0,0,0,0,0
130514,1,1,1996,15,15,15,15,15,15,15,15,15,15
130515,1,1,1996,9,2,2,16,8,6,16,0,26,5
130515,2,1,1996,0,0,0,0,0,0,0,0,0,0
130516,1,1,1996,0,0,0,0,0,0,0,0,0,0
130517,1,1,1996,0,0,0,0,0,0,0,0,0,0
130517,2,1,1996,8,8,8,8,8,8,8,8,8,8
130518,1,1,1996,0,0,0,0,0,0,0,0,0,0
130519,1,1,1996,18,18,18,18,18,18,18,18,18,18
130520,1,1,1996,0,0,0,0,0,0,0,0,0,0
130521,1,1,1996,29,29,29,29,29,29,29,29,29,29
130522,1,1,1996,0,0,0,0,0,0,0,0,0,0
130523,1,1,1996,0,0,0,0,0,0,0,0,0,0
130523,2,1,1996,0,0,0,0,0,0,0,0,0,0
130524,0,1,1996,0,0,0,0,0,0,0,0,0,0
130524,1,1,1996,17,17,17,17,17,17,17,17,17,17
130525,0,1,1996,0,0,0,0,0,0,0,0,0,0
130525,1,1,1996,0,0,0,0,0,0,0,0,0,0
130526,1,1,1996,11,0,0,0,0,0,0,0,0,21
130527,0,1,1996,9,9,9,9,9,9,9,9,9,9
130527,1,1,1996,3,3,3,3,3,3,3,3,3,3
130528,1,1,1996,12,0,0,0,0,4,0,0,0,0
130529,1,1,1996,26,26,26,26,26,26,26,26,26,26
130530,1,1,1996,0,0,0,0,0,0,0,0,0,0
130531,1,1,1996,0,0,0,0,0,0,0,0,0,0
130532,1,1,1996,34,34,34,34,34,34,34,34,34,34
130533,0,1,1996,0,0,0,0,0,0,0,0,0,0
130533,1,1,1996,0,0,0,0,0,0,0,0,0,0
130534,0,1,1996,0,0,0,0,0,0,0,0,0,0
130534,1,1,1996,5,0,23,0,0,0,0,0,0,0
130535,1,1,1996,21,21,21,21,21,21,21,21,21,21
130536,1,1,1996,20,20,20,20,20,20,20,20,20,20
130537,1,1,1996,0,0,0,0,0,0,0,0,0,0
130537,2,1,1996,0,0,0,0,0,0,0,0,0,0
130538,1,1,1996,0,0,0,0,0,0,0,0,0,0
130539,1,1,1996,0,0,0,0,0,0,0,0,0,0
130539,2,1,1996,0,0,0,0,0,0,0,0,0,0
130540,1,1,1996,0,0,0,0,0,0,0,0,0,0
130541,1,1,1996,15,15,15,15,15,15,15,15,15,15
130543,1,1,1996,13,26,15,18,19,6,16,28,13,34
130544,1,1,1996,0,0,0,0,0,0,0,0,0,0
130544,2,1,1996,0,0,0,0,0,0,0,0,0,0
130545,1,1,1996,27,20,0,0,0,0,10,9,0,0
130546,1,1,1996,0,0,0,0,0,0,0,0,0,0
130546,2,1,1996,0,0,0,0,0,0,0,0,0,0
130547,1,1,1996,0,0,0,0,0,0,0,0,0,0
130547,2,1,1996,0,0,0,0,0,0,0,0,0,0
130547,3,1,1996,0,0,0,0,0,0,0,0,0,0
130548,1,1,1996,0,0,0,35,28,22,33,51,23,19
130549,1,1,1996,0,0,0,0,0,0,0,0,0,0
130550,1,1,1996,0,0,0,0,0,0,0,0,0,0
130550,2,1,1996,0,0,0,0,0,0,0,0,0,0
130551,0,1,1996,26,26,26,26,26,26,26,26,26,26
130551,1,1,1996,0,0,0,0,0,0,0,0,0,0
130552,1,1,1996,0,0,0,0,0,0,0,0,0,0
130552,2,1,1996,0,0,0,0,0,0,0,0,0,0
130553,1,1,1996,25,25,25,25,25,25,25,25,25,25
130554,1,1,1996,0,0,0,0,0,0,0,0,0,0
130554,2,1,1996,0,0,0,0,0,0,0,0,0,0
130555,1,1,1996,0,0,0,0,0,0,0,0,0,0
130555,2,1,1996,0,0,0,0,0,0,0,0,0,0
130556,1,1,1996,14,14,14,14,14,14,14,14,14,14
130557,1,1,1996,0,0,0,0,0,0,0,0,0,0
130558,1,1,1996,0,0,0,0,0,0,0,0,0,0
130558,2,1,1996,0,0,0,0,0,0,0,0,0,0
130559,1,1,1996,0,0,0,0,0,0,0,0,0,0
130560,1,1,1996,29,29,29,29,29,29,29,29,29,29
130561,1,1,1996,0,0,0,0,0,0,0,0,0,0
130562,0,1,1996,0,0,0,0,0,0,0,0,0,0
130562,1,1,1996,9,9,9,9,9,9,9,9,9,9
130563,1,1,1996,0,0,0,0,0,0,0,0,0,0
130564,1,1,1996,0,0,0,0,0,0,0,0,0,0
130564,2,1,1996,0,0,0,0,0,0,0,0,0,0
130565,1,1,1996,11,11,11,11,11,11,11,11,11,11
130565,2,1,1996,0,0,0,0,0,0,0,0,0,0
130566,1,1,1996,0,0,0,0,0,0,0,0,0,0
130566,2,1,1996,0,0,0,0,0,0,0,0,0,0
130567,1,1,1996,18,18,18,18,18,18,18,18,18,18
130568,1,1,1996,0,0,0,0,0,0,0,0,0,0
130568,2,1,1996,0,0,0,0,0,0,0,0,0,0
130569,1,1,1996,0,0,0,0,0,0,0,0,0,0
130569,2,1,1996,0,0,0,0,0,0,0,0,0,0
130570,1,1,1996,0,0,0,0,0,0,0,0,0,0
130570,2,1,1996,0,0,0,0,0,0,0,0,0,0
130571,1,1,1996,6,29,27,0,13,16,22,11,25,20
130572,1,1,1996,0,0,0,0,0,0,0,0,0,0
130572,2,1,1996,0,0,0,0,0,0,0,0,0,0
130573,0,1,1996,20,20,20,20,20,20,20,20,20,20
130573,1,1,1996,0,0,0,0,0,0,0,0,0,0
130574,1,1,1996,0,0,0,0,0,0,0,0,0,0
130574,2,1,1996,11,11,11,11,11,11,11,11,11,11
130575,1,1,1996,30,30,30,30,30,30,30,30,30,30
130576,0,1,1996,14,14,14,14,14,14,14,14,14,14
130576,1,1,1996,0,0,0,0,0,0,0,0,0,0
130577,1,1,1996,36,0,0,0,0,0,0,0,0,0
130578,1,1,1996,0,0,0,0,0,0,0,0,0,0
130578,2,1,1996,0,8,0,0,0,0,0,0,0,0
130579,1,1,1996,0,0,0,0,0,0,0,0,0,0
130579,2,1,1996,0,0,0,0,0,0,0,0,0,0
130579,3,1,1996,0,0,0,0,0,0,0,0,0,0
130579,4,1,1996,0,0,0,0,0,0,0,0,0,0
130580,1,1,1996,0,0,0,0,0,0,0,0,0,0
130580,2,1,1996,0,0,0,0,0,0,0,0,0,0
130581,1,1,1996,0,0,0,0,0,0,0,0,0,0
130581,2,1,1996,15,0,0,0,0,0,0,0,0,0
130581,3,1,1996,0,0,0,0,0,0,0,0,0,0
130581,4,1,1996,0,0,0,0,0,0,0,0,0,0
130582,1,1,1996,0,23,28,0,0,0,27,0,27,14
130583,1,1,1996,26,26,26,26,26,26,26,26,26,26
130584,1,1,1996,0,17,17,0,0,0,13,34,0,7
130585,0,1,1996,25,25,25,25,25,25,25,25,25,25
130585,1,1,1996,0,0,0,0,0,0,0,0,0,0
130586,1,1,1996,0,0,0,0,0,0,0,0,0,0
130586,2,1,1996,0,0,0,0,0,0,0,0,0,0
130587,1,1,1996,12,12,12,12,12,12,12,12,12,12
130587,3,1,1996,8,8,8,8,8,8,8,8,8,8
130588,1,1,1996,0,0,0,0,0,0,0,0,0,0
130588,2,1,1996,0,0,0,0,0,0,0,0,0,0
130589,1,1,1996,0,0,18,23,0,0,36,19,0,0
130590,0,1,1996,31,0,0,0,0,13,0,18,0,15
130590,0,2,1996,0,0,10,0,16,12,0,5,20,0
130590,1,1,1996,20,20,20,20,20,20,20,20,20,20
130591,1,1,1996,0,0,0,0,0,0,0,0,0,0
130592,1,1,1996,0,0,0,0,0,0,0,0,0,0
130593,1,1,1996,0,0,0,0,0,0,0,0,0,0
130594,1,1,1996,0,0,0,0,0,0,0,0,0,0
130595,1,1,1996,0,0,0,0,0,0,0,0,0,0
130596,1,1,1996,14,14,14,14,14,14,14,14,14,14
130596,2,1,1996,0,0,0,0,0,0,0,0,0,0
130597,1,1,1996,13,9,0,0,0,0,11,0,0,0
130597,2,1,1996,0,0,0,0,0,0,0,0,0,0
130598,1,1,1996,10,10,10,10,10,10,10,10,10,10
130599,1,1,1996,9,9,9,9,9,9,9,9,9,9
130600,1,1,1996,5,5,5,5,5,5,5,5,5,5
130601,1,1,1996,18,18,18,18,18,18,18,18,18,18
130602,1,1,1996,0,0,0,0,0,0,0,0,0,0
130603,1,1,1996,6,6,6,6,6,6,6,6,6,6
130604,0,1,1996,0,0,0,0,0,0,0,0,0,0
130604,1,1,1996,0,7,0,0,0,19,0,0,0,3
130605,1,1,1996,0,0,0,0,0,0,0,0,0,0
130605,2,1,1996,0,0,0,0,0,0,0,0,0,0
130606,0,1,1996,0,16,0,7,0,17,0,0,0,6
130606,1,1,1996,0,0,0,0,0,0,0,0,0,0
130607,1,1,1996,0,0,0,0,0,0,0,0,0,0
130607,2,1,1996,0,0,0,0,0,0,0,0,0,0
130607,3,1,1996,0,0,0,0,0,0,0,0,0,0
130608,1,1,1996,7,23,16,16,5,14,8,15,14,14
130609,1,1,1996,0,0,0,0,0,0,0,0,0,0
130609,2,1,1996,0,0,0,0,0,0,0,0,0,0
130610,1,1,1996,6,6,6,6,6,6,6,6,6,6
130611,1,1,1996,26,26,26,26,26,26,26,26,26,26
130611,2,1,1996,0,0,0,0,0,7,0,0,0,0
130612,1,1,1996,0,0,0,0,0,0,0,0,0,0
130612,2,1,1996,0,0,0,0,0,0,0,0,0,0
130613,0,1,1996,0,0,0,0,0,5,15,0,0,0
130613,0,2,1996,10,22,0,0,12,0,0,0,0,33
130613,1,1,1996,14,14,14,14,14,14,14,14,14,14
130614,1,1,1996,0,0,0,0,0,0,0,0,0,0
130614,2,1,1996,0,0,0,0,0,0,0,0,0,0
130615,1,1,1996,0,0,0,0,0,0,0,0,0,0
130615,2,1,1996,0,0,0,0,0,0,0,0,0,0
130616,1,1,1996,0,0,0,0,0,0,0,0,0,0
130616,2,1,1996,14,0,0,0,10,25,17,0,0,35
130617,1,1,1996,0,0,0,0,0,0,0,0,0,0
130617,2,1,1996,0,0,0,0,0,0,0,0,0,0
130618,0,1,1996,0,0,0,0,0,0,0,0,0,0
130618,1,1,1996,0,0,0,0,0,0,0,0,0,0
130619,1,1,1996,0,0,0,0,0,0,0,0,0,0
130620,0,1,1996,0,0,0,0,0,0,0,0,0,0
130620,1,1,1996,3,3,3,3,3,3,3,3,3,3
130621,1,1,1996,19,19,19,19,19,19,19,19,19,19
130622,1,1,1996,0,0,0,0,0,0,0,0,0,0
130623,1,1,1996,0,0,0,0,0,0,0,0,0,0
130623,2,1,1996,0,0,0,0,0,0,0,0,0,0
130624,0,1,1996,0,0,0,0,0,0,0,0,0,0
130624,1,1,1996,0,0,0,0,0,0,0,0,0,0
130625,1,1,1996,0,0,0,0,0,0,0,0,0,0
130625,2,1,1996,0,0,0,0,0,0,0,0,0,0
130626,1,1,1996,0,0,0,0,0,0,0,0,0,0
130627,1,1,1996,14,14,14,14,14,14,14,14,14,14
130627,2,1,1996,0,0,0,0,0,0,0,0,0,0
130628,1,1,1996,13,0,0,21,0,0,19,0,0,25
130629,0,1,1996,0,0,0,0,0,0,0,6,0,0
130629,1,1,1996,0,0,0,0,0,0,0,0,0,0
130630,0,1,1996,0,0,0,0,0,0,0,0,0,14
130630,1,1,1996,0,0,0,0,0,0,0,0,0,0
130630,2,1,1996,0,0,0,0,0,0,0,0,0,0
130631,1,1,1996,13,13,13,13,13,13,13,13,13,13
130632,1,1,1996,23,23,23,23,23,23,23,23,23,23
130633,1,1,1996,34,34,34,34,34,34,34,34,34,34
130634,0,1,1996,0,0,0,0,0,0,0,0,0,0
130634,1,1,1996,0,10,27,0,9,13,14,0,0,0
130635,0,1,1996,0,0,0,0,0,0,0,0,0,0
130635,1,1,1996,0,0,0,0,0,0,0,0,0,0
130636,1,1,1996,4,5,5,20,5,11,0,19,1,0
130636,2,1,1996,0,0,0,0,0,0,0,0,0,0
130637,1,1,1996,0,0,0,0,0,0,0,0,0,0
130637,2,1,1996,0,0,0,0,0,0,0,0,0,0
130638,1,1,1996,0,0,0,0,0,0,0,0,0,0
130639,1,1,1996,0,0,0,0,0,0,0,0,0,0
130640,1,1,1996,0,0,0,0,0,0,0,0,0,0
130640,2,1,1996,0,0,0,0,0,0,0,0,0,0
130641,1,1,1996,0,0,0,0,0,0,0,0,0,0
130641,2,1,1996,0,0,0,0,0,0,0,0,0,0
130642,1,1,1996,0,0,0,0,0,0,0,0,0,0
130642,2,1,1996,0,0,0,0,0,0,0,0,0,0
130642,3,1,1996,0,0,0,0,0,0,0,0,0,0
130643,1,1,1996,0,0,0,0,0,0,0,0,0,0
130643,2,1,1996,0,0,0,0,0,0,0,0,0,0
130644,1,1,1996,0,0,5,0,0,0,14,0,0,0
130645,1,1,1996,0,0,0,0,0,0,0,0,0,0
130646,0,1,1996,0,0,0,0,0,0,0,0,0,0
130646,1,1,1996,0,0,0,0,0,0,0,0,0,0
130647,0,1,1996,0,8,27,0,0,17,0,24,21,0
130647,1,1,1996,0,0,0,0,0,0,0,0,0,0
130648,1,1,1996,9,24,9,21,0,18,16,0,14,14
130648,2,1,1996,0,0,9,0,8,0,3,23,17,13
130649,1,1,1996,23,23,23,23,23,23,23,23,23,23
130650,1,1,1996,21,0,16,27,0,0,31,29,19,11
130651,1,1,1996,0,19,0,0,0,0,0,0,19,0
130651,2,1,1996,0,0,0,0,0,0,0,0,0,0
130652,1,1,1996,7,15,0,0,0,0,5,7,0,0
130653,1,1,1996,0,0,0,0,0,0,0,0,0,0
130653,2,1,1996,0,0,0,0,0,0,0,0,0,0
130653,3,1,1996,0,0,0,0,0,0,0,0,0,0
130654,1,1,1996,0,0,0,0,0,0,0,0,0,0
130654,2,1,1996,0,0,0,0,0,0,0,0,0,0
130655,1,1,1996,11,11,11,11,11,11,11,11,11,11
130655,2,1,1996,0,0,0,0,0,0,0,0,0,0
130655,3,1,1996,0,0,0,0,0,0,0,0,8,0
130656,1,1,1996,0,0,0,0,0,0,0,0,0,0
130657,1,1,1996,0,0,0,0,0,0,0,0,0,0
130658,1,1,1996,0,0,0,0,0,0,0,0,0,0
130658,2,1,1996,0,0,0,0,0,0,0,9,0,0
130659,1,1,1996,25,25,25,25,25,25,25,25,25,25
130660,1,1,1996,0,0,0,0,0,0,0,0,0,0
130661,1,1,1996,13,13,13,13,13,13,13,13,13,13
130662,0,1,1996,0,0,0,0,0,0,0,0,0,0
130662,1,1,1996,0,0,0,0,0,0,0,0,0,0
130663,1,1,1996,0,0,0,0,0,0,0,0,0,0
130663,2,1,1996,0,0,0,0,0,0,0,0,0,0
130663,3,1,1996,0,0,0,0,0,0,0,0,0,0
130664,1,1,1996,0,0,0,0,0,0,0,0,0,0
130665,0,1,1996,22,22,22,22,22,22,22,22,22,22
130665,1,1,1996,0,0,0,0,0,0,0,0,0,0
130666,1,1,1996,0,0,0,0,0,0,0,0,0,0
130666,2,1,1996,0,0,0,0,0,0,0,0,0,0
130667,1,1,1996,19,0,0,0,0,0,0,0,0,0
130668,0,1,1996,13,13,13,13,13,13,13,13,13,13
130668,1,1,1996,0,0,0,0,0,0,0,0,0,0
130669,1,1,1996,6,0,0,0,0,0,0,0,0,0
130669,2,1,1996,0,0,0,0,0,0,0,0,0,0
130670,0,1,1996,0,0,0,0,0,0,0,0,0,0
130670,1,1,1996,0,0,0,0,0,0,0,0,0,0
130671,1,1,1996,0,0,0,0,0,0,0,0,0,0
130671,2,1,1996,0,0,0,0,0,0,0,0,0,0
130672,1,1,1996,0,8,0,0,22,0,9,27,32,0
130673,1,1,1996,0,0,0,0,0,0,0,0,0,0
130673,2,1,1996,0,0,0,13,0,0,0,0,0,0
130674,0,1,1996,0,0,0,0,0,0,0,0,0,0
130674,1,1,1996,0,0,0,0,0,0,0,0,0,0
130675,1,1,1996,24,5,21,10,19,10,14,8,0,12
130675,2,1,1996,0,0,0,0,0,0,0,0,0,0
130676,1,1,1996,19,13,33,0,22,0,9,8,5,12
130676,2,1,1996,0,0,0,0,0,0,0,0,0,0
130677,1,1,1996,3,3,3,3,3,3,3,3,3,3
130678,1,1,1996,0,0,0,29,0,0,0,20,0,10
130679,1,1,1996,18,18,18,18,18,18,18,18,18,18
130680,1,1,1996,9,30,10,18,30,42,24,12,13,6
130681,1,1,1996,0,17,0,11,0,8,0,0,0,19
130681,2,1,1996,4,4,4,4,4,4,4,4,4,4
130682,0,1,1996,16,16,16,16,16,16,16,16,16,16
130682,1,1,1996,0,0,0,0,0,0,0,0,0,0
130683,1,1,1996,0,0,0,0,0,0,0,0,0,0
130683,2,1,1996,0,0,0,0,0,0,0,0,0,0
130684,1,1,1996,0,0,0,0,0,0,0,0,0,0
130685,1,1,1996,0,0,0,0,0,0,0,0,0,0
130686,1,1,1996,0,0,0,0,0,0,0,0,0,0
130686,2,1,1996,0,0,0,0,0,0,0,0,0,0
130687,1,1,1996,0,0,0,0,0,0,0,0,0,0
130687,2,1,1996,0,0,0,0,0,0,0,0,0,0
130688,1,1,1996,0,0,0,0,0,0,0,0,0,0
130688,2,1,1996,0,0,0,0,0,0,0,0,0,0
130689,1,1,1996,0,0,0,0,0,0,0,0,0,0
130689,2,1,1996,0,0,0,0,0,0,0,0,0,0
130690,1,1,1996,0,0,0,0,0,0,0,0,0,0
130690,2,1,1996,0,0,0,0,0,0,0,0,0,0
130691,1,1,1996,27,27,27,27,27,27,27,27,27,27
130692,1,1,1996,0,0,0,0,0,0,0,0,0,0
130692,2,1,1996,0,0,0,0,0,0,0,0,0,0
130693,1,1,1996,10,10,10,10,10,10,10,10,10,10
130693,2,1,1996,17,17,17,17,17,17,17,17,17,17
130694,0,1,1996,0,0,0,0,0,0,0,0,0,0
130694,0,2,1996,0,20,0,0,0,0,9,0,0,31
130694,1,1,1996,8,8,8,8,8,8,8,8,8,8
130695,1,1,1996,18,18,18,18,18,18,18,18,18,18
130696,1,1,1996,0,0,0,0,0,0,0,0,0,0
130698,0,1,1996,17,17,17,17,17,17,17,17,17,17
130698,1,1,1996,0,0,0,0,0,0,0,0,0,0
130699,1,1,1996,12,12,12,12,12,12,12,12,12,12
130700,1,1,1996,0,0,0,0,0,0,0,0,0,0
130701,1,1,1996,0,0,0,0,0,0,0,0,0,0
130702,1,1,1996,0,0,0,0,0,0,0,0,0,0
130702,2,1,1996,0,0,0,0,0,0,0,0,0,0
130703,1,1,1996,0,0,0,0,0,0,0,0,0,0
130703,2,1,1996,0,0,0,0,0,0,0,0,0,0
130703,3,1,1996,0,0,0,0,0,0,0,0,0,0
130704,0,1,1996,0,0,0,0,0,0,0,0,0,0
130704,1,1,1996,0,0,0,0,0,0,0,0,0,0
130705,1,1,1996,11,11,11,11,11,11,11,11,11,11
130706,1,1,1996,16,16,16,16,16,16,16,16,16,16
130707,1,1,1996,0,0,0,0,0,0,0,0,10,0
130707,2,1,1996,0,0,0,0,0,0,0,0,0,0
130707,3,1,1996,0,0,0,0,0,0,0,0,0,0
130708,1,1,1996,0,0,0,0,0,0,0,0,0,0
130708,2,1,1996,0,0,0,0,0,0,0,0,0,0
130709,1,1,1996,0,0,0,0,0,0,2,0,0,0
130710,1,1,1996,0,0,0,0,0,0,0,0,0,0
130710,2,1,1996,0,0,0,0,0,0,0,0,0,0
130711,1,1,1996,0,0,0,0,0,0,0,0,0,0
130712,1,1,1996,0,0,0,0,0,0,0,0,0,0
130713,1,1,1996,0,0,0,0,0,0,0,0,0,0
130713,2,1,1996,0,0,0,0,0,0,0,0,0,0
130714,1,1,1996,0,0,0,0,0,0,0,0,0,0
130715,1,1,1996,22,22,22,22,22,22,22,22,22,22
130716,1,1,1996,0,0,0,0,0,0,0,0,0,0
130716,2,1,1996,0,0,0,0,0,0,0,0,0,0
130717,1,1,1996,0,0,0,0,0,0,0,0,0,0
130718,1,1,1996,12,0,0,21,18,0,0,0,0,7
130719,0,1,1996,0,0,0,0,0,0,0,0,0,0
130719,0,2,1996,0,0,0,0,0,0,0,0,0,0
130719,1,1,1996,0,0,0,0,0,0,0,0,0,0
130720,1,1,1996,0,0,0,0,0,0,0,0,0,0
130721,1,1,1996,0,0,0,0,0,0,0,0,0,0
130721,2,1,1996,0,0,0,0,0,0,0,0,0,0
130722,1,1,1996,21,21,21,21,21,21,21,21,21,21
130723,1,1,1996,0,0,0,0,0,0,0,0,0,0
130724,1,1,1996,0,0,0,0,0,0,0,0,0,0
130724,2,1,1996,0,0,0,0,0,0,0,0,0,0
130724,3,1,1996,0,0,0,0,0,0,0,0,0,0
130725,1,1,1996,0,0,0,15,0,0,0,0,0,0
130725,2,1,1996,36,27,9,0,15,17,12,13,24,11
130726,1,1,1996,13,13,13,13,13,13,13,13,13,13
130726,2,1,1996,0,0,0,0,0,0,0,0,0,0
130727,0,1,1996,0,0,0,0,0,0,0,0,0,0
130727,1,1,1996,0,0,0,0,0,0,0,0,0,0
130728,1,1,1996,0,0,0,0,0,0,0,0,0,0
130729,1,1,1996,0,0,0,0,0,0,0,0,0,0
130729,2,1,1996,0,0,0,0,0,0,0,0,0,0
130730,1,1,1996,0,0,0,0,0,0,0,0,0,0
130730,2,1,1996,0,0,0,0,0,0,0,0,0,0
130731,1,1,1996,16,5,5,0,17,6,0,17,0,0
130732,0,1,1996,0,0,0,0,0,0,0,0,0,0
130732,1,1,1996,0,0,0,0,0,0,0,0,0,0
130733,1,1,1996,11,11,11,11,11,11,11,11,11,11
130734,1,1,1996,0,0,0,0,0,0,0,0,0,0
130735,1,1,1996,0,0,0,0,0,0,0,11,0,0
130735,2,1,1996,0,0,0,0,0,0,0,0,0,0
130736,1,1,1996,0,0,0,0,0,0,0,0,0,0
130736,2,1,1996,0,0,0,0,0,0,0,0,0,0
130737,1,1,1996,0,0,0,0,0,0,0,0,0,0