ST_CASE,VEH_NO,PER_NO,YEAR,P1,P2,P3,P4,P5,P6,P7,P8,P9,P10
130737,2,1,1996,0,0,0,0,0,0,0,0,0,0
130738,0,1,1996,30,30,30,30,30,30,30,30,30,30
130738,1,1,1996,0,0,0,0,0,0,0,0,0,0
130738,2,1,1996,0,0,0,0,0,0,0,0,0,0
130739,0,1,1996,12,18,28,0,13,0,19,21,29,0
130739,1,1,1996,0,0,0,0,0,0,0,0,0,0
130740,1,1,1996,0,0,0,0,0,0,0,0,0,0
130741,1,1,1996,32,32,32,32,32,32,32,32,32,32
130741,2,1,1996,0,0,0,0,0,0,0,0,0,0
130741,3,1,1996,0,0,0,0,0,0,0,0,0,0
130741,4,1,1996,0,0,0,0,0,0,0,0,0,0
130742,1,1,1996,0,0,0,0,0,0,0,0,0,0
130743,1,1,1996,0,0,0,0,0,0,0,0,0,0
130743,2,1,1996,0,0,0,0,0,0,0,0,0,0
130743,3,1,1996,0,0,0,0,0,0,0,0,0,0
130744,1,1,1996,20,20,20,20,20,20,20,20,20,20
130745,1,1,1996,0,0,0,0,0,0,0,0,0,0
130746,1,1,1996,27,27,27,27,27,27,27,27,27,27
130747,1,1,1996,14,14,14,14,14,14,14,14,14,14
130748,1,1,1996,8,8,8,8,8,8,8,8,8,8
130749,1,1,1996,12,12,12,12,12,12,12,12,12,12
130749,2,1,1996,0,0,0,0,0,0,0,0,0,0
130749,3,1,1996,0,0,13,0,0,0,0,0,0,0
130750,1,1,1996,7,22,18,15,8,28,16,10,15,18
130751,1,1,1996,0,0,5,0,10,20,17,0,0,0
130751,2,1,1996,0,0,0,0,0,0,0,0,0,0
130752,1,1,1996,0,0,0,0,0,0,0,0,0,0
130753,1,1,1996,35,25,14,0,13,18,22,11,0,31
130754,1,1,1996,0,0,0,0,0,0,0,0,0,0
130754,2,1,1996,17,0,0,0,20,0,18,0,27,15
130755,1,1,1996,6,6,6,6,6,6,6,6,6,6
130756,1,1,1996,0,0,0,0,0,0,0,0,0,0
130756,2,1,1996,0,0,0,0,3,0,0,0,0,0
130757,1,1,1996,0,0,0,0,0,0,0,0,0,0
130758,1,1,1996,0,0,0,0,0,0,0,0,0,0
130759,1,1,1996,0,0,0,0,0,0,0,0,0,0
130759,2,1,1996,0,0,0,0,0,0,0,0,0,0
130760,1,1,1996,2,2,2,2,2,2,2,2,2,2
130760,2,1,1996,14,14,14,14,14,14,14,14,14,14
130761,1,1,1996,23,23,23,23,23,23,23,23,23,23
130762,1,1,1996,0,0,10,0,0,0,0,0,13,0
130763,1,1,1996,0,0,0,0,0,0,0,0,0,0
130763,2,1,1996,0,0,0,0,0,0,0,0,0,0
130764,0,1,1996,0,0,0,0,0,0,0,0,0,0
130764,1,1,1996,0,0,0,0,0,0,0,0,0,0
130765,0,1,1996,20,20,20,20,20,20,20,20,20,20
130765,1,1,1996,0,0,0,0,0,0,0,0,0,0
130766,1,1,1996,0,0,0,0,0,0,0,0,0,0
130767,1,1,1996,0,0,0,0,0,0,0,0,0,0
130767,2,1,1996,0,0,0,0,0,0,0,0,0,0
130768,1,1,1996,3,3,3,3,3,3,3,3,3,3
130768,2,1,1996,0,0,0,0,0,0,0,0,0,0
130769,1,1,1996,0,0,0,0,0,0,0,0,0,0
130769,2,1,1996,0,0,0,0,0,0,0,0,0,0
130770,1,1,1996,26,26,26,26,26,26,26,26,26,26
130771,1,1,1996,31,32,16,16,41,9,9,12,19,12
130771,2,1,1996,0,0,0,0,0,0,0,0,0,0
130772,1,1,1996,0,0,0,0,0,0,0,0,0,0
130772,2,1,1996,0,0,0,0,0,0,0,0,0,0
130773,0,1,1996,26,26,26,26,26,26,26,26,26,26
130773,1,1,1996,0,0,0,0,0,0,0,0,0,0
130774,1,1,1996,0,0,0,0,0,0,0,0,0,0
130774,2,1,1996,0,0,0,0,0,0,0,0,0,0
130775,1,1,1996,0,0,0,0,0,0,0,0,0,0
130775,2,1,1996,0,0,0,0,0,0,0,0,0,0
130776,1,1,1996,0,0,0,0,0,0,0,0,0,0
130776,2,1,1996,0,0,0,0,0,0,0,0,0,0
130776,3,1,1996,0,0,0,0,0,0,0,0,0,0
130777,1,1,1996,0,0,0,0,0,0,0,0,0,0
130778,1,1,1996,0,0,0,0,0,0,30,18,0,14
130778,2,1,1996,0,0,0,0,0,0,0,0,0,0
130779,1,1,1996,0,0,0,0,0,0,0,0,0,0
130780,1,1,1996,25,25,25,25,25,25,25,25,25,25
130780,2,1,1996,14,0,0,0,0,0,0,0,0,0
130781,1,1,1996,0,0,0,0,0,0,0,0,0,0
130782,1,1,1996,14,14,14,14,14,14,14,14,14,14
130782,2,1,1996,0,0,0,0,0,0,0,0,0,0
130783,1,1,1996,0,0,0,0,0,0,0,0,0,0
130784,1,1,1996,0,0,0,0,0,0,0,0,0,0
130785,0,1,1996,0,0,0,13,0,0,0,18,26,0
130785,1,1,1996,0,0,0,0,0,0,0,0,3,0
130786,1,1,1996,0,0,0,0,0,0,0,0,0,0
130787,1,1,1996,2,2,2,2,2,2,2,2,2,2
130788,1,1,1996,0,0,0,0,0,0,0,0,0,0
130788,2,1,1996,0,0,0,0,0,0,0,0,0,0
130789,0,1,1996,0,0,0,0,0,0,0,0,0,0
130789,1,1,1996,0,0,0,0,0,0,0,0,0,0
130790,1,1,1996,0,0,0,18,0,0,0,0,0,0
130790,2,1,1996,43,43,43,43,43,43,43,43,43,43
130791,1,1,1996,0,0,0,0,0,0,0,0,0,0
130791,2,1,1996,0,0,0,0,0,0,0,0,0,0
130792,1,1,1996,0,0,0,0,0,0,0,0,0,0
130793,1,1,1996,16,16,16,16,16,16,16,16,16,16
130794,1,1,1996,0,0,0,0,0,0,0,0,0,0
130795,1,1,1996,0,0,0,0,0,0,0,0,0,0
130795,2,1,1996,0,0,0,0,0,0,0,0,0,0
130796,1,1,1996,0,0,0,0,0,0,0,0,0,0
130797,1,1,1996,0,0,0,0,0,0,0,0,0,0
130798,1,1,1996,21,21,21,21,21,21,21,21,21,21
130799,1,1,1996,0,0,21,0,0,0,0,0,15,0
130800,1,1,1996,0,0,0,0,0,0,0,0,0,0
130800,2,1,1996,0,0,0,0,0,0,0,0,0,0
130800,3,1,1996,0,0,0,0,0,0,0,0,0,0
130801,1,1,1996,14,14,14,14,14,14,14,14,14,14
130802,1,1,1996,0,0,0,0,0,0,0,0,0,0
130802,2,1,1996,0,0,0,0,0,0,0,0,0,0
130803,1,1,1996,0,0,0,0,0,0,0,0,0,0
130803,2,1,1996,0,0,0,0,0,0,0,0,0,0
130804,0,1,1996,0,0,0,0,0,0,0,0,0,0
130804,1,1,1996,0,0,0,0,0,0,0,0,0,0
130805,1,1,1996,0,0,0,0,0,0,0,0,0,0
130805,2,1,1996,0,0,0,0,0,0,0,0,0,0
130805,3,1,1996,0,0,0,0,0,0,0,0,0,0
130806,1,1,1996,0,0,0,0,0,0,0,0,0,0
130806,2,1,1996,0,0,0,0,0,0,0,0,0,0
130807,1,1,1996,0,0,0,0,0,0,0,0,0,0
130807,2,1,1996,0,0,0,0,0,0,0,0,0,0
130808,1,1,1996,16,16,16,16,16,16,16,16,16,16
130809,0,1,1996,0,0,0,0,0,0,0,0,0,0
130809,1,1,1996,0,0,0,0,0,0,0,0,0,0
130810,1,1,1996,0,0,0,0,0,0,0,0,0,0
130810,2,1,1996,0,0,0,0,0,0,0,0,0,0
130811,0,1,1996,0,0,0,0,0,0,0,0,0,0
130811,1,1,1996,15,15,15,15,15,15,15,15,15,15
130812,1,1,1996,0,6,0,0,0,0,0,26,13,0
130813,1,1,1996,6,34,13,10,10,11,24,24,44,17
130813,2,1,1996,0,0,0,0,0,0,0,0,0,0
130813,3,1,1996,0,0,0,0,0,0,0,0,0,0
130814,1,1,1996,0,0,0,0,0,0,0,0,0,0
130814,2,1,1996,0,0,0,0,0,0,0,0,12,0
130815,1,1,1996,0,0,0,0,0,0,0,0,0,0
130815,2,1,1996,10,10,10,10,10,10,10,10,10,10
130816,1,1,1996,0,0,0,0,0,0,0,0,0,0
130816,2,1,1996,0,0,0,0,0,0,0,0,0,0
130817,0,1,1996,0,0,0,0,0,0,0,0,0,0
130817,1,1,1996,0,0,0,0,0,0,0,0,0,0
130818,0,1,1996,0,0,0,0,0,0,0,0,0,0
130818,1,1,1996,0,0,0,0,0,0,0,0,0,0
130819,1,1,1996,0,0,0,0,0,0,0,0,0,0
130819,2,1,1996,0,0,0,0,0,0,0,0,0,0
130819,3,1,1996,0,0,0,0,0,0,0,0,0,0
130819,4,1,1996,0,0,0,0,0,0,0,0,0,0
130820,1,1,1996,0,0,0,0,0,0,0,0,0,0
130821,1,1,1996,0,0,0,0,0,0,0,0,0,0
130821,2,1,1996,0,0,0,0,0,0,0,0,0,0
130823,0,1,1996,10,10,10,10,10,10,10,10,10,10
130823,1,1,1996,9,9,9,9,9,9,9,9,9,9
130824,1,1,1996,0,0,0,0,0,0,0,0,0,0
130824,2,1,1996,0,0,0,0,0,0,0,0,0,0
130824,3,1,1996,0,0,0,0,0,0,0,0,0,0
130825,1,1,1996,26,26,26,26,26,26,26,26,26,26
130825,2,1,1996,0,0,0,0,0,0,0,0,0,0
130826,0,1,1996,15,0,0,0,0,0,4,0,0,8
130826,1,1,1996,22,22,22,22,22,22,22,22,22,22
130827,1,1,1996,18,18,18,18,18,18,18,18,18,18
130828,1,1,1996,0,0,27,0,0,0,0,0,0,0
130829,1,1,1996,16,16,16,16,16,16,16,16,16,16
130830,1,1,1996,19,19,19,19,19,19,19,19,19,19
130830,2,1,1996,0,0,0,0,0,0,0,0,0,0
130832,1,1,1996,0,0,0,0,0,0,0,0,0,0
130832,2,1,1996,0,0,0,0,0,0,0,0,0,0
130833,1,2,1996,18,19,3,13,3,12,17,0,18,16
130834,1,1,1996,0,0,0,0,0,0,0,0,0,0
130834,2,1,1996,0,0,0,0,0,0,0,0,0,0
130835,1,1,1996,0,0,0,0,0,0,0,0,0,0
130836,1,1,1996,29,29,29,29,29,29,29,29,29,29
130836,2,1,1996,0,0,0,0,0,0,0,0,0,0
130837,1,1,1996,0,0,0,0,0,0,0,0,0,0
130838,1,1,1996,0,0,0,0,0,0,0,0,0,0
130839,0,1,1996,26,26,26,26,26,26,26,26,26,26
130839,1,1,1996,0,0,0,0,0,0,0,0,0,0
130840,1,1,1996,15,26,20,34,43,23,0,19,14,19
130841,1,1,1996,0,0,0,0,0,0,0,0,0,0
130841,2,1,1996,0,0,0,0,0,0,0,0,0,0
130842,1,1,1996,16,16,16,16,16,16,16,16,16,16
130843,1,1,1996,0,0,0,0,0,0,0,0,0,0
130843,2,1,1996,0,0,0,0,0,0,0,0,0,0
130844,1,1,1996,0,0,0,0,0,0,0,0,0,0
130844,2,1,1996,0,0,0,0,0,0,0,0,0,0
130845,1,1,1996,46,46,46,46,46,46,46,46,46,46
130845,2,1,1996,0,0,0,0,0,0,0,0,0,0
130846,1,1,1996,0,0,0,0,0,0,0,0,0,0
130846,2,1,1996,0,0,0,0,0,0,0,0,0,0
130846,3,1,1996,0,0,10,0,0,0,18,0,0,0
130846,4,1,1996,0,0,0,0,0,0,0,0,0,0
130848,1,1,1996,0,0,0,0,0,0,0,0,0,0
130848,2,1,1996,0,0,0,0,0,0,0,0,0,0
130849,1,1,1996,12,0,0,0,19,0,0,6,4,18
130850,1,1,1996,0,0,0,0,0,0,0,0,0,0
130850,2,1,1996,0,0,0,0,0,0,0,0,0,0
130851,1,1,1996,0,0,0,0,0,0,0,0,0,0
130852,1,1,1996,0,0,0,0,0,0,0,0,0,0
130853,1,1,1996,0,0,0,0,0,0,0,0,0,0
130854,0,1,1996,0,0,0,0,0,0,0,0,0,0
130854,1,1,1996,0,0,0,0,0,0,0,0,0,0
130855,1,1,1996,0,0,0,0,0,0,0,0,0,0
130855,2,1,1996,0,0,0,0,0,0,0,0,0,0
130856,0,1,1996,25,25,25,25,25,25,25,25,25,25
130856,1,1,1996,0,0,0,0,0,0,0,0,0,0
130858,1,1,1996,0,0,0,0,0,0,0,0,0,0
130859,1,1,1996,16,4,8,22,4,16,0,11,9,20
130860,1,1,1996,0,0,0,0,0,0,0,0,0,0
130861,0,1,1996,13,21,0,18,19,30,0,0,0,0
130861,1,1,1996,0,0,0,0,0,0,0,0,0,0
130862,1,1,1996,0,0,0,0,0,0,0,0,0,0
130862,2,1,1996,0,0,0,0,0,0,0,0,0,0
130863,1,1,1996,25,25,25,25,25,25,25,25,25,25
130863,2,1,1996,0,0,0,0,0,0,0,0,0,0
130864,1,1,1996,0,0,0,0,0,0,0,0,0,0
130866,1,1,1996,0,0,0,0,0,0,0,0,0,0
130866,2,1,1996,0,0,0,0,0,0,0,0,0,0
130866,3,1,1996,0,0,9,0,0,0,0,0,0,0
130866,4,1,1996,0,0,21,0,0,8,14,0,0,0
130867,0,1,1996,0,0,0,0,0,0,0,0,0,0
130867,1,1,1996,0,0,0,0,0,0,0,0,0,0
130868,1,1,1996,0,0,0,0,0,0,0,0,0,0
130868,2,1,1996,0,0,0,0,0,0,0,0,0,0
130869,0,1,1996,20,20,20,20,20,20,20,20,20,20
130869,1,1,1996,0,0,0,0,0,0,0,28,0,0
130870,1,1,1996,14,14,14,14,14,14,14,14,14,14
130871,1,1,1996,0,0,0,0,0,0,0,0,0,0
130871,2,1,1996,0,0,0,0,0,0,0,0,0,0
130872,1,1,1996,27,27,27,27,27,27,27,27,27,27
130873,1,1,1996,0,0,0,0,0,0,0,0,0,0
130874,1,1,1996,27,27,27,27,27,27,27,27,27,27
130874,2,1,1996,0,0,0,0,0,0,0,0,0,0
130874,3,1,1996,0,0,0,0,0,0,0,0,0,0
130875,1,1,1996,10,10,10,10,10,10,10,10,10,10
130876,1,1,1996,22,0,25,0,13,0,17,0,0,6
130877,1,1,1996,0,0,0,0,0,0,0,0,0,0
130877,2,1,1996,0,0,0,0,0,0,0,0,0,0
130879,1,1,1996,0,0,0,0,0,0,0,0,0,0
130880,1,1,1996,0,0,0,0,0,0,0,0,0,0
130880,2,1,1996,0,0,0,0,0,0,0,0,0,0
130881,1,1,1996,0,0,0,0,0,0,0,0,0,0
130881,2,1,1996,0,0,0,0,0,0,0,0,0,0
130882,1,1,1996,0,0,0,0,0,0,0,0,0,0
130882,2,1,1996,0,0,0,0,0,0,0,0,0,0
130883,1,1,1996,0,0,0,0,0,0,0,0,0,0
130884,0,1,1996,0,0,0,0,0,0,0,0,0,0
130884,1,1,1996,0,0,0,0,0,0,0,0,0,0
130885,1,1,1996,0,0,0,0,0,0,0,0,0,0
130886,1,1,1996,0,0,0,0,0,0,0,0,0,0
130886,2,1,1996,0,0,0,0,0,0,0,0,0,0
130887,1,1,1996,0,0,0,0,0,0,0,0,0,0
130888,1,1,1996,5,5,5,5,5,5,5,5,5,5
130889,1,1,1996,0,0,0,0,0,0,0,0,0,0
130890,1,1,1996,0,0,0,0,0,0,0,0,0,0
130890,2,1,1996,29,29,29,29,29,29,29,29,29,29
130891,1,1,1996,0,0,0,0,0,0,0,0,0,0
130891,2,1,1996,0,0,0,0,0,0,0,0,0,0
130892,1,1,1996,0,0,0,0,0,0,0,0,0,0
130892,2,1,1996,0,0,0,0,0,0,0,0,0,0
130892,3,1,1996,0,0,0,0,0,0,0,0,0,0
130892,4,1,1996,0,0,0,0,0,0,0,0,0,0
130893,1,1,1996,0,0,0,0,0,0,0,0,0,0
130893,2,1,1996,0,0,0,0,0,0,0,0,0,0
130894,1,1,1996,4,4,4,4,4,4,4,4,4,4
130895,1,1,1996,0,0,0,0,0,0,0,0,0,0
130895,2,1,1996,0,0,0,0,0,0,0,0,0,0
130896,1,1,1996,0,0,0,0,0,0,0,0,0,0
130896,2,1,1996,0,0,0,0,0,0,0,0,0,0
130897,1,1,1996,0,0,0,0,0,0,0,0,0,0
130898,1,1,1996,4,4,4,4,4,4,4,4,4,4
130899,1,1,1996,18,10,0,11,11,9,21,17,22,27
130900,1,1,1996,0,0,0,0,0,0,0,0,0,0
130901,1,1,1996,2,2,2,2,2,2,2,2,2,2
130901,2,1,1996,0,0,0,0,0,0,0,0,0,0
130902,1,1,1996,14,14,14,14,14,14,14,14,14,14
130903,0,1,1996,25,25,25,25,25,25,25,25,25,25
130903,1,1,1996,0,0,0,0,0,0,0,0,0,0
130904,1,1,1996,0,0,0,0,0,0,0,0,0,0
130905,1,1,1996,0,0,0,0,0,4,0,0,0,0
130906,1,1,1996,0,0,0,0,0,0,0,0,0,0
130906,2,1,1996,0,0,0,0,0,0,0,0,0,0
130907,1,1,1996,26,26,26,26,26,26,26,26,26,26
130908,1,1,1996,7,21,24,22,7,0,40,11,16,0
130909,1,1,1996,0,0,0,0,0,0,0,0,0,0
130910,1,1,1996,0,0,0,0,0,0,0,0,0,0
130910,2,1,1996,0,0,0,0,0,0,0,0,0,0
130911,1,1,1996,14,14,14,14,14,14,14,14,14,14
130912,1,1,1996,0,0,0,0,0,0,0,0,0,0
130912,2,1,1996,0,0,0,0,0,0,0,0,0,0
130912,3,1,1996,0,0,0,0,0,0,0,0,0,0
130913,1,1,1996,0,0,0,0,0,0,0,0,0,0
130913,2,1,1996,0,0,0,0,0,0,0,0,0,0
130914,1,1,1996,0,0,0,0,0,0,0,0,0,0
130915,1,1,1996,4,4,4,4,4,4,4,4,4,4
130916,1,1,1996,0,0,0,0,0,0,0,0,0,0
130917,0,1,1996,24,24,24,24,24,24,24,24,24,24
130917,1,1,1996,0,0,0,0,0,0,0,0,0,0
130918,1,1,1996,0,0,0,0,0,0,0,0,0,0
130918,2,1,1996,0,0,0,0,0,0,0,0,0,0
130919,1,1,1996,33,33,33,33,33,33,33,33,33,33
130920,1,1,1996,0,29,0,0,14,24,28,4,26,16
130921,0,1,1996,21,21,21,21,21,21,21,21,21,21
130921,0,2,1996,11,11,11,11,11,11,11,11,11,11
130921,1,1,1996,5,5,5,5,5,5,5,5,5,5
130922,1,1,1996,20,20,20,20,20,20,20,20,20,20
130923,1,1,1996,21,21,21,21,21,21,21,21,21,21
130923,2,1,1996,0,0,0,0,0,0,0,0,0,0
130924,1,1,1996,28,28,28,28,28,28,28,28,28,28
130924,2,1,1996,0,0,0,0,0,0,0,0,0,0
130925,0,1,1996,15,15,15,15,15,15,15,15,15,15
130925,1,1,1996,0,0,0,0,0,0,0,0,0,0
130926,1,1,1996,22,22,22,22,22,22,22,22,22,22
130927,1,1,1996,0,0,0,0,0,0,0,0,0,0
130927,2,1,1996,0,0,0,0,0,0,0,0,0,0
130928,1,1,1996,0,0,0,0,0,0,0,0,0,0
130929,1,1,1996,0,0,0,0,0,0,0,0,0,0
130929,2,1,1996,0,0,0,0,0,0,0,0,0,0
130930,1,1,1996,0,0,0,0,0,0,0,0,0,0
130931,1,1,1996,0,0,0,0,0,0,0,0,0,0
130931,2,1,1996,0,0,0,0,0,0,0,0,0,0
130932,1,1,1996,0,0,0,0,0,0,0,0,0,0
130932,2,1,1996,5,5,5,5,5,5,5,5,5,5
130933,1,1,1996,0,0,0,0,0,0,0,0,0,0
130934,0,1,1996,0,0,0,0,0,0,0,0,0,0
130934,1,1,1996,0,0,0,0,0,0,0,0,0,0
130936,1,1,1996,12,0,13,0,0,5,0,0,0,0
130937,1,1,1996,0,0,7,0,0,0,0,0,0,14
130938,1,1,1996,17,17,17,17,17,17,17,17,17,17
130939,1,1,1996,0,0,0,22,0,17,0,0,0,0
130939,2,1,1996,0,0,0,0,0,0,0,0,0,0
130940,1,1,1996,0,0,0,0,0,0,0,0,0,0
130940,2,1,1996,0,0,0,0,0,0,28,0,0,0
130941,0,1,1996,29,29,29,29,29,29,29,29,29,29
130941,1,1,1996,0,0,0,0,0,0,0,0,0,0
130941,2,1,1996,0,15,0,15,0,0,0,0,0,0
130942,1,1,1996,0,0,0,0,0,0,0,0,0,0
130943,1,1,1996,0,0,0,0,0,0,0,0,0,0
130944,0,1,1996,0,0,0,0,0,0,0,0,0,0
130944,1,1,1996,0,0,0,0,0,0,0,0,0,0
130945,1,1,1996,4,4,4,4,4,4,4,4,4,4
130945,2,1,1996,0,0,0,0,0,0,0,0,0,0
130945,3,1,1996,0,0,0,0,0,0,0,0,0,0
130946,1,1,1996,0,0,0,0,0,0,0,0,0,0
130946,2,1,1996,0,0,0,0,0,0,0,0,0,0
130947,1,1,1996,0,0,0,0,0,0,0,0,0,0
130947,2,1,1996,0,0,0,0,0,0,0,0,0,0
130948,1,1,1996,0,0,0,0,0,0,0,0,0,0
130948,2,1,1996,0,0,0,0,0,0,0,0,0,0
130949,1,1,1996,17,17,17,17,17,17,17,17,17,17
130949,2,1,1996,0,0,0,0,0,0,0,0,0,0
130951,1,1,1996,0,0,0,11,36,0,0,0,13,0
130952,1,1,1996,0,0,0,0,0,0,0,18,0,0
130952,2,1,1996,0,0,0,0,0,0,0,0,0,0
130952,3,1,1996,0,0,0,0,0,0,0,0,0,0
130953,1,1,1996,0,0,0,0,0,0,0,0,0,0
130953,2,1,1996,29,29,29,29,29,29,29,29,29,29
130954,1,1,1996,0,0,0,0,0,0,0,0,0,0
130954,2,1,1996,0,0,0,0,0,0,0,0,0,0
130955,1,1,1996,12,12,12,12,12,12,12,12,12,12
130956,1,1,1996,29,29,29,29,29,29,29,29,29,29
130957,1,1,1996,0,0,0,0,0,0,0,0,0,0
130957,2,1,1996,0,0,0,0,0,0,0,0,0,0
130958,1,1,1996,23,23,23,23,23,23,23,23,23,23
130959,1,1,1996,0,0,0,0,0,0,0,0,0,0
130959,2,1,1996,0,0,0,0,0,0,0,0,0,0
130960,1,1,1996,0,0,0,0,0,0,0,0,0,0
130961,1,1,1996,0,0,0,0,0,0,0,0,0,0
130962,1,1,1996,0,0,0,0,0,0,0,0,0,0
130962,2,1,1996,0,0,0,0,0,0,0,0,0,0
130963,1,1,1996,0,0,0,0,0,0,0,0,0,0
130963,2,1,1996,0,0,0,0,0,0,0,0,0,0
130966,1,1,1996,0,0,0,0,0,0,0,0,0,0
130966,2,1,1996,0,0,0,0,0,0,0,0,0,0
130967,1,1,1996,11,11,11,11,11,11,11,11,11,11
130968,1,1,1996,0,0,0,0,0,0,0,0,0,0
130968,2,1,1996,0,0,0,0,0,0,0,0,0,0
130968,3,1,1996,0,0,0,0,0,0,0,0,0,0
130969,0,1,1996,0,0,0,0,0,0,0,0,0,0
130969,1,1,1996,0,0,0,0,0,0,0,0,0,0
130970,1,1,1996,22,22,22,22,22,22,22,22,22,22
130970,2,1,1996,0,0,0,0,0,0,0,0,0,0
130971,1,1,1996,0,0,0,0,0,0,0,0,0,0
130971,2,1,1996,0,0,0,0,0,0,0,0,0,0
130972,1,1,1996,0,0,0,0,0,0,0,0,0,0
130972,2,1,1996,0,0,0,0,0,0,0,0,0,0
130973,0,1,1996,0,0,27,16,9,35,5,23,11,0
130973,1,1,1996,15,0,14,0,0,0,0,0,0,0
130973,2,1,1996,0,0,0,0,0,0,0,0,0,0
130973,3,1,1996,0,0,0,0,0,0,0,0,0,0
130974,1,1,1996,0,0,0,0,0,0,0,0,0,0
130974,2,1,1996,0,0,0,0,0,0,0,0,0,0
130974,3,1,1996,0,0,0,0,0,0,0,0,0,0
130975,0,1,1996,0,0,0,0,0,0,0,18,0,0
130975,1,1,1996,0,0,0,0,0,0,0,0,0,0
130976,1,1,1996,0,0,0,0,0,0,0,0,0,0
130977,1,1,1996,8,14,0,0,0,10,7,0,0,11
130977,2,1,1996,11,10,2,18,15,8,3,25,19,6
130978,1,1,1996,7,0,10,18,9,14,20,20,8,5
130978,2,1,1996,0,0,0,0,0,0,0,0,0,0
130980,1,1,1996,17,17,17,17,17,17,17,17,17,17
130981,1,1,1996,0,0,0,0,0,0,0,0,0,0
130982,1,1,1996,0,0,0,0,0,0,0,0,0,0
130982,2,1,1996,0,0,0,0,0,0,0,0,0,0
130983,1,1,1996,0,0,0,0,0,0,0,0,0,0
130983,2,1,1996,0,0,0,0,0,0,0,0,0,0
130983,3,1,1996,0,0,0,0,0,0,0,0,0,0
130983,4,1,1996,0,0,0,0,0,0,0,0,0,0
130983,5,1,1996,0,0,0,0,0,0,0,0,0,0
130984,1,1,1996,0,0,0,0,0,0,0,0,0,0
130984,2,1,1996,0,0,0,0,0,0,0,0,0,0
130985,1,1,1996,0,0,0,0,0,0,0,0,0,0
130985,2,1,1996,0,0,0,0,0,0,0,0,0,0
130987,1,1,1996,0,0,0,0,0,0,0,0,0,0
130987,2,1,1996,0,0,0,0,0,0,0,0,0,0
130988,1,1,1996,15,15,15,15,15,15,15,15,15,15
130989,1,1,1996,13,13,13,13,13,13,13,13,13,13
130990,1,1,1996,0,0,0,0,0,0,0,0,0,0
130991,1,1,1996,8,8,8,8,8,8,8,8,8,8
130992,1,1,1996,26,24,17,32,23,16,13,18,15,4
130993,1,1,1996,0,0,0,0,0,0,0,0,0,0
130993,2,1,1996,0,0,0,0,0,0,0,0,0,0
130994,1,1,1996,25,25,25,25,25,25,25,25,25,25
130995,1,1,1996,0,0,0,0,0,0,0,0,0,0
130995,2,1,1996,0,0,0,0,0,0,0,0,0,0
130995,3,1,1996,0,0,0,0,0,0,0,0,0,0
130996,1,1,1996,0,0,0,0,0,0,0,0,0,0
130996,2,1,1996,0,0,0,0,0,0,0,0,0,0
130997,1,1,1996,0,0,0,0,0,0,0,0,0,0
130998,1,1,1996,0,0,0,0,0,0,0,0,0,0
130998,2,1,1996,0,0,0,0,0,0,0,0,0,0
130999,1,1,1996,19,19,19,19,19,19,19,19,19,19
131000,1,1,1996,0,0,0,0,0,0,0,0,0,0
131000,2,1,1996,0,0,0,0,0,0,0,0,0,0
131001,1,1,1996,0,0,0,0,0,0,0,0,0,0
131001,2,1,1996,0,0,0,0,0,0,0,0,0,0
131002,1,1,1996,27,27,27,27,27,27,27,27,27,27
131003,1,1,1996,0,0,0,0,0,0,0,0,0,0
131004,1,1,1996,24,24,24,24,24,24,24,24,24,24
131005,1,1,1996,0,0,0,0,0,0,0,0,0,0
131006,1,1,1996,0,0,0,20,0,0,0,12,18,0
131008,1,1,1996,0,0,0,0,0,0,0,0,0,0
131008,2,1,1996,0,0,0,0,0,0,0,0,0,0
131009,1,1,1996,0,0,0,0,0,0,0,0,0,0
131010,1,1,1996,0,0,0,0,0,0,0,0,0,0
131010,2,1,1996,0,0,0,5,0,0,0,0,0,0
131011,0,1,1996,0,0,0,0,0,0,23,0,0,0
131011,1,1,1996,0,0,0,0,0,0,0,0,13,0
131012,1,1,1996,0,0,0,0,0,0,0,0,0,0
131012,2,1,1996,0,0,0,0,0,0,0,0,0,0
131013,1,1,1996,8,8,8,8,8,8,8,8,8,8
131014,1,1,1996,28,28,28,28,28,28,28,28,28,28
131015,1,1,1996,0,0,0,0,0,0,0,0,0,0
131015,2,1,1996,0,0,0,0,0,0,0,0,0,0
131016,1,1,1996,9,9,9,9,9,9,9,9,9,9
131017,1,1,1996,0,0,0,0,0,0,19,0,0,0
131017,2,1,1996,0,0,11,0,13,7,0,0,0,0
131018,1,1,1996,0,0,0,0,0,0,8,0,0,0
131018,2,1,1996,0,0,0,0,0,0,0,0,0,0
131019,1,1,1996,0,0,0,0,0,0,0,0,0,0
131020,1,1,1996,0,0,0,0,0,0,0,0,0,0
131020,2,1,1996,0,0,0,0,0,0,0,0,0,0
131021,1,1,1996,0,0,0,0,0,0,0,0,0,0
131021,2,1,1996,0,0,0,0,0,0,0,0,0,0
131023,1,1,1996,0,0,0,0,0,0,0,0,0,0
131023,2,1,1996,17,17,17,17,17,17,17,17,17,17
131024,1,1,1996,0,0,0,0,0,0,0,0,0,0
131024,2,1,1996,0,0,0,0,0,0,0,0,0,0
131025,1,1,1996,0,35,0,30,26,17,6,13,13,11