ST_CASE,VEH_NO,PER_NO,YEAR,P1,P2,P3,P4,P5,P6,P7,P8,P9,P10
131309,1,1,1996,0,0,0,0,0,0,0,0,0,0
131310,0,1,1996,0,0,0,0,0,0,40,0,0,0
131310,1,1,1996,0,0,0,0,0,0,0,0,0,0
131311,1,1,1996,12,5,19,0,28,17,32,24,39,23
131312,1,1,1996,0,0,0,0,0,0,0,0,0,0
131312,2,1,1996,0,0,0,0,0,0,0,0,0,0
131313,1,1,1996,0,0,0,0,0,0,0,0,0,0
131314,1,1,1996,0,0,0,0,0,0,0,0,12,0
131315,1,1,1996,0,0,0,0,0,0,0,0,0,0
131316,1,1,1996,16,0,0,0,0,0,0,0,0,0
131316,2,1,1996,0,0,0,0,0,0,0,0,0,0
131317,1,1,1996,0,0,0,0,16,0,0,0,0,0
131318,1,1,1996,0,0,0,0,0,0,0,0,0,0
131319,1,1,1996,0,0,0,0,0,0,0,0,0,0
131320,0,1,1996,0,0,0,0,0,0,0,0,0,0
131320,1,1,1996,0,0,0,0,0,0,0,0,0,0
131321,1,1,1996,16,16,16,16,16,16,16,16,16,16
131322,1,1,1996,0,0,0,0,0,0,0,0,0,0
131322,2,1,1996,0,0,0,0,0,0,0,0,0,0
131323,1,1,1996,0,0,0,0,0,0,0,0,0,0
131323,2,1,1996,0,0,0,0,0,0,0,0,0,0
131324,1,1,1996,0,0,0,0,0,0,0,0,0,0
131325,1,1,1996,0,0,0,0,0,0,0,0,0,0
131325,2,1,1996,0,0,0,0,0,0,0,0,0,0
131326,1,1,1996,32,32,32,32,32,32,32,32,32,32
131327,1,1,1996,0,0,0,0,0,0,0,0,0,0
131328,1,1,1996,0,0,0,0,0,0,0,0,0,0
131328,2,1,1996,0,0,0,0,0,0,0,0,0,0
131328,3,1,1996,0,0,0,0,0,0,0,0,0,0
131329,1,1,1996,0,0,0,0,0,0,0,0,0,0
131329,2,1,1996,0,0,0,0,0,0,0,0,0,0
131330,1,1,1996,0,0,0,0,0,0,0,0,0,0
131330,2,1,1996,0,0,0,0,0,0,0,0,0,0
131331,1,1,1996,0,0,0,8,6,0,0,0,0,0
131333,0,1,1996,0,0,0,0,0,0,0,0,0,0
131333,1,1,1996,0,0,0,0,0,0,0,0,0,0
131334,1,1,1996,0,0,0,0,0,0,0,0,0,0
131334,2,1,1996,0,0,0,0,0,0,0,0,0,0
131335,1,1,1996,0,0,0,0,0,0,0,0,0,0
131335,2,1,1996,0,0,0,0,0,0,0,0,0,0
131336,1,1,1996,0,0,0,0,0,0,0,0,0,0
131337,1,1,1996,0,0,0,0,0,0,0,0,0,0
131337,2,1,1996,0,0,0,0,0,0,0,0,0,0
131338,0,1,1996,0,0,0,0,0,0,0,0,0,0
131338,1,1,1996,0,0,0,0,0,0,0,0,0,0
131339,1,1,1996,0,0,0,0,0,0,0,0,0,0
131340,1,1,1996,0,0,0,0,0,0,0,0,0,0
131341,0,1,1996,0,0,0,0,0,0,0,0,3,0
131341,1,1,1996,0,0,0,0,0,0,0,0,0,0
131342,1,1,1996,0,0,0,0,0,0,0,0,0,6
131342,2,1,1996,0,0,0,0,0,0,0,0,13,0
131343,1,1,1996,30,30,30,30,30,30,30,30,30,30
131343,2,1,1996,0,0,16,0,0,0,0,0,0,0
131344,1,1,1996,0,0,0,0,0,0,0,0,0,0
131344,2,1,1996,0,0,0,0,0,0,0,0,0,0
131345,1,1,1996,0,0,0,0,0,0,0,0,0,0
131345,2,1,1996,0,0,0,0,0,0,0,0,0,0
131346,1,1,1996,0,0,0,0,0,0,0,0,0,0
131347,1,1,1996,0,0,0,0,0,0,0,0,0,0
131347,2,1,1996,0,0,0,0,0,0,0,0,0,0
131348,1,1,1996,0,0,0,0,0,0,0,0,0,0
131349,0,1,1996,3,3,3,3,3,3,3,3,3,3
131349,1,1,1996,0,0,0,0,0,0,0,0,0,0
131350,1,1,1996,0,0,0,0,0,0,0,0,0,0
131350,2,1,1996,0,0,0,0,0,0,0,0,0,0
131351,1,1,1996,0,0,0,0,0,0,0,0,0,0
131351,2,1,1996,0,0,0,0,0,0,0,0,0,0
131352,1,1,1996,5,5,5,5,5,5,5,5,5,5
131353,1,1,1996,20,20,20,20,20,20,20,20,20,20
131353,2,1,1996,0,0,0,0,0,0,0,0,0,0
131354,1,1,1996,0,0,0,0,0,0,0,0,0,0
131354,2,1,1996,14,0,0,0,0,29,0,0,0,0
131355,1,1,1996,0,0,0,0,0,0,0,0,0,0
131355,2,1,1996,0,0,0,0,0,0,0,0,0,0
131355,3,1,1996,0,0,0,0,0,0,0,0,0,0
131356,1,1,1996,0,0,0,0,0,0,0,0,0,0
131356,2,1,1996,0,0,0,0,0,0,0,0,0,0
131357,1,1,1996,17,4,23,15,12,12,13,18,0,23
131357,2,1,1996,0,0,0,0,0,0,0,0,0,0
131357,3,1,1996,0,0,0,0,0,0,0,0,0,0
131357,4,1,1996,0,0,0,0,0,0,0,0,0,0
131357,5,1,1996,0,0,0,0,0,0,0,0,0,0
131358,1,1,1996,0,0,0,0,0,0,0,0,0,0
131358,2,1,1996,8,8,8,8,8,8,8,8,8,8
131359,1,1,1996,0,0,0,0,0,0,0,0,0,0
131359,2,1,1996,0,0,0,0,0,0,0,0,0,0
131360,1,1,1996,0,0,0,0,0,0,0,0,0,0
131360,2,1,1996,0,0,0,0,0,0,0,0,0,0
131361,1,1,1996,0,0,0,0,0,0,0,0,0,0
131362,0,1,1996,0,0,0,0,0,0,0,0,0,0
131362,1,1,1996,0,0,0,0,0,0,0,0,0,0
131363,1,1,1996,13,10,17,29,10,19,9,30,4,10
131364,1,1,1996,0,0,0,0,0,0,0,0,0,0
131364,2,1,1996,0,0,0,0,0,0,0,0,0,0
131365,1,1,1996,0,0,0,0,0,0,0,0,0,0
131365,2,1,1996,0,0,0,0,0,0,0,0,0,0
131366,1,1,1996,0,0,0,21,0,0,22,0,0,6
131366,2,1,1996,0,0,0,0,0,0,0,0,0,0
131367,1,1,1996,0,0,0,0,0,0,0,0,0,0
131368,1,1,1996,40,40,40,40,40,40,40,40,40,40
131369,1,1,1996,7,7,7,7,7,7,7,7,7,7
131370,1,1,1996,0,0,0,0,0,0,34,0,0,0
131371,1,1,1996,0,0,0,0,0,0,0,0,0,0
131371,2,1,1996,0,0,0,0,0,0,0,0,0,0
131372,1,1,1996,3,3,3,3,3,3,3,3,3,3
131372,2,1,1996,0,0,0,0,0,0,0,0,0,0
131373,1,1,1996,0,33,5,14,0,30,10,0,14,18
131374,1,1,1996,0,0,0,0,0,0,0,0,0,0
131374,2,1,1996,0,0,0,0,0,0,0,0,0,0
131375,1,1,1996,0,0,0,0,0,0,0,0,0,0
131376,1,1,1996,19,10,18,22,0,15,0,28,11,14
131377,0,1,1996,0,0,0,0,0,0,0,0,0,0
131377,1,1,1996,11,11,11,11,11,11,11,11,11,11
131377,3,1,1996,0,0,0,0,0,0,0,0,0,0
131378,0,1,1996,3,3,3,3,3,3,3,3,3,3
131378,1,1,1996,0,0,0,0,0,0,0,0,0,0
131379,1,1,1996,22,22,22,22,22,22,22,22,22,22
131380,1,1,1996,0,0,0,0,0,0,0,0,0,0
131380,2,1,1996,5,5,5,5,5,5,5,5,5,5
131381,1,1,1996,0,0,0,0,0,0,0,0,0,0
131381,2,1,1996,0,0,0,0,0,0,0,0,0,0
131382,1,1,1996,23,17,0,18,0,0,27,0,0,24
131383,1,1,1996,0,0,0,0,0,0,0,0,0,0
131383,2,1,1996,0,0,0,0,0,0,0,0,0,0
131383,3,1,1996,0,0,0,0,0,0,0,0,0,0
131384,0,1,1996,20,29,19,0,20,0,30,0,34,0
131384,1,1,1996,0,0,0,0,0,0,0,0,0,0
131385,1,1,1996,11,11,11,11,11,11,11,11,11,11
131386,0,1,1996,21,0,17,14,30,36,28,24,0,20
131386,1,1,1996,2,2,2,2,2,2,2,2,2,2
131387,1,1,1996,0,0,13,0,0,0,41,0,0,0
131388,1,1,1996,20,20,20,20,20,20,20,20,20,20
131389,1,1,1996,0,0,0,0,0,0,0,0,0,0
131390,1,1,1996,19,19,19,19,19,19,19,19,19,19
131390,2,1,1996,0,0,0,0,0,0,0,0,0,0
131391,1,1,1996,0,0,0,0,0,0,0,0,0,0
131392,1,1,1996,0,10,12,22,6,0,10,20,25,21
131393,1,1,1996,24,32,6,17,11,23,6,11,11,7
131394,1,1,1996,30,30,30,30,30,30,30,30,30,30
131395,0,1,1996,0,0,0,0,0,0,0,0,0,0
131395,1,1,1996,0,0,0,0,0,0,0,0,0,0
131396,0,1,1996,0,0,0,0,0,0,0,0,0,0
131396,1,1,1996,0,0,0,0,0,0,0,0,0,0
131397,0,1,1996,31,31,31,31,31,31,31,31,31,31
131397,1,1,1996,3,0,9,7,6,0,7,0,0,20
131398,0,1,1996,0,0,0,0,0,0,0,0,0,17
131398,1,1,1996,0,0,0,0,0,0,0,0,0,0
131399,1,1,1996,0,0,0,0,0,0,0,0,0,0
131400,0,1,1996,0,0,0,0,0,0,0,0,0,0
131400,0,2,1996,0,0,0,0,0,0,0,0,0,0
131400,0,3,1996,0,0,0,0,0,0,0,0,0,0
131400,0,4,1996,0,0,0,0,20,11,0,0,0,0
131400,0,5,1996,0,0,0,0,0,0,7,0,0,0
131400,1,1,1996,0,0,0,0,11,0,0,0,0,0
131400,2,1,1996,0,0,0,0,0,0,0,0,0,0
131401,1,1,1996,0,0,0,0,0,0,0,0,0,0
131402,1,1,1996,0,0,0,0,0,0,0,0,0,0
131402,2,1,1996,0,0,0,0,0,0,0,0,0,0
131403,0,1,1996,0,0,0,30,0,7,23,0,21,0
131403,1,1,1996,0,0,0,0,0,0,0,0,0,0
131404,1,1,1996,5,5,5,5,5,5,5,5,5,5
131406,1,1,1996,0,0,0,0,0,0,0,0,0,0
131406,2,1,1996,0,0,0,0,0,0,0,0,0,0
131407,1,1,1996,34,34,34,34,34,34,34,34,34,34
131408,1,1,1996,0,0,0,0,0,0,0,0,0,0
131408,2,1,1996,0,0,0,0,0,0,0,0,0,0
131409,1,1,1996,20,20,20,20,20,20,20,20,20,20
131409,2,1,1996,0,0,0,0,0,0,0,0,0,0
131409,3,1,1996,0,0,0,0,0,0,0,0,0,0
131410,0,1,1996,0,0,0,0,0,0,0,0,0,0
131410,1,1,1996,3,3,3,3,3,3,3,3,3,3
131411,0,1,1996,0,15,0,0,0,0,0,0,0,0
131411,1,1,1996,0,0,0,0,0,0,0,0,0,0
131412,1,1,1996,12,12,12,12,12,12,12,12,12,12
131413,1,1,1996,0,0,0,0,0,0,0,0,0,0
131413,2,1,1996,0,0,0,0,0,0,0,0,0,0
131414,1,1,1996,0,20,0,4,0,0,0,0,0,0
131415,0,1,1996,32,32,32,32,32,32,32,32,32,32
131415,1,1,1996,0,24,29,0,4,8,0,3,0,0
131416,1,1,1996,0,0,0,0,0,0,0,0,0,0
131417,1,1,1996,0,0,0,0,0,0,0,0,0,0
131417,2,1,1996,0,0,0,0,0,0,0,0,0,0
131418,1,1,1996,0,0,0,0,0,0,0,0,0,0
131418,2,1,1996,0,0,0,0,0,0,0,0,0,0
131419,1,1,1996,18,18,18,18,18,18,18,18,18,18
131420,1,1,1996,15,15,15,15,15,15,15,15,15,15
131421,1,1,1996,0,0,0,23,16,20,0,0,18,12
131421,2,1,1996,4,4,4,4,4,4,4,4,4,4
131422,1,1,1996,0,0,0,0,0,0,0,0,0,0
131422,2,1,1996,0,0,0,0,0,0,0,0,22,0
131422,3,1,1996,0,0,0,0,0,0,0,0,0,0
131423,0,1,1996,33,33,33,33,33,33,33,33,33,33
131423,1,1,1996,0,0,0,0,0,0,0,0,0,0
131424,1,1,1996,0,0,0,0,0,0,0,0,0,0
131424,2,1,1996,5,5,5,5,5,5,5,5,5,5
131425,1,1,1996,0,0,0,0,0,0,0,0,0,0
150001,0,1,1996,0,0,0,0,0,0,0,0,0,0
150001,1,1,1996,0,0,0,0,0,0,0,0,0,0
150002,1,1,1996,0,0,11,0,0,16,16,0,0,0
150003,1,1,1996,8,8,8,8,8,8,8,8,8,8
150004,1,1,1996,0,0,0,0,0,0,0,0,0,0
150005,1,1,1996,0,16,0,13,0,13,0,0,0,17
150005,2,1,1996,12,12,12,12,12,12,12,12,12,12
150005,3,1,1996,0,0,0,0,0,0,0,0,0,0
150006,0,1,1996,0,0,0,0,0,0,0,0,0,0
150006,1,1,1996,0,0,0,0,0,0,0,0,0,0
150007,0,1,1996,0,0,0,0,0,0,0,0,0,0
150007,1,1,1996,0,0,0,0,0,0,0,0,0,0
150008,1,1,1996,0,0,0,0,0,0,0,0,0,0
150008,2,1,1996,0,0,0,0,0,0,0,0,0,0
150008,3,1,1996,0,0,0,0,0,0,0,0,0,0
150010,1,1,1996,0,0,0,0,0,0,0,0,0,0
150010,2,1,1996,3,3,3,3,3,3,3,3,3,3
150011,1,1,1996,15,15,15,15,15,15,15,15,15,15
150011,2,1,1996,18,18,18,18,18,18,18,18,18,18
150012,1,1,1996,10,10,10,10,10,10,10,10,10,10
150013,1,1,1996,0,0,0,0,0,0,0,0,7,0
150014,1,1,1996,0,0,0,0,0,0,0,0,0,0
150014,2,1,1996,0,0,0,0,0,0,0,0,0,0
150015,1,1,1996,0,0,0,17,0,0,3,0,0,0
150015,2,1,1996,0,0,0,0,0,0,0,0,0,0
150016,1,1,1996,0,0,0,0,0,0,0,0,0,0
150016,2,1,1996,5,5,5,5,5,5,5,5,5,5
150017,1,1,1996,11,11,11,11,11,11,11,11,11,11
150018,1,1,1996,16,16,16,16,16,16,16,16,16,16
150019,1,1,1996,20,20,20,20,20,20,20,20,20,20
150020,1,1,1996,0,0,0,0,0,0,0,0,0,0
150021,1,1,1996,0,0,0,0,0,0,0,0,0,0
150022,1,1,1996,1,1,1,1,1,1,1,1,1,1
150022,2,1,1996,12,12,12,12,12,12,12,12,12,12
150023,0,1,1996,0,0,0,0,0,0,0,0,0,0
150023,1,1,1996,0,0,0,0,0,0,0,0,0,0
150024,1,1,1996,14,14,14,14,14,14,14,14,14,14
150025,0,1,1996,0,0,0,0,0,0,0,0,0,0
150025,0,2,1996,0,0,0,0,0,0,0,0,0,34
150025,1,1,1996,0,0,0,0,0,0,0,0,0,0
150026,0,1,1996,0,0,0,0,0,0,0,0,0,0
150026,1,1,1996,0,0,0,0,0,0,0,0,0,0
150027,0,1,1996,18,18,18,18,18,18,18,18,18,18
150027,1,1,1996,0,0,0,0,0,0,0,4,0,0
150028,0,1,1996,0,0,0,0,0,0,0,0,0,0
150028,1,1,1996,0,0,0,0,0,0,0,0,0,0
150029,0,1,1996,0,0,0,0,0,0,0,0,0,0
150029,1,1,1996,0,0,0,10,11,0,0,0,0,0
150030,1,1,1996,0,0,0,0,0,0,0,0,0,0
150030,2,1,1996,1,1,1,1,1,1,1,1,1,1
150031,1,1,1996,21,21,21,21,21,21,21,21,21,21
150031,2,1,1996,0,0,0,0,0,0,0,0,0,0
150032,0,1,1996,0,0,0,0,0,0,0,0,0,0
150032,1,1,1996,0,0,0,0,0,0,0,0,0,0
150035,1,1,1996,4,4,4,4,4,4,4,4,4,4
150035,2,1,1996,0,0,0,0,0,0,0,0,0,0
150036,1,1,1996,0,0,0,0,0,0,0,0,0,0
150036,2,1,1996,0,0,0,0,0,0,0,0,0,0
150037,0,1,1996,23,23,23,23,23,23,23,23,23,23
150037,1,1,1996,33,0,0,0,0,0,0,12,0,0
150037,2,1,1996,0,0,0,0,0,0,0,0,0,0
150038,1,1,1996,6,6,6,6,6,6,6,6,6,6
150038,2,1,1996,0,0,0,0,0,0,0,14,0,0
150039,0,1,1996,19,19,19,19,19,19,19,19,19,19
150039,1,1,1996,0,0,0,0,0,0,0,0,0,0
150040,1,1,1996,0,0,0,0,0,0,0,0,0,0
150040,2,1,1996,0,0,18,0,0,0,0,0,0,0
150041,1,1,1996,19,19,19,19,19,19,19,19,19,19
150042,1,1,1996,0,0,0,0,0,0,0,0,0,0
150043,1,1,1996,26,26,26,26,26,26,26,26,26,26
150044,1,1,1996,30,30,30,30,30,30,30,30,30,30
150045,1,1,1996,0,0,0,0,0,0,0,0,0,0
150045,2,1,1996,0,4,0,0,0,0,0,0,0,8
150046,0,1,1996,0,0,0,0,0,0,0,0,0,0
150046,1,1,1996,0,0,0,0,0,0,0,0,0,0
150047,0,1,1996,23,23,23,23,23,23,23,23,23,23
150047,1,1,1996,26,0,0,0,0,0,0,0,0,18
150048,1,1,1996,20,20,20,20,20,20,20,20,20,20
150048,2,1,1996,0,0,0,0,0,0,0,0,0,0
150049,0,1,1996,0,0,0,0,0,0,0,0,0,0
150049,1,1,1996,0,0,0,0,0,0,0,0,0,0
150050,1,1,1996,0,0,0,0,0,0,0,0,0,0
150051,1,1,1996,0,0,8,0,0,0,0,0,0,0
150052,1,1,1996,17,17,17,17,17,17,17,17,17,17
150052,2,1,1996,0,0,0,0,0,0,0,0,0,0
150053,1,1,1996,24,24,24,24,24,24,24,24,24,24
150053,2,1,1996,0,0,0,0,0,0,0,0,0,0
150054,1,1,1996,12,12,12,12,12,12,12,12,12,12
150054,2,1,1996,0,0,0,0,0,0,0,0,0,0
150054,3,1,1996,0,0,0,0,0,0,0,0,0,0
150054,4,1,1996,0,0,0,0,0,0,0,0,0,0
150054,5,1,1996,0,0,0,0,0,0,0,0,0,0
150055,1,1,1996,0,0,0,0,0,0,7,0,0,0
150056,1,1,1996,0,0,0,0,0,0,0,0,0,0
150057,1,1,1996,0,0,0,0,0,0,0,0,0,0
150058,0,1,1996,0,0,0,0,0,0,0,0,0,0
150058,1,1,1996,0,0,0,0,0,0,0,0,0,0
150059,1,1,1996,24,24,24,24,24,24,24,24,24,24
150060,1,1,1996,7,7,7,7,7,7,7,7,7,7
150061,1,1,1996,0,0,0,0,0,0,0,0,0,0
150061,2,1,1996,0,0,0,0,0,0,0,0,0,0
150062,1,1,1996,30,30,30,30,30,30,30,30,30,30
150063,1,1,1996,0,0,0,0,0,0,0,0,0,0
150064,0,1,1996,0,0,0,0,0,0,0,0,0,0
150064,1,1,1996,0,0,0,0,0,0,0,0,0,0
150065,1,1,1996,0,0,0,0,0,0,0,0,0,0
150065,2,1,1996,5,0,0,0,0,0,0,0,0,0
150065,3,1,1996,1,1,1,1,1,1,1,1,1,1
150065,4,1,1996,0,0,0,0,0,0,0,0,0,0
150065,5,1,1996,0,0,0,0,0,0,0,0,0,0
150066,0,1,1996,28,28,28,28,28,28,28,28,28,28
150066,1,1,1996,0,0,0,0,0,0,0,0,0,0
150067,0,1,1996,0,0,0,0,0,0,0,0,0,0
150067,1,1,1996,0,0,0,0,0,0,0,0,0,0
150068,1,1,1996,0,0,0,0,0,0,0,0,0,0
150068,2,1,1996,0,0,0,0,0,0,0,0,0,0
150069,0,1,1996,0,0,0,0,0,0,0,0,0,0
150069,1,1,1996,0,0,0,0,0,0,0,0,0,0
150070,0,1,1996,28,28,28,28,28,28,28,28,28,28
150070,1,1,1996,0,0,0,0,0,0,0,0,0,0
150071,1,1,1996,20,20,20,20,20,20,20,20,20,20
150071,2,1,1996,0,0,0,0,0,0,0,0,0,0
150072,1,1,1996,0,0,0,0,0,0,0,0,0,0
150072,2,1,1996,7,7,7,7,7,7,7,7,7,7
150073,1,1,1996,4,4,4,4,4,4,4,4,4,4
150073,2,1,1996,0,0,0,0,0,0,0,12,12,7
150074,1,1,1996,0,0,0,0,0,0,0,0,0,0
150074,3,1,1996,0,0,0,0,0,0,0,0,0,0
150075,1,1,1996,31,31,31,31,31,31,31,31,31,31
150075,2,1,1996,0,0,0,0,0,0,0,0,0,0
150076,1,1,1996,0,0,0,0,0,0,0,0,0,0
150077,1,1,1996,0,0,0,0,0,0,0,0,0,0
150077,2,1,1996,0,0,0,0,0,0,0,0,0,0
150077,3,1,1996,0,0,0,0,0,0,0,0,0,0
150078,1,1,1996,8,8,8,8,8,8,8,8,8,8
150079,1,1,1996,0,0,0,0,4,0,0,0,0,0
150079,2,1,1996,0,0,0,0,0,0,0,0,0,0
150080,1,1,1996,20,20,20,20,20,20,20,20,20,20
150081,1,1,1996,0,0,0,0,0,23,0,26,0,0
150082,1,1,1996,0,0,0,0,0,0,0,0,0,0
150083,1,1,1996,0,0,0,0,0,0,0,0,0,0
150084,1,1,1996,0,0,0,0,0,0,0,0,0,0
150084,2,1,1996,0,0,0,0,0,0,0,0,0,0
150085,1,1,1996,0,0,0,0,0,0,0,0,0,0
150085,2,1,1996,0,0,0,0,0,0,0,0,0,0
150086,1,1,1996,0,0,0,0,18,0,0,0,0,0
150087,1,1,1996,21,21,21,21,21,21,21,21,21,21
150088,0,1,1996,0,0,0,0,0,0,0,0,0,0
150088,1,1,1996,0,0,0,0,0,0,0,0,0,0
150089,0,1,1996,0,0,0,0,0,0,0,0,0,0
150089,1,1,1996,0,0,0,0,0,0,0,0,0,0
150090,1,1,1996,0,0,0,0,0,0,0,0,0,0
150090,2,1,1996,0,0,0,0,0,0,0,0,0,0
150091,0,1,1996,0,0,0,0,0,0,0,0,0,0
150091,1,1,1996,0,0,0,0,0,0,0,0,0,0
150092,1,1,1996,11,0,0,0,20,0,0,12,0,0
150093,1,1,1996,0,0,0,0,0,0,0,0,0,0
150093,2,1,1996,0,0,0,0,0,0,0,0,0,0
150093,3,1,1996,0,0,0,0,0,0,0,0,0,0
150094,1,1,1996,0,0,0,0,0,0,0,0,0,0
150095,1,1,1996,0,0,0,0,0,0,0,0,0,0
150095,2,1,1996,0,0,0,0,0,0,0,0,0,0
150096,1,1,1996,3,3,3,3,3,3,3,3,3,3
150096,2,1,1996,0,0,0,0,0,0,0,0,0,0
150097,1,1,1996,17,17,17,17,17,17,17,17,17,17
150097,2,1,1996,0,0,0,0,0,0,0,0,0,0
150098,1,1,1996,0,0,0,0,0,0,0,0,0,0
150098,2,1,1996,0,0,0,0,0,0,0,0,0,0
150099,0,1,1996,0,0,0,0,0,0,0,0,0,0
150099,1,1,1996,0,0,0,0,0,0,0,0,0,0
150100,1,1,1996,0,0,0,0,0,0,0,0,0,0
150100,2,1,1996,0,0,0,0,0,0,0,0,0,0
150101,0,1,1996,0,0,0,0,0,0,0,0,0,0
150101,1,1,1996,0,0,0,0,0,0,0,0,0,0
150102,1,1,1996,0,0,0,0,0,0,0,0,0,0
150103,1,1,1996,0,0,0,0,0,0,0,0,0,0
150103,2,1,1996,0,0,0,0,0,0,0,0,0,0
150104,1,1,1996,0,0,0,0,0,0,0,0,0,0
150105,1,1,1996,0,0,0,0,0,0,0,0,0,0
150105,2,1,1996,0,0,0,0,0,0,0,0,0,0
150105,3,1,1996,0,0,0,0,0,0,0,0,0,0
150106,1,1,1996,0,0,0,0,0,0,0,0,0,0
150106,2,1,1996,7,7,7,7,7,7,7,7,7,7
150107,0,1,1996,0,0,0,0,0,0,0,0,0,0
150107,1,1,1996,0,0,0,0,0,12,0,0,0,0
150108,1,1,1996,0,0,0,0,0,0,0,0,0,0
150109,0,1,1996,0,0,0,0,0,0,0,0,0,0
150109,1,1,1996,0,0,0,0,0,0,0,0,0,0
150110,1,1,1996,0,0,0,0,0,0,0,0,0,0
150110,2,1,1996,0,0,0,0,0,0,0,0,0,0
150111,0,1,1996,0,0,0,0,0,0,0,0,0,0
150111,1,1,1996,8,8,8,8,8,8,8,8,8,8
150112,0,1,1996,34,21,36,22,31,15,0,21,18,26
150112,0,2,1996,0,0,0,0,0,0,0,0,0,0
150112,1,1,1996,0,20,2,0,0,0,5,0,0,0
150113,1,1,1996,17,17,17,17,17,17,17,17,17,17
150113,2,1,1996,0,0,0,0,0,0,0,0,0,0
150114,0,1,1996,0,0,0,0,0,0,0,0,0,0
150114,1,1,1996,0,0,0,0,0,0,0,0,0,0
150115,1,1,1996,34,34,34,34,34,34,34,34,34,34
150116,1,1,1996,20,20,20,20,20,20,20,20,20,20
150116,2,1,1996,0,0,0,0,0,0,0,0,0,0
150117,1,1,1996,2,2,2,2,2,2,2,2,2,2
150118,1,1,1996,18,18,18,18,18,18,18,18,18,18
150118,2,1,1996,0,0,0,0,0,0,0,0,0,0
150119,0,1,1996,0,0,0,0,0,0,0,0,0,0
150119,1,1,1996,0,0,0,0,0,0,0,0,0,0
150120,1,1,1996,5,5,5,5,5,5,5,5,5,5
150120,2,1,1996,0,0,0,0,0,0,0,0,0,0
150121,1,1,1996,0,0,0,0,0,0,0,0,0,0
150121,2,1,1996,0,0,0,0,0,0,0,0,0,0
150122,0,1,1996,0,0,0,0,0,0,0,0,0,0
150122,1,1,1996,0,0,0,0,0,0,0,0,0,0
150124,0,1,1996,0,0,0,0,0,0,0,0,0,0
150124,1,1,1996,0,19,15,14,0,19,13,9,0,14
150125,1,1,1996,0,0,0,0,0,0,0,0,0,0
150126,1,1,1996,0,0,0,0,0,0,0,0,0,0
150127,1,1,1996,0,0,0,0,0,0,0,0,0,0
150127,2,1,1996,0,0,0,0,0,0,0,0,0,0
150127,3,1,1996,0,0,0,0,0,0,0,20,0,0
150127,4,1,1996,0,0,0,0,0,0,0,0,0,0
150128,1,1,1996,12,12,12,12,12,12,12,12,12,12
150128,2,1,1996,0,0,0,0,0,0,0,0,0,0
150129,1,1,1996,24,24,24,24,24,24,24,24,24,24
150129,2,1,1996,0,0,0,0,0,0,0,0,0,0
150130,1,1,1996,2,2,2,2,2,2,2,2,2,2
150131,1,1,1996,2,2,2,2,2,2,2,2,2,2
150132,1,1,1996,0,0,0,0,0,0,0,0,0,0
150132,2,1,1996,0,0,0,0,0,0,0,0,0,0
150132,3,1,1996,0,0,0,0,0,0,0,0,0,0
150133,1,1,1996,0,0,0,0,0,11,16,0,0,0
150134,1,1,1996,16,16,16,16,16,16,16,16,16,16
150135,1,1,1996,0,0,0,0,0,0,0,0,0,0
150135,2,1,1996,0,0,0,0,15,0,4,0,0,0
150136,1,1,1996,0,0,0,0,0,0,0,0,0,0
150137,1,1,1996,0,0,23,16,0,31,20,4,27,27
150138,1,1,1996,0,0,0,0,0,18,12,16,0,23
150138,2,1,1996,0,0,14,9,0,6,7,7,11,16
160001,1,1,1996,0,0,0,0,0,0,0,25,0,0
160001,2,1,1996,20,20,20,20,20,20,20,20,20,20
160002,1,1,1996,10,10,10,10,10,10,10,10,10,10
160002,2,1,1996,0,0,0,0,0,0,0,0,0,0
160004,1,1,1996,0,0,0,0,0,0,0,0,0,0
160004,2,1,1996,0,0,0,0,0,0,0,0,0,0
160005,1,1,1996,0,0,0,0,0,0,0,0,0,0
160006,1,1,1996,0,0,0,0,0,0,0,0,0,0
160006,2,1,1996,18,0,0,0,0,0,0,0,0,24
160007,1,1,1996,0,0,0,0,0,0,0,0,0,0
160007,2,1,1996,0,0,0,0,0,0,0,0,0,0
160008,1,1,1996,0,0,0,0,0,0,0,0,0,0
160008,2,1,1996,0,0,0,0,0,0,0,0,0,0
160009,1,1,1996,0,0,0,0,0,0,0,0,0,0
160009,2,1,1996,0,0,0,0,0,0,0,0,0,0
160010,1,1,1996,0,0,0,0,0,0,0,0,0,0
160011,1,1,1996,0,0,15,13,0,0,0,0,0,0
160011,2,1,1996,0,4,0,0,0,0,0,0,0,0
160012,1,1,1996,0,0,0,0,0,0,0,0,0,0
160013,1,1,1996,13,13,13,13,13,13,13,13,13,13
160014,1,1,1996,0,0,0,0,0,0,0,0,0,0
160014,2,1,1996,0,0,0,0,0,0,0,0,0,0
160015,1,1,1996,0,0,0,0,0,0,0,0,0,0
160015,2,1,1996,0,0,0,0,0,0,0,0,0,0
160016,1,1,1996,0,0,0,0,0,0,0,0,0,0
160017,1,1,1996,21,21,21,21,21,21,21,21,21,21
160018,1,1,1996,0,0,0,0,0,0,0,0,0,0
160018,2,1,1996,0,0,0,0,0,0,0,0,0,0
160019,1,1,1996,0,0,0,0,0,0,0,0,0,0
160019,2,1,1996,0,0,0,0,0,0,0,0,0,0
160020,1,1,1996,0,0,0,9,0,0,0,0,20,18