ST_CASE,VEH_NO,PER_NO,YEAR,P1,P2,P3,P4,P5,P6,P7,P8,P9,P10
160021,1,1,1996,0,0,0,0,0,0,0,0,0,0
160022,0,1,1996,0,0,0,0,0,0,0,0,0,0
160022,1,1,1996,0,0,0,0,0,0,0,0,0,0
160022,2,1,1996,0,0,0,0,0,0,0,0,0,0
160024,1,1,1996,0,0,0,0,0,0,0,0,0,0
160025,1,1,1996,0,0,0,0,0,0,0,0,0,0
160025,2,1,1996,0,0,0,0,0,0,0,0,0,0
160026,1,1,1996,0,0,0,0,0,0,0,0,0,0
160026,2,1,1996,0,0,0,0,0,0,0,0,0,0
160026,3,1,1996,0,0,0,0,0,0,0,0,0,0
160027,1,1,1996,0,0,0,0,0,0,0,0,0,0
160028,1,1,1996,0,9,0,0,0,0,0,0,0,0
160029,0,1,1996,0,0,0,0,0,0,0,0,0,0
160029,0,2,1996,0,0,18,8,0,0,23,0,29,18
160029,1,1,1996,0,0,0,0,0,0,0,0,0,11
160030,1,1,1996,0,0,0,0,0,0,0,0,0,0
160031,1,1,1996,0,0,0,0,0,0,0,0,0,0
160032,1,1,1996,0,0,0,0,0,0,0,0,0,0
160032,2,1,1996,0,18,0,0,0,0,0,0,0,0
160033,1,1,1996,11,11,11,11,11,11,11,11,11,11
160034,1,1,1996,4,14,17,7,12,15,6,20,8,18
160035,1,1,1996,0,0,0,0,0,0,0,0,0,0
160035,2,1,1996,0,0,0,0,0,0,0,0,0,0
160036,1,1,1996,9,9,9,9,9,9,9,9,9,9
160037,1,1,1996,0,0,0,0,0,0,0,0,0,0
160038,1,1,1996,0,0,0,0,0,0,0,0,0,0
160038,2,1,1996,0,0,0,0,0,0,0,0,0,0
160039,1,1,1996,0,0,0,0,0,0,0,0,0,0
160039,2,1,1996,0,0,0,0,0,0,0,0,0,0
160040,1,1,1996,0,0,33,0,0,0,0,0,0,0
160040,2,1,1996,0,0,0,0,0,0,0,0,0,0
160041,1,1,1996,0,0,0,0,0,0,0,0,0,0
160041,2,1,1996,11,0,0,0,10,0,0,6,0,0
160042,1,1,1996,8,8,8,8,8,8,8,8,8,8
160043,1,1,1996,18,18,18,18,18,18,18,18,18,18
160044,1,1,1996,12,12,12,12,12,12,12,12,12,12
160045,1,1,1996,0,0,0,0,38,22,0,0,0,0
160046,1,1,1996,19,19,19,19,19,19,19,19,19,19
160047,1,1,1996,0,0,0,0,0,0,0,0,0,0
160048,1,1,1996,21,21,21,21,21,21,21,21,21,21
160049,1,1,1996,0,0,22,0,0,0,0,0,0,0
160050,1,1,1996,0,0,0,0,0,0,0,0,0,0
160050,2,1,1996,0,0,0,0,0,0,0,0,0,0
160051,1,1,1996,0,0,0,0,0,0,0,0,0,0
160052,1,1,1996,20,20,20,20,20,20,20,20,20,20
160053,1,1,1996,13,13,13,13,13,13,13,13,13,13
160054,0,1,1996,0,0,0,0,0,0,0,0,0,0
160054,1,1,1996,0,0,0,0,0,0,0,0,0,0
160055,1,1,1996,4,4,4,4,4,4,4,4,4,4
160055,2,1,1996,0,0,0,0,0,0,0,0,0,0
160056,1,1,1996,7,7,7,7,7,7,7,7,7,7
160057,1,1,1996,0,0,0,0,0,0,0,14,0,0
160058,1,1,1996,0,0,0,0,0,0,0,0,0,0
160058,2,1,1996,0,0,0,0,0,0,0,0,0,0
160059,1,1,1996,0,0,0,0,0,0,0,0,0,0
160059,2,1,1996,0,0,0,0,0,0,0,0,0,0
160060,1,1,1996,0,0,0,0,0,0,0,0,0,0
160060,2,1,1996,0,0,0,0,0,0,0,0,0,0
160061,1,1,1996,27,33,19,26,0,0,0,0,0,4
160062,1,1,1996,9,0,0,0,0,14,0,0,0,0
160063,1,1,1996,17,17,17,17,17,17,17,17,17,17
160064,0,1,1996,0,0,0,0,0,0,0,0,0,0
160064,1,1,1996,0,0,0,0,0,0,0,0,0,0
160065,1,1,1996,0,0,0,0,29,0,7,23,6,4
160066,0,1,1996,0,0,0,0,0,0,17,0,0,0
160066,1,1,1996,0,0,0,0,0,0,12,0,0,0
160066,2,1,1996,11,0,10,0,0,0,0,0,0,0
160066,3,1,1996,0,0,0,0,0,0,0,0,0,21
160067,1,1,1996,0,0,0,0,0,0,0,0,0,0
160067,2,1,1996,0,0,0,0,0,0,0,0,0,0
160068,1,1,1996,25,9,0,0,7,0,0,0,0,16
160069,0,1,1996,0,0,0,0,0,0,0,0,0,0
160069,1,1,1996,0,0,0,0,0,0,0,0,0,0
160070,1,1,1996,0,0,0,0,0,0,0,0,0,0
160070,2,1,1996,0,0,0,0,0,0,0,0,7,0
160071,0,1,1996,0,0,0,0,0,0,0,0,0,0
160071,1,1,1996,4,4,4,4,4,4,4,4,4,4
160072,1,1,1996,0,0,0,0,0,0,0,0,0,0
160072,2,1,1996,8,8,8,8,8,8,8,8,8,8
160073,1,1,1996,11,10,17,17,20,27,6,29,19,25
160074,1,1,1996,27,27,27,27,27,27,27,27,27,27
160075,1,1,1996,0,0,0,0,0,0,0,0,0,0
160075,2,1,1996,0,0,0,0,0,0,0,0,0,0
160076,1,1,1996,0,23,0,0,23,12,13,7,10,0
160077,1,1,1996,15,15,15,15,15,15,15,15,15,15
160077,2,1,1996,0,0,0,0,0,0,0,0,0,0
160078,1,1,1996,24,24,24,24,24,24,24,24,24,24
160079,1,1,1996,6,6,6,6,6,6,6,6,6,6
160080,1,1,1996,11,11,11,11,11,11,11,11,11,11
160081,1,1,1996,0,0,0,0,0,0,0,0,0,0
160081,2,1,1996,0,0,0,0,0,0,0,0,0,5
160082,1,1,1996,3,3,3,3,3,3,3,3,3,3
160083,1,1,1996,0,0,0,0,0,0,0,0,0,0
160083,2,1,1996,0,0,0,0,0,0,0,0,0,0
160084,1,1,1996,0,0,0,0,0,0,0,0,0,0
160085,1,1,1996,0,0,0,0,0,0,0,0,0,0
160085,2,1,1996,0,0,0,0,0,0,0,0,0,0
160086,1,1,1996,23,23,23,23,23,23,23,23,23,23
160087,1,1,1996,0,0,0,0,0,0,0,0,0,0
160087,2,1,1996,0,0,0,0,0,0,0,0,0,0
160088,1,1,1996,17,17,17,17,17,17,17,17,17,17
160089,1,1,1996,0,0,0,0,0,0,0,0,0,0
160090,1,2,1996,20,20,20,20,20,20,20,20,20,20
160091,1,1,1996,0,0,0,0,0,0,0,0,0,0
160092,1,1,1996,22,22,22,22,22,22,22,22,22,22
160093,1,1,1996,0,0,0,0,0,0,0,0,0,0
160094,1,1,1996,0,0,0,0,0,0,0,0,0,0
160095,1,1,1996,11,11,11,11,11,11,11,11,11,11
160096,1,1,1996,23,23,23,23,23,23,23,23,23,23
160097,1,1,1996,0,0,0,31,0,12,0,0,0,8
160097,2,1,1996,0,0,0,0,0,0,0,0,0,0
160098,1,1,1996,0,0,0,0,0,0,0,0,0,0
160099,1,1,1996,0,0,0,15,0,19,0,15,0,16
160100,1,1,1996,0,0,0,0,0,0,0,0,0,0
160100,2,1,1996,0,0,0,0,0,0,0,0,0,0
160101,1,1,1996,0,0,0,0,0,0,0,0,0,0
160102,1,1,1996,13,0,0,0,0,0,0,0,0,0
160102,2,1,1996,0,0,0,0,0,0,3,0,0,0
160103,0,1,1996,0,0,0,0,0,0,0,0,0,0
160103,1,1,1996,0,0,0,0,0,0,0,0,0,0
160104,1,1,1996,0,0,0,0,0,0,0,0,0,0
160105,1,1,1996,4,4,4,4,4,4,4,4,4,4
160106,1,1,1996,0,0,0,0,0,0,0,0,0,0
160107,1,1,1996,0,0,0,0,0,0,0,0,0,0
160108,1,1,1996,0,10,0,3,26,21,0,0,0,0
160108,2,1,1996,0,0,0,0,10,0,0,0,0,0
160109,1,1,1996,0,0,0,0,0,0,0,0,0,0
160109,2,1,1996,21,21,21,21,21,21,21,21,21,21
160110,1,1,1996,0,0,0,0,0,0,0,0,0,0
160111,1,1,1996,0,0,0,0,0,0,0,0,0,0
160112,1,1,1996,21,21,21,21,21,21,21,21,21,21
160114,1,1,1996,0,0,0,0,0,0,0,0,0,0
160115,1,1,1996,0,0,0,0,0,0,0,0,0,0
160115,2,1,1996,0,0,0,0,0,0,0,0,0,0
160116,1,1,1996,16,8,31,8,18,23,13,31,19,18
160116,2,1,1996,9,19,15,0,0,8,0,0,8,0
160117,1,1,1996,25,25,25,25,25,25,25,25,25,25
160118,1,1,1996,0,0,22,0,0,0,0,10,0,0
160119,1,1,1996,0,0,0,0,0,0,0,0,0,0
160120,1,1,1996,0,0,0,0,0,0,0,0,0,0
160120,2,1,1996,0,0,0,0,0,0,0,0,0,0
160121,1,1,1996,0,0,0,0,0,0,0,0,0,0
160122,1,1,1996,0,0,0,0,0,0,0,0,0,0
160122,2,1,1996,0,0,0,0,0,0,0,0,0,0
160122,3,1,1996,0,0,0,0,0,0,0,0,0,0
160123,1,1,1996,19,0,0,0,0,0,0,0,0,0
160123,2,1,1996,0,0,0,0,0,0,0,0,0,0
160124,1,1,1996,0,0,0,0,0,0,0,0,0,0
160124,2,1,1996,0,0,0,0,0,0,0,0,0,0
160124,3,1,1996,0,0,0,0,0,0,0,0,0,0
160125,1,1,1996,20,20,20,20,20,20,20,20,20,20
160126,1,1,1996,24,24,24,24,24,24,24,24,24,24
160127,1,1,1996,30,30,30,30,30,30,30,30,30,30
160128,1,1,1996,0,0,0,0,0,0,0,0,0,0
160128,2,1,1996,0,0,0,0,0,0,0,0,0,0
160129,0,1,1996,0,31,0,0,0,0,0,0,0,0
160129,1,1,1996,0,0,0,0,0,0,0,17,23,0
160130,1,1,1996,0,0,0,0,0,0,0,0,0,0
160130,2,1,1996,0,0,0,0,0,0,0,0,0,0
160131,1,1,1996,22,22,22,22,22,22,22,22,22,22
160132,1,1,1996,0,0,0,0,0,0,0,0,17,0
160132,2,1,1996,0,0,0,0,0,0,0,0,0,0
160132,3,1,1996,0,0,0,0,0,0,0,0,0,0
160133,1,1,1996,0,0,0,0,0,0,0,0,0,0
160133,2,1,1996,0,0,0,0,0,0,0,0,0,0
160134,1,1,1996,0,0,0,0,0,0,0,0,0,0
160135,1,1,1996,2,2,2,2,2,2,2,2,2,2
160135,2,1,1996,0,0,0,0,0,0,0,0,0,0
160136,1,1,1996,0,0,0,0,0,0,0,0,0,0
160136,2,1,1996,0,0,0,0,0,0,0,0,0,0
160136,3,1,1996,0,0,0,0,0,0,0,0,0,0
160137,1,1,1996,0,0,0,0,0,0,0,0,0,0
160137,2,1,1996,0,0,0,0,0,0,0,0,0,0
160138,1,1,1996,0,0,0,0,0,0,0,0,0,0
160139,1,1,1996,61,61,61,61,61,61,61,61,61,61
160140,1,1,1996,14,14,14,14,14,14,14,14,14,14
160141,1,1,1996,14,14,14,14,14,14,14,14,14,14
160142,1,1,1996,0,17,0,0,0,0,0,0,0,0
160143,1,1,1996,0,0,0,0,0,0,0,0,0,0
160143,2,1,1996,4,4,4,4,4,4,4,4,4,4
160144,1,1,1996,25,25,25,25,25,25,25,25,25,25
160144,2,1,1996,0,0,0,0,0,0,0,0,0,0
160145,1,1,1996,15,15,15,15,15,15,15,15,15,15
160146,1,1,1996,0,0,0,0,0,0,0,0,0,0
160147,1,1,1996,35,35,35,35,35,35,35,35,35,35
160147,2,1,1996,0,0,0,0,0,11,0,0,0,0
160148,1,1,1996,0,0,0,0,0,0,0,0,0,0
160149,1,1,1996,24,24,24,24,24,24,24,24,24,24
160150,1,1,1996,10,10,10,10,10,10,10,10,10,10
160150,2,1,1996,0,0,0,0,0,0,0,0,0,0
160151,1,1,1996,0,0,0,0,0,0,0,0,0,0
160152,1,1,1996,0,0,0,0,0,0,0,0,0,0
160152,2,1,1996,0,0,0,0,0,0,0,0,0,0
160153,1,1,1996,0,0,0,0,0,0,0,0,0,0
160153,2,1,1996,0,0,0,0,0,0,0,0,0,0
160153,3,1,1996,27,0,0,0,0,0,0,0,0,0
160154,1,1,1996,0,0,0,0,0,0,0,0,0,0
160155,1,1,1996,0,0,0,0,0,0,0,0,0,0
160155,2,1,1996,0,0,0,0,0,0,0,0,0,0
160156,1,1,1996,0,0,0,0,0,0,12,0,0,7
160156,2,1,1996,0,0,0,0,0,0,0,0,0,0
160157,1,1,1996,0,0,0,0,0,0,0,0,0,0
160158,1,1,1996,0,0,0,0,0,7,0,0,0,0
160159,1,1,1996,0,19,0,0,0,0,0,0,0,0
160160,1,1,1996,0,0,0,0,0,0,0,0,0,0
160161,1,1,1996,26,26,26,26,26,26,26,26,26,26
160162,1,1,1996,0,0,0,0,0,0,0,0,0,0
160163,1,1,1996,0,0,0,0,0,0,0,0,0,0
160164,1,1,1996,0,0,28,0,0,0,0,21,0,0
160165,0,1,1996,20,20,20,20,20,20,20,20,20,20
160165,1,1,1996,8,8,8,8,8,8,8,8,8,8
160166,1,1,1996,0,0,0,0,0,0,0,0,0,0
160167,1,1,1996,20,24,20,27,14,21,19,10,14,20
160168,1,1,1996,29,29,29,29,29,29,29,29,29,29
160168,2,1,1996,0,0,0,0,0,0,0,0,0,0
160169,2,1,1996,0,0,0,0,0,0,0,0,0,0
160170,1,1,1996,0,0,0,0,0,0,0,0,0,0
160170,2,1,1996,13,12,0,0,20,0,0,0,11,6
160171,1,1,1996,0,0,0,0,0,0,0,0,0,0
160171,2,1,1996,0,0,0,0,0,0,0,0,0,0
160172,1,1,1996,18,15,20,23,15,0,9,26,27,10
160172,2,1,1996,0,0,0,0,0,0,0,0,0,0
160173,1,1,1996,0,0,0,0,0,0,0,0,0,0
160173,2,1,1996,0,0,0,0,0,0,0,0,0,0
160174,1,1,1996,0,0,0,0,0,0,0,0,0,0
160174,2,1,1996,32,32,32,32,32,32,32,32,32,32
160175,1,1,1996,27,27,27,27,27,27,27,27,27,27
160176,1,1,1996,22,22,22,22,22,22,22,22,22,22
160177,1,1,1996,0,0,0,0,0,0,0,0,0,0
160178,0,1,1996,0,0,0,0,0,0,0,0,0,0
160178,1,1,1996,0,0,0,0,0,0,0,0,0,0
160179,1,1,1996,23,23,23,23,23,23,23,23,23,23
160179,2,1,1996,0,0,0,0,0,0,0,0,0,0
160180,1,1,1996,0,0,0,5,0,0,0,0,0,0
160180,2,1,1996,0,0,0,0,0,0,0,0,0,0
160181,1,1,1996,12,12,12,12,12,12,12,12,12,12
160182,1,1,1996,20,20,20,20,20,20,20,20,20,20
160183,1,1,1996,0,0,0,0,0,0,0,0,0,0
160183,2,1,1996,0,0,0,0,16,0,0,0,0,0
160184,1,1,1996,0,0,0,0,0,0,0,0,0,0
160185,1,1,1996,0,0,0,0,0,0,0,0,0,0
160185,2,1,1996,0,0,0,0,0,0,0,0,0,0
160186,1,1,1996,0,0,0,0,0,0,0,0,0,0
160186,2,1,1996,0,0,0,0,14,0,0,0,0,0
160187,1,1,1996,0,0,0,0,0,0,0,0,0,0
160187,2,1,1996,0,0,0,0,0,0,0,0,0,0
160188,1,1,1996,15,0,0,0,16,20,0,16,4,0
160188,2,1,1996,0,0,0,0,0,0,0,0,0,0
160189,1,1,1996,16,16,16,16,16,16,16,16,16,16
160190,1,1,1996,36,36,36,36,36,36,36,36,36,36
160191,1,1,1996,28,28,28,28,28,28,28,28,28,28
160192,1,1,1996,0,0,0,0,0,0,0,0,0,0
160192,2,1,1996,0,0,0,0,0,0,0,0,0,0
160193,1,1,1996,0,0,0,0,0,0,0,0,0,0
160194,0,1,1996,0,0,0,0,0,0,0,0,0,0
160194,1,1,1996,0,0,0,0,0,0,0,0,0,0
160195,1,1,1996,0,0,0,0,0,0,0,0,0,0
160195,2,1,1996,0,0,0,0,0,0,0,0,0,0
160195,3,1,1996,0,0,0,0,0,0,0,0,0,0
160196,1,1,1996,19,16,0,0,47,0,13,17,23,0
160197,1,1,1996,14,14,14,14,14,14,14,14,14,14
160198,1,1,1996,0,0,0,0,0,0,0,0,0,0
160198,2,1,1996,0,0,0,0,0,0,0,0,0,0
160199,1,1,1996,16,16,16,16,16,16,16,16,16,16
160200,1,1,1996,0,0,0,0,0,0,0,0,0,0
160200,2,1,1996,0,0,0,0,0,0,0,0,0,0
160201,1,1,1996,0,0,0,0,0,0,0,0,0,0
160201,2,1,1996,0,0,0,0,0,0,0,0,0,0
160202,1,1,1996,6,6,6,6,6,6,6,6,6,6
160203,0,1,1996,0,0,0,23,0,0,0,0,8,0
160204,1,1,1996,0,0,0,0,0,0,0,0,0,0
160204,2,1,1996,0,0,0,0,0,0,0,0,0,0
160205,1,1,1996,0,0,0,0,0,0,0,0,0,0
160205,2,1,1996,0,0,0,0,0,0,0,0,0,0
160205,3,1,1996,0,0,0,0,0,0,0,0,0,0
160206,0,1,1996,25,25,25,25,25,25,25,25,25,25
160206,1,1,1996,9,7,7,7,13,5,0,29,19,28
160207,1,1,1996,0,0,0,0,0,0,0,0,0,0
160208,1,1,1996,11,0,0,0,0,0,0,0,0,0
160208,2,1,1996,0,0,0,0,0,0,0,0,0,0
160209,1,1,1996,25,25,25,25,25,25,25,25,25,25
160209,2,1,1996,0,0,0,0,0,0,0,0,0,0
160210,1,1,1996,0,0,0,0,0,0,0,0,0,0
160210,2,1,1996,0,0,0,0,0,0,0,0,0,0
160211,1,1,1996,0,0,0,0,0,0,0,0,0,0
160212,1,1,1996,0,0,0,0,0,0,0,0,0,0
160213,1,1,1996,0,0,0,0,0,0,0,0,0,0
160213,2,1,1996,0,0,0,0,0,0,0,0,0,0
160214,1,1,1996,0,0,0,0,0,0,0,0,0,0
160214,2,1,1996,0,0,0,0,0,0,0,0,0,0
160215,1,1,1996,0,0,0,0,0,0,0,0,0,0
160216,1,1,1996,0,0,0,0,0,0,0,0,0,0
160216,2,1,1996,0,0,0,19,5,0,0,0,0,0
160216,3,1,1996,0,0,18,0,0,0,0,0,0,0
160217,1,1,1996,0,0,0,0,0,0,0,0,0,0
160217,2,1,1996,0,0,0,0,0,0,0,0,0,0
160218,1,1,1996,0,0,0,0,0,0,0,0,0,0
160218,2,1,1996,0,0,0,0,0,0,0,0,0,0
160219,1,1,1996,0,0,0,0,0,0,0,0,0,0
160219,2,1,1996,0,0,0,0,0,0,0,0,0,0
160220,1,1,1996,0,0,0,0,0,0,0,0,0,0
160221,1,1,1996,0,0,0,0,0,0,0,0,0,0
160221,2,1,1996,0,0,0,0,0,0,0,0,0,0
160221,3,1,1996,0,0,0,0,0,0,0,0,0,0
160222,1,1,1996,0,0,0,0,0,0,0,0,0,0
160222,2,1,1996,0,0,0,0,0,0,0,0,0,0
160223,1,1,1996,0,0,0,0,23,0,0,0,0,0
160224,0,1,1996,0,0,0,0,0,0,0,0,0,0
160224,1,1,1996,0,0,0,0,0,0,0,0,0,0
160225,0,1,1996,11,11,11,11,11,11,11,11,11,11
160225,1,1,1996,0,0,0,0,0,0,0,0,0,0
160226,1,1,1996,0,0,0,0,0,0,0,0,0,0
160226,2,1,1996,0,0,0,11,0,0,0,0,0,0
160226,3,2,1996,0,0,0,0,0,0,0,0,0,0
160227,1,1,1996,0,0,0,0,0,0,0,0,0,0
160227,2,1,1996,9,0,0,0,0,0,0,0,0,0
160228,1,1,1996,0,0,0,0,0,0,0,0,0,0
160228,2,1,1996,0,0,0,0,0,0,0,0,0,0
160228,3,1,1996,0,0,0,0,0,0,0,0,0,0
160229,1,1,1996,0,0,0,0,0,0,0,0,0,0
160230,1,1,1996,6,6,6,6,6,6,6,6,6,6
160231,1,1,1996,0,0,0,0,0,0,0,0,0,0
170001,1,1,1996,5,5,5,5,5,5,5,5,5,5
170002,1,1,1996,26,26,26,26,26,26,26,26,26,26
170003,1,1,1996,20,20,20,20,20,20,20,20,20,20
170004,1,1,1996,5,5,5,5,5,5,5,5,5,5
170005,0,1,1996,19,19,19,19,19,19,19,19,19,19
170005,1,1,1996,0,0,0,0,0,0,0,10,0,0
170006,1,1,1996,0,0,0,0,0,0,0,0,0,0
170006,2,1,1996,0,0,0,0,0,0,0,0,0,0
170007,1,1,1996,0,0,0,0,0,0,0,0,0,0
170007,2,1,1996,0,0,0,0,0,0,0,0,0,0
170008,1,1,1996,7,5,0,9,0,12,10,2,8,9
170009,1,1,1996,21,21,21,21,21,21,21,21,21,21
170009,2,1,1996,0,0,0,0,0,0,0,0,0,0
170010,0,1,1996,23,23,23,23,23,23,23,23,23,23
170010,1,1,1996,0,0,0,0,0,0,0,0,0,0
170011,1,1,1996,0,0,0,0,0,0,20,0,0,0
170011,2,1,1996,0,0,0,0,0,0,0,0,0,0
170012,1,1,1996,26,26,26,26,26,26,26,26,26,26
170012,2,1,1996,0,0,0,0,0,0,0,0,0,0
170013,1,1,1996,5,5,5,5,5,5,5,5,5,5
170014,1,1,1996,24,24,24,24,24,24,24,24,24,24
170015,0,1,1996,0,0,0,0,0,0,0,0,0,0
170015,1,1,1996,0,0,0,0,0,0,0,0,0,0
170016,1,1,1996,0,0,0,0,0,0,0,0,0,0
170016,2,1,1996,0,0,0,0,0,0,0,0,0,0
170017,0,1,1996,0,0,0,0,0,0,0,0,0,0
170017,0,2,1996,0,0,0,0,0,0,0,0,11,0
170017,1,1,1996,0,0,0,0,0,0,0,0,0,0
170018,1,1,1996,0,0,0,0,0,0,0,0,0,0
170019,0,1,1996,0,0,0,0,0,0,0,0,0,0
170019,2,1,1996,0,0,0,0,0,0,0,0,0,0
170019,3,1,1996,0,0,0,0,0,0,3,0,0,0
170020,1,1,1996,24,0,0,0,0,0,0,0,0,0
170020,2,1,1996,0,0,0,0,0,0,0,0,0,0
170021,1,1,1996,9,9,9,9,9,9,9,9,9,9
170022,0,1,1996,0,0,0,0,0,0,0,0,0,0
170022,1,1,1996,0,0,0,0,0,0,0,0,0,0
170023,1,1,1996,0,0,0,0,0,0,0,0,0,0
170023,2,1,1996,0,0,0,0,0,0,0,0,0,0
170024,1,1,1996,19,19,19,19,19,19,19,19,19,19
170025,1,1,1996,0,0,0,0,0,0,0,0,0,0
170025,2,1,1996,0,14,0,0,0,0,0,12,0,0
170026,0,1,1996,1,1,1,1,1,1,1,1,1,1
170026,1,1,1996,0,0,0,0,0,0,0,0,0,0
170027,1,1,1996,7,7,7,7,7,7,7,7,7,7
170028,0,1,1996,0,0,0,0,0,0,0,0,0,0
170028,1,1,1996,0,0,0,0,0,0,0,0,0,0
170029,1,1,1996,0,0,0,0,0,0,0,0,0,0
170030,1,1,1996,0,0,0,10,0,0,0,0,0,0
170031,1,1,1996,11,11,11,11,11,11,11,11,11,11
170032,0,1,1996,23,23,23,23,23,23,23,23,23,23
170032,1,1,1996,0,0,0,0,0,0,0,0,0,0
170033,1,1,1996,0,0,0,0,0,0,0,0,0,0
170034,0,1,1996,0,8,0,25,0,18,0,0,0,0
170034,0,2,1996,0,0,18,23,33,0,0,0,17,25
170034,1,1,1996,0,0,0,0,0,0,0,0,0,0
170035,1,1,1996,23,12,14,28,17,19,20,0,6,10
170035,2,1,1996,0,0,0,0,0,0,0,0,0,0
170036,1,1,1996,0,0,0,0,0,0,0,0,0,0
170036,2,1,1996,0,0,9,0,0,0,0,0,0,0
170037,1,1,1996,0,0,0,0,0,0,0,0,0,0
170038,1,1,1996,31,31,31,31,31,31,31,31,31,31
170039,1,1,1996,0,0,0,0,0,0,0,0,0,0
170040,1,1,1996,0,0,0,0,0,0,0,0,0,0
170040,2,1,1996,0,0,0,0,0,0,0,0,0,0
170041,1,1,1996,15,15,15,15,15,15,15,15,15,15
170042,1,1,1996,16,16,16,16,16,16,16,16,16,16
170042,2,1,1996,0,0,0,0,0,0,0,0,0,0
170042,3,1,1996,0,0,0,0,0,0,0,0,0,0
170043,1,1,1996,0,0,0,0,0,0,0,0,0,0
170043,2,1,1996,0,0,0,0,0,0,0,0,0,0
170043,3,1,1996,0,0,0,0,0,0,0,0,0,0
170044,1,1,1996,18,18,18,18,18,18,18,18,18,18
170044,2,1,1996,0,0,0,0,0,0,0,0,0,0
170045,1,1,1996,0,0,0,0,0,0,0,0,0,0
170046,1,1,1996,21,21,21,21,21,21,21,21,21,21
170046,2,1,1996,0,0,0,0,0,0,0,0,0,0
170047,1,1,1996,0,0,0,0,0,0,0,0,0,0
170047,2,1,1996,0,0,0,0,0,0,0,0,0,0
170048,1,1,1996,0,0,0,0,0,0,0,0,0,0
170048,2,1,1996,0,0,0,0,0,0,0,0,0,0
170048,3,1,1996,0,0,0,0,0,0,0,0,0,0
170049,1,1,1996,11,0,0,0,0,0,0,0,0,0
170049,2,1,1996,14,14,14,14,14,14,14,14,14,14
170050,1,1,1996,0,0,0,0,0,0,0,0,0,0
170050,2,1,1996,0,0,0,0,0,0,0,0,0,0
170051,1,1,1996,29,29,29,29,29,29,29,29,29,29
170051,2,1,1996,0,0,0,0,0,0,0,0,0,0
170052,1,1,1996,0,0,0,0,0,0,0,0,0,0
170052,2,1,1996,0,0,0,0,0,0,0,0,0,0
170053,1,1,1996,17,17,17,17,17,17,17,17,17,17
170053,2,1,1996,0,0,0,0,0,0,0,0,0,0
170054,1,1,1996,0,0,0,0,0,0,0,0,0,0
170055,1,1,1996,28,28,28,28,28,28,28,28,28,28
170055,2,1,1996,0,0,0,0,0,0,0,0,0,0
170056,1,1,1996,3,3,3,3,3,3,3,3,3,3
170057,1,1,1996,0,0,0,0,0,0,0,0,0,0
170057,2,1,1996,0,0,0,0,0,0,0,0,0,0
170057,3,1,1996,0,0,0,0,0,0,0,0,0,0
170058,1,1,1996,0,0,0,0,0,0,0,0,0,0
170058,2,1,1996,0,0,0,0,0,0,0,0,0,0
170059,1,1,1996,0,0,0,0,0,0,0,0,0,0
170059,2,1,1996,0,0,0,0,0,0,0,0,0,0
170060,1,1,1996,0,0,0,0,0,0,0,0,0,0
170060,2,1,1996,0,0,0,0,0,0,0,0,0,0
170061,1,1,1996,16,16,16,16,16,16,16,16,16,16
170062,1,1,1996,21,21,21,21,21,21,21,21,21,21
170063,1,1,1996,17,17,17,17,17,17,17,17,17,17
170064,1,1,1996,18,18,18,18,18,18,18,18,18,18
170064,2,1,1996,0,0,0,0,0,0,0,0,0,0
170065,1,1,1996,17,17,17,17,17,17,17,17,17,17
170065,2,1,1996,4,0,0,0,0,0,0,0,0,0
170066,1,1,1996,0,0,0,0,0,0,0,0,0,0
170066,2,1,1996,0,0,0,0,0,0,0,0,0,0
170067,1,1,1996,21,21,21,21,21,21,21,21,21,21
170068,1,1,1996,0,0,0,0,0,0,0,0,0,0
170068,2,1,1996,0,13,0,0,0,0,0,0,0,0
170069,1,1,1996,0,0,0,0,0,0,0,0,0,0
170069,2,1,1996,0,0,0,0,0,0,0,0,0,0
170069,3,1,1996,0,0,0,0,0,0,0,0,0,0
170070,0,1,1996,19,9,5,0,0,0,14,5,28,26
170070,1,1,1996,0,0,0,0,0,0,0,0,0,0
170071,1,1,1996,0,0,0,0,0,0,0,0,0,0
170071,2,1,1996,0,0,0,0,0,0,0,0,0,0
170072,1,1,1996,0,0,0,0,0,0,0,0,0,0
170073,0,1,1996,0,0,0,0,0,0,0,0,0,0
170073,1,1,1996,0,0,0,0,0,0,0,0,0,0
170074,1,1,1996,1,1,1,1,1,1,1,1,1,1
170074,2,1,1996,0,0,0,0,0,0,0,0,0,0
170075,0,1,1996,27,27,27,27,27,27,27,27,27,27
170075,1,1,1996,0,0,0,0,0,0,0,0,0,0
170076,1,1,1996,0,0,0,0,0,0,0,0,0,0
170076,2,1,1996,0,0,0,0,0,0,0,0,0,0
170077,1,1,1996,15,15,15,15,15,15,15,15,15,15
170078,1,1,1996,0,0,0,0,0,0,0,0,0,0
170078,2,1,1996,0,0,0,0,0,0,0,0,0,0
170079,1,1,1996,26,26,26,26,26,26,26,26,26,26
170080,0,1,1996,13,13,13,13,13,13,13,13,13,13