ST_CASE,VEH_NO,PER_NO,YEAR,P1,P2,P3,P4,P5,P6,P7,P8,P9,P10
170080,1,1,1996,8,8,8,8,8,8,8,8,8,8
170081,1,1,1996,18,33,33,0,0,9,10,20,19,25
170081,2,1,1996,0,0,0,0,0,0,0,0,0,0
170082,1,1,1996,0,0,0,0,0,0,0,0,0,0
170083,1,1,1996,15,15,15,15,15,15,15,15,15,15
170084,1,1,1996,16,16,16,16,16,16,16,16,16,16
170085,1,1,1996,15,15,15,15,15,15,15,15,15,15
170085,2,1,1996,0,0,0,0,0,0,0,0,0,0
170086,1,1,1996,16,16,16,16,16,16,16,16,16,16
170086,2,1,1996,0,0,0,0,0,0,0,0,19,0
170087,1,1,1996,0,0,0,0,0,0,0,0,0,0
170088,1,1,1996,3,3,3,3,3,3,3,3,3,3
170089,1,1,1996,0,0,0,0,0,0,0,0,0,0
170089,2,1,1996,0,0,0,0,0,0,0,0,0,0
170090,1,1,1996,21,21,21,21,21,21,21,21,21,21
170091,1,1,1996,18,15,0,0,14,29,0,7,15,29
170092,1,1,1996,21,21,21,21,21,21,21,21,21,21
170093,1,1,1996,0,0,0,0,0,0,0,0,0,0
170093,2,1,1996,0,0,0,0,0,0,0,0,0,0
170094,1,1,1996,16,16,16,16,16,16,16,16,16,16
170095,1,1,1996,0,0,0,0,0,0,0,0,0,0
170095,2,1,1996,0,0,0,0,0,0,0,0,0,0
170096,0,1,1996,5,5,5,5,5,5,5,5,5,5
170096,1,1,1996,0,0,0,0,0,0,0,0,0,0
170097,0,1,1996,20,20,20,20,20,20,20,20,20,20
170097,1,1,1996,18,5,13,9,12,17,11,17,12,7
170098,1,1,1996,29,29,29,29,29,29,29,29,29,29
170099,1,1,1996,0,0,0,0,0,0,0,0,0,0
170099,2,1,1996,0,20,0,0,0,0,0,0,0,0
170100,0,1,1996,8,8,8,8,8,8,8,8,8,8
170100,1,1,1996,0,0,0,0,0,0,0,0,0,0
170101,1,1,1996,11,11,11,11,11,11,11,11,11,11
170101,2,1,1996,0,0,0,0,0,0,0,0,0,0
170102,1,1,1996,0,0,0,0,0,0,0,0,0,0
170102,2,1,1996,0,0,0,0,0,0,0,0,0,0
170103,1,1,1996,25,25,25,25,25,25,25,25,25,25
170103,2,1,1996,0,0,0,0,0,0,0,0,0,0
170104,1,1,1996,1,1,1,1,1,1,1,1,1,1
170104,2,1,1996,0,0,0,0,0,0,0,0,0,0
170105,1,1,1996,0,0,0,0,0,0,0,0,0,0
170105,2,1,1996,0,0,0,0,0,0,0,0,0,0
170106,1,1,1996,11,11,11,11,11,11,11,11,11,11
170107,0,1,1996,0,0,0,0,0,0,0,0,0,0
170107,1,1,1996,0,0,0,28,0,0,0,0,0,0
170108,1,1,1996,0,0,0,0,0,0,0,0,0,0
170109,1,1,1996,16,16,16,16,16,16,16,16,16,16
170110,1,1,1996,23,23,23,23,23,23,23,23,23,23
170111,1,1,1996,0,0,0,0,0,0,0,0,0,0
170111,2,1,1996,0,0,0,0,0,0,0,0,0,0
170112,1,1,1996,20,20,20,20,20,20,20,20,20,20
170113,1,1,1996,10,12,0,29,0,20,17,13,9,16
170113,2,1,1996,8,17,0,0,16,8,0,12,0,15
170114,0,1,1996,0,0,0,0,0,0,0,0,0,0
170114,1,1,1996,0,0,0,0,0,0,0,0,0,0
170115,1,1,1996,0,0,0,0,0,0,0,0,0,0
170116,1,1,1996,24,24,24,24,24,24,24,24,24,24
170117,1,1,1996,35,6,18,25,12,23,13,0,14,8
170118,1,1,1996,0,0,0,0,0,0,0,0,0,0
170118,2,1,1996,0,0,0,0,0,0,0,0,0,0
170119,1,1,1996,0,0,0,0,0,0,0,0,0,0
170119,2,1,1996,0,0,0,0,14,0,0,0,0,0
170120,1,1,1996,18,26,12,0,23,10,19,0,15,14
170121,1,1,1996,0,0,0,0,0,0,0,0,0,0
170122,1,1,1996,26,26,26,26,26,26,26,26,26,26
170123,1,1,1996,24,24,24,24,24,24,24,24,24,24
170123,2,1,1996,0,0,0,0,0,0,0,0,0,0
170123,3,1,1996,0,0,0,0,0,0,0,0,0,0
170123,4,1,1996,0,0,0,0,0,0,0,0,0,0
170124,1,1,1996,0,0,0,0,0,0,0,0,0,0
170125,1,1,1996,21,21,21,21,21,21,21,21,21,21
170126,1,1,1996,9,11,23,16,26,34,30,12,7,8
170127,1,1,1996,0,0,0,0,0,0,0,0,0,0
170128,1,1,1996,0,0,0,0,0,0,0,0,0,0
170128,2,1,1996,0,0,0,0,0,0,0,0,0,0
170129,0,1,1996,0,0,0,0,0,0,0,0,0,0
170129,1,1,1996,0,0,0,0,0,0,0,0,0,0
170130,0,1,1996,26,26,26,26,26,26,26,26,26,26
170130,1,1,1996,0,0,0,27,0,0,5,0,0,33
170131,1,1,1996,19,8,11,4,9,14,8,5,24,5
170131,2,1,1996,0,0,0,0,0,0,0,0,0,0
170132,1,1,1996,0,0,0,0,0,0,0,0,0,0
170133,1,1,1996,0,0,0,0,0,0,0,0,0,0
170134,1,1,1996,0,0,0,0,0,0,0,0,0,0
170135,1,1,1996,0,0,0,0,0,0,0,0,0,0
170135,2,1,1996,0,0,0,0,0,0,0,0,0,0
170136,1,1,1996,0,0,0,0,0,0,0,0,0,0
170136,2,1,1996,0,0,0,0,0,0,0,0,0,0
170137,0,1,1996,30,30,30,30,30,30,30,30,30,30
170137,1,1,1996,1,1,1,1,1,1,1,1,1,1
170138,1,1,1996,0,0,0,0,0,0,0,0,0,0
170138,2,1,1996,0,0,0,0,0,0,0,0,0,0
170139,1,1,1996,0,0,0,0,0,0,0,0,0,0
170139,2,1,1996,0,0,0,0,0,0,0,0,0,0
170140,1,1,1996,19,19,19,19,19,19,19,19,19,19
170141,0,1,1996,0,0,0,0,0,0,0,0,0,0
170141,1,1,1996,0,0,0,0,0,0,0,0,0,0
170142,1,1,1996,0,0,0,0,0,0,0,0,0,0
170143,1,1,1996,19,19,19,19,19,19,19,19,19,19
170144,1,1,1996,10,10,10,10,10,10,10,10,10,10
170145,1,1,1996,0,0,0,0,0,0,0,0,0,0
170146,1,1,1996,0,0,6,0,0,0,0,0,0,0
170147,1,1,1996,0,0,0,0,0,0,0,0,0,0
170148,0,1,1996,31,31,31,31,31,31,31,31,31,31
170148,1,1,1996,2,8,0,27,0,0,0,0,0,0
170149,1,1,1996,20,20,20,20,20,20,20,20,20,20
170149,2,1,1996,0,0,0,0,0,0,0,0,0,0
170150,1,1,1996,0,22,0,16,6,0,0,0,0,0
170150,2,1,1996,0,0,0,0,0,0,0,0,0,0
170150,3,1,1996,5,0,0,0,0,0,0,0,0,0
170151,1,1,1996,18,18,18,18,18,18,18,18,18,18
170152,1,1,1996,0,0,0,0,0,0,0,0,0,0
170153,1,1,1996,18,18,18,18,18,18,18,18,18,18
170154,1,1,1996,25,25,25,25,25,25,25,25,25,25
170155,1,1,1996,0,0,0,0,0,0,0,0,0,0
170155,2,1,1996,0,0,14,0,0,0,0,0,0,0
170157,0,1,1996,10,10,10,10,10,10,10,10,10,10
170157,1,1,1996,0,0,0,0,0,0,0,0,0,0
170158,1,1,1996,18,18,18,18,18,18,18,18,18,18
170159,1,1,1996,18,18,18,18,18,18,18,18,18,18
170160,0,1,1996,16,16,16,16,16,16,16,16,16,16
170160,1,1,1996,0,0,0,0,0,4,0,0,0,0
170161,1,1,1996,30,30,30,30,30,30,30,30,30,30
170162,1,1,1996,0,0,0,0,0,0,0,0,0,0
170162,2,1,1996,16,16,16,16,16,16,16,16,16,16
170163,0,1,1996,0,0,0,0,0,0,0,0,0,0
170163,1,1,1996,0,0,0,0,0,0,0,0,9,0
170164,1,1,1996,6,6,5,30,15,8,20,6,11,8
170165,1,1,1996,15,15,15,15,15,15,15,15,15,15
170166,1,1,1996,22,22,22,22,22,22,22,22,22,22
170166,2,1,1996,12,12,12,12,12,12,12,12,12,12
170167,1,1,1996,31,31,31,31,31,31,31,31,31,31
170168,1,1,1996,17,17,17,17,17,17,17,17,17,17
170169,1,1,1996,14,0,0,0,0,0,0,0,0,0
170169,2,1,1996,0,0,0,0,0,0,0,0,0,0
170170,1,1,1996,0,0,0,0,0,0,0,0,0,0
170171,1,1,1996,0,0,9,0,0,0,0,0,16,0
170171,2,1,1996,23,23,23,23,23,23,23,23,23,23
170172,1,1,1996,19,19,19,19,19,19,19,19,19,19
170173,1,1,1996,0,0,0,0,0,0,0,0,0,0
170174,1,1,1996,0,0,0,0,31,8,32,0,0,0
170175,1,1,1996,0,0,0,0,0,0,0,0,0,0
170176,1,1,1996,36,21,0,0,0,0,0,0,0,0
170176,2,1,1996,0,0,0,0,0,0,0,0,0,0
170177,1,1,1996,0,0,0,0,0,0,0,0,0,0
170178,1,1,1996,14,0,20,0,0,10,18,0,0,0
170178,2,1,1996,0,0,0,0,0,0,0,0,0,0
170179,1,1,1996,24,0,0,0,0,0,0,0,0,0
170179,2,1,1996,0,0,0,0,0,0,0,0,0,0
170180,1,1,1996,0,0,0,0,0,0,0,0,0,0
170180,2,1,1996,0,0,0,0,0,0,0,0,0,0
170181,1,1,1996,0,0,17,11,0,19,14,12,0,0
170181,2,1,1996,0,0,0,0,0,0,0,0,0,0
170181,3,1,1996,0,0,0,0,0,0,0,0,0,0
170182,1,1,1996,0,0,0,0,0,0,0,0,0,0
170182,2,1,1996,0,0,10,0,0,0,0,0,0,0
170183,1,1,1996,0,0,0,0,0,0,0,0,0,0
170184,1,1,1996,0,0,0,0,0,0,0,0,0,0
170185,1,1,1996,0,0,0,0,0,0,0,0,0,0
170185,2,1,1996,0,0,0,0,0,0,0,0,0,0
170185,3,1,1996,0,0,0,0,0,0,0,0,0,0
170186,1,1,1996,0,0,0,0,0,0,0,0,0,0
170187,1,1,1996,0,0,0,0,0,0,0,0,0,0
170187,2,1,1996,0,0,0,0,0,0,0,0,0,0
170187,3,1,1996,0,0,0,0,0,0,0,0,0,0
170188,1,1,1996,0,0,0,0,0,0,0,0,0,0
170188,2,1,1996,0,0,0,0,0,0,0,0,0,0
170189,0,1,1996,0,0,18,0,4,0,0,0,0,2
170189,1,1,1996,24,24,24,24,24,24,24,24,24,24
170190,1,1,1996,11,11,11,11,11,11,11,11,11,11
170191,1,1,1996,0,24,9,0,29,16,0,14,26,6
170192,0,1,1996,0,0,0,0,0,0,0,0,0,0
170192,1,1,1996,0,0,0,0,0,0,0,0,0,0
170193,1,1,1996,0,0,0,0,0,0,0,0,0,0
170193,2,1,1996,0,0,0,0,0,0,0,0,0,0
170194,1,1,1996,0,0,40,0,0,0,0,13,0,0
170195,1,1,1996,28,0,26,23,18,19,0,0,0,0
170196,1,1,1996,0,0,0,0,0,0,0,16,0,0
170196,2,1,1996,0,0,0,0,0,30,0,0,0,8
170197,1,1,1996,0,0,0,0,0,0,0,0,0,0
170197,2,1,1996,0,0,0,0,0,0,0,18,0,0
170198,1,1,1996,0,0,0,0,0,0,0,0,0,0
170198,2,1,1996,0,0,0,0,0,0,0,0,0,0
170198,3,1,1996,0,0,0,0,0,0,0,0,0,0
170198,4,1,1996,0,0,0,0,0,0,0,0,0,0
170200,1,1,1996,13,13,13,13,13,13,13,13,13,13
170201,0,1,1996,0,0,0,0,0,0,0,0,0,0
170201,1,1,1996,0,0,0,0,0,0,0,0,0,0
170202,1,1,1996,21,7,22,29,25,8,30,5,12,11
170202,2,1,1996,0,0,0,0,0,0,0,0,0,0
170203,0,1,1996,0,0,0,0,0,0,0,0,0,0
170203,1,1,1996,4,0,0,0,0,0,9,0,0,0
170204,1,1,1996,9,9,9,9,9,9,9,9,9,9
170205,1,1,1996,17,14,0,6,29,9,11,0,12,0
170206,0,1,1996,0,0,0,0,0,0,0,0,0,0
170206,1,1,1996,0,6,0,0,0,0,0,0,0,0
170207,1,1,1996,14,14,14,14,14,14,14,14,14,14
170207,2,1,1996,0,0,0,0,0,0,0,0,0,0
170207,3,1,1996,0,0,0,0,0,0,0,0,0,0
170207,4,1,1996,0,0,0,0,0,0,0,0,0,0
170208,1,1,1996,0,0,0,0,0,0,0,0,0,0
170208,2,1,1996,0,19,0,0,0,0,0,0,0,0
170209,1,1,1996,0,0,10,0,0,0,0,0,0,0
170209,2,1,1996,0,0,0,0,0,0,0,0,0,0
170210,1,1,1996,0,0,0,0,0,0,13,21,0,0
170211,1,1,1996,0,0,0,0,0,0,0,0,0,0
170211,2,1,1996,0,0,0,0,0,12,0,0,0,0
170212,1,1,1996,0,0,0,0,0,0,0,0,0,0
170213,1,1,1996,0,0,0,0,0,0,0,0,0,0
170213,2,1,1996,0,0,0,0,0,0,0,0,0,0
170214,1,1,1996,16,16,16,16,16,16,16,16,16,16
170215,1,1,1996,11,11,11,11,11,11,11,11,11,11
170216,1,1,1996,0,0,0,0,0,0,0,0,0,0
170216,2,1,1996,0,0,0,0,0,0,0,0,0,0
170217,0,1,1996,0,0,0,0,0,0,0,0,0,0
170217,1,1,1996,0,0,0,0,0,0,0,0,19,0
170218,1,1,1996,0,0,0,0,0,0,0,0,0,0
170219,1,1,1996,10,0,0,0,0,0,0,0,0,0
170219,2,1,1996,0,0,0,0,0,0,0,0,0,0
170220,1,1,1996,0,0,0,0,0,0,0,0,0,0
170220,2,1,1996,0,0,0,0,0,0,0,0,0,0
170221,0,1,1996,0,0,0,0,0,0,0,0,0,0
170221,1,1,1996,0,0,0,0,17,0,0,0,0,0
170222,1,1,1996,0,0,0,0,0,0,0,0,0,0
170222,2,1,1996,0,0,0,0,0,0,0,0,0,0
170222,3,1,1996,0,0,0,0,0,0,0,0,0,0
170223,1,1,1996,0,0,0,0,0,0,0,0,0,0
170224,1,1,1996,0,0,0,0,0,0,0,0,0,0
170225,1,1,1996,21,21,21,21,21,21,21,21,21,21
170225,2,1,1996,0,0,0,0,0,0,0,0,0,0
170226,1,1,1996,0,0,0,0,0,0,0,0,0,0
170226,2,1,1996,23,23,23,23,23,23,23,23,23,23
170227,1,1,1996,27,27,27,27,27,27,27,27,27,27
170228,1,1,1996,0,0,0,0,0,0,0,0,0,0
170228,2,1,1996,0,0,0,0,0,0,0,0,0,0
170229,1,1,1996,22,22,22,22,22,22,22,22,22,22
170230,1,1,1996,22,22,22,22,22,22,22,22,22,22
170231,1,1,1996,29,29,29,29,29,29,29,29,29,29
170231,2,1,1996,0,0,0,0,0,0,0,0,0,0
170232,1,1,1996,19,19,19,19,19,19,19,19,19,19
170233,1,1,1996,21,21,21,21,21,21,21,21,21,21
170234,1,1,1996,23,23,23,23,23,23,23,23,23,23
170234,2,1,1996,0,0,0,0,0,0,0,0,0,0
170235,1,1,1996,14,14,14,14,14,14,14,14,14,14
170235,2,1,1996,0,0,0,0,0,0,0,0,0,0
170236,1,1,1996,31,31,31,31,31,31,31,31,31,31
170237,1,1,1996,0,0,0,0,0,0,0,0,0,0
170237,2,1,1996,29,29,29,29,29,29,29,29,29,29
170238,0,1,1996,16,16,16,16,16,16,16,16,16,16
170238,1,1,1996,14,14,14,14,14,14,14,14,14,14
170239,1,1,1996,0,0,0,0,0,0,0,0,0,0
170240,1,1,1996,0,0,0,0,0,0,0,0,0,0
170241,1,1,1996,0,0,0,0,0,0,0,0,0,0
170241,2,1,1996,0,0,0,0,0,0,0,0,0,0
170242,1,1,1996,0,0,0,0,0,0,0,0,0,0
170242,2,1,1996,0,0,0,0,0,0,0,0,0,0
170243,0,1,1996,31,31,31,31,31,31,31,31,31,31
170243,1,1,1996,16,16,16,16,16,16,16,16,16,16
170244,1,1,1996,0,0,0,0,0,0,0,0,0,0
170244,2,1,1996,0,0,0,0,0,0,0,0,0,0
170244,3,1,1996,0,0,0,0,0,0,0,0,0,0
170245,1,1,1996,0,0,0,0,0,0,0,0,0,0
170245,2,1,1996,0,0,0,0,0,0,0,0,0,0
170246,1,1,1996,0,0,0,0,0,0,0,0,0,0
170247,1,1,1996,0,0,0,0,0,0,0,0,0,0
170247,2,1,1996,0,0,0,0,0,0,0,0,0,0
170248,1,1,1996,25,25,25,25,25,25,25,25,25,25
170249,0,1,1996,0,0,0,0,0,0,0,0,0,0
170249,1,1,1996,12,0,0,0,0,0,0,0,0,0
170250,1,1,1996,0,0,0,0,0,0,0,0,0,0
170250,2,1,1996,0,0,0,0,0,0,0,0,0,0
170251,1,1,1996,12,12,12,12,12,12,12,12,12,12
170251,2,1,1996,0,0,0,0,0,0,0,0,0,0
170251,3,1,1996,0,0,0,0,0,0,0,0,0,0
170252,1,1,1996,0,10,0,0,0,0,0,0,0,0
170253,1,1,1996,0,0,0,0,0,0,0,0,0,0
170253,2,1,1996,0,0,0,0,0,0,0,0,0,0
170254,1,1,1996,0,0,0,0,0,0,0,0,0,0
170254,2,1,1996,0,0,0,0,0,0,0,0,0,0
170255,1,1,1996,0,0,0,0,0,0,26,0,0,0
170255,2,1,1996,0,22,0,0,0,0,0,0,0,0
170255,3,1,1996,0,0,0,0,0,0,0,0,0,0
170255,4,1,1996,0,0,0,0,0,0,0,0,0,0
170256,1,1,1996,0,0,0,0,0,0,0,0,0,0
170256,2,1,1996,0,0,0,0,0,0,0,0,0,0
170257,1,1,1996,0,0,0,0,0,0,0,0,0,0
170258,1,1,1996,26,26,26,26,26,26,26,26,26,26
170259,1,1,1996,7,7,7,7,7,7,7,7,7,7
170259,2,1,1996,0,0,0,0,0,0,0,0,0,0
170260,0,1,1996,4,4,4,4,4,4,4,4,4,4
170260,1,1,1996,0,0,0,0,17,20,0,0,0,0
170261,0,1,1996,0,0,0,0,0,0,0,0,0,0
170261,1,1,1996,0,0,0,0,0,0,0,0,0,0
170262,1,1,1996,0,0,0,0,0,0,0,0,0,0
170262,2,1,1996,0,0,0,0,0,0,0,0,0,0
170262,3,1,1996,0,0,0,0,0,0,0,0,0,0
170263,0,1,1996,0,0,0,0,0,0,0,0,0,0
170263,1,1,1996,0,13,33,21,0,14,30,9,7,10
170264,0,1,1996,0,0,0,0,0,0,0,0,0,0
170264,1,1,1996,0,0,0,0,0,0,0,0,0,0
170265,1,1,1996,25,25,25,25,25,25,25,25,25,25
170266,1,1,1996,0,0,0,0,0,6,0,0,0,0
170266,2,1,1996,0,0,0,0,0,0,0,0,0,0
170267,1,1,1996,29,29,29,29,29,29,29,29,29,29
170268,1,1,1996,0,0,0,0,0,0,0,0,0,0
170268,2,1,1996,0,0,0,0,0,0,0,0,0,0
170269,1,1,1996,0,0,0,0,0,0,0,0,0,0
170270,1,1,1996,0,0,0,0,0,0,0,0,0,0
170270,2,1,1996,0,0,0,0,0,0,0,0,0,0
170270,3,1,1996,0,0,0,3,0,0,0,0,0,12
170271,1,1,1996,14,14,14,14,14,14,14,14,14,14
170271,2,1,1996,0,0,0,0,0,0,0,0,0,0
170272,1,1,1996,0,0,0,0,0,0,0,0,0,0
170272,2,1,1996,0,0,0,0,0,0,0,0,0,15
170273,0,1,1996,0,0,0,0,0,0,0,0,0,0
170273,1,1,1996,0,0,0,0,0,0,0,0,0,0
170274,1,1,1996,13,13,13,13,13,13,13,13,13,13
170275,1,1,1996,0,0,0,0,0,18,0,0,0,0
170276,0,1,1996,17,0,0,0,0,0,0,2,0,0
170276,1,1,1996,0,0,23,0,0,0,0,0,0,0
170278,1,1,1996,9,9,9,9,9,9,9,9,9,9
170278,2,1,1996,6,28,21,13,8,27,5,10,0,17
170279,1,1,1996,0,0,0,0,0,0,0,0,0,0
170280,1,1,1996,9,9,9,9,9,9,9,9,9,9
170281,1,1,1996,0,0,0,0,0,14,0,19,38,0
170281,2,1,1996,0,0,0,0,46,0,0,0,0,0
170282,1,1,1996,23,23,23,23,23,23,23,23,23,23
170282,2,1,1996,31,0,9,0,5,16,11,20,5,11
170283,0,1,1996,0,0,0,0,0,0,0,0,0,0
170283,1,1,1996,0,0,0,0,0,0,0,0,0,0
170284,1,1,1996,0,0,0,25,0,0,0,0,0,0
170284,2,1,1996,0,0,0,0,0,0,0,0,0,0
170285,1,1,1996,25,25,25,25,25,25,25,25,25,25
170286,1,1,1996,0,0,0,0,0,0,0,0,0,0
170287,1,1,1996,22,22,22,22,22,22,22,22,22,22
170288,1,1,1996,14,14,14,14,14,14,14,14,14,14
170290,1,1,1996,16,0,20,7,0,0,0,0,0,0
170290,2,1,1996,0,0,0,0,0,0,0,0,0,0
170290,3,1,1996,0,0,0,0,0,9,0,0,0,0
170291,1,1,1996,0,0,0,0,0,0,0,0,0,0
170292,1,1,1996,0,0,0,0,0,0,0,0,0,0
170292,2,1,1996,0,0,0,0,0,0,0,0,0,0
170293,1,1,1996,12,12,12,12,12,12,12,12,12,12
170293,2,1,1996,0,0,0,0,0,0,0,0,0,0
170294,1,1,1996,0,0,0,0,0,0,0,0,0,0
170295,1,1,1996,0,0,0,0,0,0,0,0,0,0
170296,1,1,1996,0,0,0,0,0,0,0,0,0,0
170297,1,1,1996,0,0,0,0,0,0,0,0,0,0
170297,2,1,1996,0,0,0,0,0,0,0,0,0,0
170297,3,1,1996,0,0,0,0,0,0,0,0,0,0
170298,1,1,1996,0,0,0,0,0,0,14,0,0,0
170299,1,1,1996,0,0,0,0,0,0,0,0,0,0
170300,1,1,1996,6,6,6,6,6,6,6,6,6,6
170301,1,1,1996,1,1,1,1,1,1,1,1,1,1
170301,2,1,1996,0,0,0,0,0,0,0,0,0,0
170302,1,1,1996,0,0,0,0,0,0,0,0,0,0
170302,2,1,1996,0,0,0,0,0,0,0,0,0,0
170302,3,1,1996,0,0,0,0,0,0,0,0,0,0
170303,1,1,1996,0,0,0,0,0,0,0,0,0,0
170303,2,1,1996,0,0,0,0,0,0,0,0,0,0
170304,1,1,1996,0,0,0,0,0,0,0,0,0,0
170304,2,1,1996,0,0,0,0,0,0,0,0,0,0
170305,1,1,1996,0,0,0,0,0,0,0,0,0,0
170306,1,1,1996,0,0,0,0,0,0,0,0,0,0
170307,0,1,1996,0,0,0,0,0,0,0,0,0,0
170307,1,1,1996,0,0,0,0,0,0,0,0,0,0
170309,1,1,1996,0,0,0,0,0,0,0,0,0,0
170309,2,1,1996,0,25,0,0,0,0,0,0,0,0
170310,1,1,1996,18,15,0,0,0,24,17,20,12,0
170310,2,1,1996,0,0,0,0,0,0,0,0,0,0
170311,1,1,1996,0,0,0,0,0,0,0,0,0,0
170311,2,1,1996,0,0,0,0,0,0,0,0,0,0
170312,1,1,1996,0,0,0,0,0,0,0,0,0,0
170313,1,1,1996,17,17,17,17,17,17,17,17,17,17
170314,1,1,1996,0,0,0,0,0,0,0,0,0,0
170314,2,1,1996,0,0,0,0,0,0,0,0,0,0
170315,1,1,1996,0,0,0,0,0,0,0,0,0,0
170315,2,1,1996,0,0,0,0,0,0,0,0,0,0
170315,3,1,1996,0,0,0,0,0,0,0,0,0,0
170316,1,1,1996,0,0,0,0,0,0,0,0,0,0
170317,1,1,1996,24,24,24,24,24,24,24,24,24,24
170318,1,1,1996,13,13,13,13,13,13,13,13,13,13
170319,1,1,1996,13,13,13,13,13,13,13,13,13,13
170320,1,1,1996,0,0,0,18,0,13,0,0,0,0
170320,2,1,1996,0,0,0,0,0,0,0,0,0,0
170322,1,1,1996,5,12,4,18,16,13,4,16,19,3
170323,1,1,1996,0,0,0,0,0,0,0,0,0,0
170323,2,1,1996,0,0,0,0,0,0,9,0,14,0
170324,0,1,1996,22,22,22,22,22,22,22,22,22,22
170324,1,1,1996,0,0,0,0,0,0,0,0,0,0
170325,0,1,1996,7,7,7,7,7,7,7,7,7,7
170325,1,1,1996,0,0,0,0,0,0,0,0,0,0
170326,1,1,1996,0,0,0,0,0,0,0,0,0,0
170326,2,1,1996,0,0,0,0,0,0,0,0,0,0
170326,3,1,1996,0,0,0,0,0,0,0,0,0,0
170327,1,1,1996,21,21,21,21,21,21,21,21,21,21
170328,1,1,1996,0,0,0,0,0,0,0,0,0,0
170328,2,1,1996,12,12,12,12,12,12,12,12,12,12
170329,1,1,1996,0,0,0,0,0,0,0,0,0,0
170329,2,1,1996,0,0,0,0,0,0,0,0,0,0
170330,1,1,1996,0,0,0,0,0,0,0,0,0,0
170331,0,1,1996,0,0,0,0,0,0,0,0,0,0
170331,0,2,1996,0,0,0,0,0,0,0,0,0,0
170331,1,1,1996,0,0,0,0,0,0,0,14,33,0
170332,0,1,1996,0,0,0,0,0,0,0,0,0,0
170332,1,1,1996,0,4,0,0,0,0,30,0,0,0
170333,1,1,1996,0,0,0,0,0,0,0,0,0,0
170334,1,1,1996,14,14,14,14,14,14,14,14,14,14
170334,2,1,1996,24,0,0,0,0,0,0,0,0,11
170335,1,1,1996,0,0,0,0,0,0,0,0,0,0
170335,2,1,1996,0,0,0,0,0,0,0,0,0,0
170336,1,1,1996,16,16,16,16,16,16,16,16,16,16
170337,1,1,1996,12,12,12,12,12,12,12,12,12,12
170337,2,1,1996,0,0,0,0,0,0,0,0,0,0
170338,1,1,1996,0,0,0,0,0,0,0,0,0,0
170338,2,1,1996,30,30,30,30,30,30,30,30,30,30
170339,1,1,1996,0,0,0,0,0,0,0,0,0,0
170339,2,1,1996,0,0,0,0,0,0,0,0,0,0
170339,3,1,1996,0,0,0,0,0,0,0,0,0,0
170340,1,1,1996,24,24,24,24,24,24,24,24,24,24
170341,1,1,1996,4,4,4,4,4,4,4,4,4,4
170342,1,1,1996,0,0,0,0,0,0,0,0,0,0
170343,1,1,1996,0,0,0,0,0,0,0,0,0,0
170343,2,1,1996,0,0,0,0,0,0,0,0,0,0
170344,1,1,1996,24,24,24,24,24,24,24,24,24,24
170344,2,1,1996,0,0,0,0,0,0,0,0,0,0
170345,1,1,1996,0,0,0,0,0,0,0,0,0,0
170346,0,1,1996,0,0,0,0,0,0,0,0,0,0
170346,1,1,1996,0,0,0,0,0,0,0,0,0,0
170347,0,1,1996,0,0,0,0,0,0,0,0,0,0
170347,1,1,1996,6,0,4,22,19,10,27,15,8,16
170348,1,1,1996,8,9,19,0,5,33,0,24,26,4
170349,1,1,1996,0,0,0,0,0,0,0,0,0,0
170349,2,1,1996,0,0,0,0,0,0,0,0,0,0
170350,1,1,1996,23,23,23,23,23,23,23,23,23,23
170351,1,1,1996,17,7,27,33,17,17,18,20,23,25
170352,1,1,1996,0,0,0,0,0,0,0,0,0,0
170353,1,1,1996,16,16,16,16,16,16,16,16,16,16
170354,1,1,1996,16,16,16,16,16,16,16,16,16,16
170355,1,1,1996,0,0,0,0,0,0,0,0,0,0
170356,1,1,1996,0,0,0,0,0,0,0,0,0,0
170356,2,1,1996,0,0,0,0,0,0,0,0,0,0
170357,1,1,1996,22,22,22,22,22,22,22,22,22,22
170358,1,1,1996,0,0,0,0,0,0,0,0,0,0
170359,1,1,1996,0,0,0,0,0,0,0,0,0,0
170359,2,1,1996,0,0,0,0,0,0,0,0,0,0
170360,1,1,1996,1,1,1,1,1,1,1,1,1,1
170361,1,1,1996,0,0,0,0,0,0,0,0,0,0
170362,0,1,1996,0,0,0,0,0,0,0,0,0,0
170362,1,1,1996,10,10,10,10,10,10,10,10,10,10
170362,3,1,1996,0,0,0,0,0,0,0,0,0,0
170362,4,1,1996,0,0,0,0,0,0,0,0,0,0
170363,1,1,1996,11,11,11,11,11,11,11,11,11,11
170363,2,1,1996,0,0,0,0,0,0,0,0,0,0
170364,1,1,1996,0,0,0,0,0,0,0,0,0,0