ST_CASE,VEH_NO,PER_NO,YEAR,P1,P2,P3,P4,P5,P6,P7,P8,P9,P10
170364,2,1,1996,0,0,0,0,0,0,0,0,0,0
170365,1,1,1996,0,0,0,0,0,0,0,0,0,0
170365,2,1,1996,0,0,0,0,0,0,0,0,0,0
170366,1,1,1996,16,16,16,16,16,16,16,16,16,16
170366,2,1,1996,0,0,0,0,0,0,0,0,0,0
170367,1,1,1996,13,13,13,13,13,13,13,13,13,13
170368,1,1,1996,0,0,0,0,0,0,0,0,0,0
170368,2,1,1996,0,0,0,0,0,0,0,0,0,0
170370,1,1,1996,0,0,0,0,0,0,0,0,0,0
170371,1,1,1996,0,0,0,0,0,0,0,0,0,0
170371,2,1,1996,0,14,0,0,0,0,0,0,0,0
170372,1,1,1996,0,0,0,0,0,0,0,0,0,0
170372,2,1,1996,0,0,0,0,0,0,0,0,0,0
170372,3,1,1996,0,0,0,0,0,0,0,0,0,0
170372,4,1,1996,0,0,0,0,0,0,0,0,0,0
170372,5,1,1996,0,0,0,0,0,0,0,0,0,0
170373,1,1,1996,0,16,0,0,0,0,0,0,0,23
170373,2,1,1996,0,0,0,8,0,0,0,0,0,0
170374,1,1,1996,0,0,0,19,0,14,14,0,0,0
170374,2,1,1996,15,31,0,0,0,9,0,0,0,0
170375,1,1,1996,0,0,0,0,0,0,0,0,0,0
170375,2,1,1996,0,0,0,0,0,0,0,0,0,0
170376,1,1,1996,4,4,4,4,4,4,4,4,4,4
170377,0,1,1996,2,2,2,2,2,2,2,2,2,2
170377,1,1,1996,0,0,0,0,22,0,3,0,0,12
170378,1,1,1996,0,0,0,0,0,0,0,0,0,0
170379,0,1,1996,0,0,0,0,0,0,0,0,0,0
170379,0,2,1996,19,0,25,33,18,22,8,11,0,27
170379,0,3,1996,18,0,15,26,0,40,0,18,9,9
170379,0,4,1996,14,0,8,0,19,19,40,0,15,27
170379,0,5,1996,6,6,6,6,6,6,6,6,6,6
170379,1,1,1996,21,0,11,0,0,0,5,0,0,7
170379,2,1,1996,0,0,0,0,0,0,0,0,0,0
170380,1,1,1996,16,24,16,0,33,14,10,18,15,22
170381,1,1,1996,0,0,0,0,0,0,0,0,0,21
170381,2,1,1996,0,0,15,0,0,0,0,0,0,0
170381,3,1,1996,0,0,0,0,0,0,0,0,0,0
170381,4,1,1996,0,0,0,0,0,0,0,0,0,0
170382,0,1,1996,0,16,17,0,25,9,16,8,0,39
170382,1,1,1996,0,0,0,0,0,0,0,0,0,0
170383,1,1,1996,0,0,0,0,0,0,0,0,0,0
170384,1,1,1996,0,0,0,0,0,0,0,0,0,0
170384,2,1,1996,0,0,0,0,0,0,0,0,0,0
170385,1,1,1996,10,10,10,10,10,10,10,10,10,10
170385,2,1,1996,7,7,7,7,7,7,7,7,7,7
170386,1,1,1996,0,0,0,0,0,0,0,0,0,0
170386,2,1,1996,0,0,0,0,0,0,0,0,0,0
170387,1,1,1996,0,0,0,0,0,0,0,0,0,0
170387,2,1,1996,0,0,0,0,0,0,0,0,0,0
170387,3,1,1996,0,0,0,0,0,0,0,0,0,0
170388,1,1,1996,0,0,0,0,0,0,0,0,0,0
170388,2,1,1996,0,0,0,0,0,0,0,0,0,0
170388,3,1,1996,0,0,0,0,0,0,0,0,0,0
170389,1,1,1996,0,0,0,0,0,0,0,0,0,0
170389,2,1,1996,0,0,0,0,0,0,0,0,0,0
170390,1,1,1996,0,0,0,0,0,0,0,0,0,0
170391,1,1,1996,18,18,18,18,18,18,18,18,18,18
170392,0,1,1996,0,0,0,0,0,0,0,0,0,0
170392,1,1,1996,0,0,0,0,0,0,0,0,16,13
170393,1,1,1996,0,0,0,0,0,0,0,0,0,0
170393,2,1,1996,0,0,0,0,0,0,0,0,0,0
170394,1,1,1996,0,0,0,0,0,0,0,0,0,0
170394,2,1,1996,0,0,0,0,0,0,0,0,0,0
170395,1,1,1996,10,10,10,10,10,10,10,10,10,10
170396,1,1,1996,0,0,0,0,0,0,0,0,0,0
170396,2,1,1996,0,0,0,0,0,0,0,0,0,0
170397,1,1,1996,0,0,0,0,0,0,0,0,0,0
170397,2,1,1996,0,0,0,0,0,0,0,0,0,0
170397,3,1,1996,0,0,0,0,0,0,0,0,0,0
170397,4,1,1996,0,0,0,0,0,0,0,0,0,0
170397,5,1,1996,0,0,0,0,0,0,0,0,0,0
170397,6,1,1996,0,0,0,0,0,0,0,0,0,0
170398,1,1,1996,0,0,0,0,0,0,0,0,0,0
170398,2,1,1996,0,20,0,0,18,0,0,0,0,0
170399,1,1,1996,0,0,0,0,0,0,0,0,0,0
170400,1,1,1996,0,0,0,0,0,0,0,0,0,0
170400,2,1,1996,0,0,0,0,0,0,0,0,0,0
170401,1,1,1996,14,14,14,14,14,14,14,14,14,14
170402,1,1,1996,0,4,14,0,13,0,0,0,14,0
170403,1,1,1996,0,0,0,0,0,0,0,0,4,0
170403,2,1,1996,0,0,0,0,0,0,0,0,0,0
170404,1,1,1996,0,0,0,0,0,0,0,0,0,0
170404,2,1,1996,0,0,0,0,0,0,0,0,0,0
170404,3,1,1996,0,0,0,0,0,0,0,0,0,0
170404,4,1,1996,0,0,0,0,0,0,0,0,0,0
170405,0,1,1996,0,0,0,0,0,0,0,0,0,0
170405,1,1,1996,0,0,0,0,0,0,0,0,0,0
170406,1,1,1996,0,0,0,0,0,0,0,0,0,0
170406,2,1,1996,0,0,0,0,0,0,0,0,20,0
170407,1,1,1996,0,0,0,0,0,0,0,0,0,0
170408,1,1,1996,0,0,0,0,0,0,0,0,0,0
170408,2,1,1996,0,0,0,0,0,0,0,0,0,0
170409,1,1,1996,12,12,12,12,12,12,12,12,12,12
170411,0,1,1996,0,0,0,0,0,0,0,0,0,0
170411,1,1,1996,0,0,0,0,0,0,0,0,0,0
170412,1,1,1996,0,0,0,0,0,0,0,0,0,0
170413,1,1,1996,0,0,0,0,0,0,0,0,0,0
170414,1,1,1996,1,1,1,1,1,1,1,1,1,1
170415,0,1,1996,0,0,0,0,0,0,0,0,0,0
170415,1,1,1996,0,0,0,8,0,0,0,0,13,0
170415,2,1,1996,0,9,0,0,0,0,15,0,0,0
170415,3,1,1996,2,0,0,0,0,0,0,10,0,0
170416,1,1,1996,26,26,26,26,26,26,26,26,26,26
170417,0,1,1996,0,0,0,0,0,0,0,0,0,0
170417,1,1,1996,0,0,0,0,0,0,0,0,0,0
170418,1,1,1996,0,0,0,0,0,0,0,0,0,0
170418,2,1,1996,0,0,0,0,0,0,0,0,0,0
170418,3,1,1996,0,0,0,0,0,0,0,0,0,0
170419,1,1,1996,17,17,17,17,17,17,17,17,17,17
170421,1,1,1996,11,11,11,11,11,11,11,11,11,11
170422,0,1,1996,0,0,0,0,0,0,0,0,0,0
170422,1,1,1996,0,0,0,0,7,0,12,0,0,0
170423,1,1,1996,0,0,4,15,0,0,0,0,0,0
170423,2,1,1996,0,0,0,0,0,0,0,0,0,0
170424,0,1,1996,0,0,0,0,0,0,0,0,0,0
170424,1,1,1996,0,0,0,0,0,0,0,4,0,0
170425,1,1,1996,0,0,0,0,0,0,0,0,0,0
170425,2,1,1996,0,0,0,0,0,0,0,0,0,0
170426,1,1,1996,15,15,15,15,15,15,15,15,15,15
170427,1,1,1996,8,24,16,16,12,17,21,7,0,11
170427,2,1,1996,0,0,0,0,0,0,0,0,0,0
170428,1,1,1996,0,0,0,0,0,0,0,0,0,0
170428,2,1,1996,0,0,0,0,0,0,0,0,0,0
170429,1,1,1996,6,0,7,0,20,0,5,0,0,15
170430,1,1,1996,0,0,0,0,0,0,0,0,0,0
170430,2,1,1996,0,0,0,0,0,0,0,0,0,0
170431,1,1,1996,21,21,21,21,21,21,21,21,21,21
170432,1,1,1996,0,0,0,12,0,0,0,0,0,0
170433,0,1,1996,0,0,0,0,0,0,0,0,0,0
170433,1,1,1996,0,6,4,0,0,0,0,23,0,0
170434,1,1,1996,0,0,0,0,0,0,0,0,0,0
170434,2,1,1996,0,0,0,0,0,0,0,0,0,0
170435,1,1,1996,0,0,0,0,0,0,0,0,0,0
170436,1,1,1996,0,0,0,0,0,0,0,0,0,0
170437,1,1,1996,0,0,0,0,0,0,0,0,0,0
170437,2,1,1996,0,0,0,0,0,0,0,0,0,0
170437,3,1,1996,0,0,0,0,0,8,0,0,0,0
170438,1,1,1996,13,13,13,13,13,13,13,13,13,13
170439,1,1,1996,26,26,26,26,26,26,26,26,26,26
170439,2,1,1996,16,16,16,16,16,16,16,16,16,16
170440,1,1,1996,0,0,0,0,0,0,0,14,0,0
170441,1,1,1996,0,0,0,0,0,0,0,0,0,0
170441,2,1,1996,0,0,0,0,0,0,0,0,0,0
170442,1,1,1996,0,0,0,0,0,0,0,0,0,0
170442,2,1,1996,0,0,0,0,0,0,0,0,0,0
170442,3,1,1996,0,0,0,0,0,0,0,0,2,0
170442,4,1,1996,0,0,0,0,0,0,0,0,0,0
170443,1,1,1996,14,14,14,14,14,14,14,14,14,14
170443,2,1,1996,22,19,6,3,4,0,9,10,5,4
170444,1,1,1996,0,0,0,0,0,0,0,0,0,0
170444,2,1,1996,0,0,0,0,0,0,0,0,0,0
170445,1,1,1996,16,20,5,7,26,7,8,23,0,10
170445,2,1,1996,17,17,17,17,17,17,17,17,17,17
170446,1,1,1996,0,0,0,0,0,0,0,0,0,0
170446,2,1,1996,0,0,0,0,0,0,0,0,0,0
170447,1,1,1996,0,0,0,0,0,0,0,0,0,0
170448,1,1,1996,15,18,13,17,26,11,5,20,11,15
170449,1,1,1996,0,0,0,0,0,0,0,0,0,0
170450,1,1,1996,1,1,1,1,1,1,1,1,1,1
170450,2,1,1996,0,0,0,0,0,0,0,0,0,0
170451,1,1,1996,0,0,0,0,0,0,0,0,0,0
170451,2,1,1996,0,0,0,0,0,0,0,0,0,0
170452,1,1,1996,17,17,17,17,17,17,17,17,17,17
170453,1,1,1996,0,0,0,0,0,0,0,0,0,0
170453,2,1,1996,0,0,20,0,0,0,0,0,0,9
170454,1,1,1996,0,0,0,0,0,0,0,0,0,0
170454,2,1,1996,0,0,0,0,0,0,0,0,0,0
170454,3,1,1996,0,0,0,0,0,0,0,0,25,0
170455,1,1,1996,19,19,19,19,19,19,19,19,19,19
170456,1,1,1996,0,0,0,0,0,0,0,0,0,0
170457,1,1,1996,15,15,15,15,15,15,15,15,15,15
170457,2,1,1996,15,15,15,15,15,15,15,15,15,15
170458,0,1,1996,0,28,0,0,0,0,0,0,0,0
170458,1,1,1996,0,0,0,0,0,0,0,0,0,0
170459,1,1,1996,0,0,0,0,0,0,0,0,0,0
170459,2,1,1996,0,0,0,0,0,0,0,0,0,0
170460,1,1,1996,0,0,0,0,0,0,0,0,0,0
170461,1,1,1996,0,0,0,0,0,0,0,0,0,0
170462,0,1,1996,26,26,26,26,26,26,26,26,26,26
170462,1,1,1996,0,0,0,0,0,0,0,0,0,0
170463,0,1,1996,0,0,0,33,0,24,0,0,7,0
170463,1,1,1996,0,0,15,0,0,19,0,0,0,8
170464,1,1,1996,2,25,23,7,0,23,0,22,0,17
170464,2,1,1996,0,0,0,0,0,0,0,0,0,0
170465,1,1,1996,0,0,0,0,0,0,0,0,0,0
170465,2,1,1996,0,0,0,0,0,0,0,0,0,0
170466,1,1,1996,13,13,13,13,13,13,13,13,13,13
170467,1,1,1996,11,11,11,11,11,11,11,11,11,11
170468,1,1,1996,0,0,0,0,0,0,0,0,0,0
170468,2,1,1996,12,0,0,0,0,0,0,0,0,0
170469,1,1,1996,15,15,15,15,15,15,15,15,15,15
170469,2,1,1996,0,12,0,20,28,6,0,23,0,25
170470,1,1,1996,9,8,12,12,3,0,11,4,25,9
170471,1,1,1996,20,20,20,20,20,20,20,20,20,20
170472,1,1,1996,0,0,0,0,15,0,0,0,11,30
170472,2,1,1996,0,0,0,0,0,0,0,0,0,0
170473,0,1,1996,18,18,18,18,18,18,18,18,18,18
170473,1,1,1996,0,0,0,0,15,9,0,18,0,0
170474,0,1,1996,0,0,0,0,0,0,0,0,0,0
170474,1,1,1996,0,0,0,0,0,0,0,0,0,0
170475,1,1,1996,0,0,0,0,0,0,0,0,0,0
170475,2,1,1996,0,0,0,0,0,0,0,0,0,0
170475,3,1,1996,0,0,0,0,0,0,0,0,0,0
170476,1,1,1996,8,8,8,8,8,8,8,8,8,8
170477,1,1,1996,0,0,0,0,0,0,0,0,0,0
170478,1,1,1996,0,0,0,15,0,15,0,0,0,0
170480,0,1,1996,15,15,15,15,15,15,15,15,15,15
170480,1,1,1996,0,0,0,0,0,0,0,0,0,0
170481,1,1,1996,4,13,4,11,14,12,7,14,5,12
170482,1,1,1996,0,0,0,0,0,0,0,0,0,0
170483,1,1,1996,0,0,0,0,0,0,0,0,0,0
170484,1,1,1996,0,0,0,0,0,0,0,0,0,0
170485,1,1,1996,0,0,0,0,0,0,0,0,0,0
170485,2,1,1996,0,0,0,0,0,0,0,0,0,0
170486,1,1,1996,0,0,0,4,0,0,0,0,0,10
170486,2,1,1996,0,0,0,0,0,0,0,0,0,0
170486,3,1,1996,0,0,0,0,0,0,0,0,0,0
170487,1,1,1996,0,14,0,11,0,12,7,0,16,13
170487,2,1,1996,0,0,0,0,0,0,0,0,0,0
170488,1,1,1996,0,0,0,0,0,0,0,0,0,0
170488,2,1,1996,0,0,0,0,0,18,0,0,0,0
170490,1,1,1996,23,23,23,23,23,23,23,23,23,23
170491,1,1,1996,15,15,15,15,15,15,15,15,15,15
170491,2,1,1996,0,0,0,0,0,0,0,0,0,0
170492,1,1,1996,12,11,19,0,12,0,0,17,22,19
170492,2,1,1996,0,0,0,0,29,0,12,0,13,0
170493,1,1,1996,21,21,21,21,21,21,21,21,21,21
170493,2,1,1996,0,0,0,0,0,0,0,0,0,0
170494,0,1,1996,28,28,28,28,28,28,28,28,28,28
170494,1,1,1996,10,10,10,10,10,10,10,10,10,10
170495,1,1,1996,23,23,23,23,23,23,23,23,23,23
170495,2,1,1996,0,0,0,0,0,0,0,0,0,0
170496,1,1,1996,0,0,0,0,0,0,0,0,0,0
170496,2,1,1996,0,0,0,0,0,0,0,0,0,0
170497,1,1,1996,8,8,8,8,8,8,8,8,8,8
170498,0,1,1996,0,0,0,0,0,0,0,0,0,0
170498,1,1,1996,0,0,0,0,0,0,0,0,0,0
170499,1,1,1996,0,0,0,0,0,0,0,0,0,0
170499,2,1,1996,0,0,0,0,0,0,0,0,0,0
170499,3,1,1996,0,0,0,0,0,0,0,0,0,0
170500,1,1,1996,0,0,0,0,0,0,0,0,0,0
170500,2,1,1996,0,0,0,0,0,0,0,0,0,0
170501,1,1,1996,0,0,0,0,0,0,0,0,0,0
170502,1,1,1996,2,2,2,2,2,2,2,2,2,2
170502,2,1,1996,8,8,8,8,8,8,8,8,8,8
170503,1,1,1996,8,8,8,8,8,8,8,8,8,8
170503,2,1,1996,0,0,0,0,0,0,0,0,0,0
170504,1,1,1996,1,1,1,1,1,1,1,1,1,1
170504,2,1,1996,0,0,0,0,0,0,0,0,0,0
170505,1,1,1996,0,0,0,0,0,0,0,30,0,0
170505,2,1,1996,0,0,0,0,0,0,0,0,0,0
170506,1,1,1996,34,34,34,34,34,34,34,34,34,34
170507,1,1,1996,0,0,0,0,0,0,0,0,0,0
170507,2,1,1996,0,27,0,7,18,11,18,19,0,12
170508,1,1,1996,0,20,0,0,0,0,0,0,0,0
170508,2,1,1996,0,0,0,5,0,0,0,0,0,0
170508,3,1,1996,0,0,0,0,0,0,0,0,0,0
170509,0,1,1996,0,0,0,0,0,0,0,0,0,0
170509,0,2,1996,0,0,0,0,0,0,0,0,0,0
170509,0,3,1996,0,0,0,0,0,0,0,0,0,0
170509,0,4,1996,0,0,0,0,0,0,0,0,0,0
170509,0,5,1996,13,0,3,0,28,0,0,0,0,0
170509,1,1,1996,19,0,0,27,4,0,0,0,21,18
170510,1,1,1996,0,0,0,0,14,0,16,0,0,0
170510,2,1,1996,0,0,0,0,0,0,0,0,0,0
170511,1,1,1996,0,0,0,0,0,0,0,0,0,0
170511,2,1,1996,13,12,9,18,22,0,22,16,14,0
170512,1,1,1996,0,0,0,0,0,0,0,0,0,0
170512,2,1,1996,0,0,0,0,0,0,0,0,0,0
170513,0,1,1996,22,22,22,22,22,22,22,22,22,22
170513,1,1,1996,0,0,0,0,0,0,0,0,0,0
170514,0,1,1996,0,0,0,0,0,0,0,0,0,0
170514,1,1,1996,0,0,0,0,0,0,0,0,0,0
170516,1,1,1996,19,9,24,27,22,10,19,4,18,26
170517,1,1,1996,0,0,0,0,0,0,0,0,0,0
170517,2,1,1996,0,0,0,0,0,0,0,0,0,0
170518,1,1,1996,7,17,2,12,6,16,16,11,5,6
170519,1,1,1996,0,0,0,0,0,0,0,0,0,0
170519,2,1,1996,0,0,0,26,0,0,0,0,0,0
170520,1,1,1996,17,23,20,17,7,4,13,15,36,20
170521,1,1,1996,0,0,0,0,0,0,0,0,0,0
170521,2,1,1996,0,0,0,0,0,0,0,0,0,0
170522,1,1,1996,0,0,0,0,0,0,0,0,0,0
170522,2,1,1996,0,0,0,0,0,0,0,0,0,0
170523,1,1,1996,0,0,10,7,8,20,0,16,0,0
170523,2,1,1996,11,11,11,11,11,11,11,11,11,11
170524,1,1,1996,16,28,16,24,22,9,22,11,12,14
170525,1,1,1996,0,0,0,0,0,0,0,0,0,0
170526,1,1,1996,17,16,0,17,0,11,10,7,3,25
170527,1,1,1996,17,17,17,17,17,17,17,17,17,17
170528,0,1,1996,0,0,0,15,0,27,26,22,26,25
170528,1,1,1996,0,20,29,6,24,0,18,10,14,18
170529,0,1,1996,0,0,0,0,0,0,0,0,0,0
170529,0,2,1996,0,0,0,0,0,0,0,0,0,0
170529,1,1,1996,0,0,0,0,0,0,0,0,0,0
170530,1,1,1996,7,7,7,7,7,7,7,7,7,7
170530,2,1,1996,0,0,0,0,0,0,0,0,0,0
170531,1,1,1996,0,0,0,0,0,0,0,0,0,0
170531,2,1,1996,0,0,0,0,0,0,0,0,0,0
170532,0,1,1996,0,0,0,0,0,0,0,0,0,0
170532,1,1,1996,0,0,0,0,0,0,0,0,0,0
170533,1,1,1996,0,0,0,0,0,0,0,0,0,0
170534,1,1,1996,0,0,0,0,0,0,0,0,0,0
170535,1,1,1996,6,2,7,5,11,11,15,10,33,17
170535,2,1,1996,0,0,0,0,0,0,0,0,0,0
170536,1,1,1996,0,0,0,0,0,0,0,0,0,0
170536,2,1,1996,0,0,0,0,0,0,0,0,0,0
170537,0,1,1996,0,0,0,0,0,0,0,0,0,0
170537,1,1,1996,17,17,17,17,17,17,17,17,17,17
170538,1,1,1996,0,10,0,0,0,0,0,0,0,5
170539,1,1,1996,0,0,0,0,0,0,0,0,0,0
170539,2,1,1996,0,0,0,0,0,0,0,0,0,0
170540,0,1,1996,0,0,0,0,0,0,0,0,0,0
170540,1,1,1996,0,0,0,19,24,0,0,0,19,10
170541,1,1,1996,27,27,27,27,27,27,27,27,27,27
170541,2,1,1996,0,0,0,0,0,0,0,0,0,0
170542,0,1,1996,0,0,0,0,0,0,14,0,0,0
170542,1,1,1996,2,15,8,0,0,12,0,18,0,24
170543,1,1,1996,0,0,0,0,0,0,0,0,0,0
170543,2,1,1996,0,0,0,0,0,0,0,0,0,0
170544,1,1,1996,0,0,0,0,0,0,0,0,0,0
170544,2,1,1996,4,4,4,4,4,4,4,4,4,4
170545,1,1,1996,0,0,0,0,0,0,0,0,0,0
170545,2,1,1996,0,0,0,0,0,0,0,0,0,0
170546,1,1,1996,5,13,0,11,16,13,21,20,13,5
170546,2,1,1996,0,0,0,0,0,0,0,0,0,0
170547,0,1,1996,0,0,0,0,0,0,0,0,0,0
170547,1,1,1996,11,0,0,0,4,0,0,0,0,0
170548,1,1,1996,11,11,11,11,11,11,11,11,11,11
170548,2,1,1996,7,7,7,7,7,7,7,7,7,7
170549,1,1,1996,0,0,0,0,0,0,0,0,0,0
170549,2,1,1996,0,0,0,0,0,0,0,0,0,0
170550,1,1,1996,11,11,11,11,11,11,11,11,11,11
170550,2,1,1996,10,10,10,10,10,10,10,10,10,10
170551,1,1,1996,18,18,18,18,18,18,18,18,18,18
170552,0,1,1996,0,0,0,0,0,0,0,0,0,0
170552,1,1,1996,0,0,0,0,0,0,0,0,0,0
170553,1,1,1996,0,0,0,0,0,0,0,0,0,0
170554,1,1,1996,0,0,0,0,0,0,0,0,0,0
170554,2,1,1996,0,0,0,0,0,0,0,0,0,0
170555,1,1,1996,0,0,0,0,0,0,0,0,0,0
170555,2,1,1996,0,0,0,6,0,0,0,0,0,32
170555,3,1,1996,0,0,0,0,0,0,0,0,0,0
170556,0,1,1996,0,0,0,0,0,0,0,0,0,0
170556,1,1,1996,0,0,0,0,0,0,0,0,0,0
170557,1,1,1996,19,14,27,0,16,30,30,25,12,0
170558,1,1,1996,11,11,11,11,11,11,11,11,11,11
170559,1,1,1996,8,8,8,8,8,8,8,8,8,8
170559,2,1,1996,0,0,0,0,0,2,0,0,0,0
170560,1,1,1996,27,27,27,27,27,27,27,27,27,27
170561,0,1,1996,13,0,20,26,0,0,4,0,0,0
170561,1,1,1996,0,0,0,0,0,0,0,0,0,0
170561,2,1,1996,0,0,0,9,0,0,0,0,0,0
170562,1,1,1996,23,23,23,23,23,23,23,23,23,23
170562,2,1,1996,0,0,0,0,0,0,0,0,0,0
170563,1,1,1996,17,17,17,17,17,17,17,17,17,17
170564,1,1,1996,35,35,35,35,35,35,35,35,35,35
170565,1,1,1996,0,0,0,0,0,0,0,0,0,0
170565,2,1,1996,0,0,0,0,0,0,0,0,0,0
170566,1,1,1996,0,0,0,0,0,0,0,0,0,0
170566,2,1,1996,0,0,0,0,0,0,0,0,0,7
170567,1,1,1996,16,16,16,16,16,16,16,16,16,16
170567,2,1,1996,0,0,0,0,0,0,0,0,0,0
170568,1,1,1996,0,0,0,0,0,0,0,0,0,0
170568,2,1,1996,0,0,0,0,0,37,0,0,0,0
170568,3,1,1996,0,0,0,0,0,0,0,0,0,0
170569,1,1,1996,4,9,21,11,19,31,22,23,0,39
170570,1,1,1996,0,0,0,0,0,31,0,0,0,0
170571,1,1,1996,27,27,27,27,27,27,27,27,27,27
170572,1,1,1996,0,0,0,0,0,0,0,0,0,0
170572,2,1,1996,0,0,0,0,0,0,0,0,0,0
170573,1,1,1996,0,0,18,22,0,0,0,0,0,0
170574,1,1,1996,17,17,17,17,17,17,17,17,17,17
170575,1,1,1996,20,20,20,20,20,20,20,20,20,20
170575,2,1,1996,0,0,0,0,0,0,0,0,20,12
170576,1,1,1996,0,0,0,0,0,0,0,0,0,0
170576,2,1,1996,0,0,0,0,0,0,0,0,0,0
170577,1,1,1996,23,23,23,23,23,23,23,23,23,23
170579,1,1,1996,0,0,0,0,0,0,0,0,0,0
170579,2,1,1996,0,0,0,0,0,0,0,0,0,0
170580,1,1,1996,0,0,0,0,0,0,0,0,0,0
170580,2,1,1996,0,0,0,0,0,0,0,0,0,0
170581,0,1,1996,18,18,18,18,18,18,18,18,18,18
170581,1,1,1996,0,0,0,0,0,0,0,0,0,0
170582,1,1,1996,8,8,8,8,8,8,8,8,8,8
170583,1,1,1996,17,17,17,17,17,17,17,17,17,17
170584,1,1,1996,13,13,13,13,13,13,13,13,13,13
170585,1,1,1996,0,0,0,0,0,0,0,0,0,0
170586,1,1,1996,0,0,0,0,0,0,0,0,0,0
170586,2,1,1996,0,0,0,0,0,0,0,0,0,0
170586,3,1,1996,0,0,0,0,0,0,0,0,0,0
170587,0,1,1996,20,24,0,0,0,0,0,0,27,0
170587,1,1,1996,0,19,0,0,0,0,0,0,0,0
170588,0,1,1996,0,0,0,0,0,0,0,0,0,0
170588,1,1,1996,21,8,16,16,13,8,22,31,0,4
170588,2,1,1996,0,0,0,0,0,0,0,0,0,0
170588,3,1,1996,0,0,0,0,0,0,0,0,0,0
170589,0,1,1996,0,0,0,0,0,0,0,0,0,0
170589,1,1,1996,0,0,0,0,0,0,4,0,0,0
170590,0,1,1996,0,0,0,0,0,0,0,0,0,0
170590,1,1,1996,24,27,12,7,24,16,0,0,14,15
170591,0,1,1996,0,0,0,0,0,0,0,0,0,0
170591,1,1,1996,0,0,0,0,0,0,0,0,0,8
170592,1,1,1996,12,12,12,12,12,12,12,12,12,12
170593,1,1,1996,25,25,25,25,25,25,25,25,25,25
170594,1,1,1996,4,42,19,7,23,10,18,9,0,23
170595,1,1,1996,0,0,0,0,0,0,0,0,0,0
170595,2,1,1996,0,0,0,0,0,0,0,0,0,0
170596,1,1,1996,0,0,0,0,0,0,0,0,0,0
170597,0,1,1996,0,0,0,0,16,0,0,0,0,0
170597,1,1,1996,0,0,0,0,13,0,0,0,6,22
170597,2,1,1996,17,0,0,0,0,0,0,26,0,0
170598,1,1,1996,0,0,0,0,0,0,0,0,0,0
170599,1,1,1996,0,0,0,0,0,0,0,0,0,0
170599,2,1,1996,0,0,0,0,0,0,0,0,0,0
170600,1,1,1996,12,0,0,0,16,0,0,0,0,0
170600,2,1,1996,0,0,0,0,0,0,0,0,0,0
170600,3,1,1996,0,0,0,0,0,0,0,0,0,0
170601,1,1,1996,23,23,23,23,23,23,23,23,23,23
170602,0,1,1996,5,5,5,5,5,5,5,5,5,5
170602,1,1,1996,0,0,0,0,0,0,0,0,0,0
170603,1,1,1996,0,0,0,0,0,0,0,0,0,0
170603,2,1,1996,0,0,0,0,0,0,0,0,0,0
170604,1,1,1996,0,13,0,8,14,0,0,0,0,5
170605,1,1,1996,16,16,16,16,16,16,16,16,16,16
170605,2,1,1996,0,0,0,0,0,0,0,0,0,0
170606,1,1,1996,20,20,20,20,20,20,20,20,20,20
170606,2,1,1996,0,0,0,0,0,0,0,0,0,0
170606,3,1,1996,0,0,0,0,0,0,0,0,0,0
170607,0,1,1996,3,3,3,3,3,3,3,3,3,3
170607,1,1,1996,0,0,0,0,0,0,0,0,0,0
170608,1,1,1996,19,6,0,28,0,0,0,0,0,4
170608,2,1,1996,0,0,0,0,0,0,0,0,0,0
170609,1,1,1996,0,0,0,0,0,0,0,0,0,0
170610,1,1,1996,0,0,0,0,0,0,0,0,0,0
170610,2,1,1996,0,0,0,0,0,0,0,0,0,0
170611,1,1,1996,0,0,0,0,0,0,0,0,0,0
170611,2,1,1996,0,0,0,0,0,0,0,0,0,0
170612,1,1,1996,0,0,0,0,0,0,0,0,0,0
170612,2,1,1996,0,0,0,0,0,0,0,0,0,0
170613,0,1,1996,29,29,29,29,29,29,29,29,29,29
170613,1,1,1996,0,0,0,0,0,0,0,0,0,0
170614,1,1,1996,0,0,0,0,0,0,0,0,0,0
170615,1,1,1996,11,11,11,11,11,11,11,11,11,11
170616,1,1,1996,0,0,0,0,0,0,0,0,0,0
170617,1,1,1996,0,0,0,0,0,0,0,0,0,0
170617,2,1,1996,0,0,0,0,0,0,0,0,0,0
170618,1,1,1996,0,0,0,0,0,18,25,0,17,9
170618,2,1,1996,0,0,0,0,0,0,0,0,0,0
170618,3,1,1996,0,0,0,0,0,0,0,0,0,0
170619,1,1,1996,21,25,0,0,0,0,0,13,5,0
170619,2,1,1996,0,0,0,0,0,0,0,0,0,0
170619,3,1,1996,0,0,0,0,0,0,0,0,0,0
170620,0,1,1996,22,22,22,22,22,22,22,22,22,22
170620,1,1,1996,0,0,0,0,0,0,0,0,0,0
170621,1,1,1996,22,22,22,22,22,22,22,22,22,22
170622,1,1,1996,0,0,0,0,0,0,0,0,0,0
170623,1,1,1996,0,0,0,0,0,0,0,0,0,0
170623,2,1,1996,0,0,0,0,0,0,0,0,0,0