ST_CASE,VEH_NO,PER_NO,YEAR,P1,P2,P3,P4,P5,P6,P7,P8,P9,P10
170893,1,1,1996,0,0,0,0,0,0,0,0,0,0
170894,1,1,1996,0,0,0,0,0,0,0,0,0,0
170895,1,1,1996,11,10,18,15,9,26,17,19,11,10
170895,2,1,1996,0,0,0,0,0,0,0,0,0,0
170896,0,1,1996,20,20,20,20,20,20,20,20,20,20
170896,1,1,1996,0,0,0,0,0,0,0,0,0,0
170897,1,1,1996,0,0,0,0,0,0,0,0,0,0
170897,2,1,1996,0,0,0,0,0,0,0,0,0,0
170898,1,1,1996,7,7,7,7,7,7,7,7,7,7
170899,1,1,1996,0,0,0,0,0,0,0,0,0,0
170899,2,1,1996,0,0,0,0,0,0,0,0,0,0
170900,1,1,1996,12,6,29,7,11,9,15,9,27,9
170901,1,1,1996,13,0,6,14,0,16,0,0,0,18
170902,1,1,1996,0,0,0,0,0,0,0,0,0,0
170902,2,1,1996,0,0,0,0,0,0,0,0,0,0
170902,3,1,1996,0,0,0,0,0,0,0,0,0,0
170903,1,1,1996,0,0,0,0,0,0,0,0,0,0
170903,2,1,1996,0,0,0,0,0,0,0,0,0,0
170904,1,1,1996,21,21,21,21,21,21,21,21,21,21
170904,2,1,1996,0,0,9,12,0,0,0,0,0,0
170905,0,1,1996,0,0,0,0,0,0,0,0,0,0
170905,1,1,1996,0,0,0,0,0,0,0,0,0,0
170907,1,1,1996,2,2,2,2,2,2,2,2,2,2
170907,2,1,1996,0,0,0,0,0,0,0,0,0,0
170908,0,1,1996,0,0,0,0,0,0,0,0,0,0
170908,1,1,1996,0,0,0,0,0,0,0,0,0,0
170909,1,1,1996,0,0,0,0,0,0,0,0,0,0
170909,2,1,1996,0,0,0,0,0,0,0,0,0,0
170910,0,1,1996,0,0,0,0,0,0,0,0,0,0
170910,1,1,1996,0,0,8,0,0,0,17,33,0,0
170911,1,1,1996,0,0,0,0,0,0,0,0,0,0
170912,1,1,1996,0,18,10,0,0,0,4,0,0,0
170912,2,1,1996,0,15,2,0,14,0,0,0,0,5
170913,0,1,1996,0,0,0,0,0,0,0,0,0,0
170913,1,1,1996,3,3,3,3,3,3,3,3,3,3
170914,1,1,1996,16,16,16,16,16,16,16,16,16,16
170914,2,1,1996,0,0,0,0,0,0,0,0,0,0
170915,1,1,1996,0,0,0,0,0,0,0,0,0,0
170915,2,1,1996,0,0,0,0,0,0,0,0,0,0
170916,1,1,1996,0,0,0,0,0,15,0,0,0,0
170916,2,1,1996,0,0,0,0,0,0,0,0,0,0
170917,1,1,1996,17,17,17,17,17,17,17,17,17,17
170918,1,1,1996,0,7,21,0,9,0,0,11,31,8
170919,0,1,1996,25,25,25,25,25,25,25,25,25,25
170919,1,1,1996,21,0,15,8,0,16,13,8,9,13
170920,1,1,1996,0,0,0,0,0,0,0,0,0,0
170920,2,1,1996,0,0,11,0,0,0,0,0,0,0
170920,3,1,1996,0,0,0,0,0,0,0,0,22,21
170921,1,1,1996,0,0,0,0,0,0,0,0,0,0
170922,1,1,1996,17,17,17,17,17,17,17,17,17,17
170922,2,1,1996,0,0,0,0,0,0,0,0,0,0
170923,1,1,1996,0,13,0,0,0,18,0,24,0,9
170923,2,1,1996,0,0,0,0,0,0,0,0,0,0
170924,0,1,1996,0,0,0,0,0,0,0,0,0,0
170924,1,1,1996,26,18,12,18,11,17,5,11,4,7
170925,1,1,1996,0,0,0,0,0,0,0,0,0,0
170925,2,1,1996,13,0,0,0,0,0,0,0,0,0
170926,1,1,1996,0,0,0,0,0,0,0,0,0,0
170927,1,1,1996,0,0,0,0,0,0,0,0,0,0
170927,2,1,1996,0,0,0,0,0,0,0,0,0,0
170927,3,1,1996,11,0,0,0,3,0,12,0,0,0
170928,1,1,1996,0,0,0,0,0,0,0,0,0,0
170929,1,1,1996,0,0,0,0,0,0,0,0,0,0
170930,1,1,1996,0,0,0,0,0,30,0,0,0,0
170930,2,1,1996,6,26,2,0,0,0,0,0,7,0
170931,1,1,1996,0,0,0,0,0,0,0,0,0,0
170932,1,1,1996,0,26,0,0,0,0,0,0,0,0
170933,1,1,1996,0,0,0,0,0,0,0,0,0,0
170933,2,1,1996,0,0,0,0,0,0,0,0,0,0
170934,1,1,1996,31,31,31,31,31,31,31,31,31,31
170935,1,1,1996,0,0,0,0,0,0,0,0,0,0
170936,1,1,1996,0,0,0,0,0,0,0,0,0,0
170936,2,1,1996,0,0,0,0,0,0,0,0,0,0
170937,1,1,1996,23,23,23,23,23,23,23,23,23,23
170937,2,1,1996,0,0,0,0,0,0,0,0,0,0
170938,1,1,1996,0,0,0,0,0,0,0,0,0,0
170938,2,1,1996,0,0,0,0,0,0,0,0,0,0
170939,0,1,1996,22,22,22,22,22,22,22,22,22,22
170939,1,1,1996,0,0,21,0,0,0,0,0,0,0
170940,1,1,1996,19,11,19,22,25,12,13,45,18,29
170941,1,1,1996,0,0,0,0,0,0,0,0,0,0
170941,2,1,1996,0,0,0,0,0,0,0,0,0,0
170941,3,1,1996,0,0,0,31,0,0,0,0,0,0
170942,1,1,1996,6,6,6,6,6,6,6,6,6,6
170942,2,1,1996,0,0,0,0,0,0,0,0,0,0
170943,1,1,1996,0,0,0,0,0,0,0,0,0,0
170943,2,1,1996,0,0,0,0,0,0,0,0,0,0
170944,0,1,1996,29,29,29,29,29,29,29,29,29,29
170944,1,1,1996,0,0,0,0,0,0,0,0,0,0
170945,1,1,1996,0,0,0,0,0,0,0,0,0,0
170946,1,1,1996,25,25,25,25,25,25,25,25,25,25
170947,1,1,1996,27,27,27,27,27,27,27,27,27,27
170948,1,1,1996,0,0,0,0,0,0,0,0,0,0
170948,2,1,1996,0,0,0,0,0,0,0,0,0,0
170949,1,1,1996,0,0,0,0,0,0,0,0,0,0
170949,2,1,1996,9,9,9,9,9,9,9,9,9,9
170950,1,1,1996,2,2,2,2,2,2,2,2,2,2
170950,2,1,1996,0,0,0,0,0,0,0,0,0,0
170951,1,1,1996,30,30,30,30,30,30,30,30,30,30
170952,0,1,1996,21,21,21,21,21,21,21,21,21,21
170952,1,1,1996,0,0,0,0,0,0,0,0,0,0
170953,1,1,1996,12,12,12,12,12,12,12,12,12,12
170953,2,1,1996,0,0,0,0,0,0,0,0,0,0
170954,1,1,1996,0,0,0,0,0,0,0,0,0,0
170954,2,1,1996,0,4,0,17,0,0,0,0,0,0
170955,1,1,1996,16,16,16,16,16,16,16,16,16,16
170956,0,1,1996,0,0,0,0,0,0,0,0,0,0
170957,1,1,1996,0,6,0,0,0,0,0,0,0,0
170957,2,1,1996,0,0,0,0,0,0,0,0,0,0
170958,1,1,1996,0,0,13,0,0,0,0,0,0,0
170958,2,1,1996,10,10,10,10,10,10,10,10,10,10
170959,1,1,1996,22,22,22,22,22,22,22,22,22,22
170960,1,1,1996,0,0,0,0,0,0,0,0,0,0
170960,2,1,1996,0,0,0,0,0,0,0,0,0,0
170961,0,1,1996,0,0,0,0,0,0,0,0,0,0
170961,1,1,1996,0,0,0,0,0,0,0,0,0,0
170962,0,1,1996,0,0,0,0,0,0,0,0,0,0
170962,1,1,1996,0,0,0,0,0,0,0,0,0,0
170963,1,1,1996,0,0,0,0,0,0,0,0,0,0
170963,2,1,1996,0,0,0,0,0,0,0,0,0,0
170964,0,1,1996,0,0,0,0,12,0,0,0,0,29
170964,1,1,1996,0,0,0,0,0,0,0,0,0,0
170965,1,1,1996,0,0,0,0,0,0,0,0,0,0
170965,2,1,1996,0,0,0,0,0,0,0,0,0,0
170966,1,1,1996,0,0,0,0,0,0,0,0,0,0
170966,2,1,1996,0,0,0,0,0,0,0,0,0,0
170967,1,1,1996,16,16,16,16,16,16,16,16,16,16
170967,2,1,1996,13,13,13,13,13,13,13,13,13,13
170968,1,1,1996,0,0,0,3,0,0,0,0,0,0
170968,2,1,1996,0,0,0,0,0,0,0,0,0,0
170969,1,1,1996,7,7,7,7,7,7,7,7,7,7
170969,2,1,1996,0,0,0,0,4,0,0,0,0,0
170970,1,1,1996,0,0,0,0,0,0,0,0,0,0
170970,2,1,1996,0,0,0,0,0,0,0,0,0,0
170971,1,1,1996,0,0,0,0,0,0,0,0,0,0
170972,0,1,1996,29,29,29,29,29,29,29,29,29,29
170972,1,1,1996,0,0,0,0,0,0,0,0,0,0
170972,2,1,1996,0,0,0,0,0,0,0,0,0,0
170973,1,1,1996,61,61,61,61,61,61,61,61,61,61
170973,2,1,1996,0,0,0,0,0,0,0,0,0,0
170974,1,1,1996,0,0,0,0,0,0,0,0,11,0
170974,2,1,1996,0,0,0,0,0,0,0,0,0,0
170975,0,1,1996,0,0,0,0,0,0,0,0,0,0
170975,1,1,1996,13,13,13,13,13,13,13,13,13,13
170976,0,1,1996,0,0,0,0,0,0,0,0,0,0
170976,1,1,1996,0,0,0,0,0,0,0,0,0,0
170976,2,1,1996,0,0,0,0,0,0,0,0,0,0
170977,0,1,1996,0,0,0,0,0,0,0,0,0,0
170977,1,1,1996,0,0,0,0,22,0,9,0,0,0
170978,1,1,1996,28,28,28,28,28,28,28,28,28,28
170978,2,1,1996,0,10,0,0,0,0,0,0,0,0
170980,1,1,1996,0,0,0,0,0,0,0,0,0,0
170981,1,1,1996,10,19,0,0,0,0,11,0,0,0
170982,1,1,1996,0,0,10,0,10,0,0,0,0,0
170983,1,1,1996,27,27,27,27,27,27,27,27,27,27
170983,2,1,1996,0,0,0,0,0,0,0,0,0,0
170984,1,1,1996,17,17,17,17,17,17,17,17,17,17
170984,2,1,1996,0,0,0,0,0,0,0,0,0,0
170985,1,1,1996,21,21,21,21,21,21,21,21,21,21
170985,2,1,1996,8,0,12,5,15,0,14,16,15,11
170986,1,1,1996,0,0,0,0,0,0,0,0,0,0
170986,2,1,1996,0,0,0,0,0,0,0,0,0,0
170987,0,1,1996,0,0,0,0,0,0,0,0,0,0
170987,1,1,1996,0,0,0,0,0,0,0,0,0,0
170988,1,1,1996,0,0,0,0,0,0,0,0,0,0
170988,2,1,1996,0,0,0,0,0,0,0,0,0,0
170989,0,1,1996,0,0,0,0,0,0,0,0,0,0
170989,0,2,1996,0,0,0,0,0,0,0,0,0,0
170989,1,1,1996,0,0,0,0,0,0,0,0,0,0
170990,1,1,1996,16,16,16,16,16,16,16,16,16,16
170991,1,1,1996,20,20,20,20,20,20,20,20,20,20
170992,1,1,1996,16,16,16,16,16,16,16,16,16,16
170993,1,1,1996,19,19,19,19,19,19,19,19,19,19
170994,1,1,1996,0,0,0,0,0,0,0,0,0,0
170994,2,1,1996,0,0,0,0,0,0,0,0,0,0
170995,1,1,1996,0,0,0,0,0,0,0,0,0,0
170995,2,1,1996,0,0,0,0,0,0,0,0,0,0
170996,1,1,1996,0,0,0,0,0,0,0,0,0,0
170997,0,1,1996,0,0,0,0,0,0,0,0,0,0
170997,1,1,1996,0,0,0,0,0,0,0,0,0,0
170998,1,1,1996,0,0,0,0,0,0,0,0,0,0
170999,1,1,1996,0,0,0,0,0,0,0,0,0,0
170999,2,1,1996,0,0,0,0,0,0,0,0,0,0
171000,0,1,1996,0,0,0,0,0,0,0,0,0,0
171000,1,1,1996,0,0,0,0,0,0,0,0,0,0
171000,2,1,1996,10,0,0,0,0,0,12,0,0,0
171001,1,1,1996,20,20,20,20,20,20,20,20,20,20
171002,1,1,1996,18,18,18,18,18,18,18,18,18,18
171003,1,1,1996,0,0,0,0,0,0,0,0,0,0
171003,2,1,1996,0,0,0,0,0,0,0,0,0,0
171004,0,1,1996,0,0,0,0,0,0,0,0,0,0
171004,1,1,1996,0,0,0,0,0,0,0,0,0,0
171005,1,1,1996,4,1,9,16,7,0,17,10,13,18
171005,2,1,1996,29,29,29,29,29,29,29,29,29,29
171006,1,1,1996,0,0,0,0,0,0,0,0,0,0
171006,2,1,1996,0,0,0,0,0,0,0,0,0,0
171008,1,1,1996,0,0,0,0,0,0,0,0,0,0
171008,2,1,1996,0,0,0,0,0,0,0,0,0,0
171009,0,1,1996,0,0,0,0,0,0,0,0,0,0
171009,1,1,1996,0,0,0,0,0,0,0,0,0,0
171010,1,1,1996,0,0,0,0,0,0,0,0,0,0
171011,1,1,1996,0,0,0,0,0,0,0,0,0,11
171011,2,1,1996,0,0,0,0,0,0,0,0,0,0
171012,1,1,1996,0,0,0,0,0,0,0,0,0,0
171012,2,1,1996,0,0,0,0,0,0,0,0,0,0
171013,1,1,1996,0,0,0,0,0,4,0,0,0,0
171014,1,1,1996,18,18,18,18,18,18,18,18,18,18
171015,1,1,1996,17,17,17,17,17,17,17,17,17,17
171015,2,1,1996,16,16,16,16,16,16,16,16,16,16
171016,1,1,1996,39,39,39,39,39,39,39,39,39,39
171016,2,1,1996,0,22,0,0,0,28,0,0,0,0
171017,1,1,1996,0,0,0,0,0,0,0,0,0,0
171017,2,1,1996,0,0,0,0,0,0,0,0,0,0
171018,1,1,1996,0,0,0,0,0,0,0,0,0,0
171018,2,1,1996,0,0,0,0,0,0,0,0,0,0
171019,1,1,1996,0,0,0,0,0,0,0,0,0,0
171019,2,1,1996,0,0,0,0,0,0,0,0,0,0
171020,1,1,1996,0,0,0,0,0,0,0,0,0,0
171020,2,1,1996,0,0,0,0,0,0,0,0,0,0
171021,0,1,1996,0,0,0,0,0,0,0,0,0,0
171021,1,1,1996,0,0,0,0,0,0,0,0,0,0
171022,1,1,1996,2,2,2,2,2,2,2,2,2,2
171023,1,1,1996,19,19,19,19,19,19,19,19,19,19
171024,0,1,1996,26,26,26,26,26,26,26,26,26,26
171024,0,2,1996,0,0,0,0,0,0,0,0,0,0
171024,1,1,1996,0,0,0,0,0,0,0,8,0,0
171025,1,1,1996,13,13,13,13,13,13,13,13,13,13
171026,0,1,1996,0,0,0,0,0,0,0,0,0,0
171026,1,1,1996,0,0,0,0,0,0,0,0,0,0
171027,0,1,1996,14,14,14,14,14,14,14,14,14,14
171027,1,1,1996,0,0,0,0,0,0,0,0,0,0
171028,1,1,1996,21,21,21,21,21,21,21,21,21,21
171029,1,1,1996,25,25,25,25,25,25,25,25,25,25
171030,1,1,1996,25,25,25,25,25,25,25,25,25,25
171031,1,1,1996,22,22,22,22,22,22,22,22,22,22
171032,1,1,1996,0,0,0,0,0,0,0,0,0,0
171032,2,1,1996,0,0,0,0,0,0,0,0,0,0
171032,3,1,1996,0,0,0,0,0,0,0,0,0,0
171032,4,1,1996,0,0,0,0,0,0,0,0,0,0
171032,5,1,1996,0,0,0,0,0,0,0,0,0,0
171033,1,1,1996,5,5,5,5,5,5,5,5,5,5
171034,1,1,1996,0,0,10,0,0,0,0,0,0,0
171034,2,1,1996,0,0,0,3,0,0,0,0,0,0
171035,1,1,1996,0,0,9,0,0,0,0,0,0,0
171035,2,1,1996,0,0,0,0,0,0,0,0,0,0
171035,3,1,1996,0,0,0,0,0,0,0,0,0,0
171035,4,1,1996,0,0,0,0,0,0,0,0,0,0
171036,1,1,1996,0,0,0,0,0,0,0,0,0,0
171036,2,1,1996,0,0,0,0,0,0,0,0,0,0
171037,1,1,1996,14,14,14,14,14,14,14,14,14,14
171038,1,1,1996,0,0,0,0,0,0,0,0,0,0
171038,2,1,1996,0,0,0,0,0,0,0,0,0,0
171039,0,1,1996,0,0,0,0,0,0,0,0,18,0
171039,1,1,1996,5,5,5,5,5,5,5,5,5,5
171040,0,1,1996,19,19,19,19,19,19,19,19,19,19
171040,1,1,1996,0,0,0,0,0,8,0,0,0,0
171041,1,1,1996,16,16,16,16,16,16,16,16,16,16
171041,2,1,1996,0,0,0,0,0,0,0,0,0,0
171042,1,1,1996,0,0,15,0,0,0,0,0,8,0
171042,2,1,1996,0,0,0,0,0,0,0,0,0,0
171043,1,1,1996,4,4,4,4,4,4,4,4,4,4
171044,1,1,1996,0,0,0,19,0,0,0,0,0,18
171045,0,1,1996,0,0,0,0,0,0,0,0,0,0
171045,1,1,1996,13,13,13,13,13,13,13,13,13,13
171046,1,1,1996,0,0,0,0,0,0,37,0,0,0
171046,2,1,1996,11,0,0,11,15,0,15,0,0,16
171047,0,1,1996,0,0,0,0,0,0,0,0,0,0
171047,1,1,1996,0,0,0,0,0,0,0,0,0,0
171048,1,1,1996,0,0,0,0,0,0,0,0,0,0
171048,2,1,1996,5,6,15,0,0,14,0,8,0,0
171049,1,1,1996,16,16,16,16,16,16,16,16,16,16
171050,1,1,1996,0,0,0,0,0,0,0,0,0,0
171050,2,1,1996,0,0,0,0,0,0,0,0,0,0
171051,1,1,1996,8,8,8,8,8,8,8,8,8,8
171052,1,1,1996,0,0,0,0,0,0,0,0,0,0
171052,2,1,1996,0,0,0,0,0,0,0,0,0,0
171053,1,1,1996,0,0,0,0,0,0,0,0,0,0
171053,2,1,1996,0,0,0,0,0,0,0,0,0,0
171054,1,1,1996,12,12,12,12,12,12,12,12,12,12
171055,1,1,1996,0,0,0,0,0,0,0,0,0,0
171055,2,1,1996,0,0,0,0,0,0,0,0,0,0
171056,1,1,1996,30,30,30,30,30,30,30,30,30,30
171057,1,1,1996,10,10,10,10,10,10,10,10,10,10
171057,2,1,1996,0,0,0,0,0,0,0,0,0,0
171058,1,1,1996,0,0,0,0,0,0,0,0,0,0
171059,1,1,1996,0,0,0,0,0,0,0,0,0,0
171059,2,1,1996,0,0,0,0,0,0,0,0,0,0
171059,3,1,1996,13,0,0,0,0,0,0,10,0,0
171060,1,1,1996,0,0,0,0,0,0,0,0,0,0
171060,2,1,1996,0,0,0,0,0,0,0,0,0,0
171060,3,1,1996,0,0,0,0,0,0,0,0,0,0
171060,4,1,1996,0,0,0,0,0,0,0,0,0,0
171061,1,1,1996,0,0,0,0,0,0,0,0,0,0
171061,2,1,1996,0,0,0,0,0,0,0,0,0,0
171061,3,1,1996,0,0,0,0,0,0,0,0,0,0
171062,1,1,1996,0,0,0,0,0,0,0,0,0,0
171062,2,1,1996,0,0,0,0,0,0,0,0,9,0
171063,0,1,1996,0,0,0,0,0,0,0,0,0,32
171063,1,1,1996,0,0,0,0,0,0,0,0,0,0
171064,0,1,1996,0,0,0,0,0,0,0,0,0,0
171064,1,1,1996,0,0,0,0,0,0,0,0,0,0
171065,1,1,1996,29,29,29,29,29,29,29,29,29,29
171066,1,1,1996,4,4,4,4,4,4,4,4,4,4
171067,1,1,1996,0,0,0,0,0,0,0,0,0,0
171068,0,1,1996,0,0,0,0,0,0,0,0,0,0
171068,1,1,1996,0,0,0,0,0,0,0,0,0,0
171069,1,1,1996,0,0,0,0,0,0,0,0,0,0
171069,2,1,1996,0,0,0,0,0,0,0,0,0,0
171070,1,1,1996,0,0,0,0,0,0,0,0,0,0
171070,2,1,1996,0,0,0,0,0,0,0,0,0,0
171071,0,1,1996,0,0,0,0,0,0,0,0,0,0
171071,1,1,1996,0,0,0,0,0,0,0,0,0,0
171072,0,1,1996,24,24,24,24,24,24,24,24,24,24
171072,1,1,1996,0,11,0,0,9,10,0,0,0,0
171073,1,1,1996,15,15,15,15,15,15,15,15,15,15
171075,1,1,1996,0,0,0,0,0,0,0,0,0,0
171075,2,1,1996,0,0,0,0,0,0,0,0,0,0
171076,0,1,1996,0,0,0,0,0,0,0,0,0,0
171076,1,1,1996,0,0,0,0,0,0,0,0,0,0
171077,1,1,1996,0,0,0,0,0,0,0,0,0,0
171078,0,1,1996,0,0,0,0,0,0,0,0,0,0
171078,1,1,1996,0,0,0,0,0,0,0,0,0,0
171079,0,1,1996,29,29,29,29,29,29,29,29,29,29
171079,1,1,1996,12,18,11,9,6,22,20,15,4,4
171080,0,1,1996,0,0,0,0,0,0,0,0,0,0
171080,1,1,1996,0,0,0,0,0,0,0,0,0,0
171081,0,1,1996,21,0,26,19,29,19,12,27,0,31
171081,0,2,1996,0,0,0,0,0,0,0,0,0,0
171081,1,1,1996,2,0,8,0,19,0,15,0,7,20
171082,0,1,1996,0,0,0,0,0,0,0,0,0,0
171082,1,1,1996,0,0,0,0,0,0,0,0,0,0
171084,1,1,1996,0,0,0,0,0,0,0,0,0,0
171084,2,1,1996,0,0,0,0,0,0,0,0,0,0
171085,1,1,1996,0,0,16,16,0,29,0,4,20,0
171086,0,1,1996,0,0,0,0,0,0,0,0,0,9
171086,1,1,1996,0,0,0,0,0,0,0,0,0,0
171087,1,1,1996,0,0,0,0,0,0,0,0,0,0
171088,1,1,1996,14,14,14,14,14,14,14,14,14,14
171089,0,1,1996,20,20,20,20,20,20,20,20,20,20
171089,0,2,1996,20,14,0,0,24,0,0,23,14,14
171089,1,1,1996,11,11,11,11,11,11,11,11,11,11
171090,1,1,1996,27,27,27,27,27,27,27,27,27,27
171091,1,1,1996,0,0,0,0,4,0,0,0,0,0
171092,1,1,1996,0,0,0,0,0,0,0,0,0,0
171092,2,1,1996,0,0,0,0,0,0,0,0,0,0
171093,1,1,1996,0,0,0,0,0,0,0,0,0,0
171093,2,1,1996,0,0,0,0,0,0,0,24,0,0
171094,1,1,1996,0,0,0,0,0,0,0,0,0,0
171095,1,1,1996,0,0,0,0,0,0,0,0,0,0
171096,1,1,1996,0,0,0,0,0,0,0,0,0,0
171097,1,1,1996,0,0,0,0,0,0,0,0,0,0
171098,1,1,1996,0,0,0,0,0,0,0,0,0,0
171099,1,1,1996,0,0,0,0,0,0,0,0,0,0
171100,1,1,1996,0,0,0,0,0,0,0,0,0,0
171100,2,1,1996,0,0,0,5,0,0,0,11,13,9
171101,1,1,1996,0,0,0,0,0,0,0,0,0,0
171102,0,1,1996,0,0,0,0,4,0,0,26,0,0
171102,1,1,1996,0,0,0,0,0,0,0,0,0,0
171103,0,1,1996,0,0,0,0,0,0,0,0,0,0
171103,1,1,1996,0,0,0,0,0,0,0,0,0,0
171104,0,1,1996,3,0,0,0,0,0,0,0,0,0
171104,0,2,1996,0,0,0,0,0,0,0,0,0,0
171104,1,1,1996,0,0,0,0,0,0,0,0,0,0
171105,1,1,1996,0,0,0,0,0,0,0,0,0,0
171105,2,1,1996,0,0,0,0,0,0,0,0,0,0
171106,1,1,1996,0,0,0,0,0,0,0,0,0,0
171106,2,1,1996,0,10,0,0,0,0,0,0,0,0
171107,1,1,1996,0,0,0,0,0,0,0,0,0,0
171107,2,1,1996,0,0,0,0,0,0,0,0,0,0
171108,0,1,1996,0,0,0,0,0,0,0,0,0,0
171108,1,1,1996,0,0,0,0,0,0,0,0,0,0
171109,1,1,1996,29,29,29,29,29,29,29,29,29,29
171110,1,1,1996,0,0,0,0,0,0,0,0,0,0
171110,2,1,1996,0,0,0,0,0,0,0,0,0,0
171111,1,1,1996,17,23,14,8,12,36,24,26,9,14
171112,0,1,1996,0,0,0,0,0,0,0,0,0,0
171112,0,2,1996,0,0,0,0,0,0,0,0,0,0
171112,1,1,1996,13,25,16,22,14,8,14,28,7,24
171113,1,1,1996,19,19,19,19,19,19,19,19,19,19
171114,1,1,1996,0,0,0,0,0,0,0,6,0,0
171114,2,1,1996,0,0,0,0,0,0,0,0,0,0
171115,1,1,1996,25,25,25,25,25,25,25,25,25,25
171116,1,1,1996,0,22,20,14,0,12,0,13,10,3
171116,2,1,1996,17,0,0,0,0,0,0,0,20,0
171117,1,1,1996,9,31,19,0,26,28,17,9,16,17
171118,1,1,1996,9,21,16,19,15,24,35,22,6,10
171119,1,1,1996,21,18,16,23,14,20,16,16,16,22
171120,1,1,1996,0,0,0,0,0,0,0,0,0,0
171120,2,1,1996,0,0,0,0,0,0,0,0,0,0
171120,3,1,1996,0,0,0,0,0,0,0,0,0,0
171121,0,1,1996,0,0,0,0,0,0,0,0,0,0
171121,1,1,1996,0,0,4,0,0,0,0,0,0,0
171123,1,1,1996,0,0,0,0,0,0,0,0,0,0
171124,1,1,1996,0,0,0,0,0,0,0,0,0,0
171124,2,1,1996,0,0,0,0,0,0,0,0,0,0
171127,1,1,1996,0,0,0,0,0,0,0,0,0,0
171127,2,1,1996,0,0,0,0,0,0,0,0,0,0
171128,1,1,1996,23,23,23,23,23,23,23,23,23,23
171128,2,1,1996,0,0,0,0,0,0,0,0,0,0
171130,1,1,1996,0,0,0,0,0,0,0,0,0,0
171130,2,1,1996,21,16,0,0,0,0,0,0,0,0
171130,3,1,1996,0,0,0,0,0,0,0,0,0,0
171130,4,1,1996,0,0,0,0,0,0,0,0,0,0
171130,5,1,1996,0,0,0,0,0,0,0,0,0,0
171130,6,1,1996,0,0,0,0,0,0,0,0,0,0
171130,7,1,1996,0,0,0,0,0,0,4,0,0,0
171131,0,1,1996,0,0,0,0,0,0,0,0,0,0
171131,1,1,1996,0,0,0,0,0,0,0,0,0,0
171132,1,1,1996,12,12,12,12,12,12,12,12,12,12
171133,1,1,1996,23,23,23,23,23,23,23,23,23,23
171134,1,1,1996,0,0,0,0,0,0,0,0,0,0
171134,2,1,1996,0,0,0,0,0,0,0,0,0,0
171135,1,1,1996,0,0,0,0,0,0,0,0,0,0
171136,1,1,1996,0,0,0,0,0,0,0,0,0,0
171136,2,1,1996,0,0,0,0,0,0,0,0,0,0
171137,1,1,1996,0,0,0,0,0,0,0,0,0,0
171138,1,1,1996,0,0,14,13,0,0,7,3,0,0
171139,0,1,1996,0,0,0,0,0,0,0,0,0,0
171139,1,1,1996,20,20,20,20,20,20,20,20,20,20
171140,1,1,1996,0,0,0,0,0,0,0,0,0,0
171140,2,1,1996,12,12,12,12,12,12,12,12,12,12
171141,1,1,1996,0,0,0,0,0,0,0,0,0,0
171141,2,1,1996,0,0,0,0,0,0,0,0,0,0
171142,1,1,1996,0,0,0,0,0,0,0,0,0,0
171144,1,1,1996,0,0,0,0,0,0,0,0,0,0
171145,1,1,1996,5,5,5,5,5,5,5,5,5,5
171145,2,1,1996,9,9,9,9,9,9,9,9,9,9
171146,1,1,1996,0,0,0,0,0,0,0,0,0,0
171147,1,1,1996,8,8,8,8,8,8,8,8,8,8
171148,0,1,1996,0,0,0,0,0,0,0,0,0,0
171148,0,2,1996,0,0,0,0,0,0,0,0,0,0
171148,1,1,1996,10,10,10,10,10,10,10,10,10,10
171149,1,1,1996,4,4,4,4,4,4,4,4,4,4
171150,1,1,1996,21,21,21,21,21,21,21,21,21,21
171150,2,1,1996,0,0,0,0,0,0,0,0,0,0
171151,1,1,1996,1,1,1,1,1,1,1,1,1,1
171152,1,1,1996,4,4,4,4,4,4,4,4,4,4
171153,0,1,1996,0,0,0,0,0,0,0,0,0,0
171153,1,1,1996,0,0,0,0,0,0,0,0,0,0
171154,0,1,1996,0,0,0,0,0,0,0,0,0,0
171154,1,1,1996,0,0,0,0,0,0,0,0,0,0
171155,1,1,1996,0,0,0,0,0,0,0,0,0,0
171155,2,1,1996,0,0,0,0,0,0,0,0,0,0
171156,1,1,1996,0,0,0,0,0,0,0,0,0,0
171157,1,1,1996,0,0,0,0,0,0,0,0,0,0
171158,1,1,1996,20,20,20,20,20,20,20,20,20,20
171158,2,1,1996,0,0,0,0,0,0,0,0,0,0
171159,1,1,1996,0,0,0,0,0,0,0,0,0,0
171159,2,1,1996,0,33,0,0,0,0,0,0,0,0
171160,1,1,1996,0,0,0,0,0,0,0,0,0,0
171160,2,1,1996,0,0,0,0,0,0,0,0,14,0
171161,1,1,1996,18,18,18,18,18,18,18,18,18,18
171162,1,1,1996,0,0,0,0,0,0,0,0,0,0
171162,2,1,1996,0,0,0,0,0,0,0,0,0,0
171162,3,1,1996,0,0,0,0,26,0,0,0,0,0
171163,0,1,1996,0,0,0,0,0,0,0,0,0,0
171163,1,1,1996,0,0,0,0,0,0,0,0,0,0
171164,1,1,1996,0,0,0,0,0,0,0,0,0,0
171164,2,1,1996,0,0,0,0,0,0,0,0,0,0