ST_CASE,VEH_NO,PER_NO,YEAR,P1,P2,P3,P4,P5,P6,P7,P8,P9,P10
180348,1,1,1996,12,12,12,12,12,12,12,12,12,12
180348,2,1,1996,0,0,0,0,0,0,0,0,0,0
180349,1,1,1996,8,8,8,8,8,8,8,8,8,8
180349,2,1,1996,30,30,30,30,30,30,30,30,30,30
180349,3,1,1996,0,0,0,0,7,0,0,16,0,0
180350,1,1,1996,0,0,0,0,0,0,0,0,16,0
180350,2,1,1996,0,0,0,0,0,0,0,0,0,0
180351,1,1,1996,0,0,0,0,0,0,0,0,0,0
180351,2,1,1996,0,0,0,0,0,0,0,0,0,0
180352,1,1,1996,0,0,0,0,0,0,0,0,0,0
180352,2,1,1996,0,0,0,0,0,0,0,0,0,0
180352,3,1,1996,0,0,0,0,0,0,0,0,0,0
180354,1,1,1996,0,0,0,0,0,0,0,0,0,0
180354,2,1,1996,0,0,0,0,0,0,0,0,0,0
180355,1,1,1996,0,0,0,0,0,0,0,0,0,0
180355,2,1,1996,0,0,0,0,0,0,0,0,0,0
180356,1,1,1996,0,0,0,0,0,0,0,0,0,0
180357,1,1,1996,6,6,6,6,6,6,6,6,6,6
180358,0,1,1996,22,17,8,15,0,0,28,26,18,30
180358,1,1,1996,15,0,3,17,5,0,0,10,0,0
180359,1,1,1996,9,0,21,0,17,10,32,13,0,31
180359,2,1,1996,18,18,18,18,18,18,18,18,18,18
180360,1,1,1996,0,0,0,0,0,0,0,0,0,0
180361,1,1,1996,1,1,1,1,1,1,1,1,1,1
180361,2,1,1996,0,0,0,0,0,0,0,0,0,0
180362,1,1,1996,0,0,0,0,0,0,0,0,0,0
180362,2,1,1996,0,0,0,0,0,0,0,0,0,0
180363,1,1,1996,0,0,0,0,0,0,0,0,0,0
180364,1,1,1996,9,9,9,9,9,9,9,9,9,9
180365,1,1,1996,4,4,4,4,4,4,4,4,4,4
180365,2,1,1996,0,0,0,0,0,0,0,0,0,0
180366,1,1,1996,24,24,24,24,24,24,24,24,24,24
180366,2,1,1996,0,13,0,21,0,0,26,0,0,0
180367,1,1,1996,29,29,29,29,29,29,29,29,29,29
180367,2,1,1996,0,0,0,0,0,0,6,0,0,0
180368,1,1,1996,0,0,0,0,0,0,0,0,0,0
180368,2,1,1996,0,0,0,0,0,0,0,0,0,0
180369,1,1,1996,0,0,0,0,0,0,0,0,0,0
180370,1,1,1996,0,0,0,0,0,0,0,0,0,0
180370,2,1,1996,0,0,0,0,0,0,0,0,0,0
180371,1,1,1996,0,0,0,0,0,0,0,0,0,0
180371,2,1,1996,0,0,0,0,0,0,0,0,0,0
180372,1,1,1996,0,0,0,0,0,0,0,0,0,0
180373,1,1,1996,0,0,0,0,0,0,0,0,7,0
180373,2,1,1996,0,0,0,0,0,0,0,0,0,0
180374,1,1,1996,0,0,0,0,0,0,0,0,0,0
180374,2,1,1996,0,0,0,0,0,0,0,0,0,0
180375,1,1,1996,0,0,0,4,0,10,29,22,0,0
180376,1,1,1996,25,25,25,25,25,25,25,25,25,25
180377,1,1,1996,0,0,0,0,0,0,0,0,0,0
180377,2,1,1996,0,0,0,0,0,0,0,0,0,0
180378,1,1,1996,0,0,0,0,0,0,0,0,0,0
180378,2,1,1996,0,11,0,0,0,0,0,0,0,0
180379,0,1,1996,34,34,34,34,34,34,34,34,34,34
180379,1,1,1996,0,0,0,0,0,0,0,0,0,0
180380,1,1,1996,0,0,0,0,0,0,0,0,0,0
180381,1,1,1996,17,17,17,17,17,17,17,17,17,17
180382,1,1,1996,0,0,0,0,0,0,0,0,0,0
180382,2,1,1996,18,18,18,18,18,18,18,18,18,18
180383,0,1,1996,0,0,0,0,0,0,0,0,0,0
180383,1,1,1996,0,0,0,0,0,0,0,0,0,0
180384,0,1,1996,0,0,0,0,0,0,0,0,0,0
180384,1,1,1996,0,0,0,0,0,0,0,0,0,0
180385,1,1,1996,0,0,7,0,0,35,0,14,0,21
180385,2,1,1996,0,0,0,0,0,0,0,0,0,0
180386,1,1,1996,0,0,0,0,0,0,0,0,0,0
180386,2,1,1996,0,0,0,0,0,0,0,0,0,0
180387,0,1,1996,15,15,15,15,15,15,15,15,15,15
180387,1,1,1996,0,0,0,0,0,0,0,0,0,0
180388,1,1,1996,0,0,0,0,0,0,0,0,0,0
180389,1,1,1996,0,0,0,0,0,0,0,0,0,0
180390,1,1,1996,0,0,0,0,0,0,0,0,0,0
180391,1,1,1996,0,0,0,0,0,0,0,0,0,0
180392,0,1,1996,0,0,0,0,0,0,0,0,0,0
180392,1,1,1996,0,0,0,0,0,0,0,0,0,0
180393,1,1,1996,20,20,20,20,20,20,20,20,20,20
180394,1,1,1996,28,28,28,28,28,28,28,28,28,28
180395,1,1,1996,0,0,0,0,0,0,0,22,0,0
180396,0,1,1996,0,0,0,0,0,0,0,0,0,0
180396,1,1,1996,0,6,0,19,10,0,3,0,0,0
180397,1,1,1996,11,11,11,11,11,11,11,11,11,11
180397,2,1,1996,0,0,0,0,0,0,0,0,0,0
180398,1,1,1996,0,0,0,0,0,0,0,0,0,0
180398,2,1,1996,0,0,0,0,0,0,0,0,0,0
180399,1,1,1996,0,0,0,0,0,0,0,0,0,0
180400,0,1,1996,0,0,0,0,0,0,0,0,0,0
180400,1,1,1996,0,0,0,0,0,0,0,0,0,0
180401,1,1,1996,0,0,0,0,0,0,0,0,0,0
180401,2,1,1996,0,0,0,0,0,0,0,0,0,0
180402,1,1,1996,0,0,0,0,0,0,0,19,15,0
180402,2,1,1996,0,0,0,0,0,0,0,0,0,0
180403,1,1,1996,0,0,0,0,0,0,0,0,0,0
180403,2,1,1996,0,0,0,0,0,0,0,0,11,0
180404,1,1,1996,0,0,0,0,0,0,0,0,0,0
180405,1,1,1996,0,0,0,0,0,0,0,0,0,0
180406,1,1,1996,0,0,0,0,0,0,0,0,0,0
180407,1,1,1996,10,10,10,10,10,10,10,10,10,10
180408,1,1,1996,20,20,20,20,20,20,20,20,20,20
180408,2,1,1996,0,0,0,0,0,0,0,0,0,0
180409,1,1,1996,0,0,0,0,0,0,0,0,0,0
180410,1,1,1996,20,20,20,20,20,20,20,20,20,20
180411,1,1,1996,17,17,17,17,17,17,17,17,17,17
180411,2,1,1996,0,0,0,0,0,0,0,0,0,0
180412,1,1,1996,24,24,24,24,24,24,24,24,24,24
180413,1,1,1996,0,0,0,0,0,0,0,0,0,0
180414,1,1,1996,0,0,0,0,0,0,0,0,0,0
180414,2,1,1996,0,0,0,0,0,0,0,0,0,0
180415,0,1,1996,13,13,13,13,13,13,13,13,13,13
180415,1,1,1996,5,19,12,16,7,6,5,0,4,11
180416,1,1,1996,6,20,18,12,26,28,39,30,23,22
180417,1,1,1996,0,0,0,0,0,0,0,0,0,0
180417,2,1,1996,0,0,0,0,0,0,0,0,13,0
180418,1,1,1996,0,0,0,0,0,0,0,0,0,0
180418,2,1,1996,0,0,0,0,0,0,0,0,0,0
180419,1,1,1996,33,33,33,33,33,33,33,33,33,33
180420,1,1,1996,0,0,0,0,20,0,0,0,0,0
180421,1,1,1996,13,0,14,28,0,0,0,0,0,0
180421,2,1,1996,0,0,0,13,0,0,0,0,0,0
180422,1,1,1996,0,0,0,0,0,0,0,0,0,0
180422,2,1,1996,0,0,0,0,0,0,0,0,0,0
180422,3,1,1996,0,0,0,0,0,0,0,0,0,0
180423,1,1,1996,0,0,0,0,0,0,0,0,0,0
180423,2,1,1996,0,0,0,0,0,0,0,28,0,0
180424,1,1,1996,0,0,0,0,0,0,0,0,0,0
180425,1,1,1996,0,0,0,0,0,0,0,0,0,0
180425,2,1,1996,0,0,0,0,0,0,0,0,0,0
180426,1,1,1996,0,0,0,0,0,0,0,0,0,0
180426,2,1,1996,0,0,0,0,0,0,0,0,0,0
180427,1,1,1996,0,0,0,0,0,0,0,0,0,0
180428,1,1,1996,0,0,0,0,0,0,0,0,0,0
180428,2,1,1996,0,0,0,0,0,0,0,0,0,0
180429,1,1,1996,0,0,0,0,0,0,0,0,0,0
180430,0,1,1996,0,0,0,0,0,0,0,0,0,0
180430,1,1,1996,0,0,0,0,0,0,0,0,0,0
180431,1,1,1996,0,0,0,0,0,0,0,0,0,0
180431,2,1,1996,0,0,0,0,0,0,0,0,0,0
180432,1,1,1996,0,0,0,0,0,0,0,0,0,0
180433,1,1,1996,0,0,0,0,0,0,0,0,0,0
180433,2,1,1996,0,0,0,0,0,0,0,0,0,0
180434,1,1,1996,0,2,0,19,0,0,13,0,0,0
180435,1,1,1996,0,0,0,0,0,0,0,0,0,0
180436,1,1,1996,0,0,0,0,0,0,0,0,0,0
180436,2,1,1996,0,0,0,0,0,0,0,0,0,0
180437,1,1,1996,0,0,0,0,0,0,0,0,0,0
180437,2,1,1996,0,0,0,0,0,0,0,0,0,0
180438,1,1,1996,19,19,19,19,19,19,19,19,19,19
180439,1,1,1996,0,0,0,0,0,0,0,0,0,0
180440,1,1,1996,0,28,0,0,0,0,0,0,16,0
180441,1,1,1996,0,0,0,0,0,0,0,0,0,0
180441,2,1,1996,15,15,15,15,15,15,15,15,15,15
180442,1,1,1996,7,7,7,7,7,7,7,7,7,7
180443,1,1,1996,0,0,0,0,0,0,0,0,0,0
180443,2,1,1996,0,0,0,0,0,0,0,0,0,0
180444,1,1,1996,0,0,0,0,0,0,0,0,10,0
180444,2,1,1996,0,0,0,0,0,0,0,0,0,0
180445,1,1,1996,0,0,0,0,0,0,0,0,0,0
180445,2,1,1996,10,0,0,0,0,0,0,0,0,0
180446,1,1,1996,0,0,0,0,0,0,0,0,0,0
180446,2,1,1996,0,0,0,0,0,0,0,0,0,0
180447,1,1,1996,0,0,0,0,0,0,0,0,0,0
180447,2,1,1996,8,0,0,0,0,0,0,0,0,0
180447,3,1,1996,0,0,0,0,6,0,0,0,0,0
180448,1,1,1996,0,22,0,0,14,26,0,0,0,0
180449,1,1,1996,25,25,25,25,25,25,25,25,25,25
180450,1,1,1996,28,38,35,13,0,13,19,18,24,11
180451,1,1,1996,0,0,0,0,0,5,0,0,0,0
180452,1,1,1996,18,19,18,25,17,15,12,15,20,32
180453,1,1,1996,0,0,0,0,0,0,0,0,0,0
180453,2,1,1996,0,0,0,0,0,0,0,0,0,0
180454,1,1,1996,0,0,0,0,0,0,0,0,0,0
180454,2,1,1996,0,0,0,19,0,0,0,0,0,0
180455,1,1,1996,0,0,0,0,0,0,0,0,0,0
180455,2,1,1996,0,0,0,0,0,0,0,0,0,0
180456,1,1,1996,18,18,18,18,18,18,18,18,18,18
180457,1,1,1996,0,0,0,0,0,0,0,0,0,0
180457,2,1,1996,0,0,0,0,0,0,0,0,0,0
180458,1,1,1996,0,0,0,0,0,0,0,0,0,0
180458,2,1,1996,0,0,0,0,0,0,0,0,0,0
180458,3,1,1996,0,18,0,0,0,0,0,0,0,0
180459,1,1,1996,0,0,0,0,0,0,0,0,0,0
180459,2,1,1996,0,0,0,0,0,0,0,0,0,0
180459,3,1,1996,0,0,0,0,0,0,0,0,0,0
180460,1,1,1996,0,0,0,0,0,39,0,0,0,0
180460,2,1,1996,0,0,0,0,0,0,0,0,0,0
180461,1,1,1996,17,17,17,17,17,17,17,17,17,17
180462,1,1,1996,0,0,0,0,0,0,0,0,0,0
180462,2,1,1996,0,0,0,0,0,0,0,0,0,0
180463,1,1,1996,0,0,0,0,0,0,0,0,0,0
180463,2,1,1996,0,0,0,0,0,0,0,0,41,0
180464,1,1,1996,18,18,18,18,18,18,18,18,18,18
180465,1,1,1996,0,0,0,0,0,0,0,0,0,0
180465,2,1,1996,0,0,0,0,0,0,0,0,0,0
180466,1,1,1996,0,0,0,0,0,0,0,0,0,0
180466,2,1,1996,0,0,0,0,0,0,0,0,0,0
180467,1,1,1996,0,0,0,0,0,0,0,0,0,0
180467,2,1,1996,0,0,0,0,0,0,0,0,0,0
180468,1,1,1996,0,0,0,0,0,0,0,0,0,0
180469,1,1,1996,0,0,0,0,0,0,0,0,0,0
180469,2,1,1996,0,0,0,0,0,0,0,0,7,0
180470,1,1,1996,28,28,28,28,28,28,28,28,28,28
180470,2,1,1996,0,0,0,0,0,0,0,0,0,0
180471,1,1,1996,12,12,12,12,12,12,12,12,12,12
180471,2,1,1996,0,0,0,0,0,0,0,0,0,0
180472,1,1,1996,0,0,0,0,0,0,0,0,0,0
180472,2,1,1996,0,0,0,0,0,0,0,0,0,0
180473,1,1,1996,0,0,0,0,0,0,0,0,0,0
180474,1,1,1996,0,0,0,0,0,0,0,0,0,0
180474,2,1,1996,0,0,0,0,0,0,0,0,0,0
180475,1,1,1996,0,0,0,0,0,0,0,0,0,0
180475,2,1,1996,0,0,0,0,0,0,0,0,0,0
180476,1,1,1996,0,0,0,0,0,0,0,0,0,0
180476,2,1,1996,0,0,0,0,0,0,0,0,0,0
180477,1,1,1996,0,0,0,0,0,0,0,0,0,0
180478,1,1,1996,0,0,0,0,0,0,0,0,0,0
180478,2,1,1996,0,0,0,0,0,0,0,0,0,0
180479,1,1,1996,0,3,0,0,0,0,0,0,0,0
180479,2,1,1996,0,0,0,0,0,0,0,0,0,0
180480,1,1,1996,4,4,4,4,4,4,4,4,4,4
180481,0,1,1996,23,0,25,26,43,24,17,24,35,22
180481,0,2,1996,0,13,0,23,0,0,0,0,22,0
180481,1,1,1996,0,0,26,0,0,0,0,0,0,0
180482,1,1,1996,0,0,0,0,0,0,0,0,0,0
180482,2,1,1996,0,0,0,0,0,0,0,0,0,0
180483,1,1,1996,22,22,22,22,22,22,22,22,22,22
180484,1,1,1996,0,22,0,13,12,0,0,0,0,0
180484,2,1,1996,0,0,0,0,0,0,0,0,0,0
180485,1,1,1996,0,0,0,0,0,0,0,0,0,0
180486,1,1,1996,35,35,35,35,35,35,35,35,35,35
180487,1,1,1996,32,32,32,32,32,32,32,32,32,32
180488,1,1,1996,0,0,0,0,0,0,0,0,0,0
180488,2,1,1996,0,0,0,0,0,0,0,0,13,0
180489,0,1,1996,0,0,0,0,0,0,0,0,0,0
180489,1,1,1996,0,0,0,0,0,0,0,0,0,0
180490,1,1,1996,0,0,0,0,0,0,0,0,0,0
180490,2,1,1996,0,0,0,0,0,0,0,0,0,0
180491,1,1,1996,0,0,0,0,0,0,0,0,0,0
180492,1,1,1996,0,0,0,0,0,0,0,0,0,0
180493,1,1,1996,0,0,0,0,0,0,0,0,0,0
180494,1,1,1996,0,0,0,0,0,0,0,0,0,0
180494,2,1,1996,0,0,0,0,0,0,0,0,0,0
180495,1,1,1996,0,6,0,0,0,0,0,11,0,0
180495,2,1,1996,0,0,0,0,0,0,0,0,0,0
180496,1,1,1996,21,21,21,21,21,21,21,21,21,21
180497,1,1,1996,0,0,0,0,0,0,0,0,0,0
180498,1,1,1996,25,25,25,25,25,25,25,25,25,25
180499,1,1,1996,0,0,0,0,0,0,0,0,0,0
180499,2,1,1996,0,0,0,0,0,0,0,0,0,0
180500,1,1,1996,0,0,0,0,0,0,0,0,0,0
180500,2,1,1996,0,0,13,0,0,0,0,0,0,0
180501,0,1,1996,0,0,0,0,0,0,0,0,0,0
180501,1,1,1996,0,0,0,0,0,0,0,0,0,12
180501,2,1,1996,0,0,0,0,0,0,0,0,0,0
180502,1,1,1996,0,0,0,0,0,0,0,0,0,0
180502,2,1,1996,0,0,0,0,0,0,0,0,4,18
180503,1,1,1996,0,0,0,0,0,0,0,0,0,0
180503,2,1,1996,0,0,0,0,0,0,0,0,0,0
180504,1,1,1996,0,0,0,0,0,0,0,0,0,0
180504,2,1,1996,0,0,0,0,0,0,0,0,0,0
180505,1,1,1996,23,23,23,23,23,23,23,23,23,23
180506,0,1,1996,0,0,0,0,0,0,0,0,0,0
180506,1,1,1996,18,18,18,18,18,18,18,18,18,18
180507,1,1,1996,19,19,19,19,19,19,19,19,19,19
180508,1,1,1996,0,0,0,0,0,0,0,0,0,0
180509,1,1,1996,0,0,0,0,0,0,0,0,0,0
180509,2,1,1996,0,0,0,0,0,0,0,0,0,0
180510,1,1,1996,0,0,0,0,0,0,0,0,0,0
180510,2,1,1996,0,0,0,0,0,0,0,0,0,0
180510,3,1,1996,0,0,0,0,0,0,0,0,0,0
180511,1,1,1996,3,3,3,3,3,3,3,3,3,3
180511,2,1,1996,0,0,0,0,0,0,0,0,0,0
180512,1,1,1996,0,0,0,0,0,0,0,0,0,0
180512,2,1,1996,0,0,0,0,0,0,0,0,0,0
180512,3,1,1996,16,0,0,0,0,0,0,0,0,0
180513,1,1,1996,0,0,0,0,0,0,0,0,0,0
180514,1,1,1996,0,0,0,0,0,0,0,0,0,0
180514,2,1,1996,0,0,0,0,0,0,0,0,0,0
180515,1,1,1996,17,17,17,17,17,17,17,17,17,17
180516,1,1,1996,0,0,0,0,0,0,0,0,0,0
180517,1,1,1996,21,21,21,21,21,21,21,21,21,21
180518,1,1,1996,28,28,28,28,28,28,28,28,28,28
180518,2,1,1996,7,7,7,7,7,7,7,7,7,7
180519,1,1,1996,0,0,0,0,0,0,0,0,0,0
180519,2,1,1996,12,12,12,12,12,12,12,12,12,12
180520,1,1,1996,50,50,50,50,50,50,50,50,50,50
180521,1,1,1996,7,7,7,7,7,7,7,7,7,7
180522,1,1,1996,12,12,12,12,12,12,12,12,12,12
180522,2,1,1996,0,0,0,0,0,0,0,0,0,0
180523,1,1,1996,0,0,0,0,0,0,0,0,0,0
180523,2,1,1996,0,0,0,0,0,0,0,0,0,0
180524,1,1,1996,6,6,6,6,6,6,6,6,6,6
180524,2,1,1996,9,0,0,0,0,0,0,0,0,0
180525,1,1,1996,0,0,0,0,0,0,0,0,0,0
180525,2,1,1996,0,0,0,0,0,0,0,0,0,0
180526,1,1,1996,0,0,0,0,0,0,0,0,0,0
180526,2,1,1996,0,0,0,0,0,0,0,0,0,0
180527,1,1,1996,0,0,0,0,0,0,0,0,0,0
180527,2,1,1996,0,0,0,0,0,0,0,0,0,0
180529,1,1,1996,0,0,0,0,0,0,0,0,0,0
180529,2,1,1996,0,0,0,0,0,0,0,0,0,0
180530,1,1,1996,21,21,21,21,21,21,21,21,21,21
180531,1,1,1996,0,0,0,0,0,0,0,0,0,0
180532,1,1,1996,0,0,0,0,0,0,0,0,0,0
180533,1,1,1996,23,23,23,23,23,23,23,23,23,23
180534,1,1,1996,22,22,22,22,22,22,22,22,22,22
180535,1,1,1996,26,17,19,17,21,22,21,38,19,9
180535,2,1,1996,0,0,0,0,0,0,0,0,0,0
180536,1,1,1996,11,11,11,11,11,11,11,11,11,11
180537,1,1,1996,0,0,0,0,0,0,0,0,0,0
180538,1,1,1996,0,0,0,0,0,0,0,0,0,0
180538,2,1,1996,0,0,0,0,0,0,0,0,0,0
180539,1,1,1996,16,16,16,16,16,16,16,16,16,16
180540,1,1,1996,0,0,0,0,0,0,0,0,0,0
180541,1,1,1996,0,0,0,0,0,0,0,0,0,0
180541,2,1,1996,0,0,0,0,0,0,0,0,0,0
180542,0,1,1996,0,0,0,0,0,0,0,0,0,0
180542,1,1,1996,0,0,0,0,0,0,0,0,0,0
180543,1,1,1996,21,21,21,21,21,21,21,21,21,21
180544,1,1,1996,0,0,0,0,0,0,0,0,0,0
180544,2,1,1996,0,0,0,0,0,0,0,0,0,0
180545,1,1,1996,0,0,0,12,0,0,0,0,0,0
180545,2,1,1996,0,0,0,0,0,0,0,0,0,0
180546,1,1,1996,20,20,20,20,20,20,20,20,20,20
180547,1,1,1996,0,0,0,0,0,0,0,0,0,17
180548,1,1,1996,0,0,0,0,0,0,0,0,0,0
180549,1,1,1996,0,0,0,0,0,0,0,0,0,0
180549,2,1,1996,0,0,0,0,0,0,0,0,0,0
180550,0,1,1996,0,0,0,0,0,0,0,0,0,0
180550,1,1,1996,0,0,0,0,0,0,0,0,0,0
180551,1,1,1996,4,4,4,4,4,4,4,4,4,4
180551,2,1,1996,0,0,0,0,0,0,0,0,0,0
180552,1,1,1996,1,1,1,1,1,1,1,1,1,1
180552,2,1,1996,0,0,0,0,5,0,0,0,0,0
180553,1,1,1996,8,8,8,8,8,8,8,8,8,8
180554,0,1,1996,0,0,0,0,0,15,0,0,0,29
180554,1,1,1996,0,0,0,0,0,0,0,0,0,0
180555,1,1,1996,0,0,6,6,5,0,0,17,6,0
180555,2,1,1996,0,0,0,0,0,0,0,0,0,0
180556,1,1,1996,9,9,9,9,9,9,9,9,9,9
180556,2,1,1996,19,19,19,19,19,19,19,19,19,19
180557,1,2,1996,18,0,0,19,0,0,0,7,18,0
180558,1,1,1996,0,0,0,0,0,0,0,0,0,0
180558,2,1,1996,0,0,0,0,0,0,0,0,0,0
180561,1,1,1996,0,0,0,0,0,0,0,0,0,0
180561,2,1,1996,0,0,0,0,0,0,0,0,0,0
180563,1,1,1996,10,10,10,10,10,10,10,10,10,10
180564,1,1,1996,18,18,18,18,18,18,18,18,18,18
180564,2,1,1996,29,29,29,29,29,29,29,29,29,29
180565,1,1,1996,9,9,9,9,9,9,9,9,9,9
180565,2,1,1996,13,13,13,13,13,13,13,13,13,13
180566,1,1,1996,0,0,0,0,0,0,0,0,0,0
180566,2,1,1996,5,5,5,5,5,5,5,5,5,5
180567,1,1,1996,8,8,8,8,8,8,8,8,8,8
180568,1,1,1996,10,10,10,10,10,10,10,10,10,10
180569,1,1,1996,26,26,26,26,26,26,26,26,26,26
180569,2,1,1996,0,0,0,0,0,0,0,0,0,0
180570,1,1,1996,0,0,0,0,0,0,0,0,0,0
180570,2,1,1996,0,0,0,0,0,0,0,0,0,0
180571,1,1,1996,0,0,0,0,0,0,0,0,0,0
180572,1,1,1996,0,0,0,0,0,0,0,0,0,0
180573,1,1,1996,0,0,0,0,0,0,0,0,0,0
180573,2,1,1996,10,10,10,10,10,10,10,10,10,10
180574,1,1,1996,20,20,20,20,20,20,20,20,20,20
180575,0,1,1996,0,0,0,0,0,0,0,0,23,0
180575,1,1,1996,7,7,7,7,7,7,7,7,7,7
180576,1,1,1996,0,0,0,0,0,0,0,0,0,0
180576,2,1,1996,0,0,0,0,0,0,0,0,0,0
180577,0,1,1996,0,0,0,0,0,0,0,0,0,0
180577,0,2,1996,0,30,0,28,0,18,20,19,9,32
180577,2,1,1996,0,0,0,0,0,0,0,0,0,0
180578,1,1,1996,18,18,18,18,18,18,18,18,18,18
180578,2,1,1996,0,0,0,0,0,0,0,0,0,0
180579,1,1,1996,0,0,0,0,0,0,0,0,0,0
180580,1,1,1996,0,0,0,0,0,0,0,0,0,0
180580,2,1,1996,0,0,0,0,0,0,0,0,0,0
180580,3,1,1996,2,2,2,2,2,2,2,2,2,2
180581,1,1,1996,0,0,0,0,0,0,0,0,0,0
180582,1,1,1996,0,0,0,0,0,0,0,0,0,0
180582,2,1,1996,0,0,0,0,0,0,0,0,0,0
180583,0,1,1996,27,27,27,27,27,27,27,27,27,27
180583,1,1,1996,15,15,15,15,15,15,15,15,15,15
180584,1,1,1996,0,0,0,0,11,0,0,0,0,0
180584,2,1,1996,0,0,0,0,0,0,0,0,0,0
180585,1,1,1996,0,24,0,0,0,0,0,0,0,0
180585,2,1,1996,0,0,0,0,0,0,0,0,0,0
180585,3,1,1996,0,0,0,0,0,0,0,0,0,0
180585,4,1,1996,0,0,0,0,0,0,0,0,5,0
180586,1,1,1996,16,16,10,14,31,24,5,29,25,14
180587,1,1,1996,12,12,12,12,12,12,12,12,12,12
180587,2,1,1996,2,2,2,2,2,2,2,2,2,2
180588,1,1,1996,2,2,2,2,2,2,2,2,2,2
180588,2,1,1996,4,4,4,4,4,4,4,4,4,4
180589,1,1,1996,0,0,0,0,0,0,0,0,0,0
180589,2,1,1996,0,0,0,0,0,0,0,0,0,0
180590,1,1,1996,15,15,15,15,15,15,15,15,15,15
180590,2,1,1996,7,7,7,7,7,7,7,7,7,7
180591,1,1,1996,0,0,0,0,0,0,0,0,0,0
180591,2,1,1996,0,0,3,0,0,0,0,0,0,0
180592,1,1,1996,28,28,28,28,28,28,28,28,28,28
180593,1,1,1996,0,0,0,0,0,0,0,0,0,0
180594,1,1,1996,9,9,9,9,9,9,9,9,9,9
180594,2,1,1996,0,0,0,0,0,0,0,0,0,0
180595,1,1,1996,0,0,0,0,0,0,0,0,0,0
180595,2,1,1996,0,0,0,0,0,0,0,0,0,0
180596,1,1,1996,15,15,15,15,15,15,15,15,15,15
180597,1,1,1996,0,0,0,0,0,0,0,0,0,0
180597,2,1,1996,0,0,0,0,0,0,0,0,0,0
180598,1,1,1996,0,0,0,0,0,0,0,0,0,0
180598,2,1,1996,0,0,0,0,0,0,0,0,0,0
180599,1,1,1996,0,0,23,0,0,0,13,0,0,0
180599,2,1,1996,0,0,10,0,0,0,13,0,0,0
180600,1,1,1996,0,0,0,0,0,0,0,0,0,0
180601,1,1,1996,0,0,0,11,0,7,0,0,0,0
180602,1,1,1996,0,0,0,0,0,0,0,0,0,0
180602,2,1,1996,0,0,0,0,0,0,0,0,0,0
180603,1,1,1996,28,28,28,28,28,28,28,28,28,28
180604,1,1,1996,0,0,0,0,0,0,0,0,0,0
180605,1,1,1996,0,0,0,0,0,0,0,0,0,0
180605,2,1,1996,0,0,0,0,0,0,0,0,0,0
180605,3,1,1996,0,0,0,0,0,0,0,0,0,0
180606,1,1,1996,0,0,0,0,0,0,0,0,0,0
180607,1,1,1996,18,18,18,18,18,18,18,18,18,18
180607,2,1,1996,0,0,0,0,0,0,0,0,0,0
180608,1,1,1996,0,0,0,0,0,0,0,0,0,0
180608,2,1,1996,0,0,0,0,0,0,0,0,0,0
180608,3,1,1996,0,0,0,0,0,0,0,0,0,0
180609,1,1,1996,0,0,0,0,0,0,0,0,0,0
180609,2,1,1996,0,0,0,0,0,0,0,0,0,0
180610,1,1,1996,0,0,0,0,0,0,0,0,0,0
180611,1,1,1996,27,27,27,27,27,27,27,27,27,27
180611,2,1,1996,0,0,0,0,0,0,0,0,0,0
180612,1,1,1996,15,6,16,14,0,15,38,11,16,13
180612,2,1,1996,0,0,0,0,0,0,0,0,0,0
180613,0,1,1996,0,0,0,0,0,0,0,0,0,0
180613,1,1,1996,0,0,0,0,0,0,0,0,0,0
180614,0,1,1996,0,0,0,0,0,0,13,18,0,0
180614,1,1,1996,0,0,0,0,0,0,0,0,0,0
180615,0,1,1996,0,0,0,0,0,0,0,0,0,0
180615,1,1,1996,0,13,8,5,0,4,0,0,0,2
180616,1,1,1996,0,0,0,0,0,0,0,0,0,0
180616,2,1,1996,0,0,0,0,0,0,0,0,0,0
180616,3,1,1996,0,0,0,0,0,0,0,0,0,0
180617,1,1,1996,0,0,0,0,0,0,0,0,0,0
180618,1,1,1996,0,0,0,0,0,0,0,0,0,0
180618,2,1,1996,0,0,0,0,0,0,0,0,0,0
180618,3,1,1996,0,0,0,0,0,0,0,0,0,0
180619,1,1,1996,0,0,0,0,0,0,0,0,0,0
180620,1,1,1996,0,0,0,0,0,0,0,0,0,0
180621,1,1,1996,21,21,21,21,21,21,21,21,21,21
180621,2,1,1996,0,0,0,0,0,0,0,0,0,0
180622,1,1,1996,7,7,7,7,7,7,7,7,7,7
180623,1,1,1996,42,42,42,42,42,42,42,42,42,42
180624,0,1,1996,26,26,26,26,26,26,26,26,26,26
180624,1,1,1996,0,0,0,0,0,0,0,0,0,0
180625,1,1,1996,0,0,0,0,0,0,0,0,0,0
180625,2,1,1996,0,0,0,0,0,0,0,0,0,0
180625,3,1,1996,0,0,0,0,0,0,0,0,0,0
180626,1,1,1996,0,0,0,0,0,0,0,0,0,0
180626,2,1,1996,0,0,0,0,0,0,0,0,0,0
180627,1,1,1996,16,16,16,16,16,16,16,16,16,16
180628,1,1,1996,0,0,0,0,0,0,0,0,0,0
180628,2,1,1996,0,0,0,0,0,0,0,0,0,0
180629,1,1,1996,11,11,11,11,11,11,11,11,11,11