ST_CASE,VEH_NO,PER_NO,YEAR,P1,P2,P3,P4,P5,P6,P7,P8,P9,P10
180629,2,1,1996,0,0,0,0,0,0,0,0,0,0
180629,3,1,1996,0,0,0,0,0,0,0,0,0,0
180629,4,1,1996,0,0,14,0,0,0,19,0,0,0
180630,1,1,1996,0,0,0,0,0,0,0,0,0,0
180630,2,1,1996,0,0,0,0,0,0,0,0,0,0
180631,1,1,1996,0,0,0,0,0,0,0,0,0,0
180632,1,1,1996,0,0,0,0,0,0,0,0,0,0
180633,0,1,1996,21,21,21,21,21,21,21,21,21,21
180633,1,1,1996,0,0,0,0,0,0,0,0,0,0
180634,1,1,1996,0,0,0,0,0,0,0,0,0,0
180634,2,1,1996,0,0,0,0,0,0,0,0,0,0
180635,1,1,1996,0,0,0,0,0,0,0,0,0,0
180636,1,1,1996,0,0,0,0,0,0,0,0,0,0
180636,2,1,1996,0,0,0,0,0,0,0,0,0,0
180637,1,1,1996,0,0,0,0,0,0,0,0,0,0
180638,1,1,1996,18,18,18,18,18,18,18,18,18,18
180639,1,1,1996,0,0,0,0,0,0,0,0,0,0
180639,2,1,1996,0,0,0,0,0,0,0,0,0,0
180640,1,1,1996,0,0,0,0,0,0,0,0,0,0
180641,1,1,1996,0,0,0,0,0,0,0,0,0,0
180642,1,1,1996,13,13,13,13,13,13,13,13,13,13
180643,1,1,1996,0,0,0,0,0,0,0,0,0,0
180643,2,1,1996,0,0,0,0,0,0,0,0,0,0
180644,0,1,1996,0,0,0,0,0,0,0,0,9,13
180644,1,1,1996,0,0,0,0,0,0,9,0,0,0
180645,1,1,1996,0,0,0,0,0,0,0,0,0,0
180646,0,1,1996,0,0,0,0,0,0,0,0,0,0
180646,1,1,1996,0,0,0,0,0,0,0,0,0,0
180647,1,1,1996,10,10,10,10,10,10,10,10,10,10
180648,1,1,1996,28,28,28,28,28,28,28,28,28,28
180648,2,1,1996,0,0,0,0,0,0,0,0,0,0
180648,3,1,1996,0,0,0,0,0,0,0,0,0,0
180649,1,1,1996,25,25,25,25,25,25,25,25,25,25
180650,1,1,1996,19,19,19,19,19,19,19,19,19,19
180651,1,1,1996,0,5,0,0,2,0,12,0,0,0
180651,2,1,1996,5,5,5,5,5,5,5,5,5,5
180652,1,1,1996,0,0,0,0,0,0,0,0,0,0
180652,2,1,1996,0,0,0,0,0,0,0,0,0,0
180653,1,1,1996,18,18,18,18,18,18,18,18,18,18
180654,1,1,1996,0,0,0,0,0,0,0,0,0,0
180654,2,1,1996,0,0,0,0,0,0,0,0,0,0
180654,3,1,1996,0,0,0,0,0,0,0,0,0,0
180655,1,1,1996,25,25,25,25,25,25,25,25,25,25
180656,1,1,1996,0,0,0,0,0,0,0,0,0,0
180656,2,1,1996,0,0,0,0,0,0,0,0,0,0
180657,1,1,1996,0,0,0,0,0,0,0,0,0,0
180657,2,1,1996,0,0,0,0,0,0,0,0,0,0
180657,3,1,1996,0,0,0,0,0,0,0,0,0,0
180658,1,1,1996,0,0,0,0,0,0,0,0,0,0
180658,2,1,1996,0,0,0,0,0,0,0,0,0,0
180658,3,1,1996,0,0,0,0,0,0,0,0,0,0
180659,1,1,1996,0,0,0,0,0,0,0,0,0,0
180660,0,1,1996,0,0,0,0,0,0,12,0,0,13
180660,1,1,1996,0,0,0,0,0,0,0,0,0,0
180661,1,1,1996,20,22,13,11,19,33,7,14,37,15
180662,1,1,1996,0,0,0,0,0,0,0,0,0,0
180662,2,1,1996,0,0,0,0,0,0,0,0,0,0
180663,1,1,1996,0,0,0,0,0,0,0,0,11,0
180663,2,1,1996,0,0,0,0,0,0,0,0,0,0
180664,1,1,1996,20,20,20,20,20,20,20,20,20,20
180664,2,1,1996,0,0,0,0,0,0,0,0,0,0
180665,1,1,1996,15,15,15,15,15,15,15,15,15,15
180665,2,1,1996,0,0,0,0,0,0,0,0,0,0
180666,0,1,1996,13,0,0,0,33,0,8,0,0,0
180666,1,1,1996,1,1,1,1,1,1,1,1,1,1
180667,1,1,1996,27,27,27,27,27,27,27,27,27,27
180667,2,1,1996,0,0,0,0,0,0,0,0,0,0
180668,1,1,1996,0,0,0,0,0,0,0,0,0,0
180668,2,1,1996,0,0,0,0,0,0,0,0,0,0
180669,1,1,1996,10,10,10,10,10,10,10,10,10,10
180669,2,1,1996,0,0,0,0,0,0,0,0,0,0
180670,1,1,1996,0,0,0,0,0,0,0,0,0,0
180670,2,1,1996,0,0,0,0,0,0,0,0,0,0
180671,1,1,1996,0,0,0,0,0,0,0,0,0,0
180671,2,1,1996,0,0,0,0,0,0,0,0,0,0
180672,1,1,1996,26,26,26,26,26,26,26,26,26,26
180672,2,1,1996,0,0,0,0,0,0,0,0,0,0
180672,3,1,1996,0,0,0,0,0,0,0,0,0,0
180673,1,1,1996,24,24,24,24,24,24,24,24,24,24
180673,2,1,1996,0,0,0,0,0,0,0,0,0,0
180674,1,1,1996,0,0,0,0,0,0,17,0,0,0
180674,2,1,1996,0,0,0,5,0,0,0,0,0,0
180675,1,1,1996,0,21,0,0,0,17,0,0,0,0
180676,1,1,1996,0,0,0,0,0,0,0,0,0,0
180677,1,1,1996,0,0,0,0,0,0,0,0,0,0
180678,1,1,1996,7,7,7,7,7,7,7,7,7,7
180680,1,1,1996,26,26,26,26,26,26,26,26,26,26
180681,1,1,1996,0,0,0,0,29,13,0,0,0,0
180681,2,1,1996,0,0,0,0,0,0,0,0,0,0
180682,0,1,1996,0,0,0,0,0,0,0,0,0,0
180682,1,1,1996,0,0,0,0,0,0,0,0,0,0
180683,1,1,1996,0,0,0,0,0,0,0,0,0,0
180684,1,1,1996,0,0,0,0,0,0,0,0,0,0
180684,2,1,1996,0,0,0,0,0,0,0,0,0,20
180684,3,1,1996,0,0,0,0,0,0,0,0,0,0
180685,1,1,1996,13,20,0,20,0,0,0,43,0,14
180686,1,1,1996,0,0,0,0,0,0,0,0,0,0
180686,2,1,1996,0,0,0,0,0,0,0,0,0,0
180687,1,1,1996,12,0,0,0,0,0,0,14,0,23
180688,0,1,1996,9,9,9,9,9,9,9,9,9,9
180688,1,1,1996,4,4,4,4,4,4,4,4,4,4
180689,1,1,1996,31,31,31,31,31,31,31,31,31,31
180689,2,1,1996,0,0,0,0,0,0,0,0,0,0
180689,3,1,1996,0,0,0,0,0,0,0,0,0,0
180690,1,1,1996,0,0,0,0,0,0,0,0,0,0
180690,2,1,1996,0,0,0,0,0,0,0,0,0,0
180691,1,1,1996,16,16,16,16,16,16,16,16,16,16
180692,0,1,1996,0,0,0,0,18,0,0,28,0,0
180692,1,1,1996,0,0,0,0,0,0,0,0,0,0
180693,1,1,1996,4,4,4,4,4,4,4,4,4,4
180694,1,1,1996,0,0,0,0,0,0,0,0,0,0
180695,1,1,1996,0,18,0,0,0,0,0,0,0,0
180696,1,1,1996,9,9,9,9,9,9,9,9,9,9
180696,2,1,1996,0,0,0,0,0,0,0,0,0,0
180697,1,1,1996,0,0,0,0,0,0,0,0,0,0
180698,1,1,1996,0,0,0,0,0,0,0,0,0,0
180698,2,1,1996,0,0,16,0,0,0,0,0,0,0
180699,1,1,1996,0,0,0,0,0,0,0,0,0,0
180699,2,1,1996,0,0,0,0,0,0,0,0,0,0
180700,1,1,1996,0,0,0,0,0,0,0,0,0,0
180700,2,1,1996,0,0,0,0,0,0,0,0,0,0
180700,3,1,1996,0,0,0,0,0,0,0,0,0,0
180701,1,1,1996,0,0,0,0,0,0,0,0,0,0
180702,1,1,1996,1,1,1,1,1,1,1,1,1,1
180703,1,1,1996,0,0,0,0,0,0,0,0,0,0
180704,1,1,1996,0,11,0,0,0,0,0,0,0,0
180704,2,1,1996,0,0,0,0,0,0,0,0,0,0
180705,1,1,1996,0,0,0,0,0,0,0,0,0,0
180706,1,1,1996,21,21,21,21,21,21,21,21,21,21
180707,0,1,1996,0,18,27,15,9,25,25,8,15,0
180707,1,1,1996,0,0,0,0,0,0,0,0,0,0
180708,1,1,1996,0,0,0,0,0,0,0,0,0,0
180708,2,1,1996,0,0,0,0,0,0,0,0,0,0
180709,1,1,1996,25,25,25,25,25,25,25,25,25,25
180709,2,1,1996,24,24,24,24,24,24,24,24,24,24
180710,1,1,1996,10,10,10,10,10,10,10,10,10,10
180711,1,1,1996,0,0,0,0,0,0,0,0,0,0
180712,1,1,1996,0,0,0,0,0,0,0,0,0,0
180713,1,1,1996,0,0,0,0,0,0,0,0,0,0
180713,2,1,1996,0,0,0,0,0,0,0,0,0,0
180714,1,1,1996,0,0,0,0,0,0,0,0,0,0
180714,2,1,1996,0,0,0,0,0,0,0,0,0,0
180715,1,1,1996,0,0,0,0,0,0,0,0,0,0
180716,1,1,1996,27,10,0,0,0,0,22,0,0,0
180717,1,1,1996,0,0,0,0,0,0,0,0,0,0
180717,2,1,1996,0,0,6,0,6,0,0,0,0,0
180717,3,1,1996,0,0,0,0,0,0,0,0,0,0
180718,1,1,1996,0,0,0,0,0,0,0,0,0,0
180718,2,1,1996,0,0,0,0,0,0,0,0,0,0
180718,3,1,1996,0,0,0,0,0,0,0,0,0,0
180719,1,1,1996,0,0,0,0,0,0,0,0,0,0
180719,2,1,1996,0,0,0,0,0,0,0,0,0,0
180720,1,1,1996,0,0,0,0,0,0,0,0,0,0
180720,2,1,1996,0,0,0,0,8,0,0,0,0,0
180721,0,1,1996,0,0,0,0,0,0,0,0,0,0
180721,1,1,1996,14,10,24,28,18,19,8,18,8,11
180721,2,1,1996,0,0,0,0,0,0,0,0,0,0
180722,1,1,1996,0,0,0,0,0,0,0,0,0,0
180723,1,1,1996,12,22,5,0,5,26,7,9,14,7
180723,2,1,1996,0,0,0,13,0,0,0,0,0,0
180724,0,1,1996,0,0,0,0,0,0,0,0,0,0
180724,1,1,1996,13,13,13,13,13,13,13,13,13,13
180725,1,1,1996,0,0,0,0,0,0,0,0,0,0
180725,2,1,1996,0,0,0,0,0,0,0,0,0,0
180725,3,1,1996,0,0,3,0,0,0,0,0,0,0
180726,0,1,1996,31,0,20,0,0,0,0,0,0,19
180726,1,1,1996,0,0,0,0,0,0,0,0,0,0
180727,1,1,1996,0,0,25,0,0,0,0,0,0,0
180727,2,1,1996,0,0,0,0,0,31,0,0,0,0
180727,3,1,1996,0,0,0,0,0,0,0,0,0,0
180728,1,1,1996,0,0,0,0,0,0,0,0,0,0
180728,2,1,1996,0,0,0,0,0,0,0,0,0,0
180729,1,1,1996,10,10,10,10,10,10,10,10,10,10
180730,1,1,1996,15,15,15,15,15,15,15,15,15,15
180730,2,1,1996,0,0,0,13,0,0,0,0,0,4
180731,1,1,1996,0,0,0,0,0,0,0,0,0,0
180733,0,1,1996,0,0,0,0,0,0,0,0,0,0
180733,1,1,1996,0,0,0,0,0,0,0,0,0,0
180734,1,1,1996,29,29,29,29,29,29,29,29,29,29
180735,1,1,1996,0,0,0,0,0,0,0,0,0,0
180735,2,1,1996,0,0,11,0,0,0,0,0,0,0
180736,1,1,1996,0,0,0,0,0,0,0,0,0,0
180736,2,1,1996,0,0,0,0,0,0,0,0,0,0
180737,1,1,1996,0,0,0,0,0,0,0,0,0,0
180737,2,1,1996,0,0,0,0,0,0,0,0,0,0
180738,1,1,1996,0,7,11,19,5,10,0,26,19,10
180738,2,1,1996,0,0,0,0,0,0,0,0,0,0
180739,1,1,1996,0,0,0,0,0,0,0,0,0,0
180740,1,1,1996,0,0,0,0,0,0,0,0,0,0
180740,2,1,1996,0,0,0,0,0,0,0,0,0,0
180741,1,1,1996,0,0,0,0,0,0,0,0,0,0
180742,1,1,1996,0,0,0,0,0,0,0,5,0,0
180743,1,1,1996,0,11,0,8,0,0,10,0,0,15
180744,0,1,1996,0,0,0,0,0,0,0,0,0,0
180744,1,1,1996,0,0,0,0,0,0,0,0,0,0
180745,1,1,1996,0,0,0,0,0,0,0,0,0,0
180746,1,1,1996,0,0,0,0,0,0,0,0,0,0
180746,2,1,1996,0,0,0,0,0,0,0,0,0,0
180747,1,1,1996,0,26,0,10,32,14,0,20,8,10
180747,2,1,1996,0,0,0,0,0,0,0,0,0,0
180748,1,1,1996,0,0,0,10,0,0,0,0,0,0
180748,2,1,1996,6,6,6,6,6,6,6,6,6,6
180749,1,1,1996,0,0,0,29,0,0,0,0,0,14
180750,1,1,1996,0,0,0,0,0,0,0,0,0,0
180751,1,1,1996,9,9,9,9,9,9,9,9,9,9
180751,2,1,1996,0,0,0,0,0,0,0,0,0,0
180751,3,1,1996,0,0,0,0,0,0,0,0,0,0
180752,1,1,1996,0,0,0,0,0,0,0,0,0,0
180753,1,1,1996,11,11,11,11,11,11,11,11,11,11
180753,2,1,1996,0,0,0,0,0,0,0,0,0,0
180754,1,1,1996,21,31,10,0,19,38,23,25,22,10
180755,1,1,1996,0,0,0,0,0,0,0,0,0,0
180756,0,1,1996,0,0,21,0,34,0,0,0,0,0
180756,1,1,1996,13,0,0,0,0,0,0,0,0,0
180757,1,1,1996,22,22,22,22,22,22,22,22,22,22
180757,2,1,1996,8,0,0,9,0,0,0,0,0,0
180758,1,1,1996,20,4,11,10,11,9,10,15,20,15
180758,2,1,1996,0,0,0,0,0,0,0,0,0,0
180759,1,1,1996,0,0,0,0,0,0,0,0,0,0
180760,1,1,1996,17,17,17,17,17,17,17,17,17,17
180760,2,1,1996,0,0,0,0,0,0,0,14,0,0
180761,1,1,1996,11,11,11,11,11,11,11,11,11,11
180761,2,1,1996,0,0,0,0,0,0,0,0,0,0
180762,1,1,1996,0,0,0,0,0,0,0,0,0,0
180762,2,1,1996,0,0,0,0,0,0,0,0,0,0
180763,1,1,1996,3,0,0,0,0,5,0,0,0,0
180763,2,1,1996,0,0,0,0,0,0,0,0,0,0
180764,0,1,1996,0,0,15,0,0,0,0,0,0,0
180764,0,2,1996,0,0,0,19,0,0,0,36,0,0
180764,1,1,1996,0,0,0,0,0,0,0,0,0,0
180765,1,1,1996,0,0,0,0,0,0,0,0,0,0
180766,1,1,1996,23,23,23,23,23,23,23,23,23,23
180767,0,1,1996,0,0,0,0,0,0,0,0,0,0
180767,1,1,1996,0,0,0,0,0,0,0,0,0,0
180768,1,1,1996,0,0,0,0,0,0,0,0,0,0
180769,1,1,1996,16,16,16,16,16,16,16,16,16,16
180770,1,1,1996,0,0,0,0,0,0,0,0,0,0
180771,1,1,1996,13,13,13,13,13,13,13,13,13,13
180771,2,1,1996,0,0,0,0,0,0,0,0,0,0
180771,3,1,1996,0,0,0,0,0,0,0,0,0,0
180772,1,1,1996,0,0,0,0,0,0,0,0,0,0
180772,2,1,1996,0,0,0,0,0,0,0,0,0,0
180773,1,1,1996,0,0,0,0,0,0,0,0,0,0
180774,1,1,1996,0,0,0,0,0,0,0,0,0,0
180775,1,1,1996,0,0,0,0,0,0,0,0,0,0
180775,2,1,1996,0,0,0,0,0,0,0,0,0,0
180776,1,1,1996,0,17,0,10,0,22,0,0,11,0
180777,1,1,1996,0,0,0,0,0,0,0,0,0,0
180777,2,1,1996,0,0,0,0,0,0,0,0,0,0
180778,1,1,1996,31,31,31,31,31,31,31,31,31,31
180778,2,1,1996,0,0,0,0,0,0,0,0,0,0
180779,1,1,1996,0,0,0,0,0,0,0,0,0,0
180779,2,1,1996,0,0,0,0,0,0,0,0,0,0
180780,1,1,1996,0,0,0,0,0,0,0,0,0,0
180781,1,1,1996,0,0,0,0,0,0,0,0,0,0
180781,2,1,1996,0,0,0,0,0,0,0,0,0,0
180782,1,1,1996,11,11,11,11,11,11,11,11,11,11
180782,2,1,1996,0,0,0,0,0,0,0,0,0,0
180783,1,1,1996,0,0,0,0,0,0,0,0,0,0
180784,1,1,1996,0,11,0,0,0,0,0,0,18,0
180785,1,1,1996,17,17,17,17,17,17,17,17,17,17
180786,1,1,1996,0,0,0,0,0,0,0,0,0,0
180786,2,1,1996,0,0,0,0,0,0,0,0,0,0
180787,1,1,1996,0,0,0,13,27,6,0,0,0,0
180787,2,1,1996,0,0,0,0,0,0,0,0,0,0
180788,1,1,1996,0,11,0,6,0,20,0,0,0,0
180788,2,1,1996,0,0,0,0,0,0,0,0,0,0
180789,1,1,1996,0,0,0,0,0,0,0,0,0,0
180789,2,1,1996,0,0,0,0,0,0,0,0,0,0
180790,1,1,1996,0,0,0,0,0,0,0,0,0,0
180791,1,1,1996,28,28,28,28,28,28,28,28,28,28
180791,2,1,1996,4,4,4,4,4,4,4,4,4,4
180792,0,1,1996,0,0,0,0,0,0,0,0,0,0
180792,1,1,1996,0,0,0,0,0,0,0,0,0,0
180793,1,1,1996,21,21,21,21,21,21,21,21,21,21
180793,2,1,1996,0,0,0,0,0,0,0,0,0,0
180794,1,1,1996,0,7,0,0,0,0,0,0,0,0
180795,1,1,1996,0,0,0,0,0,0,0,28,0,0
180795,2,1,1996,0,0,0,0,0,0,0,0,0,0
180796,1,1,1996,0,0,0,0,0,0,0,0,0,0
180796,2,1,1996,0,0,0,0,0,0,0,0,0,0
180797,1,1,1996,8,12,14,23,13,17,24,15,8,0
180798,0,1,1996,27,0,4,10,26,31,25,14,22,13
180798,1,1,1996,0,0,0,0,0,0,0,0,0,0
180799,1,1,1996,0,0,0,0,0,0,0,0,0,0
180799,2,1,1996,0,0,0,0,0,0,0,0,0,0
180800,1,1,1996,24,24,24,24,24,24,24,24,24,24
180801,1,1,1996,0,0,0,0,0,0,0,0,0,0
180801,2,1,1996,0,0,0,0,0,0,0,0,0,0
180802,1,1,1996,0,0,0,0,0,0,0,0,0,0
180803,1,1,1996,0,0,0,0,0,0,0,0,0,0
180803,2,1,1996,0,0,0,0,0,0,0,0,0,0
180804,1,1,1996,0,0,0,0,0,0,0,0,0,0
180804,2,1,1996,0,0,0,0,0,0,0,0,0,0
180805,1,1,1996,0,0,0,0,0,0,0,0,0,0
180805,2,1,1996,0,0,0,0,0,0,0,0,0,0
180805,3,1,1996,0,0,0,0,0,0,0,0,0,0
180806,0,1,1996,0,0,0,0,0,0,0,0,0,0
180806,1,1,1996,0,0,0,0,0,0,0,0,0,0
180807,1,1,1996,28,28,28,28,28,28,28,28,28,28
180807,2,1,1996,0,15,16,0,0,0,0,0,0,0
180808,1,1,1996,0,0,0,0,0,0,0,0,0,0
180808,2,1,1996,0,0,0,0,0,0,0,0,0,0
180809,1,1,1996,5,5,5,5,5,5,5,5,5,5
180810,0,1,1996,26,7,0,0,0,0,0,0,0,27
180810,0,2,1996,0,5,0,0,0,35,10,0,0,0
180810,1,1,1996,0,0,0,0,0,0,0,0,0,0
180811,1,1,1996,0,0,0,0,0,0,0,0,0,0
180812,1,1,1996,0,0,0,0,0,0,0,0,0,0
180812,2,1,1996,0,0,0,0,0,0,0,0,0,0
180813,1,1,1996,0,0,0,0,0,0,0,0,0,0
180813,2,1,1996,0,0,0,0,0,0,0,0,0,0
180814,1,1,1996,14,14,14,14,14,14,14,14,14,14
180815,1,1,1996,9,18,29,31,15,38,22,16,2,25
180816,1,1,1996,0,0,0,0,0,0,0,0,0,0
180817,1,1,1996,0,0,0,16,0,0,0,0,0,0
180817,2,1,1996,0,0,0,0,0,0,0,0,0,0
180818,1,1,1996,0,0,0,0,0,0,0,18,0,0
180818,2,1,1996,0,0,0,0,0,0,0,0,0,0
180819,0,1,1996,0,0,0,0,0,0,0,0,0,0
180819,1,1,1996,0,0,0,0,0,0,0,0,0,0
180820,1,1,1996,0,0,0,0,0,0,0,0,0,0
180820,2,1,1996,22,22,22,22,22,22,22,22,22,22
180821,1,1,1996,23,0,0,0,0,0,0,0,0,0
180822,1,1,1996,0,0,0,0,0,0,0,0,0,0
180822,2,1,1996,0,0,0,0,0,0,0,0,0,0
180823,1,1,1996,10,10,10,10,10,10,10,10,10,10
180823,2,1,1996,0,0,0,0,0,0,0,0,0,0
180824,1,1,1996,20,20,20,20,20,20,20,20,20,20
180825,1,1,1996,0,0,0,0,0,0,0,0,0,0
180825,2,1,1996,0,0,0,0,0,0,0,0,0,0
180826,0,1,1996,21,21,21,21,21,21,21,21,21,21
180826,1,1,1996,18,18,18,18,18,18,18,18,18,18
180827,1,1,1996,0,0,0,0,0,0,0,0,0,0
180827,2,1,1996,0,0,0,0,0,0,0,0,0,0
180828,1,1,1996,0,0,0,0,0,0,0,0,0,0
180828,2,1,1996,0,0,0,0,0,0,0,0,0,0
180828,3,1,1996,0,0,0,0,0,0,0,0,0,0
180829,1,1,1996,0,0,0,0,0,0,0,0,0,0
180829,2,1,1996,0,0,0,0,0,0,0,0,0,0
180830,0,1,1996,24,15,10,6,28,23,8,20,22,21
180830,1,1,1996,5,5,5,5,5,5,5,5,5,5
180831,1,1,1996,0,0,0,0,0,0,32,0,0,0
180832,1,1,1996,0,0,0,0,0,0,0,0,0,0
180832,2,1,1996,0,0,0,0,0,0,0,0,0,0
180833,1,1,1996,0,0,0,0,0,0,0,0,0,0
180833,2,1,1996,0,0,0,0,0,0,0,0,20,0
180834,1,1,1996,0,0,0,0,0,0,0,0,0,0
180836,1,1,1996,0,0,0,0,0,0,0,0,0,0
180836,2,1,1996,0,0,0,0,0,0,0,0,0,0
180837,1,1,1996,27,27,27,27,27,27,27,27,27,27
180838,0,1,1996,6,6,6,6,6,6,6,6,6,6
180838,1,1,1996,0,0,0,0,0,0,0,19,0,0
180839,1,1,1996,0,0,0,0,0,0,0,0,0,0
180839,2,1,1996,4,4,4,4,4,4,4,4,4,4
180840,1,1,1996,0,0,0,0,0,0,0,0,0,0
180841,0,1,1996,0,0,0,0,0,0,8,0,0,0
180841,1,1,1996,11,11,11,11,11,11,11,11,11,11
180842,1,1,1996,0,0,0,0,0,0,0,0,0,0
180842,2,1,1996,0,0,0,0,0,0,0,0,0,0
180843,1,1,1996,0,0,0,0,0,0,0,0,0,0
180844,1,1,1996,0,0,0,0,0,0,0,0,0,0
180844,2,1,1996,0,0,0,0,0,0,0,0,0,0
180845,1,1,1996,0,0,0,0,0,0,0,0,0,0
180845,2,1,1996,0,0,0,0,0,0,0,0,0,0
180846,1,1,1996,0,0,0,0,0,0,0,0,0,0
180846,2,1,1996,0,0,0,0,0,0,0,0,0,0
180846,3,1,1996,0,0,0,0,0,0,0,0,0,0
180847,1,1,1996,0,0,0,0,0,0,0,0,0,0
180848,1,1,1996,0,0,0,0,0,0,0,0,0,0
180848,2,1,1996,0,0,0,0,0,0,0,0,0,0
180849,1,1,1996,0,0,0,0,0,0,0,0,0,0
180849,2,1,1996,0,0,0,0,0,0,0,0,0,0
180850,1,1,1996,0,0,0,0,0,0,0,0,0,16
180851,1,1,1996,0,0,0,0,0,0,0,0,0,0
180851,2,1,1996,0,0,0,0,0,0,0,0,0,0
180852,1,1,1996,7,7,7,7,7,7,7,7,7,7
180853,1,1,1996,26,26,26,26,26,26,26,26,26,26
180854,0,1,1996,27,27,27,27,27,27,27,27,27,27
180854,1,1,1996,0,0,0,0,0,0,0,0,0,0
180855,1,1,1996,0,0,0,0,0,0,0,0,0,0
180856,1,1,1996,27,27,27,27,27,27,27,27,27,27
180857,1,1,1996,0,0,10,0,0,0,0,0,0,0
180858,1,1,1996,0,0,0,0,9,0,0,0,4,0
180858,2,1,1996,0,0,0,0,0,0,0,0,0,0
180859,1,1,1996,0,0,0,0,0,0,0,0,0,0
180860,1,1,1996,0,0,0,0,0,0,0,0,0,0
180861,1,1,1996,0,0,0,14,0,0,0,0,0,0
180861,2,1,1996,0,0,0,0,0,0,0,0,0,0
180862,1,1,1996,8,21,10,0,21,25,22,10,6,12
180863,1,1,1996,0,0,0,0,0,0,0,0,0,0
180863,2,1,1996,0,0,0,0,0,0,0,0,0,0
180864,1,1,1996,0,0,0,0,0,0,0,0,0,0
180864,2,1,1996,0,0,0,0,0,0,0,0,0,0
180865,1,1,1996,20,20,20,20,20,20,20,20,20,20
180865,2,1,1996,0,0,0,0,0,0,0,0,0,0
180866,1,1,1996,0,0,0,0,0,0,0,0,0,0
180866,2,1,1996,0,0,0,0,0,0,0,0,0,0
180867,1,1,1996,11,17,21,14,27,12,18,17,17,12
180868,1,1,1996,15,15,15,15,15,15,15,15,15,15
180869,1,1,1996,0,0,0,0,0,0,0,0,0,0
180870,1,1,1996,21,21,21,21,21,21,21,21,21,21
180871,1,1,1996,0,0,0,0,0,0,0,0,0,0
180871,2,1,1996,0,0,0,0,0,0,0,0,0,0
180872,1,1,1996,0,0,0,0,0,0,0,0,0,0
180872,2,1,1996,0,19,0,0,0,0,0,0,0,0
180872,3,1,1996,0,0,0,0,0,0,0,0,0,0
180873,1,1,1996,17,17,17,17,17,17,17,17,17,17
180874,1,1,1996,12,12,12,12,12,12,12,12,12,12
180875,1,1,1996,0,0,0,0,0,0,0,0,0,0
180875,2,1,1996,0,0,0,0,0,0,0,0,0,0
180876,1,1,1996,11,11,11,11,11,11,11,11,11,11
180877,1,1,1996,5,5,5,5,5,5,5,5,5,5
180877,2,1,1996,0,0,0,0,0,0,0,0,0,0
180878,1,1,1996,0,0,0,0,0,0,0,0,0,0
180879,1,1,1996,20,20,20,20,20,20,20,20,20,20
180880,0,1,1996,40,13,15,16,21,10,7,31,16,24
180880,1,1,1996,0,0,0,0,0,0,0,0,0,0
180881,1,1,1996,0,0,0,0,0,0,0,0,0,0
180882,1,1,1996,0,0,0,0,0,0,0,0,0,0
180883,1,1,1996,20,28,20,10,8,17,0,2,29,0
180884,1,1,1996,0,0,0,0,0,0,0,0,0,0
180884,2,1,1996,0,0,0,0,0,0,0,0,0,0
180884,3,1,1996,0,0,0,0,0,0,0,0,0,0
180885,1,1,1996,4,4,4,4,4,4,4,4,4,4
180886,1,1,1996,0,0,0,0,0,0,0,0,0,0
180886,2,1,1996,0,0,0,0,0,0,0,0,0,0
190001,1,1,1996,16,0,0,0,0,0,0,0,0,0
190001,2,1,1996,0,0,0,0,0,0,0,0,4,0
190002,1,1,1996,0,0,0,23,0,0,9,0,0,22
190003,1,1,1996,0,0,0,0,0,0,0,0,0,0
190003,2,1,1996,0,0,0,0,0,0,0,0,0,0
190004,1,1,1996,0,0,0,0,0,0,0,0,0,0
190004,2,1,1996,0,0,0,0,0,0,0,0,0,0
190005,0,1,1996,15,5,13,6,20,14,0,0,17,7
190005,1,1,1996,0,0,0,0,0,0,0,0,0,0
190006,1,1,1996,0,0,0,0,0,0,0,0,0,0
190006,2,1,1996,0,0,0,0,0,0,0,0,0,0
190007,1,1,1996,0,0,0,0,0,0,0,0,0,0
190007,2,1,1996,0,0,0,0,0,0,0,0,0,0
190008,1,1,1996,14,14,14,14,14,14,14,14,14,14
190009,1,1,1996,30,30,30,30,30,30,30,30,30,30
190010,0,1,1996,0,15,22,20,3,8,23,0,27,33
190010,1,1,1996,0,0,0,0,0,0,0,0,0,0
190011,1,1,1996,0,0,0,0,0,0,0,0,0,0
190012,1,1,1996,0,0,0,0,0,0,0,0,0,0
190012,2,1,1996,0,0,0,0,0,0,0,0,0,0
190013,1,1,1996,0,0,7,0,0,0,0,0,0,18
190013,2,1,1996,0,0,0,0,0,0,0,0,0,0
190014,1,1,1996,0,0,0,0,0,0,0,0,0,0
190014,2,1,1996,0,0,0,0,0,0,0,0,0,0
190015,1,1,1996,0,0,0,0,0,0,0,0,0,0
190015,2,1,1996,0,0,0,0,0,0,0,0,0,0
190016,0,1,1996,0,0,0,0,0,0,0,0,0,0
190016,0,2,1996,0,0,6,0,32,19,0,0,0,29
190016,1,1,1996,0,0,0,0,13,0,0,0,0,0
190017,1,1,1996,25,25,25,25,25,25,25,25,25,25
190017,2,1,1996,0,0,0,0,0,0,0,0,20,0
190018,1,1,1996,0,0,0,0,0,0,0,0,0,0
190018,2,1,1996,0,0,0,0,0,0,0,0,0,0
190019,1,1,1996,0,0,0,0,0,0,0,0,0,0
190019,2,1,1996,0,25,0,0,0,0,0,0,0,0
190019,3,1,1996,0,0,0,0,0,0,0,0,0,0