ST_CASE,VEH_NO,PER_NO,YEAR,P1,P2,P3,P4,P5,P6,P7,P8,P9,P10
190020,1,1,1996,22,0,0,0,0,0,0,0,0,0
190020,2,1,1996,0,0,0,0,0,0,0,0,0,0
190020,3,1,1996,0,0,0,0,0,13,0,0,0,0
190021,1,1,1996,0,0,0,0,37,0,0,0,15,0
190021,2,1,1996,0,0,0,0,0,0,0,0,0,0
190022,1,1,1996,23,16,8,10,0,0,8,29,0,0
190023,1,1,1996,0,0,0,0,0,0,0,0,25,0
190023,2,1,1996,0,0,0,0,0,0,0,0,0,0
190024,1,1,1996,0,0,0,0,0,0,0,0,0,0
190024,2,1,1996,0,0,0,0,0,0,0,0,0,0
190024,3,1,1996,0,0,0,0,0,0,0,0,0,0
190025,1,1,1996,0,19,0,0,0,0,21,0,0,8
190025,2,1,1996,0,14,0,0,0,0,16,0,0,0
190026,1,1,1996,0,0,0,0,0,0,0,0,0,0
190026,2,1,1996,0,0,0,0,0,0,0,0,0,0
190027,1,1,1996,0,0,0,0,0,0,0,0,0,0
190027,2,1,1996,0,0,0,0,0,0,0,0,0,0
190027,3,1,1996,0,0,15,0,17,0,0,23,13,0
190028,1,1,1996,0,0,0,0,0,0,0,0,0,0
190028,2,1,1996,0,0,0,0,0,0,11,0,0,0
190029,1,1,1996,16,16,16,16,16,16,16,16,16,16
190029,2,1,1996,0,0,0,0,0,0,21,11,0,0
190030,1,1,1996,23,23,23,23,23,23,23,23,23,23
190030,2,1,1996,0,0,19,0,0,0,0,0,0,12
190031,1,1,1996,10,0,8,0,0,23,12,11,0,0
190031,2,1,1996,0,0,0,0,0,0,0,0,0,0
190032,1,1,1996,0,0,0,0,0,0,0,0,0,0
190033,1,1,1996,0,0,0,0,0,0,0,7,0,0
190033,2,1,1996,0,0,0,0,0,0,0,0,0,0
190034,1,1,1996,0,0,0,0,0,0,0,0,0,0
190034,2,1,1996,0,0,0,0,0,0,0,0,0,0
190035,1,1,1996,26,0,0,28,11,14,0,0,27,30
190036,1,1,1996,0,0,0,3,0,0,0,0,0,0
190036,2,1,1996,0,0,14,0,0,0,0,0,0,0
190037,1,1,1996,0,0,0,0,0,0,0,15,0,0
190037,2,1,1996,0,0,12,0,0,0,0,24,0,0
190038,1,1,1996,0,0,0,0,0,0,0,0,0,0
190038,2,1,1996,0,0,0,0,0,0,0,0,0,0
190039,1,1,1996,0,0,0,0,0,0,0,0,0,0
190039,2,1,1996,0,13,0,9,11,0,0,0,8,0
190039,3,1,1996,0,0,0,0,0,0,0,0,15,0
190039,4,1,1996,0,0,0,0,0,0,0,0,0,0
190039,5,1,1996,0,0,0,0,0,12,0,0,0,14
190039,6,1,1996,0,0,0,0,0,0,0,0,0,0
190039,7,1,1996,0,0,0,0,0,14,0,0,0,0
190039,8,1,1996,0,0,13,0,0,0,0,0,0,0
190039,9,1,1996,0,12,0,0,0,0,0,0,0,0
190039,10,1,1996,0,0,0,0,0,0,0,0,0,0
190039,11,1,1996,0,0,3,0,0,0,0,0,0,0
190039,12,1,1996,0,0,0,0,0,0,0,0,0,0
190039,13,1,1996,0,0,0,3,0,0,0,0,0,0
190039,14,1,1996,0,0,0,0,0,0,0,0,0,0
190039,15,1,1996,0,0,0,0,0,0,0,0,0,0
190039,16,1,1996,0,0,0,0,0,0,0,0,0,0
190039,17,1,1996,0,0,0,0,0,0,0,0,0,0
190039,18,1,1996,0,0,0,0,0,0,0,0,0,0
190039,19,1,1996,0,0,0,0,0,0,0,0,0,0
190039,20,1,1996,0,0,0,0,0,0,0,0,0,0
190039,21,1,1996,0,0,0,0,0,0,0,0,0,0
190039,22,1,1996,0,0,0,0,0,0,0,0,0,0
190039,23,1,1996,25,0,0,0,0,0,0,0,0,5
190039,24,1,1996,0,0,0,0,0,0,0,0,11,0
190039,25,1,1996,0,0,0,0,14,0,0,0,0,0
190039,26,1,1996,0,0,0,0,0,0,0,0,0,0
190039,27,1,1996,0,0,0,0,0,0,0,0,0,0
190039,28,1,1996,0,0,0,0,0,0,0,0,0,0
190040,1,1,1996,0,16,0,0,16,0,0,0,0,0
190040,2,1,1996,0,0,0,0,6,0,0,0,0,0
190041,1,1,1996,12,12,12,12,12,12,12,12,12,12
190042,1,1,1996,25,25,25,25,25,25,25,25,25,25
190043,1,1,1996,0,19,0,0,0,0,0,0,15,26
190045,1,1,1996,0,0,0,0,19,0,0,0,0,0
190045,2,1,1996,0,0,0,0,0,0,0,0,0,0
190045,3,1,1996,0,0,0,0,0,0,0,0,0,0
190046,1,1,1996,8,8,8,8,8,8,8,8,8,8
190047,1,1,1996,9,9,9,9,9,9,9,9,9,9
190047,2,1,1996,0,0,0,0,0,0,0,0,0,0
190048,0,1,1996,0,0,0,0,0,0,0,0,0,0
190048,1,1,1996,0,0,0,0,0,0,0,0,0,0
190049,1,1,1996,0,0,0,0,0,0,0,0,0,0
190049,2,1,1996,0,0,0,0,0,0,0,0,0,17
190050,1,1,1996,3,3,3,3,3,3,3,3,3,3
190051,1,1,1996,21,21,21,21,21,21,21,21,21,21
190052,1,1,1996,15,15,15,15,15,15,15,15,15,15
190053,1,1,1996,0,0,0,0,0,0,0,0,0,0
190053,2,1,1996,28,28,28,28,28,28,28,28,28,28
190053,3,1,1996,0,0,0,0,0,0,0,0,0,0
190054,1,1,1996,16,18,25,17,22,10,18,17,27,22
190055,1,1,1996,0,0,23,19,0,0,0,0,0,24
190056,1,1,1996,0,0,0,5,0,0,0,0,0,0
190057,1,1,1996,0,0,0,0,0,0,0,0,0,0
190057,2,1,1996,0,0,0,0,0,0,0,0,0,0
190058,1,1,1996,12,12,12,12,12,12,12,12,12,12
190059,1,1,1996,0,0,0,0,0,0,0,0,0,0
190059,2,1,1996,0,0,0,0,0,0,0,0,0,0
190060,1,1,1996,23,23,23,23,23,23,23,23,23,23
190061,1,1,1996,33,27,12,2,18,22,9,6,18,31
190062,1,1,1996,6,6,6,6,6,6,6,6,6,6
190062,2,1,1996,15,23,17,35,23,7,0,0,0,4
190063,1,1,1996,7,7,7,7,7,7,7,7,7,7
190064,1,1,1996,0,0,0,0,0,0,0,0,0,0
190064,2,1,1996,0,0,0,0,0,0,0,0,0,0
190065,1,1,1996,0,0,0,0,0,0,0,15,20,0
190066,1,1,1996,0,0,0,0,0,0,0,0,0,0
190066,2,1,1996,0,0,0,0,0,0,0,0,0,0
190067,1,1,1996,0,0,0,0,0,0,0,0,0,0
190067,2,1,1996,0,0,0,0,0,0,0,0,0,0
190068,1,1,1996,0,0,0,0,0,0,0,0,0,0
190068,2,1,1996,0,0,0,0,0,0,0,0,0,0
190069,1,1,1996,0,22,19,24,22,0,13,23,0,0
190069,2,1,1996,26,26,26,26,26,26,26,26,26,26
190070,1,1,1996,0,0,0,0,0,0,0,0,0,0
190070,2,1,1996,0,0,0,0,0,0,0,0,0,0
190071,1,1,1996,0,0,0,0,6,0,0,0,0,0
190071,2,1,1996,0,0,0,0,0,0,0,0,5,0
190071,3,1,1996,0,0,0,0,0,0,0,0,0,0
190071,4,1,1996,0,0,0,0,0,0,0,0,0,0
190071,5,1,1996,0,0,0,0,0,0,0,0,0,0
190071,6,1,1996,0,7,0,0,0,0,0,0,9,0
190071,7,1,1996,0,0,0,0,0,0,0,0,0,0
190071,8,1,1996,0,0,0,0,0,0,0,0,0,0
190071,9,1,1996,0,0,0,0,0,0,0,0,0,0
190071,10,1,1996,23,0,9,0,0,0,0,0,0,0
190071,11,1,1996,0,0,0,0,0,0,0,0,0,0
190071,12,1,1996,0,0,0,0,0,0,0,0,0,0
190071,13,1,1996,0,0,0,0,0,0,0,0,0,0
190071,14,1,1996,0,0,0,0,0,0,0,0,0,0
190071,15,1,1996,0,0,0,0,0,0,0,0,0,0
190071,16,1,1996,0,0,0,0,0,0,0,0,0,0
190071,17,1,1996,0,0,0,0,0,0,0,0,0,0
190071,18,1,1996,0,0,0,0,0,0,0,0,0,0
190071,19,1,1996,0,0,0,0,0,0,0,0,0,0
190071,20,1,1996,0,0,0,0,0,0,0,0,0,0
190072,1,1,1996,16,0,13,0,16,6,17,0,0,0
190072,2,1,1996,0,0,0,0,0,0,0,0,0,0
190073,0,1,1996,0,30,9,10,26,23,0,0,19,0
190073,1,1,1996,22,22,22,22,22,22,22,22,22,22
190074,1,1,1996,0,0,0,0,0,0,0,0,0,0
190075,1,1,1996,0,0,0,0,0,0,0,0,0,0
190075,2,1,1996,0,0,0,0,0,0,0,0,0,0
190076,1,1,1996,0,0,0,0,0,0,0,0,0,0
190076,2,1,1996,0,0,0,0,0,0,0,0,0,0
190078,1,1,1996,0,0,0,0,0,0,0,0,0,0
190078,2,1,1996,0,0,0,0,0,0,0,0,0,0
190079,1,1,1996,0,0,0,0,0,0,0,0,0,0
190080,1,1,1996,0,0,0,0,0,0,0,0,0,0
190080,2,1,1996,0,0,0,0,0,0,0,0,0,0
190081,1,1,1996,0,0,0,12,0,0,0,0,0,0
190081,2,1,1996,0,0,29,0,0,0,0,0,0,18
190082,1,1,1996,0,18,0,14,0,11,0,0,8,0
190082,2,1,1996,0,0,0,0,13,0,13,0,0,0
190083,1,1,1996,3,3,3,3,3,3,3,3,3,3
190084,1,1,1996,0,0,0,0,0,0,0,0,0,12
190084,2,1,1996,0,0,0,19,0,30,0,0,0,0
190085,1,1,1996,0,0,0,0,0,4,0,0,2,0
190085,2,1,1996,0,0,0,0,0,0,0,0,0,0
190086,1,1,1996,15,15,15,15,15,15,15,15,15,15
190087,1,1,1996,22,22,22,22,22,22,22,22,22,22
190088,1,1,1996,16,16,16,16,16,16,16,16,16,16
190089,1,1,1996,0,0,0,0,0,0,0,0,13,0
190089,2,1,1996,0,0,0,0,11,0,0,0,0,0
190089,3,1,1996,0,0,0,24,0,0,0,0,0,5
190090,1,1,1996,0,0,0,0,22,0,0,0,0,0
190090,2,1,1996,0,0,0,0,0,0,0,0,0,30
190091,1,1,1996,0,0,0,0,0,0,0,0,0,0
190092,1,1,1996,26,26,26,26,26,26,26,26,26,26
190093,1,1,1996,0,0,0,0,0,18,0,3,0,0
190093,2,1,1996,14,14,14,14,14,14,14,14,14,14
190094,1,1,1996,21,21,21,21,21,21,21,21,21,21
190095,1,1,1996,0,0,0,0,0,0,0,0,0,0
190095,2,1,1996,0,0,0,0,0,0,0,0,0,0
190096,1,1,1996,21,21,21,21,21,21,21,21,21,21
190097,1,1,1996,0,0,0,0,0,0,0,0,0,0
190097,2,1,1996,0,0,0,0,0,0,0,0,0,0
190097,3,1,1996,0,0,0,0,20,0,0,0,0,5
190098,1,1,1996,0,0,0,0,0,0,0,0,0,0
190098,2,1,1996,0,0,0,0,0,0,0,0,0,0
190098,3,1,1996,0,0,0,0,0,0,0,0,0,0
190099,1,1,1996,0,0,0,0,0,0,0,0,0,0
190100,0,1,1996,0,0,0,0,0,0,0,0,0,0
190100,1,1,1996,0,0,0,0,0,0,0,0,15,0
190101,1,1,1996,0,0,0,0,0,0,0,0,0,0
190101,2,1,1996,0,0,0,0,0,0,0,0,0,0
190102,1,1,1996,29,29,29,29,29,29,29,29,29,29
190102,2,1,1996,13,13,13,13,13,13,13,13,13,13
190103,1,1,1996,0,0,4,8,0,1,0,4,0,0
190103,2,1,1996,0,8,0,15,13,0,0,24,0,0
190104,1,1,1996,0,0,0,0,0,0,0,0,0,0
190104,2,1,1996,0,0,0,0,0,0,0,0,0,0
190106,1,1,1996,0,0,0,0,0,0,0,0,0,0
190106,2,1,1996,0,0,11,0,24,0,9,0,13,0
190107,1,1,1996,5,5,5,5,5,5,5,5,5,5
190108,1,1,1996,10,10,10,10,10,10,10,10,10,10
190110,1,1,1996,18,18,18,18,18,18,18,18,18,18
190111,1,1,1996,0,0,0,0,0,19,0,0,0,0
190111,2,1,1996,0,0,0,0,0,0,0,0,0,0
190112,1,1,1996,13,13,13,13,13,13,13,13,13,13
190113,1,1,1996,23,23,23,23,23,23,23,23,23,23
190113,2,1,1996,8,8,8,8,8,8,8,8,8,8
190114,0,1,1996,0,0,0,0,0,0,0,0,0,0
190114,1,1,1996,0,0,0,0,0,0,0,0,0,7
190115,1,1,1996,0,0,0,0,0,5,0,0,0,0
190115,2,1,1996,0,0,0,0,0,0,0,0,4,0
190116,1,1,1996,0,0,0,0,0,0,0,0,0,0
190116,2,1,1996,25,0,15,0,0,16,0,0,5,0
190117,1,1,1996,0,30,0,5,30,30,25,19,18,0
190118,1,1,1996,16,16,16,16,16,16,16,16,16,16
190119,1,1,1996,25,25,25,25,25,25,25,25,25,25
190120,1,1,1996,0,0,6,0,0,13,0,14,0,13
190120,2,1,1996,0,22,0,0,14,0,0,0,22,31
190121,1,1,1996,0,0,0,0,0,0,0,0,0,0
190121,2,1,1996,0,0,0,0,0,0,0,0,0,0
190122,1,1,1996,0,0,0,0,0,0,2,0,0,0
190122,2,1,1996,0,0,0,0,0,0,0,0,0,0
190122,3,1,1996,0,4,0,0,0,0,0,0,0,0
190123,1,1,1996,13,13,13,13,13,13,13,13,13,13
190124,1,1,1996,0,0,0,0,0,0,0,0,0,0
190124,2,1,1996,0,0,0,0,20,0,15,0,0,0
190125,1,1,1996,8,8,8,8,8,8,8,8,8,8
190126,1,1,1996,0,0,0,0,0,0,0,0,0,0
190126,2,1,1996,0,0,0,0,0,0,0,0,0,0
190127,0,1,1996,0,0,0,0,0,0,0,0,0,0
190127,1,1,1996,0,0,0,0,0,0,2,39,7,0
190128,1,1,1996,19,19,19,19,19,19,19,19,19,19
190129,0,1,1996,0,11,0,0,0,0,0,0,0,0
190129,0,2,1996,0,0,0,0,0,0,0,0,0,44
190129,1,1,1996,0,0,0,0,0,0,0,0,0,0
190130,1,1,1996,12,12,12,12,12,12,12,12,12,12
190131,0,1,1996,0,0,0,22,0,0,0,0,8,0
190131,1,1,1996,0,0,0,0,0,0,0,0,0,0
190132,1,1,1996,0,0,6,14,0,8,0,0,14,13
190133,1,1,1996,12,12,12,12,12,12,12,12,12,12
190134,1,1,1996,0,0,0,0,0,0,0,0,0,0
190135,1,1,1996,0,0,0,0,0,0,0,0,0,0
190135,2,1,1996,0,0,0,0,0,0,0,0,0,0
190136,1,1,1996,7,11,5,0,24,19,16,16,10,0
190137,1,1,1996,0,0,0,0,0,0,0,0,0,0
190137,2,1,1996,0,0,0,0,0,0,0,0,0,0
190138,1,1,1996,10,0,0,0,7,0,0,7,0,0
190138,2,1,1996,0,0,0,0,0,0,0,0,0,0
190139,1,1,1996,0,0,0,0,0,0,0,0,0,0
190140,1,1,1996,0,0,0,0,0,0,0,0,0,0
190141,1,1,1996,0,0,0,0,0,0,0,0,0,0
190142,1,1,1996,0,0,0,0,0,0,0,0,0,0
190142,2,1,1996,0,0,0,0,0,0,0,0,0,0
190143,1,1,1996,0,0,0,0,0,0,0,0,0,0
190143,2,1,1996,0,0,0,0,0,0,0,0,0,0
190144,1,1,1996,0,0,10,20,13,0,0,14,0,15
190144,2,1,1996,0,0,0,8,0,0,0,0,0,0
190145,1,1,1996,23,23,23,23,23,23,23,23,23,23
190146,0,1,1996,0,0,0,0,0,0,0,0,0,0
190146,1,1,1996,0,0,0,0,0,0,0,0,0,0
190147,1,1,1996,0,0,0,0,0,0,0,0,0,0
190147,2,1,1996,0,0,0,0,0,0,0,0,0,0
190147,3,1,1996,0,0,0,0,0,0,0,0,0,0
190147,4,1,1996,0,0,0,0,0,0,0,0,0,0
190148,1,1,1996,0,0,0,0,0,0,0,0,0,0
190148,2,1,1996,0,0,0,0,0,0,0,0,0,0
190149,1,1,1996,12,0,0,0,0,0,0,0,0,0
190150,1,1,1996,0,0,0,0,0,0,0,0,17,13
190151,1,1,1996,13,13,13,13,13,13,13,13,13,13
190152,1,1,1996,15,15,15,15,15,15,15,15,15,15
190153,1,1,1996,0,0,0,0,0,0,0,0,0,0
190153,2,1,1996,0,0,0,0,0,0,0,0,0,0
190154,1,1,1996,13,13,13,13,13,13,13,13,13,13
190154,2,1,1996,0,0,0,0,0,0,0,0,0,0
190155,1,1,1996,16,16,16,16,16,16,16,16,16,16
190156,1,1,1996,0,0,0,0,0,0,0,0,0,0
190156,2,1,1996,0,0,0,0,0,0,0,0,0,0
190157,1,1,1996,0,0,0,0,0,0,0,0,17,0
190157,2,1,1996,0,0,0,0,0,0,0,0,0,0
190158,1,1,1996,0,0,0,0,0,0,0,0,0,0
190158,2,1,1996,0,0,0,0,15,0,9,0,8,0
190159,0,1,1996,20,0,17,0,0,0,0,22,23,0
190159,1,1,1996,0,0,0,0,0,0,0,0,0,0
190160,1,1,1996,0,0,0,0,0,0,0,0,0,0
190160,2,1,1996,0,0,0,0,0,0,0,0,0,0
190161,1,1,1996,12,12,12,12,12,12,12,12,12,12
190162,1,1,1996,0,0,0,0,0,0,0,0,0,0
190162,2,1,1996,0,0,0,0,0,0,0,0,0,0
190163,1,1,1996,0,0,0,0,0,0,11,19,12,20
190164,1,1,1996,16,16,16,16,16,16,16,16,16,16
190165,1,1,1996,0,0,0,0,0,0,0,0,0,0
190165,2,1,1996,0,2,0,0,0,11,0,0,0,0
190166,1,1,1996,0,0,0,0,0,0,0,0,0,0
190167,1,1,1996,18,18,18,18,18,18,18,18,18,18
190169,1,1,1996,0,0,0,0,0,0,0,0,0,0
190169,2,1,1996,0,0,0,0,0,0,0,0,0,0
190170,1,1,1996,12,9,13,0,35,13,0,23,21,17
190171,1,1,1996,13,13,13,13,13,13,13,13,13,13
190171,2,1,1996,0,0,0,0,0,0,0,0,0,0
190172,1,1,1996,0,0,0,0,0,0,0,0,0,0
190172,2,1,1996,0,0,0,0,0,21,0,0,0,0
190173,0,1,1996,0,0,0,0,0,0,0,0,0,0
190173,1,1,1996,0,0,0,0,0,0,0,0,0,0
190174,1,1,1996,0,0,0,0,0,0,0,0,0,0
190174,2,1,1996,0,0,0,0,0,0,0,0,0,0
190175,1,1,1996,0,0,0,0,0,0,0,0,0,0
190176,1,1,1996,14,14,14,14,14,14,14,14,14,14
190176,2,1,1996,7,0,0,0,0,0,0,26,0,0
190177,1,1,1996,0,0,0,0,0,0,0,0,0,0
190177,2,1,1996,0,0,0,0,0,0,0,0,0,0
190178,1,1,1996,0,0,0,0,0,0,0,0,0,0
190178,2,1,1996,0,0,0,0,0,0,0,0,0,0
190179,1,1,1996,0,0,0,0,0,0,0,0,0,0
190180,1,1,1996,0,0,0,0,0,0,0,0,0,0
190180,2,1,1996,15,0,0,0,23,0,0,0,17,0
190181,1,1,1996,0,0,0,0,0,0,0,0,0,0
190181,2,1,1996,0,0,0,0,0,0,0,0,0,0
190182,1,1,1996,0,0,0,0,0,0,0,0,0,0
190182,2,1,1996,0,0,0,0,0,0,0,0,0,0
190183,0,1,1996,25,0,0,0,0,15,0,0,28,0
190183,1,1,1996,0,32,0,6,0,24,0,15,0,9
190184,1,1,1996,20,20,20,20,20,20,20,20,20,20
190185,1,1,1996,6,6,6,6,6,6,6,6,6,6
190186,1,1,1996,0,11,0,0,0,0,0,0,16,0
190186,2,1,1996,0,0,0,0,0,0,0,0,0,0
190187,1,1,1996,0,0,24,32,6,16,14,24,23,21
190188,1,1,1996,0,15,0,0,0,9,0,20,23,19
190189,1,1,1996,19,19,19,19,19,19,19,19,19,19
190190,1,1,1996,0,0,0,0,0,0,0,0,0,0
190190,2,1,1996,0,0,0,0,0,0,0,0,0,0
190191,1,1,1996,0,0,0,0,0,0,0,0,0,0
190191,2,1,1996,0,23,0,0,0,0,0,0,0,0
190192,1,1,1996,12,35,33,21,11,3,31,20,19,21
190193,0,1,1996,0,0,0,0,0,0,0,0,0,0
190193,1,1,1996,0,0,0,0,0,0,0,0,0,0
190194,1,1,1996,4,0,0,25,0,0,24,4,11,34
190195,1,1,1996,0,0,0,0,0,0,0,0,0,0
190196,1,1,1996,0,0,0,0,0,0,0,0,0,0
190196,2,1,1996,0,0,0,0,0,0,0,0,0,0
190197,1,1,1996,13,13,13,13,13,13,13,13,13,13
190198,1,1,1996,11,11,0,0,0,0,35,14,14,19
190199,1,1,1996,16,16,16,16,16,16,16,16,16,16
190200,1,1,1996,24,24,24,24,24,24,24,24,24,24
190201,1,1,1996,15,15,15,15,15,15,15,15,15,15
190201,2,1,1996,5,0,15,10,11,0,0,0,0,0
190203,0,1,1996,18,0,8,0,0,0,0,23,0,0
190203,1,1,1996,0,0,14,0,0,0,0,0,0,0
190204,1,1,1996,25,15,19,25,15,24,28,11,25,0
190205,1,1,1996,0,0,0,0,0,0,0,0,0,0
190205,2,1,1996,16,16,16,16,16,16,16,16,16,16
190206,1,1,1996,16,16,16,16,16,16,16,16,16,16
190207,1,1,1996,22,0,0,0,8,0,0,0,0,0
190207,2,1,1996,0,12,0,0,0,0,0,0,8,6
190207,3,1,1996,0,0,0,0,0,0,0,0,0,0
190208,1,1,1996,0,0,0,0,0,0,0,0,0,0
190208,2,1,1996,0,0,0,0,0,0,0,9,0,0
190209,0,1,1996,0,0,0,0,0,0,0,0,0,0
190209,1,1,1996,0,0,0,0,0,0,0,0,0,0
190210,0,1,1996,0,0,0,0,0,0,0,7,0,15
190210,1,1,1996,0,0,0,0,0,0,0,0,0,0
190211,1,1,1996,0,0,0,0,0,0,0,0,0,0
190211,2,1,1996,0,0,0,0,0,0,0,0,0,0
190212,1,1,1996,12,12,12,12,12,12,12,12,12,12
190212,2,1,1996,0,0,0,0,0,0,0,0,0,0
190213,1,1,1996,10,10,10,10,10,10,10,10,10,10
190213,2,1,1996,0,0,0,0,0,0,0,12,0,0
190214,1,1,1996,9,9,9,9,9,9,9,9,9,9
190215,1,1,1996,0,0,0,0,0,0,0,0,0,0
190215,2,1,1996,0,0,0,0,0,0,0,0,0,0
190216,1,1,1996,0,0,0,0,0,0,0,0,0,0
190216,2,1,1996,8,0,0,0,0,0,0,0,0,24
190217,0,1,1996,0,0,0,0,0,0,0,0,0,0
190217,1,1,1996,0,0,0,0,0,0,0,0,0,0
190218,1,1,1996,0,0,8,0,11,0,0,0,0,0
190218,2,1,1996,0,0,0,0,0,0,0,0,0,0
190219,1,1,1996,23,23,23,23,23,23,23,23,23,23
190220,1,1,1996,0,0,0,0,0,0,0,0,0,0
190220,2,1,1996,0,0,0,0,0,0,0,0,0,0
190221,1,1,1996,7,7,7,7,7,7,7,7,7,7
190222,1,1,1996,23,23,23,23,23,23,23,23,23,23
190223,1,1,1996,0,20,0,0,0,20,0,23,0,0
190224,1,1,1996,0,0,0,0,19,0,0,0,0,0
190224,2,1,1996,0,0,8,8,0,0,0,0,30,0
190224,3,1,1996,12,6,0,0,19,0,0,0,0,10
190225,1,1,1996,0,0,0,0,0,0,0,0,0,0
190225,2,1,1996,0,0,0,0,0,0,0,0,0,0
190226,1,1,1996,0,0,0,0,0,0,0,0,0,0
190226,2,1,1996,11,0,0,0,0,0,0,0,0,0
190227,1,1,1996,9,9,9,9,9,9,9,9,9,9
190228,1,1,1996,0,0,0,0,0,0,0,0,0,0
190228,2,1,1996,0,0,0,0,0,0,0,0,0,0
190229,1,1,1996,6,6,6,6,6,6,6,6,6,6
190230,1,1,1996,17,17,17,17,17,17,17,17,17,17
190231,1,1,1996,18,18,18,18,18,18,18,18,18,18
190232,1,1,1996,17,0,0,0,0,0,0,0,0,25
190232,2,1,1996,0,0,0,25,0,5,0,0,0,12
190234,1,1,1996,20,20,20,20,20,20,20,20,20,20
190235,1,1,1996,0,0,0,0,0,0,7,0,0,0
190235,2,1,1996,4,4,4,4,4,4,4,4,4,4
190236,1,1,1996,8,8,8,8,8,8,8,8,8,8
190237,1,1,1996,0,0,0,0,0,0,0,0,0,0
190238,1,1,1996,0,0,0,0,0,0,0,0,0,0
190238,2,1,1996,0,0,0,0,0,0,0,0,0,0
190238,3,1,1996,0,0,0,0,0,0,0,0,0,0
190239,1,1,1996,0,0,0,0,0,0,0,14,16,0
190240,1,1,1996,0,27,0,0,33,0,0,0,0,0
190240,2,1,1996,0,0,0,34,0,0,0,0,0,0
190241,1,1,1996,0,0,0,0,0,0,0,0,0,0
190241,2,1,1996,3,0,10,0,0,0,0,11,0,0
190242,1,1,1996,0,0,0,0,0,0,0,0,0,0
190242,2,1,1996,0,0,0,0,0,0,0,0,0,0
190243,1,1,1996,22,10,16,62,35,0,0,7,0,0
190244,0,1,1996,0,0,0,0,0,0,0,0,0,0
190244,1,1,1996,0,0,0,0,0,0,0,0,9,0
190245,1,1,1996,32,0,0,20,0,0,14,16,12,27
190246,1,1,1996,11,11,11,11,11,11,11,11,11,11
190247,1,1,1996,13,0,0,0,19,0,18,16,10,26
190248,1,1,1996,0,0,0,0,0,0,0,0,0,0
190249,1,1,1996,0,0,0,0,0,0,0,0,0,0
190249,2,1,1996,0,0,0,0,0,0,0,0,0,0
190250,1,1,1996,0,0,0,0,0,0,0,0,0,0
190250,2,1,1996,0,0,0,0,0,0,0,0,0,0
190251,1,1,1996,14,14,14,14,14,14,14,14,14,14
190252,1,1,1996,0,26,0,3,0,0,0,16,11,0
190253,1,1,1996,0,0,0,0,12,0,0,0,0,0
190253,2,1,1996,0,0,0,0,33,0,0,0,0,0
190254,1,1,1996,0,0,0,0,0,0,0,0,0,0
190254,2,1,1996,0,0,0,0,0,0,0,0,0,0
190255,1,1,1996,0,0,0,0,19,8,4,0,0,0
190256,1,1,1996,0,0,3,0,0,0,0,0,0,11
190257,1,1,1996,6,6,6,6,6,6,6,6,6,6
190258,1,1,1996,34,5,10,0,0,20,11,0,17,9
190259,1,1,1996,0,0,0,0,0,0,0,0,0,0
190259,2,1,1996,0,0,0,0,0,0,0,0,0,0
190259,3,1,1996,0,0,0,0,0,0,0,0,0,0
190260,1,1,1996,0,0,0,0,0,0,18,0,0,0
190260,2,1,1996,0,13,0,0,0,0,0,35,0,0
190261,1,1,1996,0,0,22,0,0,14,17,0,16,0
190262,1,1,1996,22,22,22,22,22,22,22,22,22,22
190263,1,1,1996,3,0,0,0,0,0,0,0,0,24
190263,2,1,1996,0,0,0,8,0,0,0,5,0,0
190264,1,1,1996,25,25,25,25,25,25,25,25,25,25
190264,2,1,1996,0,0,0,0,0,0,0,0,0,0
190265,1,1,1996,0,0,0,0,0,0,0,0,0,0
190265,2,1,1996,0,0,0,0,0,0,0,32,0,0
190266,0,1,1996,13,13,13,0,0,10,19,0,23,0
190266,1,1,1996,0,0,0,0,15,0,0,0,0,0
190267,1,1,1996,21,21,21,21,21,21,21,21,21,21
190269,1,1,1996,0,0,0,0,0,0,0,0,0,0
190269,2,1,1996,0,0,0,0,4,0,0,0,0,0
190270,1,1,1996,0,0,0,0,0,20,0,0,0,0
190270,2,1,1996,2,2,2,2,2,2,2,2,2,2
190270,3,1,1996,0,0,0,0,0,0,0,0,0,0
190271,1,1,1996,0,0,0,0,0,0,0,0,0,0
190271,2,1,1996,0,0,0,0,0,0,0,0,0,0
190272,1,1,1996,0,5,0,0,0,0,0,0,0,0
190272,2,1,1996,0,0,0,0,0,0,0,0,0,0
190273,0,1,1996,0,0,0,0,0,0,0,0,0,0
190273,1,1,1996,0,7,6,0,0,0,10,0,0,0
190274,1,1,1996,27,27,27,27,27,27,27,27,27,27
190275,1,1,1996,0,0,0,0,0,0,0,0,31,22
190276,1,1,1996,0,0,0,0,0,0,0,0,0,0
190276,2,1,1996,0,0,0,0,0,0,0,0,0,0
190277,1,1,1996,0,0,0,0,0,0,0,0,0,0
190278,1,1,1996,0,0,0,4,0,0,0,0,0,0
190278,2,1,1996,0,17,0,0,25,0,0,0,0,0
190278,3,1,1996,0,0,0,0,0,0,0,0,12,0