ST_CASE,VEH_NO,PER_NO,YEAR,P1,P2,P3,P4,P5,P6,P7,P8,P9,P10
190279,0,1,1996,0,0,0,0,0,0,0,0,0,0
190279,1,1,1996,0,0,0,0,0,0,0,0,0,0
190280,0,1,1996,0,0,0,0,0,0,0,0,0,0
190280,1,1,1996,0,13,0,0,0,0,0,0,0,0
190281,1,1,1996,14,14,14,14,14,14,14,14,14,14
190283,1,1,1996,15,15,15,15,15,15,15,15,15,15
190284,0,1,1996,0,0,0,0,0,0,0,0,0,0
190284,1,1,1996,0,0,0,0,0,0,0,0,0,0
190285,1,1,1996,0,0,0,0,0,0,0,0,0,0
190285,2,1,1996,6,0,0,0,0,0,0,0,0,0
190286,1,1,1996,16,16,16,16,16,16,16,16,16,16
190286,2,1,1996,14,14,14,14,14,14,14,14,14,14
190287,1,1,1996,0,0,0,0,0,0,0,0,0,0
190287,2,1,1996,0,0,0,0,0,0,0,0,0,0
190288,1,1,1996,0,0,0,0,0,0,0,0,0,0
190288,2,1,1996,0,0,0,0,0,0,0,0,0,0
190288,3,1,1996,0,0,0,21,0,0,0,0,0,0
190289,0,1,1996,0,0,0,0,0,0,0,0,0,0
190289,1,1,1996,0,0,0,0,0,0,0,0,0,0
190290,1,1,1996,0,0,0,0,0,0,13,0,0,0
190291,1,1,1996,12,12,12,12,12,12,12,12,12,12
190291,2,1,1996,0,0,0,0,0,0,0,0,0,0
190291,3,1,1996,0,0,0,16,8,9,0,0,0,0
190292,1,1,1996,26,26,26,26,26,26,26,26,26,26
190293,1,1,1996,23,23,23,23,23,23,23,23,23,23
190294,1,1,1996,12,12,12,12,12,12,12,12,12,12
190295,1,1,1996,18,18,18,18,18,18,18,18,18,18
190295,2,1,1996,18,18,18,18,18,18,18,18,18,18
190296,1,1,1996,0,0,0,12,0,0,7,0,0,24
190297,1,1,1996,0,0,0,0,0,0,0,0,0,0
190297,2,1,1996,0,0,0,0,0,0,0,0,0,0
190298,1,1,1996,0,0,0,0,0,0,0,0,0,0
190298,2,1,1996,0,0,0,0,0,0,0,0,0,0
190299,1,1,1996,17,17,17,17,17,17,17,17,17,17
190300,1,1,1996,0,0,0,0,0,0,0,0,0,0
190300,2,1,1996,0,0,0,0,0,0,0,0,0,0
190301,1,1,1996,18,18,18,18,18,18,18,18,18,18
190302,1,1,1996,18,8,10,6,0,16,0,16,15,0
190303,1,1,1996,0,0,0,0,0,0,0,0,0,0
190304,1,1,1996,0,0,0,0,0,0,0,0,0,0
190305,1,1,1996,0,0,0,0,0,0,0,0,0,0
190305,2,1,1996,0,11,0,0,0,0,0,0,0,0
190306,1,1,1996,22,22,22,22,22,22,22,22,22,22
190307,1,1,1996,19,19,19,19,19,19,19,19,19,19
190308,1,1,1996,12,12,12,12,12,12,12,12,12,12
190309,0,1,1996,0,0,0,0,0,0,0,0,0,0
190309,1,1,1996,6,0,0,0,0,0,0,0,0,0
190310,1,1,1996,0,0,0,0,0,0,11,0,0,0
190310,2,1,1996,0,0,0,0,0,0,0,0,0,0
190311,1,1,1996,0,16,11,0,11,2,0,0,17,17
190311,2,1,1996,0,0,0,0,0,0,0,0,0,0
190312,1,1,1996,12,0,0,0,0,0,0,0,0,0
190312,2,1,1996,0,0,0,0,0,0,0,9,0,0
190313,1,1,1996,0,27,15,0,5,0,0,0,0,19
190314,1,1,1996,0,0,0,0,0,0,0,0,0,0
190314,2,1,1996,0,0,0,0,0,0,0,0,0,0
190315,1,1,1996,0,0,0,0,0,0,0,15,0,0
190315,2,1,1996,0,19,17,25,0,0,0,0,0,0
190315,3,1,1996,0,0,0,0,0,0,0,0,0,0
190316,1,1,1996,0,0,0,10,15,0,0,42,0,0
190316,2,1,1996,22,0,0,0,14,0,0,0,0,0
190317,1,1,1996,0,0,0,0,0,0,0,0,0,0
190317,2,1,1996,0,0,0,0,0,0,0,0,0,0
190318,1,1,1996,0,0,0,0,0,0,0,0,0,0
190319,1,1,1996,0,0,0,0,0,0,0,0,0,0
190319,2,1,1996,0,0,0,0,0,0,0,0,0,0
190320,1,1,1996,0,28,0,0,0,0,0,15,0,0
190320,2,1,1996,0,0,0,0,0,0,0,0,0,0
190321,1,1,1996,0,0,0,0,0,0,0,0,0,0
190322,1,1,1996,26,26,26,26,26,26,26,26,26,26
190323,0,1,1996,0,0,0,0,0,0,0,0,0,0
190323,1,1,1996,0,0,0,0,0,0,0,0,0,0
190324,1,1,1996,8,8,8,8,8,8,8,8,8,8
190326,1,1,1996,14,14,14,14,14,14,14,14,14,14
190326,2,1,1996,24,14,19,31,0,14,0,15,0,12
190327,1,1,1996,31,31,31,31,31,31,31,31,31,31
190328,1,1,1996,16,16,23,4,15,15,14,17,19,15
190329,1,1,1996,10,10,10,10,10,10,10,10,10,10
190330,1,1,1996,28,28,28,28,28,28,28,28,28,28
190331,1,1,1996,14,7,0,14,0,7,13,0,7,0
190332,1,1,1996,0,0,0,0,0,0,0,0,0,0
190333,1,1,1996,0,0,0,0,0,0,0,0,0,0
190333,2,1,1996,0,0,0,0,0,0,0,0,0,0
190334,1,1,1996,26,26,26,26,26,26,26,26,26,26
190335,1,1,1996,0,0,0,0,0,0,0,0,0,0
190336,1,1,1996,0,16,0,0,0,23,0,8,0,0
190338,1,1,1996,0,0,0,0,0,0,0,0,0,0
190338,2,1,1996,0,0,14,0,0,0,0,0,0,0
190339,1,1,1996,0,0,0,0,0,0,0,0,0,0
190339,2,1,1996,0,0,0,0,0,0,0,0,0,0
190340,1,1,1996,8,18,14,26,8,0,12,0,33,21
190341,1,1,1996,0,0,0,0,0,0,0,0,0,0
190342,1,1,1996,0,12,0,0,0,0,0,0,0,0
190342,2,1,1996,0,0,0,0,0,0,0,0,0,0
190343,1,1,1996,0,0,0,0,0,0,0,0,0,0
190344,1,1,1996,14,14,14,14,14,14,14,14,14,14
190345,1,1,1996,12,12,12,12,12,12,12,12,12,12
190346,1,1,1996,0,0,0,0,0,0,0,0,0,0
190347,1,1,1996,12,12,12,12,12,12,12,12,12,12
190348,0,1,1996,0,0,0,0,0,0,0,0,0,0
190348,1,1,1996,0,0,0,0,0,0,0,0,0,0
190349,1,1,1996,20,20,20,20,20,20,20,20,20,20
190350,1,1,1996,0,0,14,0,0,0,0,0,0,0
190350,2,1,1996,20,20,20,20,20,20,20,20,20,20
190351,1,1,1996,7,7,7,7,7,7,7,7,7,7
190352,1,1,1996,23,10,12,0,0,19,0,6,0,0
190353,1,1,1996,0,0,0,0,0,0,0,0,0,0
190353,2,1,1996,0,0,0,0,0,0,0,0,0,0
190354,1,1,1996,13,20,0,0,0,18,0,0,14,0
190354,2,1,1996,0,0,0,0,0,0,0,0,0,0
190355,1,1,1996,0,10,0,0,0,0,0,0,0,0
190355,2,1,1996,0,0,0,0,0,0,0,0,0,0
190355,3,1,1996,0,0,0,0,0,0,0,0,0,0
190356,1,1,1996,19,19,19,19,19,19,19,19,19,19
190357,1,1,1996,0,0,0,0,0,0,0,0,6,0
190357,2,1,1996,0,0,0,0,0,0,0,0,0,0
190358,1,1,1996,0,0,0,0,0,0,0,0,0,0
190358,2,1,1996,0,0,0,0,0,0,0,0,0,0
190359,1,1,1996,0,0,0,0,0,0,0,0,0,0
190359,2,1,1996,0,0,0,0,0,0,0,0,0,0
190359,3,1,1996,0,0,0,0,0,0,0,0,0,0
190360,1,1,1996,0,0,0,0,0,0,0,0,0,0
190360,2,1,1996,0,0,0,3,0,0,0,0,0,0
190361,1,1,1996,0,0,0,0,0,0,0,0,0,0
190361,2,1,1996,0,0,0,0,0,0,0,0,12,0
190362,1,1,1996,0,0,0,0,0,0,0,0,0,0
190362,2,1,1996,0,0,0,0,0,0,0,0,0,0
190363,0,1,1996,0,0,0,0,0,0,0,0,0,0
190363,1,1,1996,11,11,11,11,11,11,11,11,11,11
190364,1,1,1996,25,25,25,25,25,25,25,25,25,25
190365,1,1,1996,0,0,0,0,0,0,0,0,0,0
190366,0,1,1996,15,27,14,0,0,0,25,17,26,11
190366,1,1,1996,0,0,0,0,0,0,0,0,0,0
190367,1,1,1996,22,22,22,22,22,22,22,22,22,22
190368,1,1,1996,14,14,14,14,14,14,14,14,14,14
190369,1,1,1996,0,27,19,0,21,21,13,17,23,34
190370,1,1,1996,0,0,0,0,0,0,0,0,0,0
190371,0,1,1996,0,0,32,0,19,25,12,0,10,8
190371,1,1,1996,0,0,0,0,0,0,0,0,0,0
190372,1,1,1996,18,18,18,18,18,18,18,18,18,18
190373,1,1,1996,24,24,24,24,24,24,24,24,24,24
190374,1,1,1996,0,0,0,0,0,0,0,0,0,0
190374,2,1,1996,0,0,0,0,0,0,0,10,0,0
190375,1,1,1996,0,0,0,0,0,28,9,20,0,0
190375,2,1,1996,0,0,0,0,0,0,0,0,0,0
190376,1,1,1996,0,0,0,0,0,0,0,0,0,0
190376,2,1,1996,0,0,0,0,16,0,0,0,0,0
190377,1,1,1996,25,0,0,0,15,0,16,0,0,14
190378,1,1,1996,0,0,0,0,0,0,0,0,0,0
190378,2,1,1996,0,0,0,0,0,0,0,0,0,0
190379,0,1,1996,0,0,0,0,0,0,27,0,11,19
190379,1,1,1996,0,0,0,0,0,0,0,0,0,0
190380,1,1,1996,0,0,0,0,0,0,0,0,0,0
190381,1,1,1996,0,0,0,0,0,0,0,0,0,0
190381,2,1,1996,0,0,0,13,0,3,0,0,0,0
190382,1,1,1996,0,0,0,0,0,0,0,0,0,0
190382,2,1,1996,0,0,0,0,0,0,0,0,0,0
190383,1,1,1996,24,24,24,24,24,24,24,24,24,24
190384,1,1,1996,0,0,17,0,0,0,0,0,18,0
190385,1,1,1996,0,0,0,0,0,0,0,0,0,0
190385,2,1,1996,24,0,0,0,0,0,0,0,0,0
190386,1,1,1996,0,0,0,0,0,0,0,0,0,0
190386,2,1,1996,0,0,0,0,0,0,0,0,0,0
190387,1,1,1996,20,20,20,20,20,20,20,20,20,20
190388,1,1,1996,33,11,20,0,33,9,0,22,11,0
190389,1,1,1996,0,0,0,0,0,0,0,0,0,0
190390,1,1,1996,16,26,12,14,0,16,21,21,9,0
190391,1,1,1996,0,0,0,0,0,0,0,0,0,0
190391,2,1,1996,0,0,0,0,0,0,0,0,0,0
190392,1,1,1996,0,0,26,13,7,0,0,0,25,0
190392,2,1,1996,0,0,15,0,0,0,0,0,0,0
190393,1,1,1996,0,0,0,0,0,0,0,0,0,0
190393,2,1,1996,0,0,12,0,0,0,0,0,0,0
190394,1,1,1996,0,0,0,0,0,0,0,0,0,0
190395,1,1,1996,14,14,14,14,14,14,14,14,14,14
190396,1,1,1996,0,0,15,0,0,12,17,16,25,16
190397,1,1,1996,11,0,0,0,0,0,10,28,25,17
190398,1,1,1996,10,10,10,10,10,10,10,10,10,10
190399,1,1,1996,0,0,0,0,0,0,0,0,0,0
190400,1,1,1996,13,13,13,13,13,13,13,13,13,13
190401,1,1,1996,0,12,0,0,0,0,0,0,0,0
190402,1,1,1996,0,0,0,0,0,0,0,0,0,0
190402,2,1,1996,0,0,0,0,0,0,0,0,0,0
190403,1,1,1996,20,0,0,0,0,11,0,0,0,20
190404,1,1,1996,15,15,15,15,15,15,15,15,15,15
190405,1,1,1996,24,24,24,24,24,24,24,24,24,24
190407,1,1,1996,20,20,20,20,20,20,20,20,20,20
190408,1,1,1996,12,12,12,12,12,12,12,12,12,12
190409,1,1,1996,0,0,19,0,0,0,0,0,0,0
190409,2,1,1996,0,0,0,0,0,0,0,0,0,0
190410,1,1,1996,0,0,0,0,0,0,0,0,0,0
190410,2,1,1996,0,0,0,0,0,0,0,0,0,0
190411,1,1,1996,0,0,0,0,0,0,0,0,0,0
190411,2,1,1996,0,0,0,0,0,0,0,0,0,0
190412,1,1,1996,0,0,0,0,0,0,0,0,0,0
190412,2,1,1996,0,0,0,0,16,0,0,0,0,3
190412,3,1,1996,0,0,0,0,0,0,0,0,0,0
190412,4,1,1996,0,0,0,0,0,0,0,0,0,0
190414,1,1,1996,0,0,0,0,0,0,0,0,0,0
190414,2,1,1996,0,0,0,0,0,0,0,0,0,0
190415,1,1,1996,0,10,0,0,6,0,6,0,0,0
190415,2,1,1996,0,8,0,0,0,0,0,0,0,0
190415,3,1,1996,22,0,0,0,0,0,0,0,0,0
190416,1,1,1996,0,0,0,0,0,17,0,0,0,0
190417,1,1,1996,0,0,0,0,0,0,0,9,18,12
190417,2,1,1996,0,0,0,0,0,0,12,0,0,0
190418,1,1,1996,4,4,4,4,4,4,4,4,4,4
190419,0,1,1996,21,21,21,21,21,21,21,21,21,21
190419,1,1,1996,0,0,0,0,0,0,0,0,0,0
190420,1,1,1996,18,13,0,0,0,0,0,0,0,0
190420,2,1,1996,0,0,0,0,0,0,0,0,0,0
190422,1,1,1996,9,9,9,9,9,9,9,9,9,9
190423,1,1,1996,0,22,0,0,0,0,0,0,0,33
190423,2,1,1996,0,0,0,0,0,6,0,0,0,0
190424,0,1,1996,0,0,0,0,0,0,0,0,0,0
190424,1,1,1996,0,0,0,0,0,0,0,0,0,0
190425,0,1,1996,11,11,11,11,11,11,11,11,11,11
190425,1,1,1996,25,0,0,5,12,18,37,0,10,0
200001,1,1,1996,0,0,0,0,0,0,0,0,0,0
200001,2,1,1996,0,0,0,0,0,0,0,0,0,0
200002,1,1,1996,0,0,0,0,0,0,0,0,0,0
200002,2,1,1996,0,0,0,0,0,0,0,0,0,0
200003,1,1,1996,0,0,0,0,0,0,0,0,0,0
200003,2,1,1996,0,0,0,0,0,0,0,0,0,0
200004,1,1,1996,0,0,0,0,0,0,0,0,0,0
200004,2,1,1996,0,0,0,0,0,0,0,0,0,0
200005,1,1,1996,0,0,0,0,0,0,0,0,0,0
200005,2,1,1996,0,0,0,0,0,17,0,0,0,0
200005,3,1,1996,0,0,0,0,0,0,0,0,0,0
200005,4,1,1996,7,0,0,0,0,0,0,0,0,0
200006,0,1,1996,0,0,0,0,0,0,0,0,0,0
200006,1,1,1996,0,0,0,0,0,0,0,0,0,0
200007,1,1,1996,0,0,0,0,0,0,0,0,0,0
200007,2,1,1996,0,0,0,0,0,0,0,0,0,0
200008,1,1,1996,0,0,0,0,0,0,0,0,0,0
200008,2,1,1996,0,0,0,0,0,0,0,0,0,0
200009,1,1,1996,0,0,0,0,0,0,0,0,0,0
200009,2,1,1996,0,0,0,0,0,0,0,0,0,0
200010,1,1,1996,14,14,14,14,14,14,14,14,14,14
200011,1,1,1996,0,0,0,0,0,0,0,0,0,0
200011,2,1,1996,0,0,0,0,0,0,0,0,0,0
200013,1,1,1996,25,19,18,26,12,21,11,20,25,15
200014,1,1,1996,24,24,24,24,24,24,24,24,24,24
200015,1,1,1996,23,23,23,23,23,23,23,23,23,23
200015,2,1,1996,0,0,0,0,0,0,0,0,0,0
200016,1,1,1996,0,0,0,0,0,0,0,0,0,0
200017,1,1,1996,0,0,0,0,0,0,0,0,0,0
200017,2,1,1996,0,0,0,0,0,0,0,0,0,0
200017,3,1,1996,0,0,0,0,0,0,0,0,0,0
200018,1,1,1996,0,0,0,0,0,0,0,0,0,0
200018,2,1,1996,0,0,0,0,0,0,0,0,0,0
200019,1,1,1996,0,0,0,0,0,0,0,0,0,0
200019,2,1,1996,0,0,0,0,0,0,0,0,0,0
200021,1,1,1996,0,0,0,0,0,0,0,0,0,0
200021,2,1,1996,0,0,0,0,0,0,0,0,0,0
200022,1,1,1996,28,28,28,28,28,28,28,28,28,28
200023,1,1,1996,0,0,0,0,0,0,0,0,0,0
200023,2,1,1996,0,0,0,0,0,0,0,0,0,0
200024,1,1,1996,23,23,23,23,23,23,23,23,23,23
200025,1,1,1996,25,25,25,25,25,25,25,25,25,25
200026,1,1,1996,0,0,0,0,0,0,0,0,0,0
200026,2,1,1996,0,0,0,0,0,0,0,0,0,0
200027,1,1,1996,13,13,13,13,13,13,13,13,13,13
200028,1,1,1996,18,18,18,18,18,18,18,18,18,18
200029,1,1,1996,0,23,0,0,0,0,11,0,0,10
200030,1,1,1996,0,0,19,0,0,22,18,0,5,14
200031,1,1,1996,18,26,29,28,32,50,4,25,18,33
200032,1,1,1996,17,17,17,17,17,17,17,17,17,17
200033,1,1,1996,0,0,0,0,0,0,0,0,0,0
200033,2,1,1996,0,0,18,0,0,0,9,0,0,0
200034,1,1,1996,0,0,0,0,0,0,0,0,0,0
200035,1,1,1996,25,25,25,25,25,25,25,25,25,25
200036,0,1,1996,0,0,0,0,0,0,0,0,0,0
200036,1,1,1996,0,0,0,0,0,0,0,0,0,0
200037,1,1,1996,0,0,0,0,0,0,0,0,0,0
200038,1,1,1996,20,14,11,5,15,54,22,27,30,27
200039,1,1,1996,0,0,13,19,0,0,0,0,0,0
200040,1,1,1996,27,27,27,27,27,27,27,27,27,27
200040,2,1,1996,0,0,0,0,0,0,0,0,0,0
200041,1,1,1996,13,13,13,13,13,13,13,13,13,13
200042,1,1,1996,9,9,9,9,9,9,9,9,9,9
200043,1,1,1996,0,0,0,0,0,0,0,0,0,0
200043,2,1,1996,16,0,0,0,0,0,0,0,0,0
200044,1,1,1996,19,19,19,19,19,19,19,19,19,19
200045,1,1,1996,0,0,0,0,0,0,0,0,0,0
200046,1,1,1996,11,11,11,11,11,11,11,11,11,11
200047,1,1,1996,19,19,19,19,19,19,19,19,19,19
200048,1,1,1996,16,16,16,16,16,16,16,16,16,16
200049,1,1,1996,25,25,25,25,25,25,25,25,25,25
200050,1,1,1996,15,15,15,15,15,15,15,15,15,15
200051,1,1,1996,17,17,17,17,17,17,17,17,17,17
200052,1,1,1996,0,0,0,0,0,0,0,0,0,0
200053,1,1,1996,0,0,0,0,0,0,0,0,0,0
200054,1,1,1996,28,28,28,28,28,28,28,28,28,28
200055,1,1,1996,20,20,20,20,20,20,20,20,20,20
200056,1,1,1996,0,0,0,0,0,0,0,0,0,0
200056,2,1,1996,0,0,0,0,0,0,0,0,0,0
200057,1,1,1996,0,0,0,0,0,0,0,0,0,0
200058,1,1,1996,12,10,10,28,9,14,23,16,13,12
200059,1,1,1996,25,25,25,25,25,25,25,25,25,25
200060,1,1,1996,0,0,0,0,0,0,0,0,0,0
200061,1,1,1996,20,20,20,20,20,20,20,20,20,20
200061,2,1,1996,0,0,0,0,0,0,0,0,0,0
200062,1,1,1996,15,15,15,15,15,15,15,15,15,15
200063,1,1,1996,0,0,0,0,0,0,0,0,0,0
200064,1,1,1996,0,0,0,0,0,0,0,0,0,0
200064,2,1,1996,0,0,0,0,0,0,0,0,0,0
200065,1,1,1996,0,0,0,0,0,0,0,0,0,0
200065,2,1,1996,0,0,0,0,0,0,0,0,0,0
200066,1,1,1996,0,0,0,0,0,0,0,0,0,0
200067,1,1,1996,1,1,1,1,1,1,1,1,1,1
200067,2,1,1996,0,0,0,0,0,0,0,0,0,0
200068,1,1,1996,0,0,0,0,0,0,0,0,0,0
200068,2,1,1996,0,0,0,0,0,0,0,0,0,0
200069,1,1,1996,14,14,14,14,14,14,14,14,14,14
200070,1,1,1996,11,11,11,11,11,11,11,11,11,11
200071,1,1,1996,5,5,5,5,5,5,5,5,5,5
200072,1,1,1996,0,0,0,0,0,0,0,0,0,0
200073,1,1,1996,0,0,0,0,0,0,0,0,0,0
200073,2,1,1996,0,0,0,0,0,0,0,0,0,0
200074,1,1,1996,0,0,0,0,0,0,0,0,0,0
200074,2,1,1996,0,0,0,0,0,0,0,0,0,0
200075,1,1,1996,0,0,0,0,0,0,0,0,0,0
200076,1,1,1996,0,0,0,0,0,0,0,0,0,0
200076,2,1,1996,25,25,25,25,25,25,25,25,25,25
200077,1,1,1996,0,0,0,0,0,0,0,0,0,0
200078,1,1,1996,15,15,15,15,15,15,15,15,15,15
200079,1,1,1996,0,0,0,0,0,0,0,0,0,0
200079,2,1,1996,0,0,0,0,0,0,0,0,0,0
200080,1,1,1996,0,0,0,0,0,0,0,0,0,0
200080,2,1,1996,0,0,0,0,0,0,0,0,0,0
200081,1,1,1996,0,0,0,0,0,0,0,14,0,0
200082,1,1,1996,0,0,0,0,0,0,0,0,0,0
200082,2,1,1996,0,0,0,0,0,0,0,0,0,0
200083,1,1,1996,0,0,0,0,0,0,0,0,0,0
200084,1,1,1996,20,20,20,20,20,20,20,20,20,20
200085,1,1,1996,0,0,0,0,0,0,0,0,0,0
200085,2,1,1996,0,0,0,0,0,0,0,0,0,0
200086,1,1,1996,0,0,0,0,0,0,0,0,0,15
200086,2,1,1996,0,0,0,0,0,0,0,0,0,0
200086,3,1,1996,0,0,0,0,0,0,0,19,0,0
200087,1,1,1996,0,0,0,0,0,0,0,0,0,0
200087,2,1,1996,0,0,0,0,0,0,0,0,0,0
200088,1,1,1996,18,18,18,18,18,18,18,18,18,18
200088,2,1,1996,0,0,0,0,0,0,0,0,0,0
200089,1,1,1996,0,0,0,0,0,0,0,0,0,0
200089,2,1,1996,0,0,0,0,0,0,0,0,0,0
200090,1,1,1996,0,0,0,0,0,0,0,0,0,0
200091,1,1,1996,0,0,0,0,0,0,0,0,0,0
200091,2,1,1996,0,0,0,0,0,0,0,0,0,0
200092,1,1,1996,0,0,0,0,0,0,0,0,0,0
200092,2,1,1996,0,0,0,0,0,0,0,0,0,0
200093,1,1,1996,25,25,25,25,25,25,25,25,25,25
200094,1,1,1996,24,24,24,24,24,24,24,24,24,24
200095,1,1,1996,24,24,24,24,24,24,24,24,24,24
200096,1,1,1996,9,0,0,0,0,0,0,0,0,0
200096,2,1,1996,0,0,0,0,0,0,0,0,0,0
200097,1,1,1996,0,0,0,0,0,0,0,0,0,0
200098,1,1,1996,0,0,0,0,0,0,0,0,0,0
200098,2,1,1996,0,0,0,0,0,0,0,0,0,0
200099,1,1,1996,0,0,0,0,0,0,0,0,0,0
200100,1,1,1996,0,0,0,0,0,0,0,0,0,0
200101,1,1,1996,0,0,0,0,0,0,0,0,0,21
200101,2,1,1996,12,12,12,12,12,12,12,12,12,12
200101,3,1,1996,0,0,0,0,0,2,0,0,0,0
200102,1,1,1996,11,11,11,11,11,11,11,11,11,11
200103,0,1,1996,0,0,0,0,0,0,0,0,0,0
200103,1,1,1996,0,0,0,0,0,0,0,0,0,0
200104,1,1,1996,0,0,0,0,0,0,0,0,0,0
200104,2,1,1996,20,0,0,0,0,0,0,0,0,0
200105,1,1,1996,0,0,0,0,0,0,0,0,0,0
200105,2,1,1996,0,0,0,0,0,0,0,0,0,0
200106,1,1,1996,0,0,0,0,0,0,0,0,0,0
200106,2,1,1996,0,0,0,0,0,0,0,0,0,0
200107,1,1,1996,0,0,0,0,0,0,0,0,0,0
200107,2,1,1996,0,0,0,0,0,0,0,0,0,0
200108,1,1,1996,6,6,6,6,6,6,6,6,6,6
200108,2,1,1996,0,0,0,0,0,0,0,0,0,0
200109,2,1,1996,0,0,0,0,0,0,0,0,0,0
200110,1,1,1996,12,20,7,10,3,8,32,21,0,22
200111,1,1,1996,0,0,0,0,0,0,0,0,0,0
200112,1,1,1996,0,0,0,0,8,0,0,0,0,0
200113,1,1,1996,0,0,0,0,0,0,0,0,0,0
200113,2,1,1996,0,0,0,0,0,0,0,0,0,0
200115,1,1,1996,0,0,0,0,0,0,0,0,0,0
200115,2,1,1996,0,0,0,0,0,0,0,0,0,0
200115,3,1,1996,0,0,0,0,0,0,0,0,0,0
200116,0,1,1996,27,27,27,27,27,27,27,27,27,27
200116,1,1,1996,17,14,17,14,9,0,9,16,19,19
200117,1,1,1996,0,0,0,0,0,0,0,0,0,0
200117,2,1,1996,26,26,26,26,26,26,26,26,26,26
200118,1,1,1996,0,0,0,0,0,0,0,0,0,0
200119,1,1,1996,5,5,5,5,5,5,5,5,5,5
200119,2,1,1996,0,0,0,0,15,0,0,10,0,0
200121,1,1,1996,0,0,0,0,0,0,0,0,0,0
200121,2,1,1996,0,0,0,0,0,0,0,0,0,0
200122,1,1,1996,0,0,0,0,0,0,0,0,0,0
200122,2,1,1996,0,0,0,0,0,0,0,0,0,0
200123,1,1,1996,0,0,0,0,0,0,0,0,0,0
200123,2,1,1996,21,21,21,21,21,21,21,21,21,21
200124,1,1,1996,32,32,32,32,32,32,32,32,32,32
200125,1,1,1996,0,0,0,0,0,0,0,0,0,0
200125,2,1,1996,0,0,0,0,0,0,0,0,0,0
200126,1,1,1996,14,14,14,14,14,14,14,14,14,14
200127,1,1,1996,1,1,1,1,1,1,1,1,1,1
200127,2,1,1996,0,0,0,0,0,0,0,0,0,0
200128,1,1,1996,0,0,0,0,0,6,0,0,0,0
200128,2,1,1996,0,0,0,0,0,0,0,0,0,0
200129,1,1,1996,17,0,0,6,0,0,0,0,0,0
200130,1,1,1996,0,0,0,0,0,0,0,0,0,0
200130,2,1,1996,0,0,0,0,0,0,0,0,0,9
200131,0,1,1996,0,0,0,0,0,0,0,0,0,0
200131,1,1,1996,0,0,0,0,0,0,0,0,0,0
200132,1,1,1996,0,0,0,0,0,0,0,0,0,0
200132,2,1,1996,0,0,0,0,0,0,0,0,0,0
200133,1,1,1996,0,0,0,0,0,0,0,0,0,0
200134,1,1,1996,2,2,2,2,2,2,2,2,2,2
200135,1,1,1996,0,0,0,0,0,0,0,0,0,0
200136,1,1,1996,22,10,12,13,0,19,25,22,9,18
200136,2,1,1996,0,0,0,0,0,0,0,0,0,0
200137,1,1,1996,0,0,0,0,0,0,0,0,0,0
200137,2,1,1996,0,0,0,0,0,0,0,0,0,0
200139,1,1,1996,40,0,0,0,0,0,0,0,0,0
200140,1,1,1996,0,12,0,0,0,0,0,0,0,0
200141,1,1,1996,0,0,0,0,0,0,0,0,0,19
200141,2,1,1996,0,0,0,0,0,0,0,0,0,0
200142,1,1,1996,0,0,0,0,0,0,0,0,0,0
200143,1,1,1996,13,16,0,0,0,0,0,0,0,0
200143,2,1,1996,0,0,0,0,0,0,0,0,0,0
200144,1,1,1996,0,0,0,0,0,0,0,0,0,0
200145,1,1,1996,24,24,24,24,24,24,24,24,24,24
200146,1,1,1996,0,0,0,0,0,0,0,0,0,0
200147,1,1,1996,17,17,17,17,17,17,17,17,17,17
200148,1,1,1996,0,0,0,0,0,0,0,0,0,0
200148,2,1,1996,0,0,0,0,0,0,0,0,0,0
200149,1,1,1996,6,0,0,0,0,14,0,0,0,0
200150,1,1,1996,0,0,0,0,0,0,0,0,0,0
200150,2,1,1996,0,0,0,0,0,0,0,0,0,0
200150,3,1,1996,0,0,0,0,0,0,0,0,0,0
200151,1,1,1996,14,23,17,6,25,15,13,39,16,11
200152,1,1,1996,0,0,0,0,0,0,0,0,0,0
200152,2,1,1996,0,0,0,0,0,0,0,0,0,0
200153,1,1,1996,9,9,9,9,9,9,9,9,9,9
200154,1,1,1996,23,23,23,23,23,23,23,23,23,23
200155,1,1,1996,0,0,0,0,0,0,0,0,0,0
200156,1,1,1996,0,0,0,0,0,0,0,0,0,0
200157,1,1,1996,0,0,0,0,0,0,0,0,0,0
200157,2,1,1996,0,0,0,13,0,0,0,0,0,0
200158,1,1,1996,20,0,0,0,0,0,0,0,0,0
200158,2,1,1996,0,0,0,0,0,0,0,0,0,0
200159,1,1,1996,2,2,2,2,2,2,2,2,2,2
200159,2,1,1996,0,0,0,0,0,0,0,0,0,0
200160,1,1,1996,16,16,16,16,16,16,16,16,16,16
200161,1,1,1996,0,0,0,0,0,0,0,0,0,0
200161,2,1,1996,0,0,0,0,0,0,0,0,0,0