ST_CASE,VEH_NO,PER_NO,YEAR,P1,P2,P3,P4,P5,P6,P7,P8,P9,P10
200162,1,1,1996,0,11,8,0,0,0,0,0,0,0
200164,1,1,1996,13,13,13,13,13,13,13,13,13,13
200165,1,1,1996,2,2,2,2,2,2,2,2,2,2
200167,1,1,1996,21,21,21,21,21,21,21,21,21,21
200168,1,1,1996,0,0,0,0,0,0,0,0,0,0
200168,2,1,1996,0,0,0,0,0,0,0,0,0,0
200169,1,1,1996,25,25,25,25,25,25,25,25,25,25
200170,1,1,1996,15,15,15,15,15,15,15,15,15,15
200171,1,1,1996,9,9,9,9,9,9,9,9,9,9
200172,1,1,1996,0,0,0,0,0,0,0,0,0,0
200173,1,1,1996,0,0,0,0,0,0,0,0,0,0
200174,1,1,1996,11,11,11,11,11,11,11,11,11,11
200175,1,1,1996,2,2,2,2,2,2,2,2,2,2
200175,2,1,1996,0,0,0,0,0,0,0,0,0,0
200175,3,1,1996,20,0,0,0,25,0,7,15,11,0
200176,1,1,1996,18,22,16,28,9,14,23,21,30,0
200177,1,1,1996,33,33,33,33,33,33,33,33,33,33
200178,1,1,1996,0,0,0,0,0,0,0,0,0,0
200179,1,1,1996,1,1,1,1,1,1,1,1,1,1
200179,2,1,1996,0,0,0,0,0,0,0,0,0,0
200180,1,1,1996,0,0,0,0,0,0,0,0,0,0
200181,1,1,1996,21,35,32,31,20,0,0,0,26,0
200181,2,1,1996,10,18,11,0,0,0,0,0,10,14
200182,1,1,1996,0,0,0,0,0,0,0,0,0,0
200183,1,1,1996,28,18,14,24,13,16,17,20,17,11
200183,2,1,1996,19,19,19,19,19,19,19,19,19,19
200184,1,1,1996,0,0,0,0,0,0,0,0,0,0
200184,2,1,1996,0,0,0,0,0,0,0,0,0,0
200185,1,1,1996,0,0,0,0,0,0,0,0,0,0
200185,2,1,1996,0,0,0,0,0,0,0,0,0,0
200186,0,1,1996,0,0,0,0,0,0,0,0,0,0
200186,0,2,1996,0,0,0,0,0,0,0,0,0,0
200186,1,1,1996,0,0,0,0,0,0,0,0,0,0
200187,1,1,1996,0,0,0,0,0,0,0,0,0,0
200188,1,1,1996,0,0,0,0,0,0,0,0,0,0
200188,2,1,1996,0,0,0,0,0,0,0,0,0,0
200189,1,1,1996,5,5,5,5,5,5,5,5,5,5
200190,1,1,1996,20,20,20,20,20,20,20,20,20,20
200191,1,1,1996,0,0,0,0,0,0,0,0,0,0
200191,2,1,1996,0,0,0,0,0,0,0,0,0,0
200192,1,1,1996,27,27,27,27,27,27,27,27,27,27
200193,1,1,1996,0,0,0,0,0,0,0,0,0,0
200193,2,1,1996,0,0,0,0,0,0,0,0,0,0
200194,1,1,1996,0,0,0,0,0,0,0,0,0,0
200194,2,1,1996,0,0,0,0,0,0,0,0,0,0
200195,1,1,1996,0,20,0,0,0,16,0,0,0,0
200196,1,1,1996,0,0,0,0,0,0,0,0,0,0
200196,2,1,1996,0,0,21,10,0,2,0,0,10,0
200197,1,1,1996,28,28,28,28,28,28,28,28,28,28
200198,1,1,1996,0,0,11,0,0,0,0,0,0,0
200199,1,1,1996,0,0,0,0,0,0,0,0,0,0
200199,2,1,1996,0,0,0,0,0,0,0,0,0,0
200200,0,1,1996,15,0,0,0,0,0,0,0,0,0
200200,1,1,1996,0,0,0,0,0,0,0,0,0,0
200201,1,1,1996,16,16,16,16,16,16,16,16,16,16
200202,1,1,1996,0,0,0,0,0,0,0,0,0,0
200202,2,1,1996,0,0,0,0,0,0,0,0,0,0
200203,0,1,1996,20,19,15,16,0,22,26,35,10,16
200203,1,1,1996,0,0,0,0,0,0,0,0,0,0
200204,1,1,1996,1,1,1,1,1,1,1,1,1,1
200204,2,1,1996,0,0,0,0,0,0,0,0,0,0
200205,1,1,1996,0,0,0,0,0,0,0,0,0,0
200205,2,1,1996,0,0,0,0,0,0,0,0,0,0
200206,1,1,1996,29,29,29,29,29,29,29,29,29,29
200207,1,1,1996,6,6,6,6,6,6,6,6,6,6
200208,1,1,1996,0,0,0,0,0,0,0,0,0,0
200208,2,1,1996,0,0,0,0,0,0,0,0,0,0
200209,1,1,1996,12,0,0,0,0,0,0,0,0,0
200209,2,1,1996,0,0,0,0,0,0,0,0,0,0
200210,1,1,1996,0,0,0,0,0,0,0,0,0,0
200210,2,1,1996,0,0,0,0,0,0,0,0,0,0
200211,1,1,1996,0,0,0,0,0,0,0,0,0,0
200211,2,1,1996,0,0,0,0,0,0,0,0,0,0
200211,3,1,1996,0,0,0,0,0,0,0,0,0,0
200212,1,1,1996,6,6,6,6,6,6,6,6,6,6
200213,1,1,1996,10,10,10,10,10,10,10,10,10,10
200213,2,1,1996,0,0,0,0,0,0,0,0,0,0
200214,1,1,1996,0,0,0,0,8,0,0,0,0,0
200214,2,1,1996,0,0,0,0,0,0,0,0,0,0
200215,1,1,1996,0,0,0,0,0,0,0,0,0,0
200216,1,1,1996,11,11,11,11,11,11,11,11,11,11
200216,2,1,1996,0,0,0,0,0,0,0,0,0,0
200217,1,1,1996,0,0,0,0,0,0,0,0,0,0
200217,2,1,1996,0,0,0,0,0,0,0,0,0,0
200218,1,1,1996,21,12,13,44,10,6,4,8,16,10
200219,1,1,1996,0,0,0,0,0,0,0,0,0,0
200219,2,1,1996,0,0,0,0,0,0,0,0,0,0
200220,1,1,1996,0,0,0,0,0,0,0,0,0,0
200220,2,1,1996,0,0,0,0,0,0,0,0,0,0
200220,3,1,1996,0,0,0,0,0,0,0,0,0,0
200221,1,1,1996,2,2,2,2,2,2,2,2,2,2
200222,1,1,1996,0,31,23,8,0,11,12,0,0,24
200223,1,1,1996,0,0,0,0,0,0,0,0,0,0
200223,2,1,1996,0,0,0,0,0,0,0,0,0,0
200225,1,1,1996,0,0,0,0,0,0,0,0,0,0
200226,1,1,1996,17,17,17,17,17,17,17,17,17,17
200227,1,1,1996,0,0,0,0,0,0,0,0,0,0
200228,1,1,1996,27,32,0,0,8,0,8,0,0,0
200229,1,1,1996,0,0,0,0,0,0,0,0,0,0
200229,2,1,1996,0,0,0,0,0,0,0,0,0,0
200230,1,1,1996,0,0,0,0,0,0,0,0,0,0
200230,2,1,1996,0,18,0,32,0,0,0,0,0,0
200231,1,1,1996,21,0,0,0,0,24,10,15,10,0
200232,1,1,1996,7,7,7,7,7,7,7,7,7,7
200233,1,1,1996,12,12,12,12,12,12,12,12,12,12
200234,1,1,1996,0,0,0,0,0,0,0,0,0,0
200234,2,1,1996,0,0,0,0,0,0,0,0,0,0
200235,1,1,1996,0,0,0,0,0,0,0,0,0,0
200235,2,1,1996,0,0,0,0,0,0,0,0,0,0
200235,3,1,1996,0,0,0,0,0,0,0,0,0,0
200236,1,1,1996,23,23,23,23,23,23,23,23,23,23
200237,1,1,1996,0,0,0,0,0,0,0,0,0,0
200238,1,1,1996,0,0,0,0,0,0,0,0,0,0
200238,2,1,1996,0,0,0,0,0,0,0,0,0,0
200239,1,1,1996,10,10,10,10,10,10,10,10,10,10
200240,1,1,1996,14,14,14,14,14,14,14,14,14,14
200241,1,1,1996,0,0,0,0,0,0,0,0,0,0
200241,2,1,1996,0,0,0,0,0,0,0,0,0,0
200242,1,1,1996,0,0,0,18,8,0,0,0,0,11
200242,2,1,1996,0,0,0,0,0,0,0,0,0,0
200243,1,1,1996,18,18,18,18,18,18,18,18,18,18
200244,1,1,1996,0,0,0,0,0,0,0,0,0,0
200244,2,1,1996,0,0,0,0,0,0,0,0,0,0
200245,0,1,1996,0,0,0,0,0,0,0,0,0,0
200245,1,1,1996,0,0,0,0,0,0,0,0,0,0
200246,1,1,1996,0,0,0,0,0,0,0,0,0,0
200246,2,1,1996,0,0,0,0,0,0,0,0,0,0
200247,1,1,1996,0,0,0,0,0,0,0,0,0,0
200247,2,1,1996,3,0,0,0,0,0,0,0,0,0
200248,1,1,1996,0,0,0,0,0,0,0,0,0,0
200248,2,1,1996,0,0,0,0,14,0,0,0,0,0
200249,1,1,1996,0,4,0,0,0,0,0,0,0,26
200250,1,1,1996,25,15,0,22,17,18,17,19,22,26
200251,1,1,1996,0,0,0,0,0,0,0,0,0,0
200251,2,1,1996,0,0,0,0,7,0,0,0,0,0
200252,1,1,1996,0,0,18,0,0,0,0,0,0,0
200253,1,1,1996,0,0,0,0,13,0,0,0,0,0
200254,1,1,1996,8,8,8,8,8,8,8,8,8,8
200255,1,1,1996,29,29,29,29,29,29,29,29,29,29
200256,1,1,1996,0,0,0,0,0,0,0,0,0,0
200257,1,1,1996,4,4,4,4,4,4,4,4,4,4
200258,1,1,1996,0,0,0,0,0,0,0,0,0,0
200259,1,1,1996,0,0,0,0,0,0,0,0,0,0
200259,2,1,1996,0,0,0,0,0,0,0,0,0,0
200260,1,1,1996,0,0,0,0,0,0,0,0,0,0
200260,2,1,1996,0,0,0,0,0,0,0,0,0,0
200261,0,1,1996,0,0,0,0,0,0,0,0,0,0
200261,1,1,1996,0,0,0,0,0,0,0,0,0,0
200262,0,1,1996,21,0,0,0,0,0,0,0,0,0
200262,1,1,1996,0,0,0,0,0,0,0,0,0,0
200264,1,1,1996,12,12,12,12,12,12,12,12,12,12
200265,1,1,1996,0,15,0,0,0,0,0,0,0,0
200265,2,1,1996,0,0,0,0,0,0,0,0,0,0
200266,1,1,1996,0,0,0,0,0,0,0,0,0,0
200266,2,1,1996,0,0,0,0,0,13,0,0,0,0
200267,1,1,1996,9,9,9,9,9,9,9,9,9,9
200268,1,1,1996,0,0,0,0,0,0,0,0,0,0
200269,1,1,1996,10,10,10,10,10,10,10,10,10,10
200270,1,1,1996,16,16,16,16,16,16,16,16,16,16
200271,0,1,1996,0,0,0,0,0,0,0,0,0,0
200271,1,1,1996,0,0,0,0,0,0,0,0,0,0
200272,1,1,1996,0,0,0,0,0,0,0,0,0,0
200273,1,1,1996,0,0,0,0,0,0,0,0,0,0
200273,2,1,1996,0,0,0,0,0,0,0,0,0,0
200275,1,1,1996,0,0,0,0,0,0,0,0,0,0
200276,1,1,1996,0,0,0,0,0,0,0,0,0,0
200276,2,1,1996,0,0,0,0,0,0,0,0,0,0
200277,1,1,1996,0,0,0,0,0,0,0,0,0,0
200277,2,1,1996,0,0,0,0,0,0,0,0,0,0
200278,1,1,1996,0,0,0,0,0,0,0,0,0,0
200278,2,1,1996,0,13,0,0,17,0,0,0,0,0
200279,1,1,1996,12,0,0,41,23,0,0,18,12,0
200279,2,1,1996,2,2,2,2,2,2,2,2,2,2
200279,3,1,1996,0,0,0,0,0,0,0,0,0,0
200280,1,1,1996,21,21,21,21,21,21,21,21,21,21
200281,1,1,1996,0,0,0,0,0,0,0,0,0,0
200282,1,1,1996,0,0,0,0,0,0,0,0,0,0
200283,1,1,1996,0,0,0,0,0,0,0,0,0,0
200284,1,1,1996,0,0,0,0,17,0,0,0,0,0
200285,1,1,1996,0,0,0,0,0,8,0,0,0,0
200285,2,1,1996,0,0,0,0,0,0,0,0,0,0
200286,1,1,1996,0,0,0,0,0,0,0,0,0,0
200286,2,1,1996,0,0,0,0,0,0,0,0,0,0
200288,1,1,1996,0,0,0,0,0,0,0,0,0,0
200289,1,1,1996,11,11,11,11,11,11,11,11,11,11
200290,1,1,1996,0,0,0,0,0,0,0,0,0,0
200290,2,1,1996,0,0,0,0,0,0,0,0,0,0
200291,1,1,1996,2,2,2,2,2,2,2,2,2,2
200292,0,1,1996,0,0,0,0,0,0,0,0,0,0
200292,1,1,1996,0,0,0,0,0,0,0,0,0,0
200293,1,1,1996,0,0,0,0,0,0,0,0,0,0
200293,2,1,1996,0,0,0,0,0,0,0,0,0,0
200294,1,1,1996,22,22,22,22,22,22,22,22,22,22
200295,1,1,1996,24,24,24,24,24,24,24,24,24,24
200295,2,1,1996,0,0,0,0,0,0,0,0,0,0
200296,1,1,1996,0,0,0,0,0,0,0,0,0,0
200297,1,1,1996,0,0,0,0,0,0,0,0,12,0
200298,1,1,1996,0,0,0,0,0,0,0,0,0,0
200299,1,1,1996,0,0,0,0,0,0,0,0,0,0
200299,2,1,1996,0,0,0,0,0,0,0,0,0,0
200302,1,1,1996,2,2,2,2,2,2,2,2,2,2
200303,1,1,1996,0,0,0,0,0,0,0,0,0,0
200303,2,1,1996,25,25,25,25,25,25,25,25,25,25
200304,1,1,1996,0,0,0,0,0,0,0,0,0,0
200304,2,1,1996,6,6,6,6,6,6,6,6,6,6
200305,1,1,1996,0,0,0,0,10,0,0,9,0,0
200305,2,1,1996,0,0,0,0,0,0,0,0,0,0
200306,1,1,1996,0,0,0,0,0,0,0,0,0,0
200306,2,1,1996,0,0,0,0,0,0,0,0,0,0
200307,0,1,1996,22,22,22,22,22,22,22,22,22,22
200307,1,1,1996,11,22,27,19,19,18,6,23,0,13
200308,1,1,1996,0,0,0,0,0,0,0,0,0,0
200309,0,1,1996,0,28,17,0,42,0,0,8,17,35
200309,1,1,1996,0,0,0,0,0,0,0,0,0,0
200310,1,1,1996,22,22,22,22,22,22,22,22,22,22
200311,1,1,1996,68,68,68,68,68,68,68,68,68,68
200312,1,1,1996,0,0,0,0,0,0,0,0,0,17
200312,2,1,1996,0,0,0,0,0,0,0,0,0,0
200313,1,1,1996,0,0,0,0,0,0,0,0,0,0
200313,2,1,1996,0,0,0,0,0,0,0,0,0,0
200314,1,1,1996,0,0,0,13,0,0,0,0,0,0
200314,2,1,1996,0,0,0,0,0,0,0,0,0,0
200315,1,1,1996,19,19,19,19,19,19,19,19,19,19
200316,1,1,1996,0,0,0,0,0,0,0,0,0,0
200316,2,1,1996,0,13,0,0,0,0,0,0,0,0
200317,1,1,1996,0,0,0,0,0,0,0,0,0,0
200318,1,1,1996,15,15,15,15,15,15,15,15,15,15
200319,1,1,1996,20,20,20,20,20,20,20,20,20,20
200320,1,1,1996,19,19,19,19,19,19,19,19,19,19
200321,1,1,1996,0,0,0,0,0,0,0,20,0,0
200321,2,1,1996,0,0,0,0,8,14,0,0,0,0
200321,3,1,1996,7,7,7,7,7,7,7,7,7,7
200321,4,1,1996,0,0,0,20,0,0,8,0,0,0
200322,0,1,1996,0,0,9,0,0,0,0,0,0,0
200322,0,2,1996,0,0,0,7,0,0,16,29,15,0
200322,1,1,1996,0,0,0,0,0,0,0,0,0,0
200323,1,1,1996,0,0,0,0,0,0,0,0,0,0
200323,2,1,1996,0,0,0,0,0,0,0,0,0,0
200324,1,1,1996,0,0,0,0,0,0,0,0,0,0
200325,1,1,1996,19,19,19,19,19,19,19,19,19,19
200325,2,1,1996,0,0,0,0,0,0,0,0,0,0
200326,1,1,1996,21,21,21,21,21,21,21,21,21,21
200326,2,1,1996,0,0,0,0,0,0,0,0,0,0
200327,1,1,1996,0,0,0,0,0,0,0,0,0,0
200327,2,1,1996,0,0,0,0,0,0,0,0,0,0
200328,1,1,1996,5,0,0,0,0,0,0,0,0,18
200328,2,1,1996,0,0,2,0,0,0,0,0,0,0
200329,1,1,1996,0,0,0,0,0,0,0,0,0,0
200329,2,1,1996,0,0,0,0,0,0,0,0,0,0
200330,1,1,1996,12,11,6,11,0,5,0,0,12,17
200331,1,1,1996,0,0,13,0,0,0,0,15,0,0
200331,2,1,1996,0,0,0,15,0,18,21,0,0,0
200332,1,1,1996,0,0,0,0,0,0,0,0,0,0
200332,2,1,1996,0,0,0,0,0,0,0,0,0,0
200333,1,1,1996,0,0,0,0,0,0,0,0,0,0
200333,2,1,1996,0,0,0,0,0,0,0,0,0,0
200334,1,1,1996,0,0,0,0,0,0,0,0,0,0
200334,2,1,1996,0,0,0,0,0,0,0,0,0,0
200335,1,1,1996,0,0,0,0,0,0,0,0,0,0
200336,1,1,1996,0,0,0,0,0,0,0,0,0,0
200337,1,1,1996,21,21,21,21,21,21,21,21,21,21
200338,1,1,1996,26,13,20,12,17,10,12,12,10,23
200339,1,1,1996,0,0,0,0,0,0,0,0,0,0
200340,0,1,1996,0,0,0,0,0,0,0,0,0,0
200340,1,1,1996,13,22,10,0,9,0,17,0,20,12
200341,1,1,1996,6,6,6,6,6,6,6,6,6,6
200342,1,1,1996,0,0,0,0,0,0,0,0,0,0
200342,2,1,1996,0,0,0,0,0,0,0,0,0,0
200343,1,1,1996,11,0,0,0,0,0,0,0,0,0
200343,2,1,1996,0,0,0,0,0,0,0,0,0,0
200344,1,1,1996,0,0,0,0,0,0,0,0,0,0
200344,2,1,1996,0,0,0,0,0,0,0,0,0,0
200345,1,1,1996,0,0,0,0,0,0,0,0,0,0
200345,2,1,1996,0,0,0,0,0,0,0,0,0,0
200346,1,1,1996,0,14,0,0,0,9,0,11,0,0
200347,1,1,1996,0,0,0,0,0,0,0,0,0,0
200348,1,1,1996,0,0,0,0,0,0,0,0,0,0
200348,2,1,1996,0,0,0,0,0,0,0,0,0,0
200349,1,1,1996,0,0,0,0,0,0,0,0,0,0
200349,2,1,1996,0,0,0,0,0,0,0,0,0,0
200350,1,1,1996,0,0,0,0,0,0,0,0,0,0
200351,1,1,1996,34,34,34,34,34,34,34,34,34,34
200352,1,1,1996,15,15,15,15,15,15,15,15,15,15
200353,1,1,1996,0,0,0,0,0,0,0,0,0,0
200353,2,1,1996,0,0,0,0,0,0,0,0,0,0
200354,1,1,1996,28,28,28,28,28,28,28,28,28,28
200355,1,1,1996,0,0,0,0,0,0,0,0,0,0
200355,2,1,1996,0,0,0,0,0,0,0,0,0,0
200356,1,1,1996,0,0,0,0,0,0,0,0,0,0
200356,2,1,1996,0,6,0,0,2,0,0,0,0,0
200357,1,1,1996,3,3,3,3,3,3,3,3,3,3
200357,2,1,1996,0,0,0,0,0,0,0,0,0,0
200358,1,1,1996,0,0,0,0,0,0,0,0,33,0
200359,1,1,1996,0,5,0,0,0,3,0,0,0,0
200359,2,1,1996,0,0,0,0,0,0,0,0,0,0
200360,1,1,1996,0,0,0,0,0,0,0,0,0,0
200360,2,1,1996,0,0,0,0,0,0,0,0,0,0
200361,1,1,1996,26,26,26,26,26,26,26,26,26,26
200362,1,1,1996,0,0,0,0,0,0,0,0,0,0
200362,2,1,1996,0,0,0,0,0,0,0,0,0,0
200363,1,1,1996,0,0,0,0,0,0,0,0,0,0
200363,2,1,1996,0,11,0,0,0,0,0,0,0,0
200365,1,1,1996,0,0,0,0,0,0,0,0,0,0
200366,1,1,1996,6,6,6,6,6,6,6,6,6,6
200367,1,1,1996,0,0,0,0,0,0,0,0,4,0
200367,2,1,1996,18,18,18,18,18,18,18,18,18,18
200367,3,1,1996,0,0,0,0,0,0,0,0,0,10
200368,1,1,1996,0,0,0,0,0,0,0,0,0,0
200368,2,1,1996,16,0,0,0,0,0,0,0,0,0
200369,1,1,1996,0,0,0,0,0,0,0,0,0,0
200370,1,1,1996,0,0,0,0,0,0,0,0,0,13
200371,1,1,1996,22,0,0,0,27,0,0,0,0,0
200372,1,1,1996,0,0,0,0,0,0,0,0,0,0
200372,2,1,1996,0,0,0,0,0,0,0,0,0,0
200373,1,1,1996,0,0,0,0,0,0,0,0,0,0
200374,1,1,1996,0,0,0,0,0,0,0,0,0,0
200375,1,1,1996,0,0,0,0,0,0,0,0,0,0
200375,2,1,1996,0,0,0,0,0,0,0,0,0,0
200376,1,1,1996,0,0,0,0,0,0,0,0,0,0
200376,2,1,1996,15,0,0,10,0,0,0,0,0,0
200378,0,1,1996,0,0,0,0,0,0,0,0,0,0
200378,0,2,1996,0,10,0,0,0,13,0,25,0,10
200378,2,1,1996,0,0,0,0,0,0,0,0,0,0
200378,3,1,1996,0,0,0,0,0,0,0,0,0,0
200379,1,1,1996,23,23,23,23,23,23,23,23,23,23
200380,1,1,1996,0,0,0,0,0,0,0,0,0,0
200381,1,1,1996,0,0,0,0,0,0,0,0,0,0
200382,1,1,1996,9,24,19,14,10,30,8,17,15,23
200383,1,1,1996,0,0,0,0,0,0,0,0,0,0
200383,2,1,1996,0,0,27,0,0,0,0,0,0,0
200384,1,1,1996,18,18,18,18,18,18,18,18,18,18
200385,1,1,1996,0,0,0,0,11,0,0,0,0,0
200385,2,1,1996,0,0,0,0,0,0,0,0,0,0
200385,3,1,1996,0,0,0,0,0,0,0,0,0,0
200385,4,1,1996,0,11,0,0,0,0,0,0,0,0
200386,0,1,1996,0,0,0,0,0,0,0,0,0,0
200386,1,1,1996,3,3,3,3,3,3,3,3,3,3
200387,0,1,1996,1,1,1,1,1,1,1,1,1,1
200387,1,1,1996,1,1,1,1,1,1,1,1,1,1
200388,1,1,1996,0,0,0,0,0,0,0,0,0,0
200389,1,1,1996,17,17,17,17,17,17,17,17,17,17
200389,2,1,1996,0,0,0,0,0,0,0,0,0,0
200390,1,1,1996,0,0,0,0,0,0,0,0,0,0
200390,2,1,1996,0,0,0,0,0,0,0,0,0,0
200391,1,1,1996,20,20,20,20,20,20,20,20,20,20
200392,1,1,1996,21,7,6,15,12,22,15,9,5,13
200392,2,1,1996,24,24,24,24,24,24,24,24,24,24
200393,1,1,1996,0,0,0,0,0,0,0,0,0,0
200393,2,1,1996,0,0,0,0,0,0,0,0,0,0
200394,1,1,1996,0,0,0,0,0,0,0,0,0,0
200395,1,1,1996,21,21,21,21,21,21,21,21,21,21
200395,2,1,1996,0,0,0,0,0,0,0,0,0,0
200396,1,1,1996,23,13,28,5,0,12,0,5,0,0
200397,1,1,1996,0,0,0,0,0,0,0,0,0,0
200397,2,1,1996,0,0,0,0,0,0,0,0,0,0
200398,1,1,1996,0,0,0,0,0,0,0,0,0,0
200398,2,1,1996,0,0,0,0,0,0,0,0,0,0
200399,1,1,1996,0,0,0,0,0,0,0,0,0,0
200400,1,1,1996,15,15,15,15,15,15,15,15,15,15
200400,2,1,1996,0,0,0,0,0,0,5,0,0,0
200401,1,1,1996,0,0,0,0,0,0,0,0,0,0
200402,1,1,1996,3,3,3,3,3,3,3,3,3,3
200402,2,1,1996,0,0,0,0,0,0,0,0,0,0
200403,1,1,1996,0,0,0,0,0,0,0,0,0,0
200403,2,1,1996,0,0,0,0,0,0,0,0,0,0
200404,1,1,1996,0,0,0,0,0,0,0,0,0,0
200404,2,1,1996,0,0,0,0,0,0,0,0,0,0
200405,1,1,1996,0,0,0,0,0,0,0,0,0,0
200406,1,1,1996,0,0,0,0,0,0,0,0,0,0
200406,2,1,1996,2,2,2,2,2,2,2,2,2,2
200407,1,1,1996,0,0,0,0,0,0,0,0,0,0
200407,2,1,1996,0,0,0,0,0,0,0,0,0,0
200408,0,1,1996,16,14,37,17,22,41,13,27,19,0
200408,1,1,1996,0,0,0,0,0,0,0,0,0,0
200409,1,1,1996,0,0,0,0,0,0,0,0,0,0
200409,2,1,1996,0,0,0,0,0,0,0,0,0,0
200409,3,1,1996,0,0,0,0,0,0,0,0,0,0
200410,1,1,1996,0,0,0,0,0,0,0,0,0,0
200411,1,1,1996,6,6,6,6,6,6,6,6,6,6
200411,2,1,1996,0,0,0,0,0,0,0,0,0,0
200412,1,1,1996,31,31,31,31,31,31,31,31,31,31
200412,2,1,1996,0,0,0,0,0,0,0,0,0,0
200413,1,1,1996,0,0,0,0,0,0,0,0,0,0
200414,1,1,1996,0,0,0,0,0,0,0,0,0,0
200414,2,1,1996,0,0,16,4,0,0,0,0,0,0
200415,1,1,1996,0,0,7,18,0,24,20,0,19,0
200415,2,1,1996,0,0,0,0,0,0,0,0,0,0
200416,1,1,1996,0,0,0,0,0,0,0,0,0,0
200416,2,1,1996,0,0,0,0,0,0,0,0,0,0
200417,1,1,1996,18,18,18,18,18,18,18,18,18,18
200418,1,1,1996,0,0,0,0,0,0,0,0,0,0
200418,2,1,1996,0,0,0,0,0,0,0,0,0,0
200419,1,1,1996,0,0,0,0,0,0,0,0,0,0
200420,1,1,1996,0,0,16,14,8,0,0,0,0,26
200420,2,1,1996,11,16,0,0,19,59,33,16,5,9
200421,1,1,1996,0,0,0,0,0,0,0,0,0,0
200421,2,1,1996,0,0,0,0,0,0,0,0,0,0
200421,3,1,1996,0,0,0,0,0,0,0,0,0,0
200421,4,1,1996,0,0,0,0,0,0,0,0,0,0
200422,1,1,1996,20,20,20,20,20,20,20,20,20,20
200423,1,1,1996,15,15,15,15,15,15,15,15,15,15
200424,1,1,1996,25,25,25,25,25,25,25,25,25,25
200425,1,1,1996,0,0,0,0,0,0,0,0,0,0
200425,2,1,1996,0,0,0,0,0,0,0,0,0,0
200426,1,1,1996,22,22,22,22,22,22,22,22,22,22
200427,1,1,1996,0,0,0,0,0,0,0,0,0,0
200427,2,1,1996,0,0,0,0,0,0,0,0,0,0
200428,1,1,1996,0,0,0,0,0,0,0,0,0,0
200429,1,1,1996,0,0,0,0,0,0,0,0,0,0
200429,2,1,1996,0,0,0,0,0,0,12,0,0,0
200429,3,1,1996,0,0,0,0,0,0,0,0,0,0
200430,1,1,1996,15,15,15,15,15,15,15,15,15,15
200431,1,1,1996,0,0,0,0,0,0,0,0,0,0
200431,2,1,1996,0,0,0,0,0,0,0,0,0,0
200431,3,1,1996,0,0,0,0,0,0,0,0,0,0
200431,4,1,1996,0,0,0,0,0,0,0,0,0,0
200432,1,1,1996,0,0,0,0,0,0,0,0,0,0
200432,2,1,1996,0,0,0,0,0,0,0,0,0,0
200433,1,1,1996,0,0,0,0,35,25,0,0,0,11
200433,2,1,1996,0,13,0,0,0,0,0,0,0,0
200435,1,1,1996,15,0,0,11,10,9,0,0,0,0
200436,1,1,1996,3,3,3,3,3,3,3,3,3,3
200437,1,1,1996,0,0,0,0,0,0,0,0,0,0
200437,2,1,1996,0,0,0,0,0,0,0,0,0,0
200438,1,1,1996,0,0,0,0,0,0,0,0,0,0
200438,2,1,1996,0,0,0,0,0,0,0,0,0,0
200439,1,1,1996,0,0,0,0,0,0,0,0,0,0
200440,1,1,1996,16,16,16,16,16,16,16,16,16,16
200441,1,1,1996,15,15,15,15,15,15,15,15,15,15
200442,0,1,1996,22,22,22,22,22,22,22,22,22,22
200442,1,1,1996,0,0,0,0,0,0,0,0,0,0
200443,1,1,1996,0,0,0,0,0,0,0,0,0,0
200443,2,1,1996,0,0,0,0,0,0,0,0,0,0
200444,0,1,1996,0,0,0,0,0,0,0,23,0,19
200444,1,1,1996,0,0,0,0,0,0,0,0,0,0
200444,2,1,1996,0,0,0,0,0,0,0,0,0,0
200444,3,1,1996,0,0,0,8,0,0,0,0,0,0
200444,4,1,1996,0,0,0,0,0,0,6,0,0,0
200444,5,1,1996,0,0,28,0,4,0,0,0,0,3
200444,6,1,1996,0,0,0,0,0,0,22,0,0,0
200445,1,1,1996,0,0,0,0,0,0,0,0,0,0
200445,2,1,1996,0,0,0,0,0,0,0,0,0,0
200445,3,1,1996,0,0,0,0,0,0,0,0,0,0
200446,1,1,1996,0,0,0,0,0,0,0,0,0,0
200446,2,1,1996,6,13,48,17,25,22,17,36,11,18
200447,1,1,1996,0,0,0,0,0,0,0,0,0,0
200448,1,1,1996,0,0,0,0,0,0,0,0,0,0
200449,1,1,1996,0,0,0,0,0,0,0,0,0,0
200450,1,1,1996,0,0,0,0,0,0,0,0,0,0
200450,2,1,1996,0,0,0,0,0,0,0,0,0,0
200451,1,1,1996,16,16,16,16,16,16,16,16,16,16
200452,1,1,1996,0,0,0,0,0,0,0,0,0,0
200452,2,1,1996,22,22,22,22,22,22,22,22,22,22
200453,1,1,1996,20,20,20,20,20,20,20,20,20,20
200454,1,1,1996,18,18,18,18,18,18,18,18,18,18
200455,0,1,1996,21,21,21,21,21,21,21,21,21,21
200455,1,1,1996,0,0,0,0,0,0,0,0,0,0
200456,1,1,1996,9,9,9,9,9,9,9,9,9,9
200457,1,1,1996,22,0,0,0,0,0,0,0,0,0
200457,2,1,1996,0,0,0,0,0,0,0,0,0,0
200458,1,1,1996,0,0,0,0,0,0,0,0,0,0