ST_CASE,VEH_NO,PER_NO,YEAR,P1,P2,P3,P4,P5,P6,P7,P8,P9,P10
200458,2,1,1996,21,21,21,21,21,21,21,21,21,21
210001,1,1,1996,8,8,8,8,8,8,8,8,8,8
210002,1,1,1996,26,0,0,0,0,0,9,0,0,0
210003,1,1,1996,0,0,0,0,0,14,0,11,0,0
210004,1,1,1996,0,0,0,0,0,0,0,0,0,0
210004,2,1,1996,0,0,0,0,0,0,0,0,0,0
210005,1,1,1996,0,0,0,0,0,0,0,0,0,0
210006,1,1,1996,21,21,21,21,21,21,21,21,21,21
210007,1,1,1996,0,0,0,0,0,0,0,0,0,0
210007,2,1,1996,0,0,0,0,0,0,0,0,0,0
210007,3,1,1996,0,0,0,0,0,0,0,0,0,0
210007,4,1,1996,10,0,0,0,0,0,0,0,0,0
210008,0,1,1996,0,0,0,18,0,0,0,0,0,18
210008,1,1,1996,0,0,0,0,0,0,0,0,0,0
210009,1,1,1996,0,0,0,0,0,0,0,0,0,0
210010,1,1,1996,19,19,19,19,19,19,19,19,19,19
210011,1,1,1996,0,0,0,0,0,0,0,0,0,0
210011,2,1,1996,0,0,0,0,0,0,0,0,0,0
210011,3,1,1996,0,0,0,0,0,0,0,0,0,0
210012,1,1,1996,10,0,0,2,6,0,0,0,10,0
210012,2,1,1996,0,0,0,0,0,0,0,0,0,0
210013,1,1,1996,25,25,25,25,25,25,25,25,25,25
210014,1,1,1996,11,22,29,6,10,16,5,30,28,6
210015,1,1,1996,0,0,0,0,0,0,0,0,0,0
210016,1,1,1996,0,0,0,0,0,0,0,0,0,0
210016,2,1,1996,0,0,0,0,0,0,0,0,0,0
210017,1,1,1996,19,19,19,19,19,19,19,19,19,19
210017,2,1,1996,0,0,0,0,0,0,0,0,0,0
210018,1,1,1996,22,21,7,17,29,0,22,28,20,22
210019,0,1,1996,0,20,28,14,0,28,11,13,11,0
210019,1,1,1996,0,0,0,0,0,0,0,0,0,0
210020,1,1,1996,0,0,0,0,0,0,0,0,0,0
210020,2,1,1996,0,0,0,0,0,0,0,0,0,0
210021,1,1,1996,31,31,31,31,31,31,31,31,31,31
210022,1,1,1996,0,0,0,0,0,0,0,0,0,0
210022,2,1,1996,0,0,0,0,0,0,0,0,0,0
210023,1,1,1996,0,0,0,0,0,0,0,0,0,0
210023,2,1,1996,0,0,0,0,0,0,0,0,0,0
210024,1,1,1996,0,0,0,0,0,0,0,0,0,0
210024,2,1,1996,0,0,19,0,22,0,0,0,0,0
210025,1,1,1996,0,0,0,0,0,0,0,0,0,0
210025,2,1,1996,0,0,0,0,0,0,0,0,0,0
210025,3,1,1996,0,0,0,0,0,0,0,0,0,0
210026,1,1,1996,0,17,0,0,0,0,0,0,0,0
210027,1,1,1996,0,0,0,0,0,0,0,0,0,0
210027,2,1,1996,0,0,0,0,0,0,0,0,0,0
210028,0,1,1996,0,0,0,0,0,0,0,0,0,10
210028,1,1,1996,0,0,0,0,0,0,0,0,0,0
210029,1,1,1996,0,0,0,0,0,0,0,0,0,0
210029,2,1,1996,0,0,0,0,0,0,0,0,0,0
210030,1,1,1996,23,20,8,31,10,21,17,12,28,38
210030,2,1,1996,0,0,0,0,0,0,0,0,0,0
210031,0,1,1996,0,0,0,0,0,0,0,0,0,0
210031,1,1,1996,0,0,0,0,0,0,0,0,0,0
210032,1,1,1996,0,12,0,0,0,0,0,0,0,0
210032,2,1,1996,0,0,0,0,0,0,0,0,0,0
210033,1,1,1996,24,24,24,24,24,24,24,24,24,24
210034,0,1,1996,0,0,17,0,0,0,0,0,0,19
210034,0,2,1996,0,0,0,0,0,0,0,0,0,0
210034,1,1,1996,0,0,0,0,0,0,0,0,0,0
210035,1,1,1996,0,0,0,0,0,0,0,0,0,0
210035,2,1,1996,0,0,21,0,0,0,0,0,0,0
210036,1,1,1996,5,5,5,5,5,5,5,5,5,5
210037,1,1,1996,20,20,20,20,20,20,20,20,20,20
210038,1,1,1996,10,4,4,6,13,1,16,29,13,14
210039,1,1,1996,0,0,0,0,0,0,0,0,0,0
210040,1,1,1996,10,10,10,10,10,10,10,10,10,10
210041,1,1,1996,0,0,0,0,0,0,0,0,0,0
210042,1,1,1996,16,16,16,16,16,16,16,16,16,16
210043,1,1,1996,13,13,13,13,13,13,13,13,13,13
210044,1,1,1996,0,0,0,0,0,0,0,0,0,0
210044,2,1,1996,0,0,0,0,0,0,0,0,0,0
210044,3,1,1996,0,0,0,0,0,0,0,0,0,0
210045,1,1,1996,0,0,25,0,0,0,0,0,0,0
210046,1,1,1996,33,33,33,33,33,33,33,33,33,33
210047,0,1,1996,0,0,0,0,0,0,0,0,0,0
210047,1,1,1996,0,0,0,0,0,0,0,0,0,0
210048,1,1,1996,9,4,33,20,29,14,24,20,7,0
210049,1,1,1996,6,16,37,20,38,16,9,8,24,7
210049,2,1,1996,0,0,0,0,0,0,0,0,0,0
210050,1,1,1996,0,0,0,0,0,0,0,0,0,0
210050,2,1,1996,0,3,0,0,0,0,0,0,0,0
210051,1,1,1996,0,0,0,0,0,0,0,0,0,0
210052,1,1,1996,28,18,0,25,0,12,27,0,0,12
210053,1,1,1996,41,41,41,41,41,41,41,41,41,41
210054,1,1,1996,30,0,0,0,0,0,0,0,0,0
210055,1,1,1996,19,19,19,19,19,19,19,19,19,19
210056,1,1,1996,19,19,19,19,19,19,19,19,19,19
210057,1,1,1996,0,0,0,0,0,0,0,0,0,0
210058,1,1,1996,5,5,5,5,5,5,5,5,5,5
210059,1,1,1996,0,0,0,0,0,0,0,0,0,0
210060,1,1,1996,0,0,0,0,0,0,0,0,0,0
210060,2,1,1996,0,0,0,0,0,0,0,0,0,0
210061,1,1,1996,0,0,15,0,0,0,0,0,0,0
210061,2,1,1996,0,0,0,0,0,0,0,0,0,0
210062,1,1,1996,25,25,25,25,25,25,25,25,25,25
210063,1,1,1996,0,0,0,0,0,0,0,0,0,0
210064,1,1,1996,13,13,13,13,13,13,13,13,13,13
210065,1,1,1996,17,17,17,17,17,17,17,17,17,17
210065,2,1,1996,0,0,0,0,0,0,0,0,0,0
210066,1,1,1996,0,0,0,0,0,0,0,0,0,0
210067,1,1,1996,0,0,0,0,0,0,0,0,0,0
210068,1,1,1996,0,0,0,0,0,0,0,0,0,0
210068,2,1,1996,0,0,0,0,0,0,0,0,0,0
210069,1,1,1996,6,6,6,6,6,6,6,6,6,6
210070,1,1,1996,0,0,0,4,0,0,0,0,0,0
210071,1,1,1996,0,0,7,0,0,0,0,0,22,0
210072,1,1,1996,0,0,0,0,0,0,0,0,0,0
210072,2,1,1996,0,0,0,0,0,0,0,0,0,0
210073,1,1,1996,0,0,0,0,0,0,0,0,0,0
210073,2,1,1996,0,0,0,0,0,0,0,0,0,0
210074,1,1,1996,0,0,0,0,0,0,0,0,0,0
210075,1,1,1996,0,0,0,0,0,0,0,0,0,0
210075,2,1,1996,0,0,0,0,0,0,0,0,0,0
210075,3,1,1996,0,0,0,0,0,0,0,0,0,0
210076,1,1,1996,0,19,0,0,0,0,0,0,0,0
210077,1,1,1996,0,0,0,0,0,0,0,0,0,0
210077,2,1,1996,0,0,0,0,0,0,0,0,0,0
210078,1,1,1996,0,0,0,0,0,0,0,0,0,0
210078,2,1,1996,0,0,0,0,0,0,0,0,0,0
210079,1,1,1996,0,0,0,0,0,0,0,0,0,0
210079,2,1,1996,0,2,0,0,0,0,0,0,0,0
210080,1,1,1996,0,0,0,0,0,0,0,0,0,0
210081,1,1,1996,13,0,31,19,8,22,16,18,0,15
210082,1,1,1996,0,0,0,0,0,0,0,0,0,0
210082,2,1,1996,0,0,0,0,0,0,0,0,0,0
210083,1,1,1996,16,12,0,21,17,16,19,11,31,32
210084,1,1,1996,0,0,0,0,0,0,0,0,0,0
210085,1,1,1996,0,0,0,0,0,0,0,0,0,0
210085,2,1,1996,0,0,0,0,0,0,0,0,0,20
210085,3,1,1996,0,0,0,0,0,0,7,0,0,0
210085,4,1,1996,0,0,0,0,0,0,0,0,0,0
210085,5,1,1996,10,0,0,0,0,0,0,0,0,0
210086,1,1,1996,27,27,27,27,27,27,27,27,27,27
210087,1,1,1996,9,9,9,9,9,9,9,9,9,9
210088,1,1,1996,20,20,20,20,20,20,20,20,20,20
210089,1,1,1996,0,15,0,0,0,0,0,0,0,0
210090,1,1,1996,0,0,0,0,0,0,0,0,0,0
210091,1,1,1996,0,0,0,0,0,0,0,0,0,0
210091,2,1,1996,0,0,0,0,0,0,0,0,0,0
210092,1,1,1996,20,20,20,20,20,20,20,20,20,20
210092,2,1,1996,7,7,7,7,7,7,7,7,7,7
210093,0,1,1996,0,0,0,0,0,0,0,0,0,0
210093,1,1,1996,0,0,0,0,0,0,0,0,0,0
210094,1,1,1996,1,1,1,1,1,1,1,1,1,1
210095,0,1,1996,0,0,0,0,9,8,0,0,0,10
210095,1,1,1996,0,0,0,0,0,0,0,0,0,0
210096,1,1,1996,0,0,0,0,0,0,0,0,0,0
210096,2,1,1996,0,0,0,0,0,0,0,24,0,0
210097,0,1,1996,0,0,0,0,6,0,0,0,0,0
210097,2,1,1996,0,0,0,0,0,0,0,0,0,0
210098,1,1,1996,0,0,0,0,0,0,0,0,0,0
210098,2,1,1996,0,0,0,0,0,0,0,0,0,0
210099,1,1,1996,0,0,0,0,0,0,0,0,0,0
210099,2,1,1996,0,0,0,0,0,0,0,0,0,0
210100,1,1,1996,0,0,0,0,17,22,7,0,0,0
210100,2,1,1996,0,0,0,0,0,0,0,0,0,12
210100,3,1,1996,0,0,0,0,0,0,0,0,0,0
210101,1,1,1996,0,0,0,0,0,0,0,0,0,0
210101,2,1,1996,0,0,0,0,0,0,0,0,0,0
210101,3,1,1996,0,0,0,0,0,0,0,0,0,0
210101,4,1,1996,0,0,0,0,0,0,0,0,0,0
210102,1,1,1996,20,20,20,20,20,20,20,20,20,20
210103,1,1,1996,0,0,0,0,0,0,0,0,0,0
210103,2,1,1996,0,11,0,0,0,0,0,0,0,0
210103,3,1,1996,0,0,0,0,0,0,0,0,0,0
210104,1,1,1996,13,16,20,32,31,22,20,18,3,8
210105,1,1,1996,0,0,0,0,0,0,0,0,0,0
210105,2,1,1996,0,0,0,0,0,0,0,0,0,0
210106,1,1,1996,0,0,0,0,0,0,0,0,0,0
210106,2,1,1996,0,0,0,0,0,0,0,0,0,0
210106,3,1,1996,0,0,0,0,0,0,6,0,0,20
210107,1,1,1996,18,8,14,20,23,7,14,16,27,12
210107,2,1,1996,0,0,0,0,0,0,0,0,0,0
210108,1,1,1996,12,12,12,12,12,12,12,12,12,12
210108,2,1,1996,0,0,0,0,0,0,0,0,0,0
210109,1,1,1996,0,0,0,0,0,0,0,0,0,0
210109,2,1,1996,0,0,0,0,0,0,0,0,0,0
210110,1,1,1996,0,0,0,0,0,0,0,0,0,0
210110,2,1,1996,0,0,9,0,0,0,0,0,0,0
210111,1,1,1996,0,0,0,0,0,0,0,0,0,0
210111,2,1,1996,0,0,0,0,0,0,0,0,0,0
210112,1,1,1996,0,0,0,0,0,0,0,0,0,0
210112,2,1,1996,0,0,0,0,0,0,0,0,0,0
210113,1,1,1996,0,0,0,0,0,0,0,0,0,0
210114,1,1,1996,0,0,0,0,0,0,0,0,0,0
210115,0,1,1996,0,0,0,0,22,0,0,0,0,0
210115,1,1,1996,0,0,0,0,0,0,0,0,0,0
210116,1,1,1996,14,14,14,14,14,14,14,14,14,14
210116,2,1,1996,0,0,0,0,0,0,0,0,0,0
210117,1,1,1996,0,0,0,0,0,0,0,0,0,0
210118,1,1,1996,0,0,0,0,0,0,0,0,0,0
210118,2,1,1996,0,0,0,0,0,0,0,0,0,0
210120,1,1,1996,0,0,0,0,0,0,0,0,0,0
210121,1,1,1996,17,0,0,0,0,0,0,0,9,0
210122,1,1,1996,16,16,16,16,16,16,16,16,16,16
210122,2,1,1996,0,0,0,0,0,0,0,0,0,0
210123,1,1,1996,0,0,0,0,0,0,0,0,0,0
210124,1,1,1996,17,17,17,17,17,17,17,17,17,17
210125,1,1,1996,0,0,0,0,0,0,0,0,0,0
210125,2,1,1996,0,0,0,0,0,0,0,0,0,0
210126,1,1,1996,2,2,2,2,2,2,2,2,2,2
210127,1,1,1996,0,0,0,0,0,0,0,0,0,0
210128,1,1,1996,0,0,0,0,0,0,0,0,0,0
210129,1,1,1996,0,0,0,0,0,0,0,0,0,0
210130,1,1,1996,2,2,2,2,2,2,2,2,2,2
210130,2,1,1996,0,0,0,0,0,0,0,0,0,0
210131,1,1,1996,30,30,10,12,31,14,0,22,11,33
210132,1,1,1996,15,14,19,22,23,21,19,15,25,0
210132,2,1,1996,5,5,5,5,5,5,5,5,5,5
210133,1,1,1996,0,0,0,0,0,0,0,0,0,0
210133,2,1,1996,0,0,0,0,0,0,0,0,0,0
210134,1,1,1996,0,0,0,0,0,0,0,0,0,0
210134,2,1,1996,0,0,0,0,0,0,0,0,0,0
210135,1,1,1996,0,0,0,0,0,0,0,0,0,0
210135,2,1,1996,0,0,0,0,0,0,0,0,0,0
210136,1,1,1996,0,0,0,0,0,0,0,0,0,0
210137,1,1,1996,0,0,0,0,25,0,0,0,0,0
210138,1,1,1996,14,14,14,14,14,14,14,14,14,14
210139,1,1,1996,1,1,1,1,1,1,1,1,1,1
210140,1,1,1996,15,15,15,15,15,15,15,15,15,15
210141,1,1,1996,0,0,0,0,0,0,0,0,0,0
210141,2,1,1996,0,13,19,14,0,0,0,0,0,0
210142,1,1,1996,0,0,0,0,0,0,0,0,0,0
210142,2,1,1996,0,4,0,0,0,0,0,0,0,16
210143,1,1,1996,6,6,6,6,6,6,6,6,6,6
210143,2,1,1996,0,0,0,0,0,0,0,0,0,0
210144,1,1,1996,6,6,6,6,6,6,6,6,6,6
210144,2,1,1996,0,0,0,0,0,0,0,0,0,0
210145,1,1,1996,8,8,8,8,8,8,8,8,8,8
210146,1,1,1996,23,23,23,23,23,23,23,23,23,23
210146,2,1,1996,0,0,0,0,0,0,0,0,0,0
210147,1,1,1996,0,0,0,0,0,0,0,0,0,0
210148,1,1,1996,0,0,0,0,0,0,0,0,0,0
210148,2,1,1996,0,0,0,0,0,0,0,0,0,0
210149,1,1,1996,14,14,14,14,14,14,14,14,14,14
210150,1,1,1996,5,5,5,5,5,5,5,5,5,5
210151,1,1,1996,22,22,22,22,22,22,22,22,22,22
210152,1,1,1996,19,19,19,19,19,19,19,19,19,19
210153,1,1,1996,0,0,0,0,0,0,0,0,0,0
210154,1,1,1996,0,0,0,0,0,0,0,0,0,0
210154,2,1,1996,0,19,0,0,0,0,0,0,0,0
210155,1,1,1996,0,19,0,0,0,0,0,0,0,0
210155,2,1,1996,0,0,0,0,0,0,0,0,0,0
210156,1,1,1996,23,23,23,23,23,23,23,23,23,23
210156,2,1,1996,0,0,30,17,0,0,19,0,0,0
210157,1,1,1996,28,28,28,28,28,28,28,28,28,28
210158,1,1,1996,0,0,0,0,0,0,0,0,0,0
210158,2,1,1996,0,0,0,0,0,0,0,0,0,0
210159,1,1,1996,21,21,21,21,21,21,21,21,21,21
210160,1,1,1996,18,11,15,9,29,9,11,9,23,5
210160,2,1,1996,0,0,0,0,0,0,0,0,0,0
210160,3,1,1996,0,0,0,0,0,0,0,0,0,0
210161,1,1,1996,12,14,39,3,16,34,15,9,12,16
210162,1,1,1996,15,15,15,15,15,15,15,15,15,15
210162,2,1,1996,18,0,0,0,0,16,0,0,0,0
210163,1,1,1996,13,29,10,9,5,9,17,34,27,24
210164,1,1,1996,0,0,0,0,37,0,0,0,16,0
210165,1,1,1996,18,0,0,0,0,0,0,0,0,0
210166,1,1,1996,4,4,4,4,4,4,4,4,4,4
210167,1,1,1996,0,0,0,0,0,0,0,0,0,0
210168,1,1,1996,0,0,0,0,0,0,0,0,0,0
210169,1,1,1996,18,18,18,18,18,18,18,18,18,18
210170,1,1,1996,0,0,0,0,0,0,0,0,0,0
210171,1,1,1996,0,0,0,0,0,0,0,0,0,0
210172,1,1,1996,0,0,21,15,0,0,0,0,0,10
210173,1,1,1996,3,3,3,3,3,3,3,3,3,3
210174,1,1,1996,0,0,0,0,0,0,0,0,0,0
210175,1,1,1996,0,0,0,0,12,13,0,0,0,0
210176,1,1,1996,0,0,0,0,0,0,0,0,0,0
210177,1,1,1996,0,0,0,0,0,0,0,0,0,0
210177,2,1,1996,0,0,0,0,0,0,0,0,0,0
210178,1,1,1996,0,0,0,0,0,0,0,0,0,0
210178,2,1,1996,19,19,19,19,19,19,19,19,19,19
210179,1,1,1996,38,0,0,30,0,0,0,0,13,0
210179,2,1,1996,0,0,0,14,0,0,0,0,0,0
210181,1,1,1996,0,0,0,0,0,0,0,0,0,0
210181,2,1,1996,0,0,0,0,0,0,0,0,0,0
210182,1,1,1996,0,0,0,0,0,0,0,35,0,0
210182,2,1,1996,0,5,0,0,0,0,0,0,0,0
210183,1,1,1996,0,0,0,0,0,0,0,0,0,0
210183,2,1,1996,0,0,0,0,0,0,0,0,0,0
210184,1,1,1996,17,17,17,17,17,17,17,17,17,17
210185,1,1,1996,0,0,0,0,0,0,0,0,0,0
210185,2,1,1996,0,0,0,8,0,0,0,0,0,0
210185,3,1,1996,0,0,0,0,0,0,0,0,0,0
210186,1,1,1996,0,0,0,0,0,0,0,0,0,3
210186,2,1,1996,0,0,0,0,0,0,0,0,0,0
210186,3,1,1996,0,0,0,0,0,0,0,0,0,0
210187,1,1,1996,0,0,0,0,0,0,0,0,0,0
210188,1,1,1996,0,0,0,0,0,0,0,0,0,0
210189,1,1,1996,0,0,0,0,0,0,0,0,0,0
210189,2,1,1996,0,0,0,0,0,0,0,0,0,0
210190,1,1,1996,0,0,0,0,0,0,0,0,0,0
210190,2,1,1996,0,0,0,11,0,0,0,0,0,0
210191,1,1,1996,0,0,0,0,0,0,10,30,0,0
210192,1,1,1996,0,0,0,0,0,0,0,0,0,0
210192,2,1,1996,0,0,0,0,0,0,0,0,0,0
210193,1,1,1996,0,0,0,0,0,0,0,0,0,0
210193,2,1,1996,0,0,0,0,0,0,0,0,0,0
210194,1,1,1996,0,0,0,0,0,0,0,0,0,0
210194,2,1,1996,0,0,0,0,0,0,0,0,0,0
210195,1,1,1996,6,20,14,0,4,3,28,0,11,4
210196,1,1,1996,8,8,8,8,8,8,8,8,8,8
210196,2,1,1996,0,0,0,0,0,0,0,0,0,0
210197,1,1,1996,0,0,0,0,0,0,0,0,0,0
210197,2,1,1996,0,0,0,0,0,0,0,0,0,0
210198,1,1,1996,0,0,0,0,0,0,0,0,5,0
210198,2,1,1996,0,0,0,0,0,0,0,0,0,0
210200,1,1,1996,0,0,0,0,0,0,0,0,0,0
210200,2,1,1996,4,4,4,4,4,4,4,4,4,4
210201,1,1,1996,0,0,0,0,0,0,0,0,0,0
210201,2,1,1996,0,0,0,0,0,0,0,0,0,0
210202,1,1,1996,0,0,0,0,0,0,0,0,0,0
210202,2,1,1996,0,0,0,0,0,0,0,0,0,0
210203,1,1,1996,0,0,0,0,0,0,0,0,0,0
210203,2,1,1996,0,0,0,0,0,0,0,0,0,0
210204,1,1,1996,0,0,0,16,0,0,0,0,0,0
210204,2,1,1996,0,0,0,0,0,0,0,0,0,0
210205,1,1,1996,22,0,0,0,0,0,0,0,0,0
210206,1,1,1996,0,0,0,0,0,0,0,0,0,0
210206,2,1,1996,0,0,0,0,0,0,0,0,0,0
210207,1,1,1996,0,0,18,0,0,0,0,0,0,0
210208,1,1,1996,0,0,0,0,0,0,0,0,0,0
210208,2,1,1996,0,0,0,0,0,0,0,0,0,0
210208,3,1,1996,0,0,0,0,0,0,0,0,0,0
210209,0,1,1996,0,0,0,0,0,0,0,0,0,0
210209,1,1,1996,0,0,0,0,0,0,0,0,0,0
210210,1,1,1996,0,0,0,0,0,0,0,0,0,0
210211,1,1,1996,0,0,0,0,0,0,0,0,0,0
210211,2,1,1996,0,0,0,0,0,0,0,0,0,0
210212,1,1,1996,20,20,20,20,20,20,20,20,20,20
210213,1,1,1996,10,10,10,10,10,10,10,10,10,10
210214,1,1,1996,0,0,0,0,0,0,0,0,0,0
210215,1,1,1996,0,0,0,0,0,0,0,16,0,11
210216,0,1,1996,0,0,0,0,6,0,0,0,0,0
210216,1,1,1996,0,0,0,0,0,0,0,0,24,0
210217,1,1,1996,0,0,0,0,0,0,0,0,0,0
210218,1,1,1996,0,0,0,0,0,0,0,0,0,0
210219,1,1,1996,17,17,17,17,17,17,17,17,17,17
210220,1,1,1996,0,0,0,0,0,0,0,12,0,0
210220,2,1,1996,0,0,0,0,0,0,0,0,0,0
210221,0,1,1996,0,0,0,0,0,0,0,0,0,0
210221,1,1,1996,0,0,0,0,0,0,0,0,0,0
210221,2,1,1996,0,0,0,0,0,0,0,0,0,0
210222,1,1,1996,0,0,0,0,0,0,0,0,0,0
210222,2,1,1996,0,0,0,0,0,0,0,0,0,0
210223,1,1,1996,0,0,0,0,0,0,0,0,0,0
210223,2,1,1996,0,0,0,0,0,0,0,0,0,0
210223,3,1,1996,0,0,0,0,0,0,0,0,0,0
210224,1,1,1996,13,13,13,13,13,13,13,13,13,13
210225,1,1,1996,9,16,8,8,18,6,8,3,5,26
210226,1,1,1996,13,13,13,13,13,13,13,13,13,13
210226,2,1,1996,0,0,0,0,0,0,0,0,0,0
210228,1,1,1996,0,0,0,0,16,0,0,0,0,0
210228,2,1,1996,0,0,0,0,0,0,0,0,0,28
210229,1,1,1996,0,0,0,0,0,0,0,0,0,0
210230,1,1,1996,7,7,7,7,7,7,7,7,7,7
210230,2,1,1996,21,14,16,7,13,11,0,7,21,10
210231,1,1,1996,17,17,17,17,17,17,17,17,17,17
210232,1,1,1996,0,0,0,0,0,0,19,0,0,0
210232,2,1,1996,0,0,0,0,0,0,0,0,0,0
210233,1,1,1996,0,0,0,0,0,0,0,0,0,0
210234,1,1,1996,0,0,0,0,0,0,0,0,0,0
210236,1,1,1996,0,0,0,0,0,0,13,0,0,0
210237,1,1,1996,0,0,0,0,0,0,0,0,0,0
210238,1,1,1996,0,0,0,0,0,0,0,0,0,0
210239,1,1,1996,0,0,0,0,0,0,0,0,0,0
210239,2,1,1996,0,0,0,0,0,0,0,0,0,0
210240,1,1,1996,0,0,0,0,0,0,0,0,0,0
210241,1,1,1996,0,0,0,0,0,0,0,0,0,0
210242,1,1,1996,0,0,0,0,0,0,0,11,0,0
210243,1,1,1996,0,0,0,0,0,0,0,0,0,0
210244,1,1,1996,0,0,0,0,0,0,0,0,0,0
210245,1,1,1996,0,0,0,0,0,0,0,0,0,0
210246,1,1,1996,16,16,16,16,16,16,16,16,16,16
210247,0,1,1996,0,0,9,0,0,0,0,0,25,7
210247,1,1,1996,0,0,0,0,0,0,0,0,0,0
210247,2,1,1996,0,0,0,0,0,0,0,0,0,0
210248,1,1,1996,1,1,1,1,1,1,1,1,1,1
210248,2,1,1996,25,0,0,0,0,0,0,0,0,11
210249,1,1,1996,0,0,0,0,0,0,0,0,0,0
210249,2,1,1996,0,0,0,0,0,0,0,0,0,0
210249,3,1,1996,0,0,0,0,0,0,0,0,0,0
210250,1,1,1996,0,0,0,0,0,0,0,0,0,0
210250,2,1,1996,0,0,0,0,0,0,0,0,0,0
210251,1,1,1996,25,25,25,25,25,25,25,25,25,25
210251,2,1,1996,0,0,0,0,0,0,0,0,0,0
210252,1,1,1996,0,0,0,0,0,0,0,0,0,0
210252,2,1,1996,0,0,0,0,0,0,0,0,0,0
210253,0,1,1996,0,0,0,0,0,0,23,37,21,0
210253,1,1,1996,0,4,0,40,0,0,0,0,0,0
210253,2,1,1996,4,23,17,14,18,10,11,10,8,0
210254,1,1,1996,0,0,0,0,0,0,0,0,0,0
210254,2,1,1996,0,0,0,0,0,0,0,0,0,0
210255,1,1,1996,0,0,0,0,0,0,0,0,0,0
210255,2,1,1996,11,0,0,0,0,0,0,0,0,0
210256,1,1,1996,0,0,0,0,0,0,0,0,0,0
210256,2,1,1996,0,0,0,0,0,0,0,0,0,0
210256,3,1,1996,0,0,0,0,0,0,0,0,0,0
210257,1,1,1996,0,0,0,0,0,0,0,0,0,0
210257,2,1,1996,0,0,0,0,0,0,0,0,0,0
210257,3,1,1996,0,0,0,0,0,0,0,0,0,0
210258,1,1,1996,0,0,0,0,0,0,0,0,0,0
210258,2,1,1996,0,0,0,0,0,0,0,0,0,0
210259,1,1,1996,0,0,0,0,0,0,0,0,0,0
210260,0,1,1996,25,0,0,0,0,0,0,0,0,0
210260,1,1,1996,0,0,0,0,0,0,0,0,0,0
210261,1,1,1996,0,0,0,0,0,0,0,0,0,0
210262,1,1,1996,0,0,0,0,0,0,0,0,0,0
210263,0,1,1996,0,0,0,0,0,0,0,0,0,0
210263,1,1,1996,0,0,0,0,0,0,0,0,0,0
210264,1,1,1996,0,0,0,0,0,0,0,0,0,0
210265,1,1,1996,0,0,0,0,0,0,0,0,0,0
210266,1,1,1996,0,0,0,0,0,0,0,0,0,0
210266,2,1,1996,18,0,9,24,20,0,12,0,14,9
210267,1,1,1996,0,0,0,0,0,0,0,0,0,0
210267,2,1,1996,0,0,0,0,0,0,0,0,0,0
210268,1,1,1996,0,0,0,0,0,0,0,0,0,0
210269,1,1,1996,13,13,13,13,13,13,13,13,13,13
210269,2,1,1996,0,0,0,0,0,0,0,0,0,0
210269,3,1,1996,0,0,0,0,0,0,0,0,0,0
210270,1,1,1996,0,0,0,0,0,0,0,0,0,0
210270,2,1,1996,0,0,0,0,0,0,0,0,0,0
210270,3,1,1996,0,0,0,0,0,0,0,0,0,0
210271,1,1,1996,14,14,14,14,14,14,14,14,14,14
210272,1,1,1996,0,0,0,0,49,0,0,0,0,0
210272,2,1,1996,0,0,0,0,0,0,0,0,0,0
210273,1,1,1996,0,0,0,0,0,0,0,0,0,0
210274,1,1,1996,0,0,0,0,0,0,0,0,0,0
210274,2,1,1996,0,0,0,0,0,0,0,0,0,0
210275,1,1,1996,0,0,0,0,0,0,0,0,0,0
210275,2,1,1996,0,0,0,0,0,0,0,0,0,0
210276,1,1,1996,38,38,38,38,38,38,38,38,38,38
210277,0,1,1996,0,0,0,0,0,0,0,0,0,0
210277,1,1,1996,0,0,0,0,0,0,0,0,0,0
210278,1,1,1996,0,0,0,0,0,8,0,0,0,0
210279,1,1,1996,0,0,0,0,7,0,0,0,0,0
210279,2,1,1996,0,0,0,0,0,0,0,0,0,0
210280,1,1,1996,0,0,0,0,0,0,0,0,0,0
210280,2,1,1996,0,0,0,0,0,0,0,0,0,0
210280,3,1,1996,0,0,0,0,0,0,0,0,0,0
210281,1,1,1996,0,0,0,0,0,0,0,0,0,0
210281,2,1,1996,0,0,0,0,0,0,0,0,0,0
210282,1,1,1996,19,19,19,19,19,19,19,19,19,19
210282,2,1,1996,0,0,0,0,0,0,0,0,0,0
210283,1,1,1996,0,0,0,0,0,0,0,0,0,18
210283,2,1,1996,0,10,0,0,0,0,0,0,0,0
210284,1,1,1996,0,0,0,0,0,0,0,0,0,0
210284,2,1,1996,0,0,0,0,0,0,0,0,0,0
210285,1,1,1996,0,0,0,0,0,0,0,0,0,0
210286,1,1,1996,0,13,3,21,19,27,16,12,16,14
210287,1,1,1996,11,14,14,19,12,12,11,15,23,16
210288,1,1,1996,16,16,16,16,16,16,16,16,16,16
210289,1,1,1996,6,6,6,6,6,6,6,6,6,6
210290,1,1,1996,0,0,0,0,0,0,0,0,0,0
210290,2,1,1996,0,0,0,0,0,0,0,0,0,0
210291,0,1,1996,13,16,17,12,15,19,11,20,27,22
210291,1,1,1996,0,0,0,0,0,0,0,0,0,0
210292,1,1,1996,11,11,11,11,11,11,11,11,11,11
210293,1,1,1996,0,0,0,0,0,0,0,0,0,0
210293,2,1,1996,8,8,8,8,8,8,8,8,8,8
210294,1,1,1996,13,8,0,13,0,21,12,0,20,0
210295,1,1,1996,0,0,0,0,0,0,0,0,0,0