ST_CASE,VEH_NO,PER_NO,YEAR,P1,P2,P3,P4,P5,P6,P7,P8,P9,P10
210295,2,1,1996,0,0,0,0,0,0,0,0,0,17
210296,1,1,1996,0,0,0,0,0,0,0,0,0,0
210297,1,1,1996,32,32,32,32,32,32,32,32,32,32
210298,1,1,1996,26,26,26,26,26,26,26,26,26,26
210299,1,1,1996,0,0,0,0,0,0,0,0,0,0
210300,1,1,1996,0,0,0,0,0,0,0,0,0,0
210302,1,1,1996,0,0,0,13,0,0,0,0,6,0
210303,1,1,1996,20,20,20,20,20,20,20,20,20,20
210304,0,1,1996,15,11,0,0,21,21,15,14,28,0
210304,1,1,1996,0,2,0,12,0,0,2,0,0,9
210305,1,1,1996,18,11,15,26,21,11,19,19,21,20
210306,1,1,1996,0,0,0,0,0,0,0,0,0,0
210306,2,1,1996,0,0,0,0,0,0,0,0,0,0
210307,1,1,1996,0,0,0,0,0,0,0,0,0,0
210307,2,1,1996,0,0,0,0,0,28,0,0,0,0
210308,0,1,1996,0,0,0,0,0,0,0,0,0,0
210308,1,1,1996,0,0,0,0,0,0,0,0,0,0
210309,1,1,1996,0,0,0,0,0,0,0,0,0,0
210309,2,1,1996,0,0,20,0,0,0,0,0,22,11
210310,1,1,1996,0,0,0,0,0,0,0,0,0,0
210310,2,1,1996,0,0,0,0,0,0,0,0,0,0
210311,1,1,1996,13,13,13,13,13,13,13,13,13,13
210312,1,1,1996,0,0,0,0,0,0,0,0,0,0
210312,2,1,1996,12,12,12,12,12,12,12,12,12,12
210313,1,1,1996,0,0,0,0,0,0,0,0,0,0
210313,2,1,1996,22,22,22,22,22,22,22,22,22,22
210314,1,1,1996,0,0,0,0,0,0,0,0,0,0
210315,1,1,1996,0,0,0,0,0,0,0,0,0,0
210315,2,1,1996,2,2,2,2,2,2,2,2,2,2
210316,1,1,1996,2,2,2,2,2,2,2,2,2,2
210316,2,1,1996,0,0,0,0,0,0,0,0,0,0
210317,1,1,1996,20,20,20,20,20,20,20,20,20,20
210317,2,1,1996,0,0,0,10,0,0,0,0,0,0
210317,3,1,1996,0,0,0,0,0,0,0,0,0,0
210318,1,1,1996,0,0,0,0,0,0,0,0,0,0
210318,2,1,1996,0,0,0,0,0,0,0,0,0,0
210319,1,1,1996,0,0,0,0,0,0,0,0,0,0
210319,2,1,1996,7,0,0,0,0,0,0,0,0,0
210320,1,1,1996,0,0,0,0,0,0,0,0,0,0
210321,1,1,1996,0,0,0,0,0,0,0,0,0,0
210321,2,1,1996,0,0,0,0,0,0,0,0,0,0
210322,1,1,1996,0,0,0,0,0,0,0,0,0,0
210323,1,1,1996,0,0,0,0,0,0,0,0,0,0
210324,1,1,1996,6,16,11,2,36,0,8,23,9,8
210325,1,1,1996,0,0,0,14,0,0,15,0,0,0
210326,1,1,1996,0,0,0,0,0,0,0,0,0,0
210327,1,1,1996,21,21,21,21,21,21,21,21,21,21
210328,1,1,1996,27,27,27,27,27,27,27,27,27,27
210329,1,1,1996,1,1,1,1,1,1,1,1,1,1
210330,1,1,1996,0,0,0,0,0,0,0,0,0,0
210330,2,1,1996,0,0,0,0,0,13,0,0,0,0
210331,1,1,1996,0,0,0,0,0,0,0,0,0,0
210331,2,1,1996,0,0,0,0,0,0,0,0,0,0
210332,1,1,1996,0,0,0,0,0,0,0,0,0,0
210332,2,1,1996,0,0,0,0,0,0,0,0,0,0
210332,3,1,1996,0,0,0,0,0,0,0,0,0,0
210333,1,1,1996,0,0,0,0,0,0,0,0,0,0
210333,2,1,1996,0,0,0,0,0,14,0,0,0,0
210334,1,1,1996,0,0,0,0,0,0,0,0,0,0
210334,2,1,1996,0,0,0,0,0,0,0,0,0,0
210335,1,1,1996,14,31,29,12,12,16,22,16,23,17
210335,2,1,1996,0,18,0,9,0,13,0,12,21,0
210337,1,1,1996,15,15,15,15,15,15,15,15,15,15
210337,2,1,1996,0,0,0,0,0,0,0,0,0,0
210338,1,1,1996,0,0,0,0,0,0,0,0,0,0
210338,2,1,1996,0,0,0,0,0,0,0,0,0,0
210339,1,1,1996,5,5,5,5,5,5,5,5,5,5
210339,2,1,1996,0,8,0,0,0,0,0,0,0,0
210340,1,1,1996,0,0,0,0,0,0,0,0,0,0
210340,2,1,1996,25,25,25,25,25,25,25,25,25,25
210341,1,1,1996,0,0,0,0,0,0,0,0,0,0
210341,2,1,1996,0,0,0,0,0,0,0,0,0,0
210341,3,1,1996,0,0,0,0,0,0,0,0,0,0
210342,1,1,1996,0,0,0,0,0,0,0,0,0,0
210342,2,1,1996,0,0,0,0,0,0,0,0,0,0
210343,1,1,1996,0,0,0,0,0,0,0,0,0,0
210343,2,1,1996,0,0,19,0,0,0,0,0,0,0
210344,1,1,1996,0,0,21,0,0,0,0,0,0,0
210344,2,1,1996,0,0,0,0,0,0,30,0,0,0
210345,1,1,1996,0,0,0,0,0,0,0,0,0,0
210345,2,1,1996,0,0,0,0,0,0,0,0,0,0
210346,1,1,1996,24,24,24,24,24,24,24,24,24,24
210347,1,1,1996,18,18,18,18,18,18,18,18,18,18
210348,1,1,1996,0,0,0,0,0,0,0,0,0,0
210349,1,1,1996,41,41,41,41,41,41,41,41,41,41
210350,0,1,1996,27,27,27,27,27,27,27,27,27,27
210350,1,1,1996,0,0,0,0,0,0,0,0,0,0
210351,1,1,1996,18,18,18,18,18,18,18,18,18,18
210352,0,1,1996,20,26,0,0,0,34,22,17,0,0
210352,1,1,1996,21,20,9,19,17,19,22,9,4,17
210353,1,1,1996,0,0,0,0,0,0,0,0,0,0
210354,1,1,1996,0,0,15,0,0,0,24,9,14,0
210356,0,1,1996,0,0,0,0,0,0,0,0,0,0
210356,1,1,1996,0,0,0,0,0,0,0,0,0,0
210357,1,1,1996,25,25,25,25,25,25,25,25,25,25
210358,1,1,1996,0,0,0,0,0,0,0,0,0,0
210359,1,1,1996,0,0,0,0,0,0,0,0,0,0
210360,1,1,1996,0,0,0,0,0,0,0,0,0,0
210361,0,1,1996,0,0,0,0,0,0,0,0,0,0
210361,1,1,1996,0,0,0,0,0,0,0,0,0,0
210362,1,1,1996,0,0,0,0,0,0,0,0,0,0
210362,2,1,1996,0,0,0,0,0,0,0,0,0,0
210363,1,1,1996,7,22,0,17,5,27,22,5,28,12
210363,2,1,1996,0,0,0,0,0,0,0,0,0,0
210364,1,1,1996,0,0,0,0,0,0,0,0,0,0
210364,2,1,1996,0,0,0,0,0,0,0,0,6,0
210365,1,1,1996,0,0,0,0,0,0,0,0,0,0
210365,2,1,1996,0,7,0,0,17,0,0,0,0,0
210366,1,1,1996,0,0,0,0,0,0,0,0,0,0
210366,2,1,1996,0,0,0,0,0,0,0,0,0,0
210367,0,1,1996,17,25,22,9,30,6,31,26,8,31
210367,1,1,1996,0,0,0,0,0,0,0,0,0,0
210368,1,1,1996,29,29,29,29,29,29,29,29,29,29
210369,0,1,1996,23,0,9,14,28,20,9,11,17,27
210369,1,1,1996,0,0,0,0,0,0,0,0,0,0
210370,1,1,1996,19,19,19,19,19,19,19,19,19,19
210371,0,1,1996,18,18,18,18,18,18,18,18,18,18
210371,1,1,1996,0,0,0,0,0,0,0,0,0,0
210372,1,1,1996,0,0,0,0,0,0,0,0,0,0
210373,1,1,1996,0,0,0,0,0,0,0,0,0,0
210374,1,1,1996,0,0,0,0,0,0,0,0,0,0
210374,2,1,1996,0,0,0,0,0,0,0,0,0,0
210375,1,1,1996,0,0,0,0,0,0,0,0,0,0
210375,2,1,1996,0,0,0,0,0,0,0,0,0,0
210376,1,1,1996,0,0,0,0,0,0,0,0,0,0
210376,2,1,1996,0,0,0,0,0,0,0,0,0,0
210377,1,1,1996,0,0,0,0,0,0,28,12,0,0
210377,2,1,1996,0,15,0,0,0,0,0,0,0,0
210378,1,1,1996,0,0,0,0,0,0,0,0,0,0
210378,2,1,1996,0,0,0,0,0,0,0,0,0,0
210379,1,1,1996,0,0,0,0,0,0,0,0,0,0
210379,2,1,1996,0,0,0,0,0,0,0,0,0,0
210380,0,1,1996,0,0,0,0,0,0,0,0,0,0
210380,1,1,1996,12,0,0,0,0,0,0,0,0,0
210381,1,1,1996,0,0,0,0,0,0,0,0,0,0
210381,2,1,1996,0,0,0,0,0,0,0,0,0,0
210381,3,1,1996,0,0,0,0,0,0,0,0,0,0
210382,0,1,1996,0,0,0,0,0,0,0,0,0,0
210382,1,1,1996,0,0,0,0,0,0,0,0,0,0
210383,1,1,1996,0,0,12,0,17,0,0,0,18,0
210384,0,1,1996,0,40,12,0,35,0,0,0,17,0
210384,1,1,1996,0,0,0,0,0,0,0,0,0,0
210385,1,1,1996,0,0,0,0,0,0,0,0,0,0
210386,1,1,1996,0,0,0,0,0,0,0,0,0,0
210387,1,2,1996,0,0,0,8,9,11,14,28,7,0
210388,1,1,1996,13,13,13,13,13,13,13,13,13,13
210389,1,1,1996,24,0,0,10,15,10,16,20,10,17
210390,1,1,1996,0,0,0,0,0,0,0,0,0,0
210391,1,1,1996,9,9,9,9,9,9,9,9,9,9
210392,1,1,1996,12,12,12,12,12,12,12,12,12,12
210393,1,1,1996,9,9,9,9,9,9,9,9,9,9
210394,1,1,1996,0,0,0,0,0,0,0,0,0,0
210394,2,1,1996,0,0,0,0,0,0,0,0,0,0
210395,0,1,1996,0,13,11,0,0,0,0,0,0,0
210395,1,1,1996,0,0,0,0,0,0,0,0,0,0
210395,2,1,1996,0,0,0,0,0,0,0,0,0,0
210396,1,1,1996,0,0,0,0,0,0,0,0,0,0
210396,2,1,1996,0,0,0,0,0,0,0,0,0,0
210396,3,1,1996,0,0,0,0,0,0,0,0,0,0
210397,1,1,1996,0,0,0,0,0,0,0,0,10,0
210397,2,1,1996,0,0,10,0,0,0,0,0,0,0
210398,1,1,1996,0,0,0,0,0,0,0,0,0,0
210399,1,1,1996,0,0,8,0,0,0,0,0,0,23
210399,2,1,1996,0,0,0,0,0,0,0,0,22,0
210400,1,1,1996,7,0,9,0,0,13,0,0,0,0
210400,2,1,1996,11,27,0,24,0,13,12,9,0,3
210401,1,1,1996,15,15,15,15,15,15,15,15,15,15
210402,1,1,1996,0,0,0,0,0,0,0,0,0,0
210402,2,1,1996,0,0,0,0,0,0,0,0,0,0
210403,1,1,1996,0,0,0,0,0,0,0,0,0,0
210403,2,1,1996,0,0,0,0,0,4,0,0,0,0
210404,1,1,1996,0,0,0,0,0,0,0,0,0,0
210404,2,1,1996,0,0,0,0,0,0,0,0,0,0
210405,1,1,1996,0,0,0,0,0,0,0,0,0,0
210406,1,1,1996,30,30,30,30,30,30,30,30,30,30
210406,2,1,1996,0,0,13,0,0,0,0,0,0,0
210407,1,1,1996,11,13,11,14,35,7,17,25,14,13
210407,2,1,1996,0,0,0,0,0,0,0,0,0,0
210408,1,1,1996,0,0,0,0,0,0,0,0,0,0
210408,2,1,1996,0,0,0,0,0,0,0,0,0,0
210409,1,1,1996,0,0,0,0,0,0,0,0,5,0
210410,1,1,1996,0,0,0,0,0,0,0,0,0,0
210411,1,1,1996,10,10,10,10,10,10,10,10,10,10
210412,1,1,1996,11,10,18,17,21,20,27,18,9,17
210412,2,1,1996,0,0,0,0,0,0,0,0,0,0
210413,1,1,1996,0,0,0,0,0,0,0,0,0,0
210413,2,1,1996,0,0,0,0,0,0,0,0,0,0
210414,1,1,1996,2,2,2,2,2,2,2,2,2,2
210415,1,1,1996,6,33,21,38,9,17,14,11,18,8
210416,1,1,1996,0,0,0,0,0,0,0,0,0,0
210416,2,1,1996,0,0,0,0,0,0,0,0,0,0
210417,1,1,1996,0,0,0,0,0,0,0,0,0,0
210417,2,1,1996,0,0,0,0,0,0,0,0,0,0
210417,3,1,1996,0,0,0,0,0,0,0,0,0,0
210418,1,1,1996,20,20,20,20,20,20,20,20,20,20
210419,1,1,1996,11,11,11,11,11,11,11,11,11,11
210420,1,1,1996,22,22,22,22,22,22,22,22,22,22
210421,1,1,1996,19,19,19,19,19,19,19,19,19,19
210422,1,1,1996,21,21,21,21,21,21,21,21,21,21
210423,0,1,1996,0,0,32,0,0,0,0,0,21,0
210423,1,1,1996,0,0,0,0,0,0,0,0,0,0
210424,1,1,1996,21,21,21,21,21,21,21,21,21,21
210425,1,1,1996,20,20,20,20,20,20,20,20,20,20
210426,1,1,1996,10,10,10,10,10,10,10,10,10,10
210427,2,1,1996,0,0,0,0,0,0,0,0,0,0
210428,1,1,1996,15,15,15,15,15,15,15,15,15,15
210429,1,1,1996,0,3,0,0,0,0,0,0,0,0
210429,2,1,1996,0,0,0,0,0,0,0,0,0,0
210430,1,1,1996,0,0,0,14,0,0,0,0,0,0
210430,2,1,1996,0,0,0,0,0,0,0,0,0,0
210431,1,1,1996,14,0,16,18,25,5,19,24,14,24
210431,2,1,1996,0,0,17,0,0,0,0,0,0,0
210432,1,1,1996,12,12,12,12,12,12,12,12,12,12
210433,1,1,1996,25,25,25,25,25,25,25,25,25,25
210434,1,1,1996,0,0,0,0,0,0,0,0,0,0
210435,0,1,1996,13,0,0,0,10,0,0,0,0,0
210435,1,1,1996,0,0,0,0,0,0,0,0,0,0
210436,1,1,1996,0,0,9,25,11,0,10,11,0,0
210437,1,1,1996,0,0,0,0,0,0,0,0,0,0
210437,2,1,1996,0,0,0,0,0,0,0,0,0,0
210438,1,1,1996,0,0,0,0,0,0,0,0,0,0
210438,2,1,1996,0,0,0,0,0,0,0,0,0,0
210439,1,1,1996,0,0,0,0,0,0,0,0,0,0
210439,2,1,1996,0,0,0,0,0,0,0,0,0,0
210440,1,1,1996,0,0,0,0,0,0,0,0,0,0
210440,2,1,1996,0,0,0,0,0,0,0,0,0,0
210440,3,1,1996,0,0,0,0,0,0,0,0,0,0
210441,1,1,1996,9,9,9,9,9,9,9,9,9,9
210441,2,1,1996,0,0,0,0,0,0,0,0,0,0
210442,1,1,1996,0,0,0,22,0,0,0,0,0,0
210442,2,1,1996,0,0,0,0,0,0,0,0,23,0
210442,3,1,1996,0,0,0,0,0,0,0,0,0,0
210443,1,1,1996,17,11,21,14,21,13,40,8,37,9
210444,1,1,1996,0,0,0,0,0,0,0,0,0,0
210444,2,1,1996,0,0,0,0,0,0,0,0,0,0
210444,3,1,1996,14,0,0,0,10,0,0,0,0,0
210445,1,1,1996,0,0,0,0,0,0,0,0,0,0
210445,2,1,1996,0,0,0,0,0,0,0,0,0,0
210446,1,1,1996,0,0,0,0,0,0,0,0,0,0
210446,2,1,1996,0,0,0,0,0,0,0,0,0,0
210446,3,1,1996,0,0,0,0,0,0,0,0,0,0
210447,1,1,1996,0,0,0,0,0,0,0,0,0,0
210448,1,1,1996,26,26,26,26,26,26,26,26,26,26
210449,1,1,1996,0,0,0,0,0,0,0,0,0,0
210449,2,1,1996,1,1,1,1,1,1,1,1,1,1
210450,1,1,1996,15,15,15,15,15,15,15,15,15,15
210450,2,1,1996,0,0,0,0,0,0,0,0,0,0
210450,3,1,1996,0,0,0,0,7,0,0,17,0,0
210451,1,1,1996,0,0,0,0,0,0,0,0,0,0
210451,2,1,1996,0,0,0,0,0,0,0,0,0,0
210452,1,1,1996,0,0,0,0,0,0,0,0,0,0
210452,2,1,1996,0,0,0,0,0,0,0,0,0,0
210453,1,1,1996,0,0,0,0,0,0,0,0,0,0
210454,1,1,1996,0,0,0,0,17,0,0,0,9,0
210454,2,1,1996,0,14,0,0,0,0,7,0,0,0
210455,1,1,1996,17,8,10,11,11,12,22,15,11,26
210455,2,1,1996,0,0,0,0,0,0,0,0,0,0
210456,1,1,1996,0,0,0,0,0,0,0,0,0,0
210456,2,1,1996,0,0,0,0,0,0,0,0,0,0
210457,1,1,1996,0,0,0,0,0,0,0,0,0,0
210458,1,1,1996,0,15,10,17,14,15,5,13,17,22
210458,2,1,1996,0,0,0,0,0,0,0,0,0,0
210459,1,1,1996,7,16,32,18,19,17,15,11,35,16
210460,1,1,1996,14,14,14,14,14,14,14,14,14,14
210462,1,1,1996,0,0,0,0,0,0,0,0,0,0
210462,2,1,1996,0,0,0,0,0,0,0,0,0,0
210463,1,1,1996,0,0,0,0,0,0,0,0,0,0
210465,1,1,1996,0,0,0,0,0,0,0,0,0,0
210465,2,1,1996,0,0,0,0,0,0,0,0,0,0
210466,1,1,1996,0,0,0,0,0,0,0,12,0,0
210467,1,1,1996,0,0,0,0,0,0,0,0,0,0
210469,0,1,1996,0,0,0,0,0,0,0,0,0,0
210469,1,1,1996,0,0,0,0,9,0,0,0,0,0
210471,1,1,1996,0,0,0,0,0,0,0,0,0,0
210471,2,1,1996,0,0,9,0,0,0,0,0,0,0
210472,1,1,1996,0,0,0,0,0,0,0,0,0,0
210472,2,1,1996,19,0,0,0,0,0,0,0,0,0
210473,0,1,1996,0,0,0,0,0,0,0,0,0,0
210473,1,1,1996,0,0,0,0,0,0,0,0,0,0
210474,1,1,1996,13,26,16,29,28,23,18,31,15,14
210475,1,1,1996,0,0,0,0,0,0,0,0,0,0
210475,2,1,1996,0,0,0,0,0,0,0,0,0,0
210476,1,1,1996,0,0,0,0,0,0,0,0,0,0
210476,2,1,1996,0,0,0,0,0,0,0,0,0,0
210476,3,1,1996,0,0,0,0,0,0,0,0,0,0
210477,1,1,1996,27,27,27,27,27,27,27,27,27,27
210477,2,1,1996,0,0,11,0,0,0,0,0,0,0
210478,0,1,1996,0,0,0,0,0,0,0,0,0,0
210478,1,1,1996,0,0,0,0,0,0,0,0,0,0
210479,1,1,1996,0,0,0,0,0,0,0,0,0,0
210479,2,1,1996,0,0,0,0,0,0,0,0,0,0
210480,1,1,1996,0,13,0,22,0,0,0,0,0,19
210480,2,1,1996,0,0,0,0,0,0,0,0,0,0
210480,3,1,1996,7,0,0,0,0,0,14,0,0,0
210480,4,1,1996,0,0,0,0,0,0,0,0,0,0
210480,5,1,1996,0,0,0,0,11,0,0,0,0,0
210480,6,1,1996,0,0,0,0,0,0,0,0,0,0
210480,7,1,1996,0,0,0,0,0,0,0,0,0,0
210480,8,1,1996,10,0,0,0,0,0,0,0,6,0
210480,9,1,1996,0,0,0,0,0,0,0,0,0,0
210481,0,1,1996,0,0,0,0,0,0,0,0,0,0
210481,1,1,1996,24,10,18,11,0,13,19,15,7,17
210482,1,1,1996,0,0,0,0,0,0,0,0,0,0
210483,1,1,1996,0,0,0,0,0,0,0,0,0,0
210483,2,1,1996,0,0,0,0,0,0,0,16,0,0
210484,1,1,1996,0,0,0,0,0,0,0,0,0,0
210485,1,1,1996,12,12,12,12,12,12,12,12,12,12
210485,2,1,1996,0,0,0,24,0,0,17,0,0,0
210486,0,1,1996,0,0,0,0,0,0,0,0,0,0
210486,1,1,1996,0,0,0,0,0,0,0,0,0,0
210487,1,1,1996,15,15,15,15,15,15,15,15,15,15
210488,1,1,1996,0,0,0,0,0,0,0,0,0,0
210489,1,1,1996,0,0,0,0,0,0,0,0,0,0
210489,2,1,1996,0,0,0,0,0,0,0,0,0,0
210490,1,1,1996,0,0,0,0,0,0,0,0,0,0
210490,2,1,1996,0,0,0,0,0,0,0,0,0,0
210491,1,1,1996,0,0,0,0,0,0,0,0,0,0
210492,1,1,1996,15,15,15,15,15,15,15,15,15,15
210493,1,1,1996,13,4,20,4,20,28,7,0,10,9
210494,0,1,1996,0,0,0,0,0,0,0,0,0,0
210494,1,1,1996,0,0,0,0,0,0,0,0,0,0
210495,1,1,1996,0,0,0,0,20,0,0,0,0,0
210497,1,1,1996,27,0,35,0,0,0,0,18,18,5
210498,0,1,1996,0,0,0,0,0,0,0,0,0,0
210498,1,1,1996,0,0,0,0,0,0,0,0,0,15
210499,1,1,1996,0,0,0,0,0,0,0,0,0,0
210500,1,1,1996,28,28,28,28,28,28,28,28,28,28
210501,1,1,1996,0,0,0,0,0,0,0,0,0,0
210502,1,1,1996,0,0,0,14,9,20,20,8,0,0
210502,2,1,1996,0,0,0,0,0,0,0,0,0,0
210503,1,1,1996,0,0,0,0,0,0,0,0,0,0
210503,2,1,1996,3,3,3,3,3,3,3,3,3,3
210504,1,1,1996,22,22,22,22,22,22,22,22,22,22
210505,0,1,1996,0,0,0,0,0,0,0,0,0,0
210505,1,1,1996,0,0,0,0,0,0,0,0,0,0
210506,1,1,1996,0,0,0,0,0,0,0,0,0,0
210506,2,1,1996,0,0,0,0,0,0,0,0,0,0
210507,1,1,1996,0,16,5,32,30,38,34,3,4,12
210508,1,1,1996,0,0,15,0,0,0,0,0,0,0
210509,1,1,1996,0,0,0,0,0,0,0,0,0,0
210510,1,1,1996,0,0,0,0,0,0,0,25,0,0
210511,1,1,1996,0,0,0,0,0,0,0,0,0,0
210512,1,1,1996,0,0,0,0,0,0,0,0,0,0
210512,2,1,1996,0,0,0,0,0,0,0,0,0,0
210513,1,1,1996,0,0,0,0,0,0,0,0,0,0
210513,2,1,1996,0,0,0,0,0,0,0,0,0,0
210514,1,1,1996,0,0,0,0,0,0,0,0,0,0
210514,2,1,1996,0,0,0,0,0,0,0,0,0,0
210514,3,1,1996,0,0,0,0,0,0,0,0,0,0
210515,1,1,1996,0,0,0,0,0,0,0,0,0,0
210515,2,1,1996,0,0,0,0,0,0,0,0,0,0
210516,1,1,1996,15,5,21,6,26,17,25,21,28,19
210516,2,1,1996,0,0,0,0,0,0,0,0,0,0
210517,1,1,1996,21,9,14,42,11,0,0,20,28,4
210517,2,1,1996,28,0,0,30,34,22,10,22,13,0
210517,3,1,1996,11,0,0,23,8,14,7,3,5,3
210518,1,1,1996,20,20,22,29,34,0,13,20,8,12
210518,2,1,1996,13,0,11,8,20,17,24,29,0,0
210519,1,1,1996,16,13,17,16,21,17,0,15,13,10
210520,1,1,1996,0,0,0,0,0,0,0,0,0,0
210520,2,1,1996,0,0,0,0,0,0,0,0,0,0
210520,3,1,1996,0,0,0,0,0,0,0,0,0,0
210521,1,1,1996,0,0,0,0,0,0,0,0,0,0
210521,2,1,1996,0,0,0,0,0,0,0,0,0,0
210522,1,1,1996,0,0,0,0,0,0,0,0,0,0
210522,2,1,1996,0,0,0,0,0,0,0,0,0,0
210523,1,1,1996,0,0,0,0,0,0,0,0,0,0
210523,2,1,1996,0,0,0,0,0,0,0,0,0,0
210523,3,1,1996,0,0,0,0,0,0,0,0,0,0
210525,1,1,1996,0,0,13,0,0,0,0,0,0,0
210525,2,1,1996,0,0,0,0,0,0,0,0,0,0
210526,1,1,1996,0,0,0,0,0,0,0,0,0,0
210526,2,1,1996,0,0,0,0,0,0,0,0,0,0
210527,1,1,1996,0,0,0,0,0,0,0,0,0,0
210527,2,1,1996,0,0,0,0,0,0,0,0,0,0
210528,1,1,1996,0,0,0,0,0,0,0,0,0,0
210528,2,1,1996,0,0,0,0,0,0,0,0,0,0
210529,1,1,1996,0,0,0,0,0,0,0,0,0,0
210530,1,1,1996,0,0,0,0,0,0,0,0,0,0
210531,1,1,1996,0,0,0,0,0,0,0,0,0,0
210531,2,1,1996,0,0,0,0,0,0,0,0,0,0
210532,1,1,1996,29,11,17,20,29,11,8,16,16,22
210533,0,1,1996,20,15,34,29,0,18,10,0,22,0
210533,1,1,1996,0,0,0,0,0,0,0,0,0,0
210534,0,1,1996,0,6,16,19,16,15,5,24,0,42
210534,1,1,1996,1,1,1,1,1,1,1,1,1,1
210535,1,1,1996,0,0,0,0,0,0,17,0,0,0
210536,1,1,1996,8,8,8,8,8,8,8,8,8,8
210537,1,1,1996,0,0,0,0,0,0,0,0,0,0
210538,1,1,1996,0,5,0,0,0,16,0,0,0,0
210539,1,1,1996,24,9,14,18,0,24,22,8,21,4
210540,1,1,1996,0,0,0,0,0,0,0,0,0,0
210541,1,1,1996,0,0,0,0,0,0,0,0,0,22
210542,1,1,1996,21,21,21,21,21,21,21,21,21,21
210543,1,1,1996,0,0,0,0,0,0,0,0,0,0
210544,1,1,1996,0,0,0,0,0,0,0,0,0,0
210545,0,1,1996,0,0,0,21,12,0,0,0,0,18
210545,1,1,1996,0,0,0,0,0,11,0,0,0,0
210546,1,1,1996,35,35,35,35,35,35,35,35,35,35
210547,1,1,1996,0,0,0,0,0,0,0,0,0,0
210548,1,1,1996,6,6,6,6,6,6,6,6,6,6
210549,0,1,1996,24,10,21,12,20,0,40,0,15,29
210549,1,1,1996,0,0,0,0,0,0,0,0,0,0
210550,1,1,1996,0,0,0,0,0,0,0,0,0,0
210550,2,1,1996,0,0,0,0,0,0,0,0,0,0
210551,1,1,1996,0,0,0,0,0,0,0,0,0,0
210551,2,1,1996,0,0,0,0,0,0,0,0,0,0
210552,1,1,1996,0,0,0,0,0,0,0,0,0,0
210552,2,1,1996,0,0,0,0,0,0,0,0,0,0
210553,1,1,1996,0,0,14,0,0,0,0,13,17,7
210553,2,1,1996,0,0,0,0,0,0,0,0,0,0
210554,1,1,1996,0,0,0,0,0,0,0,0,0,0
210554,2,1,1996,0,0,0,0,0,0,0,0,0,0
210555,1,1,1996,0,0,0,0,0,0,0,0,0,0
210555,2,1,1996,0,0,0,0,0,0,0,0,0,0
210556,1,1,1996,0,0,0,0,0,0,0,0,0,0
210556,2,1,1996,0,0,0,0,0,0,0,0,0,0
210557,1,1,1996,0,0,0,0,0,0,0,0,0,0
210557,2,1,1996,6,6,6,6,6,6,6,6,6,6
210557,3,1,1996,0,0,0,0,0,0,0,0,0,0
210558,1,1,1996,0,0,0,0,0,0,0,0,0,0
210558,2,1,1996,0,0,0,0,0,0,0,0,0,0
210559,0,1,1996,0,0,0,0,0,0,0,0,0,0
210559,1,1,1996,0,0,0,0,0,0,0,0,0,0
210560,1,1,1996,0,0,16,0,0,0,0,0,0,0
210560,2,1,1996,0,0,0,0,0,0,0,0,0,0
210561,1,1,1996,0,0,0,0,0,0,0,2,0,0
210562,1,1,1996,29,29,29,29,29,29,29,29,29,29
210562,2,1,1996,0,0,0,0,0,0,0,0,0,0
210563,1,1,1996,0,0,0,0,0,0,0,0,0,0
210563,2,1,1996,0,0,0,0,0,0,0,0,0,0
210564,0,1,1996,0,0,0,0,0,0,0,0,0,0
210564,1,1,1996,0,0,0,0,0,0,0,0,0,0
210565,1,1,1996,0,0,0,0,0,0,0,0,0,0
210565,2,1,1996,0,0,0,0,0,0,0,0,0,0
210565,3,1,1996,0,0,0,0,0,0,0,0,0,0
210566,1,1,1996,0,0,0,0,0,0,0,0,0,0
210566,2,1,1996,0,0,0,0,0,0,0,0,0,0
210567,1,1,1996,0,0,0,0,0,0,0,0,0,0
210567,2,1,1996,0,0,0,16,0,0,0,0,0,0
210568,1,1,1996,21,21,21,21,21,21,21,21,21,21
210569,1,1,1996,0,0,0,0,0,0,0,0,0,0
210570,1,1,1996,20,20,20,20,20,20,20,20,20,20
210571,1,1,1996,0,0,0,0,0,0,0,0,0,25
210571,2,1,1996,0,0,0,0,0,0,0,0,0,0
210572,1,1,1996,0,0,0,0,0,0,0,0,0,0
210572,2,1,1996,0,0,0,0,0,0,0,0,0,0
210573,1,1,1996,0,12,0,0,0,8,0,26,0,0
210574,1,1,1996,0,0,0,0,0,0,0,0,0,0
210574,2,1,1996,0,0,0,0,0,0,0,0,0,0
210575,1,1,1996,0,0,0,0,0,0,0,0,0,0
210575,2,1,1996,0,0,0,0,0,0,0,0,0,0
210576,1,1,1996,0,0,0,0,0,0,0,0,0,0
210576,2,1,1996,0,0,0,0,0,0,0,0,0,0
210577,1,1,1996,11,11,11,11,11,11,11,11,11,11
210578,1,1,1996,0,0,15,0,0,27,0,0,0,0
210579,1,1,1996,0,0,0,0,0,0,0,0,0,0
210580,1,1,1996,0,0,0,0,0,0,0,0,0,0
210580,2,1,1996,0,0,0,0,0,0,0,0,0,0
210581,1,1,1996,0,0,0,0,0,0,0,0,0,0
210581,2,1,1996,0,0,0,0,0,0,0,0,0,0
210582,1,1,1996,0,0,0,0,0,0,0,0,0,0