ST_CASE,VEH_NO,PER_NO,YEAR,P1,P2,P3,P4,P5,P6,P7,P8,P9,P10
210583,1,1,1996,35,35,35,35,35,35,35,35,35,35
210583,2,1,1996,0,0,0,20,0,0,0,0,0,0
210584,1,1,1996,0,0,0,0,0,0,0,0,0,0
210584,2,1,1996,0,0,0,0,0,0,0,0,0,0
210585,1,1,1996,13,13,13,13,13,13,13,13,13,13
210586,1,1,1996,17,17,17,17,17,17,17,17,17,17
210587,1,1,1996,0,0,0,0,0,0,0,0,0,0
210588,1,1,1996,0,0,0,0,0,0,0,0,0,0
210588,2,1,1996,0,0,0,0,0,0,0,0,0,0
210589,1,1,1996,0,0,0,0,0,0,0,0,0,0
210590,1,1,1996,19,19,19,19,19,19,19,19,19,19
210591,1,1,1996,23,23,23,23,23,23,23,23,23,23
210592,1,1,1996,13,13,13,13,13,13,13,13,13,13
210593,1,1,1996,0,0,0,0,0,0,0,0,0,0
210593,2,1,1996,0,0,0,0,0,0,0,0,0,0
210594,1,1,1996,0,0,0,0,0,0,0,0,0,0
210594,2,1,1996,0,0,0,0,0,0,0,0,0,0
210595,1,1,1996,0,0,0,0,0,0,0,0,0,0
210596,0,1,1996,0,0,0,0,0,0,0,0,0,0
210596,1,1,1996,0,0,0,0,0,0,0,0,0,0
210596,2,1,1996,0,0,0,0,0,0,0,0,0,0
210596,3,1,1996,0,0,0,0,0,0,0,0,0,0
210597,1,1,1996,0,0,0,0,0,0,0,0,0,0
210597,2,1,1996,0,0,0,0,0,0,0,0,0,31
210598,1,1,1996,0,0,0,0,0,0,0,0,0,0
210599,0,1,1996,0,0,0,0,0,0,0,0,0,0
210599,1,1,1996,0,0,0,0,0,0,0,0,0,0
210600,1,1,1996,0,0,0,0,0,0,0,0,0,0
210601,1,1,1996,6,8,11,8,8,23,13,10,13,10
210602,1,1,1996,11,20,35,0,14,7,32,7,0,0
210603,1,1,1996,14,14,14,14,14,14,14,14,14,14
210604,1,1,1996,23,0,0,0,0,0,12,0,10,0
210605,1,1,1996,20,20,20,20,20,20,20,20,20,20
210606,1,1,1996,0,0,0,0,0,0,0,0,0,0
210607,0,1,1996,0,0,0,0,0,0,0,0,0,0
210607,1,1,1996,0,0,0,0,0,0,0,0,0,0
210608,1,1,1996,0,0,0,0,0,28,0,0,0,0
210609,1,1,1996,0,0,0,0,0,0,0,0,0,0
210610,1,1,1996,16,35,16,17,30,23,10,18,11,9
210611,1,1,1996,14,13,6,19,35,19,7,30,19,12
210612,1,1,1996,0,0,0,0,20,0,0,0,0,0
210613,1,1,1996,0,0,0,0,0,29,0,0,0,0
210614,1,1,1996,13,13,13,13,13,13,13,13,13,13
210615,1,1,1996,0,0,0,0,0,0,0,0,0,0
210616,1,1,1996,9,9,9,9,9,9,9,9,9,9
210617,1,1,1996,0,0,0,0,0,0,0,0,0,0
210618,1,1,1996,0,0,0,0,0,0,0,0,0,0
210619,1,1,1996,20,21,14,6,26,25,14,17,25,14
210620,1,1,1996,23,23,23,23,23,23,23,23,23,23
210621,1,1,1996,16,16,16,16,16,16,16,16,16,16
210622,1,1,1996,12,24,18,23,18,16,18,14,48,4
210623,1,1,1996,0,0,0,0,0,0,0,0,0,0
210624,1,1,1996,0,0,0,0,0,0,0,0,0,0
210625,1,1,1996,0,0,0,0,0,0,0,0,0,0
210626,1,1,1996,19,11,16,19,9,6,11,4,30,31
210627,1,1,1996,15,15,15,15,15,15,15,15,15,15
210628,1,1,1996,25,9,21,30,19,20,23,32,30,19
210629,1,1,1996,20,20,20,20,20,20,20,20,20,20
210630,1,1,1996,22,22,22,22,22,22,22,22,22,22
210631,1,1,1996,0,0,0,0,0,0,0,0,0,0
210632,0,1,1996,11,11,11,11,11,11,11,11,11,11
210632,1,1,1996,22,22,22,22,22,22,22,22,22,22
210633,1,1,1996,0,0,0,0,0,0,0,0,0,0
210634,1,1,1996,0,0,0,0,0,0,0,0,0,0
210634,2,1,1996,0,0,0,0,0,0,0,0,0,0
210635,1,1,1996,19,9,23,13,22,26,26,25,15,19
210635,2,1,1996,0,0,0,0,0,0,0,0,0,0
210636,1,1,1996,0,0,0,0,0,0,0,0,0,0
210636,2,1,1996,0,0,0,0,0,0,0,0,0,0
210637,1,1,1996,0,0,0,0,0,0,0,0,0,0
210637,2,1,1996,0,0,0,0,0,0,0,0,0,0
210638,1,1,1996,0,0,0,0,0,0,0,0,0,0
210638,2,1,1996,0,0,0,0,0,0,0,0,0,0
210639,1,1,1996,0,0,0,0,0,0,0,0,0,0
210639,2,1,1996,0,0,0,0,0,0,0,0,0,0
210640,1,1,1996,0,0,0,0,0,0,0,0,0,0
210640,2,1,1996,0,0,0,0,0,0,0,0,0,0
210641,1,1,1996,0,0,0,0,0,0,0,0,0,0
210641,2,1,1996,0,0,0,0,0,0,0,0,0,0
210642,1,1,1996,0,0,0,0,0,0,0,0,0,0
210643,0,1,1996,0,0,0,0,0,0,0,0,0,0
210643,1,1,1996,0,0,0,0,0,0,0,0,0,15
210644,1,1,1996,10,10,10,10,10,10,10,10,10,10
210644,2,1,1996,0,0,0,0,0,0,0,0,0,13
210644,3,1,1996,0,0,0,0,0,0,0,0,0,0
210645,1,1,1996,21,21,21,21,21,21,21,21,21,21
210645,2,1,1996,0,0,0,0,0,0,0,0,0,0
210646,1,1,1996,0,0,0,0,0,12,0,0,0,0
210646,2,1,1996,0,0,0,0,0,0,0,0,0,0
210647,1,1,1996,14,14,14,14,14,14,14,14,14,14
210647,2,1,1996,0,0,0,0,0,0,0,0,0,0
210648,1,1,1996,12,12,12,12,12,12,12,12,12,12
210648,2,1,1996,0,0,0,0,0,0,0,0,0,0
210649,1,1,1996,0,0,0,0,0,0,0,0,0,0
210649,2,1,1996,0,0,0,0,0,0,0,0,0,0
210650,1,1,1996,0,0,0,0,0,0,0,0,0,0
210650,2,1,1996,0,0,0,0,0,18,0,0,0,0
210651,1,1,1996,0,0,0,0,0,0,0,0,0,0
210651,2,1,1996,0,0,0,0,0,0,0,0,0,0
210652,1,1,1996,0,0,0,0,0,0,0,0,0,0
210652,2,1,1996,0,0,0,0,0,0,0,0,0,0
210653,1,1,1996,13,13,13,13,13,13,13,13,13,13
210653,2,1,1996,0,0,0,0,0,0,0,0,0,0
210653,3,1,1996,8,19,16,5,7,2,6,15,13,8
210654,1,1,1996,0,0,0,0,0,0,0,0,0,0
210654,2,1,1996,0,0,0,0,0,0,0,0,0,0
210654,3,1,1996,0,0,0,0,0,0,0,0,0,0
210655,1,1,1996,0,0,0,0,0,0,0,0,0,0
210655,2,1,1996,0,0,0,0,0,0,0,0,0,0
210655,3,1,1996,0,0,0,0,0,0,0,0,0,0
210656,1,1,1996,0,0,0,0,0,0,0,0,0,0
210657,1,1,1996,24,24,24,24,24,24,24,24,24,24
210658,1,1,1996,0,31,0,0,0,32,0,0,0,0
210659,1,1,1996,0,0,0,0,0,0,0,0,0,0
210660,1,1,1996,0,0,5,15,12,18,9,4,0,5
210661,1,1,1996,0,0,0,0,0,0,0,0,0,0
210662,0,1,1996,0,0,0,0,0,0,0,0,0,0
210662,1,1,1996,0,0,0,0,0,0,0,0,0,0
210663,1,1,1996,3,3,3,3,3,3,3,3,3,3
210664,1,1,1996,0,0,0,0,0,0,0,0,0,0
210665,1,1,1996,18,7,18,9,12,12,22,17,19,20
210666,1,1,1996,0,0,0,0,0,0,0,0,0,0
210667,1,1,1996,13,13,13,13,13,13,13,13,13,13
210668,1,1,1996,0,0,0,0,0,0,0,0,0,0
210669,1,1,1996,10,10,10,10,10,10,10,10,10,10
210670,1,1,1996,0,16,23,18,0,18,13,17,18,17
210671,1,1,1996,14,14,14,14,14,14,14,14,14,14
210672,1,1,1996,16,16,16,16,16,16,16,16,16,16
210673,1,1,1996,0,0,0,0,0,0,0,0,0,0
210674,1,1,1996,0,0,0,0,0,0,0,0,0,0
210675,1,1,1996,23,23,23,23,23,23,23,23,23,23
210675,2,1,1996,0,0,0,0,0,0,0,0,0,0
210676,1,1,1996,22,22,22,22,22,22,22,22,22,22
210677,1,1,1996,0,10,16,19,0,18,15,0,3,0
210678,1,1,1996,0,0,0,0,0,0,0,0,0,0
210679,1,1,1996,0,0,0,0,0,0,0,0,0,0
210680,1,1,1996,0,0,0,0,0,0,0,0,0,0
210681,1,1,1996,13,13,13,13,13,13,13,13,13,13
210682,1,1,1996,0,0,4,0,0,15,0,0,0,0
210683,0,1,1996,0,0,0,0,0,0,0,0,0,8
210683,1,1,1996,0,0,0,0,0,0,0,0,0,0
210684,0,1,1996,0,0,0,0,0,0,0,0,0,0
210684,0,2,1996,0,0,0,0,0,0,0,0,0,0
210684,1,1,1996,0,0,0,0,0,0,0,0,0,0
210685,0,1,1996,0,0,0,0,0,0,0,0,0,0
210685,1,1,1996,0,0,0,0,0,0,0,0,0,0
210686,1,1,1996,0,0,0,0,0,0,0,0,0,0
210687,1,1,1996,0,0,0,0,0,0,0,0,0,0
210687,2,1,1996,0,0,0,0,0,0,0,0,0,0
210688,1,1,1996,0,0,0,0,0,0,0,0,0,0
210688,2,1,1996,0,0,0,0,0,0,0,0,0,0
210689,1,1,1996,14,14,14,14,14,14,14,14,14,14
210689,2,1,1996,0,0,0,0,0,0,0,0,0,0
210690,1,1,1996,0,0,0,0,0,0,0,0,0,0
210690,2,1,1996,0,0,0,0,0,0,0,0,0,0
210691,1,1,1996,0,0,0,0,0,0,0,0,0,0
210691,2,1,1996,0,0,0,0,0,0,0,0,0,0
210692,1,1,1996,0,0,0,0,0,0,0,0,0,0
210693,0,1,1996,0,0,0,0,0,0,0,0,0,0
210693,1,1,1996,0,0,0,0,0,0,0,0,0,0
210694,1,1,1996,0,0,0,0,0,0,0,0,0,0
210694,2,1,1996,0,0,25,0,0,0,0,0,0,0
210695,1,1,1996,13,13,13,13,13,13,13,13,13,13
210695,2,1,1996,15,15,15,15,15,15,15,15,15,15
210696,1,1,1996,0,0,0,0,0,0,0,0,0,0
210696,2,1,1996,0,0,0,0,0,0,0,0,0,0
210697,1,1,1996,0,0,0,0,0,0,0,0,0,0
210697,2,1,1996,0,0,0,0,0,0,0,0,0,0
210698,0,1,1996,31,31,31,31,31,31,31,31,31,31
210698,1,1,1996,0,0,0,0,0,0,0,0,0,0
210699,1,1,1996,0,0,0,0,0,0,0,0,0,0
210699,2,1,1996,0,0,0,0,0,0,0,0,0,0
210700,0,1,1996,18,18,18,18,18,18,18,18,18,18
210700,1,1,1996,0,0,0,0,0,0,0,0,0,0
210701,1,1,1996,19,6,13,16,24,35,41,22,12,19
210702,1,1,1996,20,0,0,0,0,0,0,0,0,0
210702,2,1,1996,0,0,0,0,0,0,0,0,0,0
210703,1,1,1996,0,0,0,0,0,0,0,0,0,0
210703,2,1,1996,0,0,0,0,0,0,0,0,0,0
210703,3,1,1996,0,0,0,0,0,0,0,0,0,0
210704,1,1,1996,0,0,0,0,0,0,0,0,0,0
210704,2,1,1996,0,0,0,0,0,0,0,0,0,0
210704,3,1,1996,0,0,0,0,0,0,0,0,0,0
210705,1,1,1996,0,0,0,0,0,0,0,0,0,0
210705,2,1,1996,0,0,0,0,0,0,0,0,0,0
210705,3,1,1996,0,0,0,0,0,0,0,0,0,0
210706,1,1,1996,0,0,0,0,10,0,0,0,0,0
210706,2,1,1996,0,29,0,0,0,0,0,0,0,0
210706,3,1,1996,0,0,0,0,0,0,0,0,0,0
210706,4,1,1996,0,0,0,0,0,0,0,0,0,0
210706,5,1,1996,0,0,0,0,0,0,0,0,0,0
210706,6,1,1996,5,0,0,0,0,0,0,0,0,0
210706,7,1,1996,0,0,0,0,0,0,0,0,0,0
210707,1,1,1996,0,0,0,0,0,0,0,0,6,0
210708,1,1,1996,29,5,34,21,5,17,13,14,18,20
210709,1,1,1996,0,0,0,0,0,0,0,0,0,0
210711,1,1,1996,10,10,10,10,10,10,10,10,10,10
210712,1,1,1996,0,0,0,0,0,0,0,0,0,0
210713,1,1,1996,0,0,0,0,0,0,0,0,0,0
210714,1,1,1996,9,9,9,9,9,9,9,9,9,9
210715,1,1,1996,0,0,0,0,0,0,0,0,0,0
210716,1,1,1996,0,0,0,0,0,0,0,0,0,0
210717,1,1,1996,0,0,0,0,0,0,0,0,0,0
210717,2,1,1996,41,0,21,24,0,0,0,0,0,0
210718,1,1,1996,0,0,0,0,0,0,0,0,0,0
210718,2,1,1996,0,0,0,0,0,0,0,0,0,0
210719,1,1,1996,0,0,0,0,0,0,0,0,0,0
210719,2,1,1996,0,0,0,0,0,0,0,0,0,0
210720,1,1,1996,0,0,10,24,0,0,0,0,0,0
210720,2,1,1996,0,0,0,0,0,0,0,0,0,0
210721,1,1,1996,0,0,0,0,0,0,0,0,0,0
210721,2,1,1996,0,0,0,0,0,0,0,0,0,0
210722,1,1,1996,11,8,17,20,5,9,24,13,17,13
210723,1,1,1996,21,21,21,21,21,21,21,21,21,21
210723,2,1,1996,0,0,0,0,0,0,0,0,0,0
210724,1,1,1996,21,21,21,21,21,21,21,21,21,21
210724,2,1,1996,0,0,0,0,0,0,0,0,0,0
210724,3,1,1996,0,0,0,0,0,0,0,0,0,0
210724,4,1,1996,0,0,0,0,0,0,0,0,0,0
210725,1,1,1996,17,17,17,17,17,17,17,17,17,17
210726,1,1,1996,0,0,0,0,0,0,0,0,0,19
210726,2,1,1996,0,11,0,0,0,0,0,0,0,0
210727,1,1,1996,0,0,0,0,0,0,0,0,0,0
210728,1,1,1996,0,0,0,0,0,0,0,0,0,0
210729,1,1,1996,8,8,8,8,8,8,8,8,8,8
210729,2,1,1996,0,0,0,0,0,0,0,0,0,0
210730,1,1,1996,0,0,0,0,0,0,0,0,0,0
210731,1,1,1996,0,0,0,0,32,0,24,0,0,0
210732,1,1,1996,0,0,0,0,0,0,0,0,0,0
210733,1,1,1996,15,14,0,0,0,18,0,0,0,22
210734,1,1,1996,0,0,0,0,0,0,0,0,0,0
210734,2,1,1996,0,0,23,0,0,28,0,0,10,0
210735,1,1,1996,0,0,0,0,0,0,0,0,0,0
210735,2,1,1996,0,0,0,0,0,0,0,0,0,0
210736,1,1,1996,0,0,0,0,0,0,0,0,0,0
210737,0,1,1996,0,0,30,0,0,0,21,0,0,33
210737,1,1,1996,0,0,0,0,0,0,0,0,0,0
210738,1,1,1996,16,16,16,16,16,16,16,16,16,16
210738,2,1,1996,0,0,0,0,0,0,0,0,0,0
210739,1,1,1996,0,0,0,0,0,0,0,0,0,0
210739,2,1,1996,0,0,0,0,0,0,0,0,0,0
210741,1,1,1996,0,0,0,0,0,0,0,0,0,0
210741,2,1,1996,0,0,0,0,0,0,0,0,0,0
210741,3,1,1996,0,0,0,0,0,0,0,0,0,0
210742,1,1,1996,0,0,0,0,0,0,0,0,0,0
210743,1,1,1996,0,0,0,0,0,0,0,0,0,0
210743,2,1,1996,0,0,0,0,0,0,0,0,0,0
210744,1,1,1996,0,0,0,0,19,0,0,0,0,0
210745,1,1,1996,0,0,0,0,0,0,0,0,0,14
210746,1,1,1996,0,0,0,9,0,0,0,0,0,0
210746,2,1,1996,0,0,0,0,0,0,0,0,0,0
210747,1,1,1996,0,0,0,0,0,0,0,0,0,0
210747,2,1,1996,0,0,0,0,0,0,0,0,0,0
210748,1,1,1996,0,0,0,0,0,0,0,0,0,0
210748,2,1,1996,16,0,0,0,0,0,0,0,0,0
210748,3,1,1996,0,0,0,0,0,0,0,0,0,0
210748,4,1,1996,0,0,0,0,0,0,18,0,0,0
210748,5,1,1996,0,0,0,0,0,0,0,0,0,0
210749,0,1,1996,0,0,0,0,0,0,25,0,0,0
210749,1,1,1996,5,5,5,5,5,5,5,5,5,5
210750,1,1,1996,0,0,0,0,0,0,0,0,0,0
210750,2,1,1996,0,0,0,0,0,0,0,0,0,0
220001,1,1,1996,0,0,0,0,0,0,0,0,0,0
220001,2,1,1996,0,0,0,0,0,0,0,0,0,0
220002,1,1,1996,19,19,19,19,19,19,19,19,19,19
220004,1,1,1996,0,0,0,0,0,0,0,0,0,0
220005,1,1,1996,3,3,3,3,3,3,3,3,3,3
220005,2,1,1996,0,0,0,0,0,0,0,0,0,0
220006,1,1,1996,9,9,9,9,9,9,9,9,9,9
220007,1,1,1996,0,0,0,0,0,0,9,0,0,6
220008,1,1,1996,0,0,0,0,0,0,0,0,0,0
220008,2,1,1996,0,0,0,0,0,0,0,0,0,0
220009,1,1,1996,0,0,0,0,0,0,0,0,0,0
220009,2,1,1996,0,0,0,0,0,0,0,0,0,0
220010,1,1,1996,5,5,5,5,5,5,5,5,5,5
220011,0,1,1996,0,0,0,0,0,0,0,0,0,0
220011,1,1,1996,12,12,12,12,12,12,12,12,12,12
220012,0,1,1996,0,0,0,0,0,14,0,11,0,0
220012,0,2,1996,0,0,0,0,0,0,0,0,0,0
220012,1,1,1996,0,0,0,0,0,0,0,0,0,0
220013,1,1,1996,0,0,0,0,0,0,0,0,0,0
220013,2,1,1996,15,0,20,0,8,21,18,14,0,12
220014,0,1,1996,0,0,0,0,0,0,0,0,0,0
220014,1,1,1996,0,0,0,0,0,0,0,0,0,0
220015,0,1,1996,0,0,0,0,0,0,0,0,0,0
220015,1,1,1996,0,0,0,0,0,0,0,0,0,0
220016,0,1,1996,0,0,0,0,0,0,0,0,0,0
220016,1,1,1996,0,0,0,0,0,0,0,0,0,0
220017,0,1,1996,0,0,0,0,0,0,0,0,0,0
220017,1,1,1996,11,0,0,0,0,0,0,0,0,0
220018,1,1,1996,26,26,26,26,26,26,26,26,26,26
220019,0,1,1996,18,16,19,18,25,17,11,24,24,16
220019,1,1,1996,0,0,0,0,0,0,0,0,0,0
220020,0,1,1996,0,0,22,14,8,11,43,11,0,0
220020,1,1,1996,0,0,0,0,0,0,0,0,0,0
220020,2,1,1996,0,0,0,0,0,0,0,0,0,0
220021,1,1,1996,23,23,23,23,23,23,23,23,23,23
220022,1,1,1996,11,12,0,0,0,0,0,6,6,8
220023,1,1,1996,0,0,0,0,0,13,15,0,0,0
220024,1,1,1996,0,0,0,0,0,0,0,0,0,0
220024,2,1,1996,1,1,1,1,1,1,1,1,1,1
220025,0,1,1996,0,0,0,0,12,19,0,26,0,0
220025,0,2,1996,0,0,0,0,0,0,0,0,0,0
220025,1,1,1996,0,0,0,0,0,0,0,0,0,0
220026,1,1,1996,0,0,0,0,0,0,0,0,0,0
220027,1,1,1996,24,24,24,24,24,24,24,24,24,24
220028,1,1,1996,9,13,0,0,26,0,0,0,0,8
220028,2,1,1996,0,0,0,0,0,0,0,0,0,0
220029,1,1,1996,22,22,22,22,22,22,22,22,22,22
220030,1,1,1996,12,0,0,21,0,33,0,11,0,13
220031,0,1,1996,26,26,26,26,26,26,26,26,26,26
220031,1,1,1996,0,0,0,0,0,0,0,0,0,0
220032,1,1,1996,0,0,0,0,0,0,0,0,0,0
220033,1,1,1996,27,24,39,31,27,16,13,23,22,0
220034,1,1,1996,20,20,20,20,20,20,20,20,20,20
220035,1,1,1996,0,0,0,0,0,0,6,0,0,0
220035,2,1,1996,0,0,0,0,0,0,0,0,0,0
220036,1,1,1996,0,0,0,0,0,0,0,0,0,0
220037,0,1,1996,0,0,0,0,0,0,0,0,0,0
220037,1,1,1996,0,0,0,0,0,0,0,0,0,0
220038,1,1,1996,11,12,24,9,18,8,14,6,11,16
220039,0,1,1996,0,0,0,0,0,13,0,0,18,0
220040,1,1,1996,15,15,15,15,15,15,15,15,15,15
220041,1,1,1996,4,4,4,4,4,4,4,4,4,4
220041,2,1,1996,10,10,10,10,10,10,10,10,10,10
220042,1,1,1996,0,0,0,0,0,0,0,0,0,0
220043,0,1,1996,0,0,0,0,0,0,0,0,0,0
220043,1,1,1996,0,0,0,0,0,0,0,0,0,0
220044,1,1,1996,26,26,26,26,26,26,26,26,26,26
220045,1,1,1996,0,0,0,0,5,0,0,0,0,0
220046,1,1,1996,6,6,6,6,6,6,6,6,6,6
220047,0,1,1996,0,21,0,22,0,19,27,0,0,0
220047,1,1,1996,0,0,0,0,0,0,0,0,0,0
220048,0,1,1996,22,11,0,0,22,30,0,14,11,30
220048,1,1,1996,0,0,0,0,0,0,0,0,0,0
220049,1,1,1996,14,14,14,14,14,14,14,14,14,14
220050,0,1,1996,0,0,0,0,0,0,0,0,0,0
220050,1,1,1996,12,12,12,12,12,12,12,12,12,12
220051,1,1,1996,0,0,0,0,0,0,0,0,0,0
220051,2,1,1996,0,0,0,0,0,0,0,0,0,0
220052,1,1,1996,6,6,6,6,6,6,6,6,6,6
220052,2,1,1996,2,2,2,2,2,2,2,2,2,2
220053,1,1,1996,0,0,18,0,0,0,0,0,0,0
220054,1,1,1996,28,8,23,20,11,0,6,17,15,23
220055,1,1,1996,0,0,0,0,0,0,0,0,0,0
220055,2,1,1996,0,0,0,0,0,0,7,0,0,0
220056,1,1,1996,6,6,6,6,6,6,6,6,6,6
220057,1,1,1996,1,1,1,1,1,1,1,1,1,1
220057,2,1,1996,0,0,0,0,0,0,0,0,0,0
220058,0,1,1996,0,0,0,0,0,0,0,0,0,0
220058,1,1,1996,0,0,0,0,0,0,0,0,0,0
220059,1,1,1996,15,15,15,15,15,15,15,15,15,15
220059,2,1,1996,8,8,8,8,8,8,8,8,8,8
220059,3,1,1996,0,0,0,0,0,0,0,0,0,0
220060,1,1,1996,0,0,0,0,0,0,0,0,0,0
220060,2,1,1996,0,0,0,0,0,0,0,0,0,0
220061,0,1,1996,0,0,0,0,0,0,0,0,0,0
220061,1,1,1996,0,0,0,0,0,0,0,0,0,0
220062,0,1,1996,26,26,26,26,26,26,26,26,26,26
220062,1,1,1996,0,0,0,0,0,0,4,0,0,0
220062,2,1,1996,0,0,0,0,0,0,0,0,0,0
220063,1,1,1996,18,20,10,22,14,37,21,9,10,16
220064,1,1,1996,0,0,0,0,0,0,0,0,0,0
220064,2,1,1996,0,0,0,0,0,0,0,0,0,0
220065,1,1,1996,0,0,0,0,6,0,0,0,0,0
220065,2,1,1996,0,0,0,0,0,0,0,0,7,9
220066,1,1,1996,0,0,10,20,0,0,19,0,14,28
220066,2,1,1996,14,14,14,14,14,14,14,14,14,14
220067,1,1,1996,0,0,0,0,0,0,0,0,0,0
220068,1,1,1996,0,0,0,0,0,0,0,0,0,0
220068,2,1,1996,0,0,0,0,0,0,0,0,0,0
220069,1,1,1996,27,27,27,27,27,27,27,27,27,27
220070,1,1,1996,14,0,12,19,32,0,13,25,11,22
220071,0,1,1996,22,22,22,22,22,22,22,22,22,22
220071,1,1,1996,0,0,0,0,0,0,0,0,0,0
220072,1,1,1996,16,16,16,16,16,16,16,16,16,16
220072,2,1,1996,0,0,0,0,0,0,0,0,0,0
220073,1,1,1996,9,9,9,9,9,9,9,9,9,9
220073,2,1,1996,0,0,0,0,0,0,0,0,0,0
220074,1,1,1996,0,0,0,0,0,0,0,0,0,0
220074,2,1,1996,0,0,0,0,0,0,0,0,0,0
220075,0,1,1996,26,0,0,4,31,34,12,28,15,22
220075,1,1,1996,6,6,6,6,6,6,6,6,6,6
220076,1,1,1996,0,0,0,0,0,0,0,0,0,0
220076,2,1,1996,0,20,0,25,5,15,7,35,31,0
220076,3,1,1996,0,0,0,0,0,0,0,0,0,0
220077,1,1,1996,0,0,0,0,0,0,0,0,0,0
220077,2,1,1996,18,0,0,0,0,0,0,0,0,0
220078,1,1,1996,0,0,0,0,0,0,0,0,0,0
220078,2,1,1996,0,0,0,0,0,0,0,0,0,0
220079,0,1,1996,39,25,11,9,12,12,7,41,18,35
220079,1,1,1996,0,0,0,0,0,0,0,0,0,0
220080,1,1,1996,0,0,0,0,0,0,0,0,0,0
220080,2,1,1996,0,0,0,0,0,0,0,0,0,0
220081,1,1,1996,0,0,0,0,0,0,0,0,0,0
220081,2,1,1996,0,0,0,0,0,0,0,0,0,0
220082,1,1,1996,26,26,26,26,26,26,26,26,26,26
220082,2,1,1996,13,13,13,13,13,13,13,13,13,13
220083,1,1,1996,0,0,0,0,0,0,0,0,0,0
220083,2,1,1996,0,0,0,0,14,0,0,0,0,30
220084,1,1,1996,12,12,12,12,12,12,12,12,12,12
220085,0,1,1996,18,14,13,13,11,18,21,20,23,22
220085,1,1,1996,0,0,14,0,0,0,0,0,0,0
220086,0,1,1996,27,0,13,9,19,31,7,5,27,19
220086,1,1,1996,0,0,0,0,0,0,0,0,0,0
220087,1,1,1996,0,0,0,0,0,0,0,0,9,0
220087,2,1,1996,0,0,0,0,0,0,0,0,0,0
220088,0,1,1996,25,25,25,25,25,25,25,25,25,25
220088,1,1,1996,0,0,0,0,0,0,0,0,0,0
220089,2,1,1996,21,21,21,21,21,21,21,21,21,21
220090,1,1,1996,0,0,0,0,0,0,0,0,0,0
220091,1,1,1996,1,1,1,1,1,1,1,1,1,1
220092,1,1,1996,10,10,10,10,10,10,10,10,10,10
220093,1,1,1996,17,17,17,17,17,17,17,17,17,17
220094,1,1,1996,6,17,0,17,9,0,23,0,0,12
220094,2,1,1996,0,0,0,4,10,7,0,17,0,22
220095,1,1,1996,17,17,17,17,17,17,17,17,17,17
220096,0,1,1996,19,4,50,37,24,4,23,13,12,5
220096,1,1,1996,0,0,0,0,0,0,0,0,0,0
220097,0,1,1996,0,0,0,0,0,0,0,0,0,0
220097,1,1,1996,0,0,0,0,0,0,0,0,0,0
220098,1,1,1996,22,22,22,22,22,22,22,22,22,22
220099,0,1,1996,0,0,0,0,0,0,0,0,0,0
220099,1,1,1996,0,0,0,0,0,0,0,0,0,0
220100,1,1,1996,0,0,0,0,0,0,0,0,0,0
220100,2,1,1996,0,0,0,0,0,0,0,0,0,0
220101,1,1,1996,27,0,0,18,0,0,20,20,0,18
220102,0,1,1996,0,0,0,0,0,0,0,0,0,0
220102,1,1,1996,0,4,0,0,0,18,0,0,25,0
220103,0,1,1996,0,0,0,14,22,33,0,0,0,27
220103,1,1,1996,0,0,0,0,0,0,0,0,0,0
220104,1,1,1996,0,0,0,0,0,0,0,0,0,0
220104,2,1,1996,0,0,0,0,0,0,0,0,0,0
220104,3,1,1996,0,0,0,0,0,0,0,0,0,0
220104,4,1,1996,0,0,0,0,0,0,0,0,0,0
220105,1,1,1996,0,0,10,0,0,0,0,0,24,0
220105,2,1,1996,0,0,0,0,0,0,0,0,0,0
220106,1,1,1996,0,0,11,0,0,0,0,11,0,0
220107,1,1,1996,14,13,0,32,20,0,0,21,0,9
220108,1,1,1996,14,14,14,14,14,14,14,14,14,14
220109,1,1,1996,0,0,0,22,0,0,0,0,0,17
220109,2,1,1996,0,0,0,0,0,9,0,0,0,0
220110,1,1,1996,18,18,18,18,18,18,18,18,18,18
220111,1,1,1996,0,0,0,0,0,0,0,0,0,0
220112,1,1,1996,15,15,15,15,15,15,15,15,15,15
220113,1,1,1996,5,5,5,5,5,5,5,5,5,5
220114,1,1,1996,0,0,0,0,3,0,0,0,0,0
220115,1,1,1996,26,26,26,26,26,26,26,26,26,26
220116,1,1,1996,17,0,0,0,0,0,0,0,24,0
220117,1,1,1996,6,6,6,6,6,6,6,6,6,6
220118,1,1,1996,25,25,25,25,25,25,25,25,25,25
220119,1,1,1996,19,19,19,19,19,19,19,19,19,19
220120,1,1,1996,0,0,0,0,0,0,0,0,0,0
220121,1,1,1996,0,0,0,0,0,0,0,0,0,0
220121,2,1,1996,0,0,0,0,0,0,0,0,0,0
220122,1,1,1996,0,0,0,0,0,0,0,0,0,0
220122,2,1,1996,0,0,0,0,0,0,0,0,0,0