ST_CASE,VEH_NO,PER_NO,YEAR,P1,P2,P3,P4,P5,P6,P7,P8,P9,P10
220122,3,1,1996,0,0,0,0,0,0,0,0,0,0
220123,1,1,1996,0,0,0,0,0,0,0,0,0,0
220123,2,1,1996,0,0,0,0,0,0,0,0,0,0
220124,1,1,1996,23,23,23,23,23,23,23,23,23,23
220125,0,1,1996,0,0,17,0,0,0,0,0,0,0
220125,1,1,1996,0,0,0,0,0,0,0,0,0,0
220126,1,1,1996,0,0,0,0,0,0,0,0,0,9
220126,2,1,1996,0,0,0,0,0,0,0,0,0,0
220127,0,1,1996,12,11,0,0,11,9,22,0,28,25
220127,1,1,1996,0,0,0,0,0,0,0,0,0,0
220128,1,1,1996,0,0,0,0,0,0,0,0,0,0
220128,2,1,1996,0,0,0,0,0,0,0,0,0,0
220129,1,1,1996,0,0,0,0,0,0,0,0,14,0
220129,2,1,1996,0,0,0,0,0,0,0,0,0,0
220129,3,1,1996,0,0,0,0,0,0,0,0,0,0
220130,1,1,1996,5,22,30,33,17,29,26,23,32,18
220131,1,1,1996,0,0,0,0,0,9,0,7,0,0
220131,2,1,1996,0,0,0,0,0,0,0,0,0,0
220132,1,1,1996,0,0,0,0,0,0,0,0,0,0
220132,2,1,1996,0,0,0,0,0,0,0,0,0,0
220133,1,1,1996,26,26,26,26,26,26,26,26,26,26
220134,1,1,1996,17,17,17,17,17,17,17,17,17,17
220135,1,1,1996,0,0,0,0,0,0,0,0,0,0
220135,2,1,1996,0,0,0,0,0,0,0,0,0,0
220137,1,1,1996,17,17,17,17,17,17,17,17,17,17
220137,2,1,1996,0,0,0,0,0,0,0,0,0,0
220138,0,1,1996,0,0,0,0,11,0,0,0,0,0
220138,1,1,1996,0,0,0,0,0,0,0,0,0,0
220139,1,1,1996,0,22,12,5,29,11,5,0,0,7
220140,0,1,1996,25,25,25,25,25,25,25,25,25,25
220140,1,1,1996,0,0,0,0,5,0,12,6,0,0
220140,2,1,1996,0,0,0,0,0,12,0,0,0,0
220140,3,1,1996,0,25,0,0,0,0,0,0,0,0
220140,4,1,1996,0,0,0,0,0,0,0,0,0,0
220140,5,1,1996,0,0,0,0,0,8,0,0,0,0
220141,0,1,1996,0,0,0,0,0,0,0,0,0,0
220141,1,1,1996,0,0,0,0,0,0,0,0,0,0
220141,2,1,1996,14,14,14,14,14,14,14,14,14,14
220142,1,1,1996,0,0,0,0,0,0,0,0,0,0
220142,2,1,1996,0,0,0,0,0,0,0,0,0,0
220143,1,1,1996,15,15,15,15,15,15,15,15,15,15
220144,1,1,1996,3,3,3,3,3,3,3,3,3,3
220144,2,1,1996,0,0,0,0,0,0,0,0,0,0
220144,3,1,1996,0,0,0,0,0,0,0,0,0,0
220145,0,1,1996,27,27,27,27,27,27,27,27,27,27
220145,1,1,1996,0,0,0,0,0,0,0,0,0,0
220146,1,1,1996,21,21,21,21,21,21,21,21,21,21
220147,0,1,1996,0,0,0,0,0,0,0,0,0,0
220147,0,2,1996,0,16,0,0,31,13,0,15,0,11
220147,0,3,1996,0,0,0,0,0,0,0,0,0,0
220147,1,1,1996,28,28,28,28,28,28,28,28,28,28
220148,1,1,1996,0,0,0,0,0,18,0,0,0,14
220148,2,1,1996,0,0,0,0,12,0,0,0,0,0
220149,1,1,1996,15,15,15,15,15,15,15,15,15,15
220150,1,1,1996,0,0,0,0,0,0,0,0,0,0
220150,2,1,1996,0,0,0,0,0,0,0,0,0,0
220151,1,1,1996,0,0,0,0,0,0,13,0,0,0
220151,2,1,1996,0,0,0,0,0,0,0,0,0,0
220152,1,1,1996,8,8,8,8,8,8,8,8,8,8
220153,1,1,1996,0,0,0,0,0,0,0,0,0,0
220154,1,1,1996,0,0,0,0,0,0,0,0,0,0
220155,0,1,1996,23,23,23,23,23,23,23,23,23,23
220155,1,1,1996,0,0,0,0,0,0,0,0,0,0
220156,1,1,1996,0,0,0,0,0,0,0,0,0,0
220158,1,1,1996,26,5,19,12,0,19,20,13,21,34
220158,2,1,1996,0,0,0,0,0,0,0,0,0,0
220158,3,1,1996,0,0,0,0,0,0,0,0,0,0
220159,1,1,1996,0,0,0,0,0,0,0,0,0,0
220159,2,1,1996,0,0,0,0,0,0,0,0,0,0
220160,1,1,1996,15,0,15,0,0,0,0,0,6,0
220160,2,1,1996,0,0,0,0,0,0,0,0,0,0
220161,1,1,1996,0,0,0,0,0,0,0,0,0,0
220161,2,1,1996,0,0,0,0,0,0,0,0,0,0
220162,1,1,1996,0,0,0,0,0,0,0,0,0,0
220162,2,1,1996,0,0,0,0,0,0,0,0,0,0
220163,1,1,1996,0,0,0,0,0,0,0,0,0,0
220164,1,1,1996,0,0,0,0,0,0,0,0,0,0
220164,2,1,1996,0,0,0,0,0,0,0,0,0,0
220165,0,1,1996,0,0,0,0,11,0,0,0,0,13
220165,1,1,1996,0,0,0,0,0,0,0,0,0,0
220166,1,1,1996,17,17,17,17,17,17,17,17,17,17
220167,0,1,1996,0,0,0,0,0,0,0,0,0,0
220167,1,1,1996,0,0,0,0,0,0,0,0,0,0
220168,1,1,1996,0,0,0,0,0,0,0,0,0,0
220168,2,1,1996,0,0,0,0,0,0,0,11,0,0
220169,1,1,1996,0,0,0,0,31,0,0,26,0,19
220169,2,1,1996,0,0,0,0,0,0,0,0,0,0
220170,1,1,1996,16,0,2,0,0,0,0,0,0,0
220171,1,1,1996,0,0,0,0,0,0,0,0,0,0
220171,2,1,1996,0,0,0,0,0,0,0,0,0,0
220171,3,1,1996,0,0,0,0,0,0,0,0,0,0
220172,1,1,1996,0,17,0,8,0,0,10,0,0,0
220173,1,1,1996,7,14,22,16,6,0,9,7,16,15
220174,1,1,1996,0,0,0,0,0,0,0,0,0,0
220174,2,1,1996,0,0,0,0,0,0,0,0,0,0
220175,0,1,1996,8,8,8,8,8,8,8,8,8,8
220175,1,1,1996,0,0,0,0,4,18,0,0,0,0
220176,1,1,1996,13,25,0,25,0,11,17,22,0,28
220177,1,1,1996,0,0,0,0,0,0,0,0,0,0
220177,2,1,1996,0,0,0,0,0,0,0,0,0,0
220177,3,1,1996,0,0,0,0,0,0,0,0,0,0
220178,1,1,1996,10,6,7,8,12,10,21,2,0,20
220179,1,1,1996,14,0,0,0,0,0,0,0,0,0
220179,2,1,1996,0,0,0,0,0,0,0,0,0,0
220180,1,1,1996,10,9,17,4,15,27,5,4,20,9
220181,1,1,1996,1,1,1,1,1,1,1,1,1,1
220181,2,1,1996,0,0,0,0,0,0,0,0,0,0
220181,3,1,1996,0,0,0,0,0,0,0,0,0,0
220182,1,1,1996,0,0,0,0,0,0,0,0,0,0
220183,0,1,1996,18,18,18,18,18,18,18,18,18,18
220183,1,1,1996,19,6,0,0,0,0,14,0,20,0
220184,1,1,1996,0,11,0,0,0,3,0,0,0,0
220184,2,1,1996,0,0,0,0,10,0,27,2,0,0
220185,1,1,1996,0,0,0,0,0,0,0,0,0,0
220186,1,1,1996,17,17,0,0,0,0,0,0,0,0
220187,0,1,1996,0,0,0,0,0,0,0,0,0,0
220187,1,1,1996,0,0,0,12,0,0,0,0,0,0
220188,1,1,1996,21,19,25,4,16,40,38,22,28,0
220189,1,1,1996,0,0,0,0,0,0,0,0,0,0
220190,1,1,1996,0,0,0,0,0,0,0,0,0,0
220191,1,1,1996,12,12,12,12,12,12,12,12,12,12
220192,0,1,1996,31,31,31,31,31,31,31,31,31,31
220192,1,1,1996,0,0,0,0,0,0,0,0,0,0
220193,1,1,1996,0,0,0,0,0,0,0,0,0,0
220193,2,1,1996,0,0,0,0,0,0,0,0,0,0
220194,1,1,1996,25,25,25,25,25,25,25,25,25,25
220195,1,1,1996,24,24,24,24,24,24,24,24,24,24
220195,2,1,1996,0,0,0,0,0,0,0,0,0,0
220196,1,1,1996,9,9,9,9,9,9,9,9,9,9
220196,2,1,1996,4,4,4,4,4,4,4,4,4,4
220197,1,1,1996,21,21,21,21,21,21,21,21,21,21
220198,1,1,1996,14,14,14,14,14,14,14,14,14,14
220199,1,1,1996,8,0,17,30,23,23,12,8,10,5
220200,1,1,1996,0,0,0,0,0,0,0,0,0,0
220200,2,1,1996,0,0,0,0,0,0,0,0,0,0
220201,1,1,1996,16,16,16,16,16,16,16,16,16,16
220202,1,1,1996,0,0,0,0,0,0,0,0,0,0
220203,1,1,1996,10,10,10,10,10,10,10,10,10,10
220204,1,1,1996,0,0,0,0,0,0,0,0,0,0
220205,1,1,1996,17,17,17,17,17,17,17,17,17,17
220206,1,1,1996,27,27,27,27,27,27,27,27,27,27
220207,1,1,1996,0,11,0,0,0,11,19,0,0,0
220208,1,1,1996,0,7,0,0,0,0,0,0,0,0
220208,2,1,1996,0,0,0,0,0,0,0,0,0,0
220209,1,1,1996,0,0,0,0,0,0,0,0,0,0
220210,1,1,1996,4,12,7,0,0,18,12,0,9,17
220210,2,1,1996,10,10,10,10,10,10,10,10,10,10
220211,0,1,1996,30,26,24,19,23,10,31,6,6,8
220211,1,1,1996,10,0,0,0,0,0,32,0,0,27
220212,1,1,1996,16,16,16,16,16,16,16,16,16,16
220213,1,1,1996,10,10,10,10,10,10,10,10,10,10
220215,0,1,1996,13,13,13,13,13,13,13,13,13,13
220215,1,1,1996,0,0,0,0,0,0,0,0,0,0
220216,1,1,1996,21,21,21,21,21,21,21,21,21,21
220217,1,1,1996,0,0,0,0,0,0,0,0,0,0
220217,2,1,1996,0,0,0,0,0,0,0,0,0,0
220218,1,1,1996,0,0,0,0,0,0,0,0,0,0
220218,2,1,1996,0,0,0,0,0,0,0,0,0,0
220219,1,1,1996,0,0,13,23,22,0,6,22,0,14
220219,2,1,1996,0,0,0,0,0,0,0,0,0,0
220220,1,1,1996,20,0,9,0,8,0,11,0,13,27
220220,2,1,1996,0,0,0,0,0,0,0,0,0,0
220221,0,1,1996,0,0,0,0,0,0,0,0,0,0
220221,1,1,1996,0,0,0,0,0,0,0,0,0,0
220222,0,1,1996,19,26,22,0,0,0,27,22,0,16
220222,1,1,1996,0,0,0,0,0,0,0,0,0,0
220223,0,1,1996,0,0,0,0,0,0,0,0,0,0
220223,1,1,1996,0,0,0,0,0,0,0,0,0,0
220224,1,1,1996,0,0,0,0,0,0,0,0,0,0
220224,2,1,1996,0,0,0,0,0,0,0,0,0,0
220225,1,1,1996,0,0,23,0,0,0,0,0,0,0
220226,0,1,1996,12,21,0,0,18,0,7,4,8,16
220226,1,1,1996,4,4,4,4,4,4,4,4,4,4
220227,1,1,1996,13,27,27,0,32,12,6,24,29,22
220228,1,1,1996,0,0,0,0,0,0,0,0,0,0
220229,1,1,1996,11,16,17,5,12,7,3,17,12,21
220229,2,1,1996,0,0,20,0,0,0,0,0,0,0
220230,1,1,1996,11,0,0,19,0,24,0,0,0,21
220231,1,1,1996,13,25,14,14,22,29,19,19,15,5
220232,1,1,1996,14,22,7,10,19,21,23,4,11,19
220233,1,1,1996,24,24,24,24,24,24,24,24,24,24
220233,2,1,1996,0,0,0,0,0,0,0,0,0,0
220234,0,1,1996,0,0,0,0,0,0,0,0,0,0
220234,1,1,1996,0,0,0,0,0,0,0,0,0,0
220235,1,1,1996,6,6,6,6,6,6,6,6,6,6
220236,1,1,1996,18,0,0,0,0,0,0,14,0,0
220237,1,1,1996,14,13,11,30,9,25,8,29,31,29
220238,1,1,1996,0,0,0,0,0,26,0,26,0,0
220239,1,1,1996,15,12,16,19,28,15,0,11,14,15
220240,1,1,1996,22,14,0,0,25,0,18,10,23,19
220241,1,1,1996,0,0,0,0,0,0,0,0,0,0
220241,2,1,1996,0,0,0,0,0,0,0,0,0,0
220242,1,1,1996,18,18,18,18,18,18,18,18,18,18
220243,1,1,1996,1,1,1,1,1,1,1,1,1,1
220243,2,1,1996,0,0,0,0,0,0,0,6,0,0
220243,3,1,1996,0,0,0,0,0,0,0,0,0,0
220243,4,1,1996,0,0,0,0,0,0,0,0,0,0
220244,0,1,1996,0,16,0,20,19,0,0,42,19,0
220244,1,1,1996,0,0,0,0,0,0,0,0,0,0
220245,1,1,1996,0,0,31,25,0,0,0,0,0,0
220246,0,1,1996,0,0,0,0,0,0,0,0,0,0
220246,1,1,1996,0,0,0,0,0,0,0,8,0,10
220247,1,1,1996,7,7,7,7,7,7,7,7,7,7
220248,0,1,1996,21,21,21,21,21,21,21,21,21,21
220248,1,1,1996,0,0,0,0,0,0,0,0,0,0
220249,1,1,1996,0,0,0,0,0,0,0,0,0,0
220249,2,1,1996,0,0,0,0,0,0,0,0,0,0
220250,1,1,1996,0,0,0,0,0,0,10,0,0,14
220250,2,1,1996,0,0,20,0,6,0,0,0,0,0
220250,3,1,1996,0,0,0,0,0,0,0,0,0,0
220250,4,1,1996,0,0,0,0,0,0,0,0,0,0
220251,1,1,1996,24,0,0,0,0,0,0,22,0,0
220251,2,1,1996,0,0,0,0,0,0,0,0,0,0
220252,1,1,1996,12,12,12,12,12,12,12,12,12,12
220253,1,1,1996,0,31,0,10,13,25,9,37,40,17
220254,1,1,1996,0,0,0,0,0,0,0,0,0,0
220254,2,1,1996,0,0,0,0,0,0,19,0,0,0
220255,1,1,1996,0,0,0,0,0,0,0,0,0,0
220255,2,1,1996,0,0,0,0,0,0,0,10,0,0
220256,1,1,1996,13,13,13,13,13,13,13,13,13,13
220256,2,1,1996,0,0,0,0,0,0,0,0,0,0
220257,1,1,1996,35,14,14,0,0,49,15,38,31,0
220258,1,1,1996,26,10,17,18,0,9,22,20,10,14
220259,1,1,1996,0,46,18,0,33,0,11,0,0,12
220260,1,1,1996,0,0,0,0,0,0,0,0,0,0
220260,2,1,1996,0,0,0,0,0,0,0,0,0,0
220261,1,1,1996,0,0,0,0,0,0,0,0,0,0
220261,2,1,1996,0,0,0,0,0,0,0,0,0,0
220261,3,1,1996,0,0,0,0,0,0,0,0,0,0
220262,1,1,1996,24,24,24,24,24,24,24,24,24,24
220263,1,1,1996,0,0,0,0,0,0,0,0,0,0
220264,1,1,1996,0,19,10,0,0,0,0,12,0,0
220265,1,1,1996,0,0,0,0,0,0,0,0,0,0
220266,1,1,1996,19,19,19,19,19,19,19,19,19,19
220267,1,1,1996,24,24,24,24,24,24,24,24,24,24
220268,1,1,1996,0,0,0,0,0,0,0,0,0,0
220268,2,1,1996,0,0,0,0,0,0,0,0,0,0
220269,1,1,1996,0,0,25,16,0,18,0,33,16,23
220270,1,1,1996,23,16,0,16,0,32,30,0,10,15
220271,1,1,1996,0,0,0,0,0,0,0,0,0,0
220271,2,1,1996,0,0,0,0,0,0,0,0,0,0
220272,1,1,1996,22,8,16,6,6,14,26,21,18,13
220272,2,1,1996,3,3,3,3,3,3,3,3,3,3
220273,1,1,1996,19,14,21,20,17,14,0,0,19,16
220274,1,1,1996,13,13,13,13,13,13,13,13,13,13
220274,2,1,1996,0,0,0,0,0,0,0,0,0,0
220275,1,1,1996,0,0,0,0,0,18,0,0,0,0
220276,1,1,1996,0,0,0,0,0,0,0,0,0,0
220277,1,1,1996,21,4,0,0,0,0,0,0,0,0
220277,2,1,1996,0,0,0,0,0,22,0,0,0,0
220278,1,1,1996,0,0,9,10,0,0,0,0,0,0
220279,1,1,1996,0,0,0,0,21,18,0,0,0,19
220280,0,1,1996,0,0,23,0,0,0,13,23,0,14
220280,1,1,1996,0,0,0,0,0,0,0,0,0,0
220281,1,1,1996,0,0,0,0,0,0,0,0,0,0
220281,2,1,1996,0,0,0,0,0,0,0,0,0,0
220282,1,1,1996,0,0,0,0,0,0,0,0,0,0
220283,1,1,1996,10,10,10,10,10,10,10,10,10,10
220283,2,1,1996,0,0,0,0,0,0,0,0,0,0
220284,1,1,1996,0,0,0,0,0,0,0,0,0,0
220284,2,1,1996,0,0,0,0,0,0,0,0,0,0
220285,1,1,1996,0,0,0,0,0,0,0,0,0,0
220285,2,1,1996,0,0,0,0,0,0,0,0,0,0
220286,0,1,1996,0,0,18,14,0,8,0,0,0,0
220286,1,1,1996,0,0,0,14,0,0,0,0,0,0
220287,1,1,1996,27,27,27,27,27,27,27,27,27,27
220287,2,1,1996,7,0,0,4,0,0,0,0,0,34
220288,1,1,1996,5,5,5,5,5,5,5,5,5,5
220288,2,1,1996,0,0,0,0,0,0,0,0,0,0
220289,0,1,1996,7,6,0,0,0,0,0,0,0,0
220289,0,2,1996,0,0,0,13,0,0,0,0,0,0
220289,1,1,1996,0,0,0,0,0,0,0,0,0,0
220290,1,1,1996,0,0,0,0,0,0,0,0,0,0
220290,2,1,1996,0,0,0,0,0,0,0,0,0,0
220291,1,1,1996,14,14,14,14,14,14,14,14,14,14
220292,1,1,1996,0,0,0,0,0,0,0,0,0,0
220292,2,1,1996,0,0,0,0,0,0,0,0,0,0
220292,3,1,1996,0,0,0,0,0,0,0,15,0,0
220293,1,1,1996,0,0,0,0,0,0,0,0,0,0
220293,2,1,1996,0,0,0,0,0,0,0,0,0,0
220294,1,1,1996,0,0,0,0,0,0,0,0,0,0
220295,0,1,1996,0,0,0,0,0,0,0,0,0,0
220295,1,1,1996,2,0,0,19,17,0,0,0,0,0
220296,1,1,1996,0,0,0,0,0,0,0,0,0,0
220296,2,1,1996,0,0,0,0,0,0,0,0,0,0
220297,1,1,1996,0,0,0,0,0,0,0,0,0,0
220297,2,1,1996,0,0,0,0,0,0,0,0,0,0
220298,1,1,1996,18,18,18,18,18,18,18,18,18,18
220299,1,1,1996,18,18,18,18,18,18,18,18,18,18
220300,1,1,1996,19,19,19,19,19,19,19,19,19,19
220301,1,1,1996,15,14,0,0,21,29,12,22,30,0
220301,2,1,1996,0,0,0,0,0,0,0,0,3,0
220302,1,1,1996,12,12,12,12,12,12,12,12,12,12
220302,2,1,1996,0,0,0,0,0,0,0,0,0,0
220303,1,1,1996,0,11,0,0,0,0,0,0,0,0
220303,2,1,1996,0,0,0,0,0,0,0,0,0,0
220304,1,1,1996,18,18,18,18,18,18,18,18,18,18
220305,1,1,1996,14,14,14,14,14,14,14,14,14,14
220305,2,1,1996,0,0,0,0,0,0,0,0,0,0
220306,1,1,1996,16,16,16,16,16,16,16,16,16,16
220307,1,1,1996,0,0,0,0,0,0,0,0,0,0
220307,2,1,1996,0,0,0,0,0,0,0,0,0,0
220308,1,1,1996,7,7,7,7,7,7,7,7,7,7
220309,0,1,1996,17,17,17,17,17,17,17,17,17,17
220309,1,1,1996,0,0,0,0,0,0,0,0,0,0
220310,1,1,1996,19,19,19,19,19,19,19,19,19,19
220310,3,1,1996,0,0,0,0,0,15,0,0,0,0
220311,1,1,1996,6,13,0,0,20,0,0,0,0,8
220312,1,1,1996,0,0,0,0,0,0,0,0,0,0
220312,2,1,1996,0,0,0,0,0,0,0,0,0,0
220313,1,1,1996,3,3,3,3,3,3,3,3,3,3
220313,2,1,1996,0,0,0,0,0,0,0,0,0,0
220314,1,1,1996,11,11,11,11,11,11,11,11,11,11
220315,1,1,1996,0,0,0,0,0,0,0,0,0,0
220315,2,1,1996,0,0,0,0,0,0,0,0,0,0
220316,1,1,1996,15,15,15,15,15,15,15,15,15,15
220317,1,1,1996,20,20,20,20,20,20,20,20,20,20
220317,2,1,1996,0,0,0,0,0,0,0,0,0,0
220318,1,1,1996,0,0,0,0,0,0,0,0,0,0
220319,1,1,1996,15,15,15,15,15,15,15,15,15,15
220320,1,1,1996,21,21,21,21,21,21,21,21,21,21
220321,1,1,1996,19,0,0,0,6,0,15,19,0,17
220322,1,1,1996,0,0,0,0,0,0,0,0,0,0
220322,2,1,1996,0,20,0,0,16,0,0,0,16,20
220323,1,1,1996,26,26,26,26,26,26,26,26,26,26
220324,1,1,1996,27,14,28,26,35,6,39,0,17,14
220325,1,1,1996,0,0,0,0,0,0,0,0,0,0
220325,2,1,1996,0,0,0,0,6,0,0,0,0,0
220326,1,1,1996,0,11,3,0,0,0,0,0,0,0
220327,1,1,1996,0,0,0,0,0,0,0,0,0,0
220327,2,1,1996,0,0,0,0,0,0,0,0,0,0
220328,1,1,1996,0,0,0,0,0,0,14,0,0,0
220329,1,1,1996,0,0,0,0,0,0,0,0,0,0
220330,1,1,1996,15,27,0,8,0,28,0,0,0,0
220331,1,1,1996,11,13,0,3,3,9,24,24,18,13
220331,2,1,1996,0,0,0,0,0,0,0,0,0,0
220332,1,1,1996,0,0,0,0,0,18,0,0,23,0
220333,1,1,1996,0,0,0,16,16,33,16,11,5,21
220334,1,1,1996,0,0,0,15,0,0,7,0,0,0
220334,2,1,1996,0,0,0,0,0,0,0,0,0,0
220335,1,1,1996,30,0,11,0,30,0,27,0,0,20
220336,1,1,1996,37,5,0,17,0,0,0,0,0,0
220336,2,1,1996,6,6,6,6,6,6,6,6,6,6
220337,1,1,1996,26,26,26,26,26,26,26,26,26,26
220338,0,1,1996,0,0,0,0,0,0,0,0,0,0
220338,0,2,1996,11,0,6,21,0,17,0,9,0,0
220338,1,1,1996,0,37,25,10,18,0,0,0,29,0
220339,1,1,1996,0,0,0,0,0,0,0,0,0,0
220339,2,1,1996,0,0,0,0,0,0,12,0,0,0
220340,1,1,1996,5,5,5,5,5,5,5,5,5,5
220341,1,1,1996,0,0,0,0,0,0,0,0,0,0
220341,2,1,1996,0,8,0,0,0,18,0,0,0,0
220342,1,1,1996,0,5,0,0,0,0,23,0,0,0
220342,2,1,1996,0,0,0,18,0,18,0,26,0,0
220343,1,1,1996,0,0,0,0,0,0,0,0,0,0
220343,2,1,1996,0,0,0,0,0,0,0,0,0,0
220344,1,1,1996,0,0,0,0,0,0,0,0,0,0
220344,2,1,1996,4,4,4,4,4,4,4,4,4,4
220345,0,1,1996,0,0,0,0,0,0,0,0,0,0
220345,1,1,1996,0,0,0,0,0,11,0,0,0,0
220346,1,1,1996,13,13,13,13,13,13,13,13,13,13
220347,0,1,1996,27,0,7,0,0,12,30,17,0,0
220347,1,1,1996,0,0,0,0,0,0,0,0,0,0
220348,0,1,1996,39,0,12,0,30,0,15,20,7,15
220348,1,1,1996,0,0,0,0,0,0,18,0,0,0
220349,1,1,1996,2,2,2,2,2,2,2,2,2,2
220350,0,1,1996,0,0,0,34,30,0,0,0,28,0
220350,0,2,1996,0,0,0,0,0,0,0,0,0,0
220350,1,1,1996,25,25,25,25,25,25,25,25,25,25
220351,0,1,1996,0,13,7,0,0,16,18,0,13,0
220351,1,1,1996,21,16,33,0,0,0,6,31,13,19
220352,0,1,1996,0,0,0,0,0,0,0,0,0,0
220352,1,1,1996,0,0,0,0,0,0,0,0,23,0
220353,0,1,1996,0,0,0,0,0,0,0,0,0,0
220353,1,1,1996,17,17,17,17,17,17,17,17,17,17
220354,1,1,1996,0,0,0,0,0,0,0,0,0,0
220355,1,1,1996,0,0,0,0,0,0,0,0,0,0
220355,2,1,1996,0,0,0,0,0,0,0,0,0,0
220356,0,1,1996,0,20,17,26,23,11,22,23,38,4
220356,1,1,1996,0,0,0,0,0,15,0,0,0,0
220358,1,1,1996,0,0,0,0,0,0,0,0,0,0
220358,2,1,1996,0,0,0,0,0,0,0,0,0,0
220359,1,1,1996,0,0,0,0,0,0,0,0,22,0
220360,1,1,1996,20,0,0,0,0,0,0,0,0,0
220360,2,1,1996,0,0,0,0,0,0,0,0,0,0
220361,1,1,1996,18,20,14,0,20,16,9,10,25,34
220362,1,1,1996,8,8,8,8,8,8,8,8,8,8
220362,2,1,1996,0,0,0,0,0,0,0,0,0,0
220363,0,1,1996,0,0,0,0,0,0,0,0,0,0
220363,0,2,1996,16,4,0,0,20,0,0,0,0,21
220363,0,3,1996,0,0,0,0,0,0,0,0,0,0
220363,1,1,1996,14,14,14,14,14,14,14,14,14,14
220364,1,1,1996,0,0,0,0,0,0,0,18,0,0
220364,2,1,1996,0,0,0,0,0,0,0,0,0,0
220365,1,1,1996,0,0,0,0,0,0,0,0,0,0
220365,2,1,1996,0,0,0,0,0,0,0,0,0,0
220366,1,1,1996,0,0,0,0,0,0,0,20,0,0
220366,2,1,1996,0,0,0,0,0,0,0,0,0,0
220367,1,1,1996,0,0,0,7,0,0,0,0,0,0
220367,2,1,1996,0,0,0,0,0,0,0,0,0,0
220368,1,1,1996,13,0,0,0,0,18,14,11,0,14
220369,1,1,1996,24,24,24,24,24,24,24,24,24,24
220370,1,1,1996,21,0,15,0,0,0,19,16,0,11
220371,1,1,1996,0,0,0,0,0,0,0,0,0,15
220372,1,1,1996,0,0,0,0,0,0,0,0,0,0
220372,2,1,1996,7,7,7,7,7,7,7,7,7,7
220373,1,1,1996,0,0,0,0,0,0,0,0,0,0
220374,1,1,1996,19,19,19,19,19,19,19,19,19,19
220374,2,1,1996,0,0,0,0,0,0,0,0,0,0
220376,1,1,1996,21,21,21,21,21,21,21,21,21,21
220377,1,1,1996,15,15,15,15,15,15,15,15,15,15
220378,1,1,1996,0,0,0,0,0,0,0,0,0,0
220378,2,1,1996,0,0,0,0,0,0,0,0,0,0
220379,1,1,1996,0,0,31,0,12,23,0,14,8,0
220380,1,1,1996,0,0,0,0,0,0,0,0,0,0
220381,1,1,1996,0,0,0,0,0,0,0,0,0,0
220381,2,1,1996,0,0,0,0,0,0,0,0,0,0
220382,1,1,1996,15,11,17,23,41,39,14,11,13,19
220383,1,1,1996,0,0,0,0,0,0,0,0,0,0
220384,1,1,1996,0,0,0,0,0,0,0,0,0,0
220385,1,1,1996,0,0,0,0,0,0,0,0,0,0
220385,2,1,1996,0,0,0,0,0,0,0,0,0,0
220386,1,1,1996,14,14,14,14,14,14,14,14,14,14
220387,1,1,1996,11,11,11,11,11,11,11,11,11,11
220388,1,1,1996,0,15,15,38,16,5,15,8,11,19
220389,1,1,1996,0,0,0,0,0,0,0,0,0,0
220389,2,1,1996,0,0,0,0,0,0,0,0,0,0
220389,3,1,1996,0,0,0,0,0,0,0,0,0,0
220390,1,1,1996,23,23,23,23,23,23,23,23,23,23
220391,1,1,1996,0,0,0,0,0,0,0,0,0,0
220391,2,1,1996,0,0,0,0,0,0,0,0,0,0
220392,1,1,1996,0,0,0,0,0,0,0,0,0,0
220392,2,1,1996,0,0,0,0,0,0,0,0,0,0
220393,1,1,1996,3,3,3,3,3,3,3,3,3,3
220393,2,1,1996,6,6,6,6,6,6,6,6,6,6
220394,1,1,1996,0,0,0,0,0,0,0,0,0,0
220394,2,1,1996,0,0,0,0,0,0,0,0,0,0
220394,3,1,1996,0,0,0,0,0,0,9,0,0,0
220395,1,1,1996,25,25,25,25,25,25,25,25,25,25
220396,1,1,1996,12,10,19,13,18,4,6,0,13,24
220397,1,1,1996,9,9,9,9,9,9,9,9,9,9
220397,2,1,1996,0,0,0,0,0,0,0,0,0,0
220398,1,1,1996,13,13,13,13,13,13,13,13,13,13
220399,1,1,1996,0,0,0,0,0,0,0,0,0,0
220399,2,1,1996,5,5,5,5,5,5,5,5,5,5
220400,1,1,1996,0,0,0,0,0,0,0,0,0,0
220400,2,1,1996,0,0,0,0,0,0,0,0,0,0
220401,0,1,1996,33,20,21,0,35,32,15,0,19,5
220401,1,1,1996,2,2,2,2,2,2,2,2,2,2
220402,0,1,1996,35,35,35,35,35,35,35,35,35,35
220402,1,1,1996,0,0,0,0,0,0,0,0,0,0
220403,1,1,1996,15,15,15,15,15,15,15,15,15,15
220404,1,1,1996,7,7,7,7,7,7,7,7,7,7