ST_CASE,VEH_NO,PER_NO,YEAR,P1,P2,P3,P4,P5,P6,P7,P8,P9,P10
220404,2,1,1996,0,0,0,0,0,0,0,0,0,0
220404,3,1,1996,0,0,0,0,0,0,0,0,0,0
220405,1,1,1996,0,0,0,0,0,0,0,0,0,0
220406,1,1,1996,0,0,0,0,0,0,0,4,0,0
220407,1,1,1996,12,0,18,0,0,0,11,0,20,0
220407,2,1,1996,0,0,0,0,0,0,0,0,0,0
220408,0,1,1996,0,0,0,0,0,0,0,0,0,0
220408,0,2,1996,0,0,0,0,0,0,0,0,0,0
220408,0,3,1996,0,18,0,0,0,15,13,0,0,28
220408,1,1,1996,0,0,0,0,0,0,0,0,0,0
220409,0,1,1996,0,0,0,0,0,0,0,0,0,13
220409,1,1,1996,0,0,0,0,0,0,0,0,0,0
220410,1,1,1996,0,0,0,0,0,0,0,0,0,0
220411,1,1,1996,0,0,0,0,12,0,0,26,0,7
220412,1,1,1996,11,11,11,11,11,11,11,11,11,11
220413,1,1,1996,0,0,0,0,0,0,0,0,0,0
220413,2,1,1996,16,16,16,16,16,16,16,16,16,16
220414,0,1,1996,0,18,23,0,29,0,25,18,15,39
220414,1,1,1996,0,0,0,0,0,0,0,0,0,0
220415,1,1,1996,16,16,16,16,16,16,16,16,16,16
220416,1,1,1996,0,0,0,0,0,0,0,0,0,0
220416,2,1,1996,25,25,25,25,25,25,25,25,25,25
220417,1,1,1996,13,18,18,15,18,16,25,26,11,23
220418,1,1,1996,0,4,0,0,20,6,14,0,5,11
220419,1,1,1996,6,6,6,6,6,6,6,6,6,6
220420,1,1,1996,12,12,12,12,12,12,12,12,12,12
220421,0,1,1996,26,26,26,26,26,26,26,26,26,26
220421,1,1,1996,10,21,0,0,9,0,15,0,0,0
220422,1,1,1996,16,16,16,16,16,16,16,16,16,16
220422,2,1,1996,0,0,0,0,0,0,0,0,0,0
220423,1,1,1996,0,0,0,0,0,0,0,0,0,0
220424,1,1,1996,0,0,0,0,0,0,0,0,0,0
220424,2,1,1996,0,0,0,0,0,0,0,0,0,0
220425,1,1,1996,23,23,23,23,23,23,23,23,23,23
220426,1,1,1996,0,0,16,0,0,0,0,0,0,0
220427,1,1,1996,0,0,0,0,0,0,0,0,0,16
220428,0,1,1996,0,0,0,0,0,0,0,0,0,0
220428,1,1,1996,0,0,0,0,0,0,0,0,0,0
220429,1,1,1996,0,0,0,0,0,0,0,0,0,0
220429,2,1,1996,0,0,0,0,0,0,0,0,0,0
220429,3,1,1996,0,0,0,0,0,0,0,0,0,0
220430,1,1,1996,0,0,0,0,0,0,0,0,0,0
220430,2,1,1996,0,0,0,0,0,0,0,0,0,0
220431,1,1,1996,20,20,20,20,20,20,20,20,20,20
220432,2,1,1996,0,0,0,0,0,0,0,0,0,0
220433,1,1,1996,22,22,22,22,22,22,22,22,22,22
220433,2,1,1996,18,18,18,18,18,18,18,18,18,18
220434,1,1,1996,11,11,11,11,11,11,11,11,11,11
220434,2,1,1996,3,3,3,3,3,3,3,3,3,3
220435,1,1,1996,0,0,0,0,0,0,0,0,0,0
220436,1,1,1996,0,0,0,0,0,0,0,0,0,0
220436,2,1,1996,0,0,0,0,0,0,0,0,0,0
220437,0,1,1996,21,22,22,22,30,13,0,12,36,17
220437,1,1,1996,0,5,0,0,0,0,2,0,0,0
220438,1,1,1996,0,0,0,0,0,0,0,0,0,0
220438,2,1,1996,0,0,0,0,0,0,0,0,0,0
220439,0,1,1996,0,0,0,0,0,0,0,0,0,0
220439,1,1,1996,0,0,0,0,0,0,0,0,0,0
220440,1,1,1996,0,0,0,0,0,0,0,0,0,0
220440,2,1,1996,0,0,0,0,0,0,0,0,0,0
220440,3,1,1996,0,0,0,0,0,0,0,0,0,0
220441,0,1,1996,32,32,32,32,32,32,32,32,32,32
220441,1,1,1996,0,0,0,0,0,0,0,0,0,0
220442,1,1,1996,29,29,29,29,29,29,29,29,29,29
220442,2,1,1996,29,0,0,0,0,0,0,0,0,0
220442,3,1,1996,12,12,12,12,12,12,12,12,12,12
220442,4,1,1996,5,5,5,5,5,5,5,5,5,5
220443,1,1,1996,19,19,19,19,19,19,19,19,19,19
220444,0,1,1996,20,20,20,20,20,20,20,20,20,20
220444,1,1,1996,0,0,0,0,0,0,0,0,0,0
220445,1,1,1996,8,8,8,8,8,8,8,8,8,8
220445,2,1,1996,0,0,0,0,0,0,0,0,0,0
220446,0,1,1996,3,3,3,3,3,3,3,3,3,3
220446,1,1,1996,7,7,7,7,7,7,7,7,7,7
220447,1,1,1996,18,18,18,18,18,18,18,18,18,18
220448,0,1,1996,26,26,26,26,26,26,26,26,26,26
220448,1,1,1996,0,0,0,0,0,0,0,0,0,0
220449,1,1,1996,7,7,7,7,7,7,7,7,7,7
220449,2,1,1996,0,0,0,0,0,0,0,0,0,0
220450,0,1,1996,0,0,0,0,0,0,0,0,0,0
220450,1,1,1996,0,0,0,0,0,0,0,0,0,0
220451,1,1,1996,16,16,16,16,16,16,16,16,16,16
220452,1,1,1996,0,0,0,0,0,0,0,0,0,0
220453,1,1,1996,14,14,14,14,14,14,14,14,14,14
220454,1,1,1996,0,0,0,0,0,0,0,0,0,0
220454,2,1,1996,0,0,0,0,0,0,0,0,0,0
220455,1,1,1996,11,11,11,11,11,11,11,11,11,11
220457,1,1,1996,0,0,0,0,0,0,0,0,0,0
220459,1,1,1996,14,0,0,25,34,0,0,8,0,0
220460,1,1,1996,15,15,15,15,15,15,15,15,15,15
220460,2,1,1996,16,0,11,0,0,2,0,0,0,0
220461,1,1,1996,12,17,30,30,32,11,0,16,22,17
220462,1,1,1996,0,4,16,12,28,8,12,0,26,7
220462,2,1,1996,0,0,0,0,0,0,0,0,0,0
220463,1,1,1996,0,0,0,0,0,0,0,0,0,0
220464,1,1,1996,0,0,0,0,0,0,0,0,16,0
220464,2,1,1996,0,0,0,0,0,0,0,0,0,0
220465,1,1,1996,0,0,0,0,21,0,0,0,0,0
220466,1,1,1996,0,0,0,0,0,0,0,0,0,0
220466,2,1,1996,0,0,0,0,0,0,0,0,0,0
220467,1,1,1996,29,29,29,29,29,29,29,29,29,29
220467,2,1,1996,0,0,0,0,0,0,0,0,0,0
220467,3,1,1996,0,0,0,0,0,0,0,0,0,0
220468,1,1,1996,11,11,11,11,11,11,11,11,11,11
220469,1,1,1996,12,4,0,10,14,18,0,4,0,6
220469,2,1,1996,12,0,10,0,13,25,0,0,0,0
220470,1,1,1996,0,0,0,0,0,0,0,0,0,0
220471,1,1,1996,6,6,6,6,6,6,6,6,6,6
220472,1,1,1996,10,10,10,10,10,10,10,10,10,10
220473,1,1,1996,3,3,3,3,3,3,3,3,3,3
220474,1,1,1996,0,21,9,10,21,0,17,23,33,19
220475,1,1,1996,0,0,0,0,0,0,0,0,0,0
220476,1,1,1996,0,0,0,0,0,0,0,0,0,0
220476,2,1,1996,0,0,0,0,0,0,0,0,0,0
220477,1,1,1996,0,0,0,0,0,0,0,0,0,0
220477,2,1,1996,0,0,0,0,0,0,0,0,0,0
220478,1,1,1996,0,27,17,11,0,0,0,39,0,32
220479,0,1,1996,7,22,12,19,7,17,27,0,0,18
220479,1,1,1996,0,0,0,0,0,0,0,0,0,0
220479,2,1,1996,0,0,0,0,0,0,0,0,0,0
220480,1,1,1996,0,0,0,0,0,0,0,0,0,0
220480,2,1,1996,0,0,0,0,0,0,0,0,0,0
220481,0,1,1996,0,0,0,0,0,0,0,0,0,0
220481,1,1,1996,0,0,0,0,0,0,0,0,0,0
220482,1,1,1996,19,19,19,19,19,19,19,19,19,19
220483,0,1,1996,26,26,26,26,26,26,26,26,26,26
220483,1,1,1996,0,0,0,0,0,0,0,0,0,0
220484,1,1,1996,0,0,0,0,0,0,0,0,0,0
220485,1,1,1996,0,0,0,0,0,0,0,0,0,0
220485,2,1,1996,0,0,0,0,7,0,0,0,0,0
220486,1,1,1996,0,0,0,0,0,0,0,0,0,0
220486,2,1,1996,0,0,0,0,0,0,0,0,0,0
220487,1,1,1996,17,17,17,17,17,17,17,17,17,17
220487,2,1,1996,0,0,0,0,0,0,0,0,0,0
220488,1,1,1996,0,0,0,0,0,0,0,0,0,0
220489,1,1,1996,0,0,0,0,0,0,0,0,0,0
220489,2,1,1996,0,0,0,0,0,0,0,0,0,0
220491,0,1,1996,29,0,27,37,17,20,0,0,0,27
220491,1,1,1996,9,11,19,0,0,0,13,0,0,0
220492,1,1,1996,0,22,0,0,0,0,0,0,8,19
220493,0,1,1996,15,15,15,15,15,15,15,15,15,15
220493,1,1,1996,0,0,0,0,0,0,0,0,0,0
220493,2,1,1996,0,0,0,0,0,0,0,0,0,0
220494,1,1,1996,0,0,0,0,0,0,0,0,0,0
220495,0,1,1996,2,2,2,2,2,2,2,2,2,2
220495,1,1,1996,0,0,0,0,0,0,0,0,0,0
220497,1,1,1996,0,0,0,0,0,0,6,0,0,0
220498,1,1,1996,0,0,0,0,0,0,0,0,0,0
220498,2,1,1996,0,0,0,0,0,0,0,0,0,0
220499,1,1,1996,0,0,0,0,0,0,0,0,0,0
220500,0,1,1996,23,23,23,23,23,23,23,23,23,23
220500,1,1,1996,0,0,0,0,0,0,0,0,0,0
220501,1,1,1996,5,5,5,5,5,5,5,5,5,5
220501,2,1,1996,23,0,0,0,0,0,0,0,0,0
220502,1,1,1996,14,14,14,14,14,14,14,14,14,14
220503,1,1,1996,0,0,0,0,0,0,0,0,0,0
220503,2,1,1996,0,0,0,0,0,0,0,0,0,0
220504,1,1,1996,0,0,0,0,0,0,0,0,0,0
220505,1,1,1996,0,0,0,0,0,0,0,0,0,0
220506,1,1,1996,0,0,0,0,0,0,0,0,0,0
220506,2,1,1996,0,0,0,0,0,0,0,0,0,0
220506,3,1,1996,0,0,0,0,0,0,0,0,0,0
220507,1,1,1996,0,0,0,0,0,0,0,0,0,0
220507,2,1,1996,4,4,4,4,4,4,4,4,4,4
220508,0,1,1996,35,27,20,27,13,27,24,10,34,24
220508,1,1,1996,12,12,12,12,12,12,12,12,12,12
220509,0,1,1996,0,29,16,18,15,0,14,0,20,26
220509,1,1,1996,0,0,0,0,0,0,0,0,0,0
220510,1,1,1996,20,20,20,20,20,20,20,20,20,20
220511,1,1,1996,0,0,0,0,0,0,0,0,0,0
220511,2,1,1996,0,0,0,0,0,0,0,0,0,0
220512,0,1,1996,19,30,10,0,17,0,25,2,26,0
220512,1,1,1996,0,0,0,0,0,0,0,0,0,0
220513,1,1,1996,27,27,27,27,27,27,27,27,27,27
220513,2,1,1996,0,0,0,0,0,0,0,0,0,0
220514,0,1,1996,38,38,38,38,38,38,38,38,38,38
220514,1,1,1996,8,8,8,8,8,8,8,8,8,8
220515,0,1,1996,21,21,21,21,21,21,21,21,21,21
220515,1,1,1996,0,0,0,0,0,0,0,0,0,0
220516,1,1,1996,22,15,12,12,0,14,12,27,21,36
220517,1,1,1996,24,24,24,24,24,24,24,24,24,24
220518,0,1,1996,0,0,0,0,0,0,0,0,0,0
220518,1,1,1996,0,0,0,0,0,0,0,0,0,0
220519,1,1,1996,0,0,0,0,0,0,0,0,0,0
220519,2,1,1996,0,0,0,9,0,0,9,0,0,0
220520,1,1,1996,0,0,0,0,0,7,0,0,0,0
220520,2,1,1996,0,0,0,0,0,0,0,0,0,0
220521,1,1,1996,0,0,0,0,0,0,0,0,0,0
220522,1,1,1996,0,0,0,0,0,0,0,0,0,0
220522,2,1,1996,7,0,0,0,0,0,0,0,0,0
220522,3,1,1996,0,0,0,0,0,0,0,0,0,0
220523,0,1,1996,15,15,15,15,15,15,15,15,15,15
220523,1,1,1996,33,18,0,17,0,11,6,22,0,13
220524,1,1,1996,0,0,0,0,0,0,0,0,0,0
220524,2,1,1996,0,0,0,0,0,0,0,0,0,0
220525,1,1,1996,0,0,0,0,0,0,0,0,0,0
220525,2,1,1996,0,0,0,0,0,0,0,0,0,0
220526,1,1,1996,0,0,0,0,16,0,0,0,14,0
220526,2,1,1996,0,0,0,0,0,0,0,0,0,0
220527,1,1,1996,0,13,0,0,0,0,0,7,0,0
220527,2,1,1996,0,0,0,0,0,0,0,0,0,0
220528,0,1,1996,0,33,36,30,20,14,17,27,23,15
220528,1,1,1996,0,0,10,20,5,0,0,0,0,0
220529,1,1,1996,9,3,3,15,9,6,29,10,16,0
220529,2,1,1996,0,0,0,0,0,0,0,0,0,0
220530,1,1,1996,0,0,0,0,0,0,0,0,0,0
220530,2,1,1996,0,0,0,0,0,0,0,0,0,0
220530,3,1,1996,0,19,0,0,0,22,0,0,0,0
220531,1,1,1996,0,17,0,8,7,9,15,0,5,0
220531,2,1,1996,0,0,0,25,0,0,0,0,0,7
220532,1,1,1996,0,0,0,0,0,0,0,0,0,0
220532,2,1,1996,0,0,0,0,0,0,0,0,0,0
220533,1,1,1996,0,0,0,0,0,0,0,0,0,0
220533,2,1,1996,0,0,0,0,0,0,0,0,0,0
220534,1,1,1996,27,27,27,27,27,27,27,27,27,27
220535,1,1,1996,0,0,0,0,0,0,0,0,0,0
220535,2,1,1996,0,0,0,0,0,0,0,0,0,0
220536,1,1,1996,0,0,0,0,0,0,0,0,0,0
220536,2,1,1996,0,0,0,0,0,0,0,0,0,0
220536,3,1,1996,0,0,0,0,0,0,0,0,0,0
220536,4,1,1996,0,0,0,0,0,0,0,0,0,0
220536,5,1,1996,0,0,0,0,0,0,0,0,0,0
220537,0,1,1996,23,21,50,17,6,0,18,17,6,0
220537,1,1,1996,0,0,0,0,0,0,11,0,0,0
220538,1,1,1996,0,0,0,0,0,0,0,0,0,0
220538,2,1,1996,0,0,0,0,8,0,0,0,0,0
220539,2,1,1996,0,0,0,0,0,4,0,0,0,0
220540,0,1,1996,0,0,0,0,0,0,0,0,0,0
220540,0,2,1996,0,0,25,13,32,8,26,12,0,25
220540,1,1,1996,20,5,27,27,10,20,11,17,6,8
220541,1,1,1996,0,0,0,0,0,28,0,0,0,0
220542,1,1,1996,17,17,17,17,17,17,17,17,17,17
220543,1,1,1996,9,9,9,9,9,9,9,9,9,9
220544,0,1,1996,28,28,28,28,28,28,28,28,28,28
220544,1,1,1996,0,0,0,0,0,0,0,0,0,0
220545,1,1,1996,0,0,0,0,0,0,0,0,0,0
220545,2,1,1996,0,0,0,0,0,0,0,5,0,0
220546,1,1,1996,0,0,0,0,0,0,0,0,0,0
220547,0,1,1996,31,31,31,31,31,31,31,31,31,31
220547,1,1,1996,0,0,0,0,0,0,0,0,0,0
220548,1,1,1996,0,0,0,0,0,0,0,0,0,0
220549,1,1,1996,16,16,16,16,16,16,16,16,16,16
220550,1,1,1996,0,0,0,0,0,0,0,0,0,0
220550,2,1,1996,0,0,0,0,0,0,0,0,0,0
220551,1,1,1996,14,14,14,14,14,14,14,14,14,14
220552,1,1,1996,0,0,0,0,0,0,0,0,0,0
220552,2,1,1996,8,8,8,8,8,8,8,8,8,8
220553,1,1,1996,0,0,0,0,0,0,0,0,0,0
220553,2,1,1996,0,0,0,0,0,0,0,0,0,0
220554,1,1,1996,16,11,26,13,19,18,31,0,11,10
220555,0,1,1996,12,12,12,12,12,12,12,12,12,12
220555,1,1,1996,0,0,0,0,0,0,0,0,0,0
220556,1,1,1996,0,12,0,19,0,0,0,0,0,10
220557,1,1,1996,0,0,0,0,0,0,0,0,0,0
220558,1,1,1996,0,0,0,0,0,10,13,0,10,0
220558,2,1,1996,0,0,0,2,0,0,0,0,0,0
220559,1,1,1996,0,0,0,0,0,0,0,0,0,0
220560,1,1,1996,0,0,0,0,0,0,0,0,0,0
220560,2,1,1996,0,0,0,0,0,0,0,0,0,0
220561,1,1,1996,0,0,0,0,0,13,0,0,7,0
220562,1,1,1996,21,21,21,21,21,21,21,21,21,21
220563,1,1,1996,35,0,0,0,0,21,0,0,0,0
220563,2,1,1996,0,0,0,0,0,0,0,0,0,0
220564,0,1,1996,39,9,15,0,11,0,12,0,0,0
220564,1,1,1996,0,0,0,0,0,0,0,0,0,0
220565,1,1,1996,3,3,3,3,3,3,3,3,3,3
220565,2,1,1996,0,0,0,0,0,0,0,0,0,0
220566,0,1,1996,17,17,17,17,17,17,17,17,17,17
220566,1,1,1996,0,0,0,0,0,0,0,0,0,0
220567,1,1,1996,22,40,8,34,6,3,32,10,12,0
220568,1,1,1996,4,4,4,4,4,4,4,4,4,4
220569,1,1,1996,0,0,0,0,0,0,0,0,0,0
220570,1,1,1996,0,0,0,0,0,0,0,0,0,0
220570,2,1,1996,0,0,0,0,0,0,0,0,0,0
220571,1,1,1996,5,5,5,5,5,5,5,5,5,5
220571,2,1,1996,0,0,18,0,0,0,0,0,9,0
220572,1,1,1996,0,0,0,0,0,0,0,0,0,0
220573,1,1,1996,0,0,0,0,0,0,0,0,0,0
220573,2,1,1996,0,0,0,0,0,0,0,0,0,0
220574,1,1,1996,20,20,20,20,20,20,20,20,20,20
220575,1,1,1996,14,14,14,14,14,14,14,14,14,14
220576,1,1,1996,0,19,0,0,0,19,0,28,0,0
220577,1,1,1996,10,0,13,0,0,0,0,0,0,0
220578,1,1,1996,0,0,0,0,0,0,0,0,0,0
220578,2,1,1996,0,0,0,0,0,0,0,0,0,0
220578,3,1,1996,0,0,0,0,0,0,0,0,0,0
220579,0,1,1996,16,16,16,16,16,16,16,16,16,16
220579,1,1,1996,0,0,0,0,0,0,0,0,0,0
220580,0,1,1996,15,15,15,15,15,15,15,15,15,15
220580,1,1,1996,0,0,0,0,0,0,0,0,0,0
220581,1,1,1996,0,0,0,0,0,0,0,0,0,0
220581,2,1,1996,0,0,0,0,0,0,0,0,0,0
220582,1,1,1996,33,32,12,12,14,19,7,20,9,16
220583,1,1,1996,0,0,0,0,0,0,0,0,0,0
220583,2,1,1996,0,0,0,0,0,0,0,0,0,0
220584,1,1,1996,0,20,0,0,0,0,0,0,0,0
220585,0,1,1996,0,0,0,0,0,0,0,0,0,0
220585,1,1,1996,0,0,0,0,0,0,0,0,0,0
220586,0,1,1996,0,0,0,0,0,0,0,0,0,0
220586,1,1,1996,0,0,0,0,0,0,0,0,0,0
220587,1,1,1996,0,0,0,0,0,0,0,0,0,0
220588,0,1,1996,23,23,23,23,23,23,23,23,23,23
220588,1,1,1996,0,0,0,0,0,0,0,0,0,0
220589,1,1,1996,21,21,21,21,21,21,21,21,21,21
220590,1,1,1996,29,29,29,29,29,29,29,29,29,29
220590,2,1,1996,0,0,0,0,0,0,0,0,0,0
220591,1,1,1996,0,25,0,0,0,0,9,4,0,0
220592,1,1,1996,0,0,0,0,0,0,0,0,0,0
220592,2,1,1996,0,0,0,0,0,0,0,0,0,0
220593,1,1,1996,31,31,31,31,31,31,31,31,31,31
220593,2,1,1996,1,1,1,1,1,1,1,1,1,1
220594,1,1,1996,0,0,0,0,0,0,0,0,0,0
220594,2,1,1996,0,0,0,0,0,0,0,0,0,0
220595,1,1,1996,0,0,0,0,0,0,0,0,0,0
220595,2,1,1996,0,0,0,0,0,0,0,0,0,0
220595,3,1,1996,0,0,0,0,0,0,10,0,0,0
220596,1,1,1996,15,15,15,15,15,15,15,15,15,15
220597,1,1,1996,0,0,0,0,0,0,0,0,0,0
220597,2,1,1996,0,0,0,0,0,0,0,0,0,0
220598,1,1,1996,0,0,0,0,0,0,0,0,0,0
220599,1,1,1996,12,0,21,7,18,16,22,0,22,0
220600,1,1,1996,0,0,0,0,0,0,0,0,0,0
220601,1,1,1996,21,21,21,21,21,21,21,21,21,21
220602,1,1,1996,0,0,0,0,0,0,0,24,0,0
220602,2,1,1996,0,0,0,0,0,0,0,0,0,0
220603,1,1,1996,26,26,26,26,26,26,26,26,26,26
220603,2,1,1996,0,0,0,0,0,0,0,0,0,0
220604,1,1,1996,0,0,0,0,0,0,0,0,0,0
220605,1,1,1996,0,0,0,0,0,0,0,0,0,0
220605,2,1,1996,0,0,0,0,9,0,0,12,0,0
220606,1,1,1996,8,8,9,22,0,0,24,0,0,25
220607,1,1,1996,0,14,5,0,21,5,0,0,8,0
220607,2,1,1996,0,0,0,0,0,0,0,0,0,0
220608,0,1,1996,0,0,0,0,0,0,0,0,15,0
220608,1,1,1996,0,0,0,0,0,0,0,0,0,0
220609,1,1,1996,17,17,17,17,17,17,17,17,17,17
220610,1,1,1996,0,0,0,0,0,0,0,0,0,0
220610,2,1,1996,0,0,0,0,0,0,0,0,0,0
220611,1,1,1996,0,0,0,0,0,0,0,0,0,0
220611,2,1,1996,0,0,0,0,0,0,0,0,0,0
220612,1,1,1996,8,8,8,8,8,8,8,8,8,8
220612,2,1,1996,0,0,0,0,0,0,0,0,6,0
220613,1,1,1996,18,18,18,18,18,18,18,18,18,18
220613,2,1,1996,0,0,0,0,0,0,0,0,0,0
220614,0,1,1996,30,10,17,24,16,0,34,20,48,35
220614,0,2,1996,8,13,0,0,0,0,32,0,0,0
220614,1,1,1996,0,0,0,0,0,0,0,0,0,0
220615,0,1,1996,18,18,18,18,18,18,18,18,18,18
220615,1,1,1996,6,6,6,6,6,6,6,6,6,6
220616,1,1,1996,1,1,1,1,1,1,1,1,1,1
220616,2,1,1996,0,0,0,0,0,0,0,0,0,0
220617,1,1,1996,10,10,10,10,10,10,10,10,10,10
220617,2,1,1996,0,0,0,0,0,0,0,0,0,0
220618,1,1,1996,10,10,10,10,10,10,10,10,10,10
220618,2,1,1996,39,13,0,9,12,0,10,0,15,0
220619,0,1,1996,0,0,0,0,0,0,0,0,0,0
220619,1,1,1996,0,0,0,0,0,0,0,0,0,0
220620,0,1,1996,0,0,0,0,0,0,0,0,0,0
220620,0,2,1996,0,0,0,0,0,6,0,0,0,0
220620,1,1,1996,0,0,7,0,0,0,0,0,0,0
220621,1,1,1996,38,38,38,38,38,38,38,38,38,38
220621,2,1,1996,0,0,0,0,0,0,0,0,0,0
220621,3,1,1996,0,0,0,0,0,0,0,0,0,0
220622,1,1,1996,14,14,14,14,14,14,14,14,14,14
220623,1,1,1996,0,0,0,0,0,0,0,0,0,0
220623,2,1,1996,0,0,0,0,0,0,0,0,0,0
220624,1,1,1996,0,0,0,0,0,0,0,0,0,0
220624,2,1,1996,11,11,11,11,11,11,11,11,11,11
220625,0,1,1996,0,9,0,0,36,0,36,28,3,21
220625,1,1,1996,0,9,23,0,0,0,0,12,0,0
220626,1,1,1996,17,17,17,17,17,17,17,17,17,17
220627,1,1,1996,27,27,27,27,27,27,27,27,27,27
220627,2,1,1996,0,0,0,0,0,0,0,0,0,0
220628,0,1,1996,27,27,27,27,27,27,27,27,27,27
220628,1,1,1996,0,0,0,0,0,0,0,0,0,0
220629,1,1,1996,2,2,2,2,2,2,2,2,2,2
220630,1,1,1996,16,16,16,16,16,16,16,16,16,16
220630,2,1,1996,11,11,11,11,11,11,11,11,11,11
220631,1,1,1996,0,0,0,0,0,0,0,0,0,0
220632,1,1,1996,0,0,0,0,0,0,0,0,0,9
220632,2,1,1996,0,0,0,0,0,0,8,11,0,0
220633,1,1,1996,15,15,15,15,15,15,15,15,15,15
220633,2,1,1996,0,0,0,0,0,0,0,0,0,0
220634,1,1,1996,8,13,9,15,12,15,13,20,0,17
220635,1,1,1996,0,0,0,0,0,0,0,0,0,0
220636,1,1,1996,32,32,32,32,32,32,32,32,32,32
220638,1,1,1996,1,1,1,1,1,1,1,1,1,1
220638,2,1,1996,9,9,9,9,9,9,9,9,9,9
220639,0,1,1996,0,0,24,21,23,32,0,0,0,0
220639,1,1,1996,0,0,0,0,0,0,0,0,0,0
220640,1,1,1996,0,0,0,0,0,0,6,0,0,0
220641,1,1,1996,16,16,16,16,16,16,16,16,16,16
220642,1,1,1996,0,0,0,0,0,0,0,0,0,0
220643,0,1,1996,15,15,15,15,15,15,15,15,15,15
220643,1,1,1996,0,0,0,0,0,0,0,0,0,0
220644,1,1,1996,0,0,0,0,0,0,0,0,0,0
220644,2,1,1996,0,0,0,0,0,0,0,0,0,0
220644,3,1,1996,0,0,0,0,0,0,0,0,0,0
220645,1,1,1996,17,8,14,18,0,14,20,14,0,0
220646,1,1,1996,0,0,0,0,0,0,0,0,0,7
220647,1,1,1996,15,15,15,15,15,15,15,15,15,15
220648,1,1,1996,0,0,0,0,0,0,0,0,0,0
220648,2,1,1996,0,0,0,0,0,0,0,0,0,0
220649,1,1,1996,0,0,0,0,20,11,0,0,12,11
220649,2,1,1996,0,0,0,0,0,0,0,0,0,0
220650,1,1,1996,15,16,16,13,11,10,10,11,23,34
220650,2,1,1996,14,4,23,4,21,12,16,25,0,19
220651,1,1,1996,17,0,0,0,27,0,28,0,0,0
220651,2,1,1996,0,0,0,0,0,0,0,0,0,0
220652,1,1,1996,20,20,20,20,20,20,20,20,20,20
220653,1,1,1996,3,3,3,3,3,3,3,3,3,3
220654,1,1,1996,0,0,0,0,0,0,8,0,0,0
220654,2,1,1996,0,0,0,0,0,0,0,0,0,0
220655,1,1,1996,0,0,0,0,0,0,0,0,0,0
220656,1,1,1996,0,0,0,0,0,0,0,0,0,0
220656,2,1,1996,0,0,0,0,0,0,0,0,0,0
220657,1,1,1996,20,20,20,20,20,20,20,20,20,20
220657,2,1,1996,0,0,0,0,0,0,0,0,0,0
220658,1,1,1996,0,0,0,0,0,0,0,0,0,0
220659,0,1,1996,0,0,8,9,0,0,0,0,0,0
220659,1,1,1996,0,0,0,0,0,0,0,0,0,0
220660,1,1,1996,11,11,11,11,11,11,11,11,11,11
220661,1,1,1996,8,8,8,8,8,8,8,8,8,8
220662,1,1,1996,14,14,14,14,14,14,14,14,14,14
220663,1,1,1996,0,0,0,0,0,0,0,0,0,0
220664,1,1,1996,0,0,0,0,0,0,0,0,0,0
220664,2,1,1996,0,0,0,0,0,0,0,0,0,0
220665,1,1,1996,0,0,0,0,0,0,0,0,0,0
220665,2,1,1996,0,0,0,0,0,0,0,0,0,0
220666,1,1,1996,0,0,0,0,0,0,0,0,0,0
220667,1,1,1996,0,0,0,0,0,0,0,0,0,0
220667,2,1,1996,0,0,0,0,0,0,0,0,0,0
220668,1,1,1996,21,21,21,21,21,21,21,21,21,21
220669,1,1,1996,0,0,0,0,0,0,0,0,0,0
220669,2,1,1996,0,0,0,0,0,0,0,0,0,0
220670,0,1,1996,14,0,0,6,27,0,22,0,11,0
220670,1,1,1996,0,0,0,0,0,0,0,0,0,0
220671,0,1,1996,0,0,0,0,0,0,0,0,0,0
220671,1,1,1996,0,0,0,12,0,0,0,0,13,0
220671,2,1,1996,0,0,0,0,0,0,0,0,0,0
220673,0,1,1996,33,33,33,33,33,33,33,33,33,33
220673,1,1,1996,0,0,0,4,0,0,0,0,0,0
220674,1,1,1996,0,0,0,0,0,0,0,0,0,0
220674,2,1,1996,0,0,0,0,0,0,0,0,0,0
220675,0,1,1996,0,0,0,0,0,0,0,0,0,0
220675,1,1,1996,22,22,22,22,22,22,22,22,22,22
220676,1,1,1996,0,14,0,0,11,0,6,0,18,0
220677,1,1,1996,18,30,0,6,13,18,0,0,27,0
220678,1,1,1996,4,0,11,0,0,7,8,0,11,17
220679,1,1,1996,10,0,0,10,0,10,20,16,0,13
220680,1,1,1996,20,20,20,20,20,20,20,20,20,20
220680,2,1,1996,0,0,0,0,0,0,0,0,0,0
220681,1,1,1996,0,0,0,17,12,0,0,0,0,24
220682,1,1,1996,55,0,0,0,0,3,0,0,0,0