ST_CASE,VEH_NO,PER_NO,YEAR,P1,P2,P3,P4,P5,P6,P7,P8,P9,P10
230144,1,1,1996,3,3,3,3,3,3,3,3,3,3
230145,1,1,1996,18,18,18,18,18,18,18,18,18,18
230145,2,1,1996,0,0,0,0,7,0,0,0,0,0
230146,1,1,1996,11,11,11,11,11,11,11,11,11,11
230147,1,1,1996,0,0,0,0,0,0,0,0,0,0
230147,2,1,1996,0,0,0,0,0,0,0,0,0,0
230148,1,1,1996,0,0,0,0,0,0,0,0,0,0
230149,1,1,1996,0,0,0,0,0,0,0,0,0,0
230150,1,1,1996,0,0,0,0,0,0,0,0,0,0
230150,2,1,1996,0,0,13,0,0,0,0,0,0,0
230151,1,1,1996,0,0,0,0,0,0,0,0,0,0
230151,2,1,1996,0,0,0,0,0,0,0,0,0,0
230152,1,1,1996,0,0,0,0,0,0,0,0,0,0
230153,1,1,1996,22,22,22,22,22,22,22,22,22,22
230154,1,1,1996,17,17,17,17,17,17,17,17,17,17
230155,1,1,1996,14,14,14,14,14,14,14,14,14,14
230155,2,1,1996,0,0,0,0,0,0,0,0,0,0
230156,1,1,1996,12,12,12,12,12,12,12,12,12,12
230157,1,1,1996,0,0,0,0,0,0,0,0,0,0
230157,2,1,1996,0,0,0,0,0,0,0,0,0,0
240001,1,1,1996,5,6,16,4,5,14,4,24,4,10
240002,1,1,1996,0,0,0,0,0,0,0,0,0,0
240002,2,1,1996,0,0,0,0,0,0,0,0,0,0
240003,1,1,1996,0,0,0,0,0,0,0,0,0,0
240003,2,1,1996,0,0,0,0,0,0,0,0,0,0
240004,0,1,1996,0,0,0,0,0,0,0,0,0,0
240004,1,1,1996,0,0,11,0,0,0,0,0,0,0
240005,1,1,1996,0,0,0,0,0,5,0,0,0,0
240006,1,1,1996,0,0,0,0,0,0,0,0,7,0
240006,2,1,1996,0,0,0,0,0,0,0,0,0,0
240007,1,1,1996,27,27,27,27,27,27,27,27,27,27
240008,1,1,1996,0,0,0,8,0,0,0,0,0,0
240009,0,1,1996,0,0,0,0,0,0,0,0,0,0
240009,1,1,1996,0,0,0,0,0,0,0,0,0,0
240010,0,1,1996,0,0,0,0,0,0,0,0,0,0
240010,1,1,1996,0,0,0,0,10,0,0,0,0,0
240011,1,1,1996,23,0,12,0,0,0,0,0,0,0
240012,1,1,1996,0,0,0,0,0,0,0,0,0,0
240012,2,1,1996,0,0,0,0,0,0,0,0,0,0
240013,1,1,1996,9,9,9,9,9,9,9,9,9,9
240013,2,1,1996,0,0,0,0,0,0,0,0,0,0
240014,1,1,1996,20,20,20,20,20,20,20,20,20,20
240014,2,1,1996,0,0,0,0,0,0,0,0,0,0
240015,0,1,1996,0,0,0,0,0,0,0,0,0,0
240015,1,1,1996,0,0,0,0,0,0,0,0,0,0
240016,1,1,1996,0,0,0,0,0,0,0,0,0,0
240016,2,1,1996,0,0,0,0,0,0,0,0,0,0
240017,1,1,1996,0,0,0,0,0,0,0,0,0,0
240017,2,1,1996,0,0,0,0,0,0,0,0,0,0
240017,3,1,1996,0,0,0,0,0,0,0,0,0,0
240018,0,1,1996,0,0,0,0,0,0,0,0,0,0
240018,1,1,1996,0,0,0,0,0,0,0,0,0,0
240019,1,1,1996,0,0,0,0,0,0,0,0,0,0
240020,0,1,1996,26,26,26,26,26,26,26,26,26,26
240020,1,1,1996,0,0,0,0,0,0,0,0,0,0
240021,1,1,1996,0,0,0,0,0,0,0,0,0,0
240021,2,1,1996,0,0,0,0,0,0,0,0,0,0
240022,1,1,1996,0,0,0,0,0,0,0,0,0,0
240023,1,1,1996,4,4,4,4,4,4,4,4,4,4
240023,2,1,1996,0,0,0,0,0,0,0,0,0,0
240024,1,1,1996,0,0,0,0,0,0,0,0,0,0
240024,2,1,1996,0,0,0,0,0,0,0,0,0,0
240025,0,1,1996,0,0,0,0,0,0,0,0,0,0
240025,1,1,1996,0,0,0,0,0,0,0,0,0,0
240026,1,1,1996,0,0,2,0,0,0,0,0,24,0
240026,2,1,1996,0,0,0,0,0,0,0,0,0,0
240027,1,1,1996,22,22,22,22,22,22,22,22,22,22
240028,1,1,1996,7,17,0,19,7,3,0,6,8,13
240028,2,1,1996,0,0,0,0,0,0,0,0,0,0
240029,1,1,1996,0,0,0,0,0,0,0,0,0,0
240029,2,1,1996,0,0,0,0,0,0,0,0,0,0
240030,1,1,1996,0,0,0,0,0,0,0,0,0,0
240030,2,1,1996,20,0,0,0,0,26,0,21,0,0
240031,0,1,1996,0,21,0,13,9,0,0,0,0,0
240031,1,1,1996,0,0,0,0,0,0,0,0,0,0
240032,1,1,1996,0,0,0,0,0,0,0,0,0,0
240033,1,1,1996,0,0,0,34,0,0,0,0,0,0
240033,2,1,1996,0,0,0,0,0,0,0,0,0,0
240034,0,1,1996,0,0,0,0,0,0,0,0,0,0
240034,1,1,1996,0,0,0,0,0,0,0,0,0,0
240035,1,1,1996,0,0,0,0,0,0,0,0,0,0
240035,2,1,1996,0,0,0,0,0,0,0,0,0,0
240036,1,1,1996,0,0,0,0,0,0,0,0,0,0
240037,1,1,1996,0,0,0,0,0,0,0,0,0,0
240037,2,1,1996,0,0,0,0,0,0,0,0,0,0
240038,0,1,1996,0,0,0,0,0,0,0,0,0,0
240038,1,1,1996,0,0,0,0,0,0,0,0,0,0
240039,1,1,1996,7,7,7,7,7,7,7,7,7,7
240040,1,1,1996,0,0,0,0,0,0,0,0,0,0
240041,1,1,1996,15,0,0,0,0,0,0,0,0,0
240041,2,1,1996,0,0,0,0,0,0,0,0,0,0
240042,1,1,1996,0,0,0,0,0,0,0,0,0,0
240042,2,1,1996,0,0,0,0,0,0,0,0,0,0
240043,1,1,1996,0,0,0,0,0,0,0,0,0,0
240043,2,1,1996,0,0,0,0,0,0,0,0,0,0
240044,1,1,1996,0,0,0,0,0,0,0,0,0,0
240044,2,1,1996,0,0,0,0,0,0,0,0,0,0
240045,0,1,1996,0,0,0,0,0,0,0,0,0,0
240045,1,1,1996,0,0,0,0,0,0,0,0,0,0
240046,1,1,1996,0,0,0,0,0,0,0,0,0,0
240047,1,1,1996,0,18,0,0,0,0,0,0,0,0
240047,2,1,1996,0,0,0,0,0,0,0,0,0,0
240047,3,1,1996,0,0,0,0,17,0,0,0,0,0
240048,1,1,1996,22,22,22,22,22,22,22,22,22,22
240049,1,1,1996,0,0,0,0,0,0,0,0,0,0
240049,2,1,1996,0,0,0,0,0,0,0,0,0,0
240050,1,1,1996,10,10,10,10,10,10,10,10,10,10
240051,1,1,1996,39,5,8,6,12,11,15,17,22,8
240052,1,1,1996,0,0,0,0,0,0,0,0,0,0
240052,2,1,1996,0,0,0,0,0,0,0,0,0,0
240053,1,1,1996,0,0,0,0,0,0,0,0,0,0
240053,2,1,1996,0,0,0,0,0,0,0,0,0,0
240054,1,1,1996,0,0,0,0,0,0,0,0,0,0
240054,2,1,1996,0,0,0,0,0,0,0,0,0,0
240054,3,1,1996,0,0,0,0,0,0,0,0,0,0
240055,0,1,1996,0,0,0,0,0,0,0,0,0,0
240055,1,1,1996,0,0,0,0,0,0,0,0,0,0
240056,0,1,1996,0,0,0,0,0,0,0,0,0,0
240056,1,1,1996,0,12,0,0,0,0,0,0,0,19
240057,1,1,1996,0,0,0,0,0,0,0,0,0,0
240057,2,1,1996,0,0,0,0,0,0,0,0,0,0
240058,1,1,1996,0,0,0,0,0,0,0,0,0,0
240058,2,1,1996,0,0,0,0,0,0,0,0,0,0
240059,1,1,1996,0,0,0,0,0,0,0,0,0,0
240059,2,1,1996,0,0,0,0,0,0,0,0,0,0
240060,1,1,1996,17,17,17,17,17,17,17,17,17,17
240061,1,1,1996,0,0,0,0,0,0,0,0,0,0
240061,2,1,1996,0,0,0,0,0,0,0,0,0,0
240062,0,1,1996,5,5,5,5,5,5,5,5,5,5
240062,0,2,1996,0,0,0,0,0,0,0,0,0,0
240062,0,3,1996,0,13,13,7,28,6,0,14,19,16
240062,1,1,1996,0,0,0,0,0,5,0,0,0,0
240062,2,1,1996,0,0,0,0,0,0,0,0,0,0
240063,1,1,1996,28,0,0,0,0,0,0,0,0,0
240063,2,1,1996,0,0,0,0,0,0,0,0,0,0
240064,0,1,1996,0,0,0,0,0,0,0,0,0,0
240064,1,1,1996,0,0,0,0,0,0,0,0,0,0
240065,1,1,1996,15,15,15,15,15,15,15,15,15,15
240066,1,1,1996,9,9,9,9,9,9,9,9,9,9
240067,0,1,1996,13,13,13,13,13,13,13,13,13,13
240067,1,1,1996,0,0,0,0,0,0,0,0,0,0
240068,1,1,1996,0,0,0,0,0,0,0,0,0,0
240069,1,1,1996,7,7,7,7,7,7,7,7,7,7
240069,2,1,1996,0,0,0,0,0,0,0,0,0,0
240070,1,1,1996,36,36,36,36,36,36,36,36,36,36
240071,1,1,1996,0,0,0,0,0,0,0,0,0,0
240071,2,1,1996,0,0,0,0,0,0,0,0,0,17
240072,0,1,1996,28,28,28,28,28,28,28,28,28,28
240072,1,1,1996,0,0,0,0,0,0,0,0,0,0
240073,1,1,1996,0,0,0,4,0,0,0,0,0,0
240074,1,1,1996,0,0,0,0,0,0,0,0,0,0
240074,2,1,1996,0,0,0,0,0,0,0,0,0,0
240075,1,1,1996,0,0,0,0,0,0,0,0,0,0
240075,2,1,1996,0,0,0,0,0,0,0,0,0,0
240076,1,1,1996,0,0,0,0,0,0,0,0,0,0
240076,2,1,1996,0,0,0,0,0,0,0,0,0,0
240077,0,1,1996,8,8,8,8,8,8,8,8,8,8
240077,1,1,1996,14,0,19,21,12,15,12,24,22,18
240078,1,1,1996,0,0,0,11,10,19,15,0,0,9
240079,1,1,1996,0,0,0,0,0,0,0,0,0,0
240080,1,1,1996,0,0,0,0,0,0,0,0,0,0
240080,2,1,1996,0,0,0,0,0,0,0,0,0,0
240081,1,1,1996,0,0,0,0,0,0,0,0,0,0
240082,1,1,1996,0,0,0,0,0,0,0,0,0,0
240082,2,1,1996,0,0,0,0,0,19,0,0,14,0
240083,1,1,1996,15,15,15,15,15,15,15,15,15,15
240084,1,1,1996,3,3,3,3,3,3,3,3,3,3
240085,1,1,1996,0,0,0,0,0,0,0,0,0,0
240085,2,1,1996,0,0,0,0,0,0,0,0,0,0
240086,1,1,1996,0,0,0,0,0,0,0,0,0,0
240086,2,1,1996,0,0,0,0,0,0,0,0,0,0
240087,0,1,1996,0,0,0,0,0,0,0,0,0,0
240087,1,1,1996,0,0,0,0,0,0,0,0,0,0
240088,1,1,1996,0,0,0,0,0,0,0,0,0,0
240088,2,1,1996,0,0,0,0,0,0,0,0,0,0
240089,1,1,1996,0,0,0,0,0,0,0,0,0,0
240089,2,1,1996,0,0,0,0,0,0,0,0,0,0
240090,1,1,1996,0,0,0,0,0,0,0,0,0,0
240090,2,1,1996,0,0,0,0,0,0,0,0,0,0
240091,1,1,1996,0,0,0,0,0,0,0,0,0,0
240092,1,1,1996,0,0,0,0,0,0,0,0,0,0
240092,2,1,1996,0,0,0,0,0,0,0,0,0,0
240093,0,1,1996,0,0,0,0,0,0,0,0,0,0
240093,1,1,1996,0,0,0,0,0,0,0,0,0,0
240094,1,1,1996,0,0,0,0,0,0,0,0,0,0
240094,2,1,1996,0,0,0,0,0,0,0,0,0,0
240095,1,1,1996,0,0,0,0,0,0,0,0,0,0
240096,1,1,1996,0,0,0,0,0,0,0,0,0,0
240097,1,1,1996,0,0,0,0,0,0,0,0,0,0
240098,0,1,1996,0,0,0,0,0,0,0,0,0,0
240098,1,1,1996,0,0,0,0,0,0,0,0,0,0
240099,1,1,1996,20,12,19,20,9,16,25,37,21,24
240100,1,1,1996,10,9,19,29,7,8,19,15,26,26
240101,1,1,1996,0,0,0,0,0,0,0,10,0,0
240101,2,1,1996,0,0,0,0,0,0,0,0,0,0
240102,1,1,1996,0,0,0,0,0,0,0,0,0,0
240102,2,1,1996,0,0,0,0,0,0,0,0,0,0
240103,1,1,1996,23,23,23,23,23,23,23,23,23,23
240104,1,1,1996,0,21,21,0,35,0,0,0,12,6
240105,0,1,1996,0,0,0,0,0,0,0,0,0,0
240105,1,1,1996,0,0,0,0,0,0,0,0,0,0
240106,1,1,1996,0,0,0,0,0,0,0,0,0,0
240107,1,1,1996,0,0,0,0,0,0,0,0,0,0
240107,2,1,1996,0,0,0,0,0,0,0,0,0,0
240108,1,1,1996,0,0,8,0,0,0,0,0,0,8
240109,1,1,1996,0,0,0,0,0,0,0,0,0,0
240109,2,1,1996,0,0,19,9,0,8,0,0,0,0
240110,0,1,1996,0,0,0,0,0,0,0,24,0,0
240110,1,1,1996,0,0,0,0,0,0,0,0,0,0
240111,1,1,1996,0,0,0,0,0,0,0,0,0,0
240112,0,1,1996,0,0,0,0,0,0,0,0,0,0
240112,1,1,1996,0,0,0,0,0,0,0,0,0,0
240113,1,1,1996,0,0,0,0,3,0,0,0,0,0
240113,2,1,1996,0,0,0,24,14,0,0,34,18,0
240114,0,1,1996,0,0,0,20,0,0,0,0,0,0
240114,1,1,1996,0,0,0,0,0,0,0,0,0,0
240115,1,1,1996,0,0,8,0,0,0,0,0,0,0
240115,2,1,1996,0,0,0,22,0,0,0,0,0,0
240116,1,1,1996,0,0,0,0,0,0,0,0,0,0
240117,1,1,1996,0,0,0,0,0,0,0,0,0,0
240118,1,1,1996,4,4,4,4,4,4,4,4,4,4
240119,1,1,1996,0,14,19,0,0,0,0,0,0,29
240119,2,1,1996,20,14,0,12,22,6,19,0,12,15
240120,1,1,1996,0,0,0,0,0,0,0,0,0,0
240120,2,1,1996,0,0,0,0,19,0,0,0,0,0
240120,3,1,1996,0,0,0,0,0,0,0,0,0,0
240121,1,1,1996,0,0,14,0,0,5,20,0,0,22
240121,2,1,1996,0,0,0,0,0,0,0,0,0,0
240122,0,1,1996,0,0,0,0,0,0,0,0,0,0
240122,1,1,1996,0,0,0,0,0,0,0,0,0,0
240123,0,1,1996,24,24,24,24,24,24,24,24,24,24
240123,1,1,1996,18,0,0,0,0,0,0,0,0,0
240124,1,1,1996,22,22,22,22,22,22,22,22,22,22
240124,2,1,1996,0,0,0,0,0,0,0,0,0,0
240124,3,1,1996,0,0,0,0,0,0,0,0,0,0
240125,1,1,1996,0,0,0,0,0,0,0,0,0,0
240125,2,1,1996,0,0,0,0,0,0,0,0,0,0
240126,0,1,1996,0,0,0,0,0,0,0,0,0,0
240126,1,1,1996,0,0,0,0,0,0,0,0,0,0
240126,2,1,1996,0,0,0,0,31,0,0,0,0,0
240127,1,1,1996,0,0,0,0,0,0,0,0,0,0
240128,1,1,1996,0,0,0,2,3,0,0,0,0,0
240128,2,1,1996,0,0,0,0,0,0,0,0,0,0
240129,1,1,1996,0,0,0,0,0,0,0,0,0,0
240130,1,1,1996,0,0,0,10,0,0,0,0,0,0
240130,2,1,1996,0,0,0,0,0,30,0,0,0,0
240131,1,1,1996,20,20,20,20,20,20,20,20,20,20
240131,2,1,1996,0,16,0,0,0,0,0,0,0,0
240132,1,1,1996,0,0,0,0,0,0,10,0,0,0
240132,2,1,1996,0,0,0,0,0,0,0,0,0,0
240133,1,1,1996,11,0,0,0,0,15,0,20,23,17
240134,1,1,1996,0,0,0,0,0,0,0,0,0,0
240135,1,1,1996,0,0,0,0,0,0,0,0,0,0
240135,2,1,1996,21,0,0,3,6,8,0,0,0,0
240136,1,1,1996,13,9,0,11,23,0,17,0,15,19
240137,1,1,1996,0,0,0,0,0,0,0,0,0,0
240137,2,1,1996,0,0,0,0,0,0,0,0,0,0
240138,1,1,1996,8,8,8,8,8,8,8,8,8,8
240139,1,1,1996,0,0,12,0,0,0,0,0,0,0
240139,2,1,1996,0,0,0,0,0,0,0,0,0,0
240140,1,1,1996,0,0,0,0,0,0,0,0,0,0
240140,2,1,1996,0,15,22,0,0,0,0,0,0,0
240140,3,1,1996,0,0,0,0,0,0,0,18,0,0
240141,0,1,1996,0,0,0,0,0,0,0,0,0,0
240141,1,1,1996,6,56,13,0,0,13,30,0,5,7
240142,1,1,1996,0,0,0,0,0,0,0,0,0,0
240142,2,1,1996,0,0,0,0,0,0,0,0,0,0
240143,0,1,1996,13,14,0,17,0,0,7,6,0,29
240143,1,1,1996,0,0,0,0,0,0,0,0,0,0
240144,0,1,1996,0,0,0,0,0,0,0,0,0,0
240144,1,1,1996,0,0,0,0,0,0,0,0,0,0
240145,1,1,1996,13,0,0,0,0,0,0,0,0,10
240146,1,1,1996,0,0,0,0,0,0,0,0,0,0
240146,2,1,1996,0,0,0,8,0,0,0,0,0,0
240147,1,1,1996,17,21,18,7,0,18,20,10,16,9
240147,2,1,1996,0,0,0,0,0,0,0,0,0,0
240148,1,1,1996,0,0,0,0,0,0,0,0,0,0
240148,2,1,1996,0,0,0,0,0,0,0,0,0,0
240149,1,1,1996,0,15,11,0,0,0,0,0,0,19
240150,0,1,1996,0,0,0,0,0,0,0,0,0,0
240150,1,1,1996,0,0,0,0,0,0,0,0,0,0
240151,1,1,1996,0,0,0,0,0,0,0,0,0,0
240151,2,1,1996,0,0,0,0,0,0,0,0,0,0
240151,3,1,1996,0,0,0,0,0,0,0,0,0,0
240151,4,1,1996,0,0,0,0,0,0,0,0,0,0
240152,0,1,1996,0,0,0,0,0,0,0,0,0,0
240152,1,1,1996,0,0,0,0,0,0,0,0,0,0
240153,1,1,1996,0,0,0,0,0,0,0,0,0,0
240153,2,1,1996,0,0,0,0,0,0,0,0,0,0
240153,3,1,1996,0,0,0,0,0,0,0,0,20,0
240154,0,1,1996,0,0,0,0,0,0,0,0,0,0
240155,1,1,1996,0,0,0,0,0,0,0,0,0,0
240155,2,1,1996,0,0,0,0,0,0,0,0,12,0
240156,1,1,1996,0,0,0,0,0,0,0,0,0,0
240156,2,1,1996,0,0,0,0,0,0,0,8,0,0
240157,0,1,1996,13,13,13,13,13,13,13,13,13,13
240157,1,1,1996,0,0,0,0,0,0,0,0,0,0
240158,1,1,1996,22,22,22,22,22,22,22,22,22,22
240159,0,1,1996,21,21,21,21,21,21,21,21,21,21
240159,1,1,1996,16,0,0,0,0,0,0,0,0,0
240160,1,1,1996,21,21,21,21,21,21,21,21,21,21
240161,0,1,1996,0,0,0,0,0,0,0,0,0,0
240161,0,2,1996,0,0,0,0,0,14,0,18,0,0
240161,0,3,1996,0,0,0,0,0,0,0,0,0,0
240161,1,1,1996,0,0,0,0,0,0,0,0,0,0
240162,1,1,1996,0,0,0,0,0,0,0,0,0,0
240162,2,1,1996,0,0,0,0,0,0,0,0,0,0
240163,0,1,1996,0,0,0,0,0,0,0,0,0,0
240163,1,1,1996,0,0,0,0,0,0,21,0,0,0
240164,1,1,1996,0,0,0,0,0,0,0,0,0,0
240165,1,1,1996,25,25,25,25,25,25,25,25,25,25
240165,2,1,1996,0,0,0,0,0,0,0,0,0,0
240166,1,1,1996,0,0,0,0,0,0,0,0,0,0
240166,2,1,1996,0,0,0,0,0,0,0,0,0,0
240167,1,1,1996,0,0,0,0,0,0,0,0,0,0
240168,1,1,1996,0,13,0,0,0,0,0,0,13,0
240169,0,1,1996,0,0,0,0,0,0,0,0,0,0
240169,1,1,1996,13,31,21,5,14,11,17,3,3,15
240170,0,1,1996,0,0,0,0,0,0,0,0,0,0
240170,1,1,1996,13,13,13,13,13,13,13,13,13,13
240171,0,1,1996,26,26,26,26,26,26,26,26,26,26
240171,1,1,1996,0,0,0,0,0,0,0,0,0,0
240172,0,1,1996,12,12,12,12,12,12,12,12,12,12
240172,1,1,1996,0,0,28,0,0,0,0,0,0,0
240172,2,1,1996,0,0,0,0,0,0,0,0,0,0
240173,1,1,1996,0,0,0,0,0,0,0,0,0,0
240173,2,1,1996,0,0,0,0,0,0,0,0,0,0
240174,1,1,1996,0,0,0,0,0,0,0,5,0,0
240174,2,1,1996,0,0,0,0,0,0,4,0,0,0
240175,0,1,1996,0,0,0,0,0,0,0,0,0,0
240175,1,1,1996,0,0,0,11,0,0,0,0,0,0
240176,1,1,1996,12,12,12,12,12,12,12,12,12,12
240177,1,1,1996,0,0,0,0,0,0,0,0,0,0
240177,2,1,1996,0,0,0,0,0,0,0,0,0,0
240178,1,1,1996,3,3,3,3,3,3,3,3,3,3
240178,2,1,1996,0,0,0,0,0,0,0,0,0,19
240179,1,1,1996,0,0,0,0,0,0,0,0,0,0
240180,1,1,1996,0,0,0,10,0,0,0,0,0,0
240180,2,1,1996,0,0,0,0,0,0,0,0,0,0
240181,1,1,1996,0,0,0,0,0,0,0,0,0,0
240181,2,1,1996,0,0,0,0,0,0,0,0,0,0
240182,0,1,1996,0,0,0,0,0,0,0,0,0,0
240182,1,1,1996,0,0,0,0,0,0,0,0,0,0
240183,1,1,1996,0,0,9,0,0,0,0,0,0,0
240183,2,1,1996,0,0,0,0,0,0,0,0,0,0
240184,1,1,1996,31,31,31,31,31,31,31,31,31,31
240184,2,1,1996,0,0,0,0,0,0,0,0,0,0
240185,1,1,1996,0,0,0,0,0,0,0,0,0,0
240186,1,1,1996,0,0,0,0,0,0,0,0,0,0
240186,2,1,1996,0,0,0,0,0,0,0,0,0,0
240187,1,1,1996,0,0,0,0,0,0,0,0,0,0
240187,2,1,1996,0,0,0,0,0,0,0,0,0,0
240188,1,1,1996,17,17,17,17,17,17,17,17,17,17
240188,2,1,1996,0,0,0,0,0,0,0,0,0,0
240189,1,1,1996,16,19,4,7,3,11,0,8,0,0
240189,2,1,1996,0,0,9,0,0,0,0,0,0,0
240190,1,1,1996,18,18,18,18,18,18,18,18,18,18
240191,1,1,1996,0,0,0,0,0,0,0,0,0,0
240191,2,1,1996,0,10,0,0,0,0,0,0,0,0
240192,1,1,1996,0,0,0,0,0,0,0,0,0,0
240192,2,1,1996,0,0,0,0,0,0,0,0,0,0
240193,1,1,1996,3,3,3,3,3,3,3,3,3,3
240193,2,1,1996,0,0,0,0,0,0,0,0,0,0
240193,3,1,1996,0,0,0,0,0,0,0,0,0,0
240194,1,1,1996,32,0,7,19,6,18,0,18,21,12
240195,1,1,1996,13,13,13,13,13,13,13,13,13,13
240196,1,1,1996,32,32,32,32,32,32,32,32,32,32
240196,2,1,1996,0,0,0,0,0,0,0,0,0,0
240197,1,1,1996,11,11,11,11,11,11,11,11,11,11
240197,2,1,1996,0,0,0,0,0,0,0,0,0,0
240198,0,1,1996,10,10,10,10,10,10,10,10,10,10
240198,0,2,1996,9,29,20,20,31,15,0,0,0,22
240198,1,1,1996,0,0,0,0,0,0,0,0,0,0
240199,1,1,1996,0,0,0,0,0,0,0,0,0,0
240199,2,1,1996,0,0,0,0,0,0,0,0,0,0
240200,1,1,1996,0,0,0,0,0,0,0,0,0,0
240200,2,1,1996,16,0,7,0,0,17,0,13,0,0
240201,1,1,1996,0,0,0,0,0,0,0,0,0,0
240202,1,1,1996,0,0,0,0,0,0,0,0,0,0
240203,1,1,1996,16,16,16,16,16,16,16,16,16,16
240204,1,1,1996,21,21,21,21,21,21,21,21,21,21
240205,1,1,1996,9,9,9,9,9,9,9,9,9,9
240206,1,1,1996,0,0,8,0,11,0,34,11,0,0
240207,1,1,1996,27,7,23,16,22,0,6,10,15,12
240207,2,1,1996,0,0,0,0,0,0,0,0,0,0
240208,1,1,1996,22,22,22,22,22,22,22,22,22,22
240209,1,1,1996,0,0,0,0,0,0,0,0,0,0
240210,0,1,1996,23,0,0,0,0,0,0,0,0,0
240210,1,1,1996,0,0,0,0,0,0,0,0,0,0
240211,1,1,1996,0,0,0,0,0,0,0,0,0,0
240211,2,1,1996,0,0,0,0,0,0,0,0,0,0
240212,1,1,1996,0,0,0,0,0,0,0,0,0,0
240213,1,2,1996,0,0,16,0,0,0,0,0,26,0
240213,2,1,1996,0,0,0,0,10,0,0,0,0,0
240214,1,1,1996,0,0,0,0,0,0,0,0,0,0
240214,2,1,1996,0,0,8,0,0,8,0,0,0,8
240215,0,1,1996,0,0,0,0,0,0,0,0,0,0
240215,1,1,1996,0,0,0,0,0,0,0,0,0,0
240216,0,1,1996,0,0,0,0,0,15,0,0,0,0
240216,1,1,1996,0,0,0,0,0,0,0,0,0,0
240217,1,1,1996,0,0,0,0,0,0,0,0,0,0
240217,2,1,1996,0,0,0,0,0,0,0,0,0,0
240218,1,1,1996,14,14,14,14,14,14,14,14,14,14
240219,1,1,1996,0,0,0,0,0,0,0,0,0,0
240219,2,1,1996,0,23,0,0,0,16,0,0,0,0
240220,1,1,1996,2,2,2,2,2,2,2,2,2,2
240221,1,1,1996,0,0,0,0,0,24,0,0,0,0
240221,2,1,1996,0,0,0,0,0,0,0,0,0,0
240222,1,1,1996,0,0,0,0,0,0,0,0,0,7
240222,2,1,1996,0,0,0,0,0,0,0,0,0,0
240223,1,2,1996,0,5,0,0,0,0,0,0,0,0
240223,2,1,1996,0,0,0,0,0,0,0,0,0,0
240224,1,1,1996,0,0,0,0,0,0,0,0,0,0
240224,2,1,1996,0,0,0,0,0,0,0,0,0,0
240225,1,1,1996,0,0,0,0,0,0,0,0,0,0
240225,2,1,1996,2,2,2,2,2,2,2,2,2,2
240226,0,1,1996,10,10,10,10,10,10,10,10,10,10
240226,1,1,1996,10,0,19,0,0,0,0,0,34,0
240226,2,1,1996,7,0,0,0,0,0,0,0,0,0
240227,1,1,1996,0,0,0,0,0,0,0,0,0,0
240227,2,1,1996,0,0,0,0,0,0,0,0,0,0
240228,0,1,1996,0,0,0,17,0,0,0,0,0,21
240228,1,1,1996,0,0,0,0,0,0,0,12,0,0
240229,1,1,1996,12,21,26,12,10,20,15,7,8,0
240229,2,1,1996,0,0,0,13,6,0,0,0,0,0
240230,0,1,1996,12,15,0,30,10,29,17,30,18,8
240230,1,1,1996,0,0,0,0,0,0,0,0,0,0
240231,1,1,1996,0,0,0,0,0,0,0,0,0,0
240231,2,1,1996,0,0,0,0,0,0,0,0,0,0
240232,0,1,1996,27,0,34,18,23,31,15,0,0,0
240232,1,1,1996,0,0,0,0,0,0,0,0,0,19
240233,1,1,1996,0,0,0,0,0,0,0,0,0,0
240233,2,1,1996,0,0,0,0,0,0,18,0,18,0
240233,3,1,1996,0,0,0,0,0,0,0,0,0,3
240234,0,1,1996,24,24,24,24,24,24,24,24,24,24
240234,1,1,1996,0,0,0,0,0,0,0,13,0,0
240235,1,1,1996,27,27,27,27,27,27,27,27,27,27
240236,1,1,1996,0,0,0,0,0,0,0,0,0,0
240236,2,1,1996,0,0,0,0,0,0,0,0,0,0
240237,0,1,1996,29,29,29,29,29,29,29,29,29,29
240237,1,1,1996,0,0,0,0,0,0,0,0,0,0
240238,1,1,1996,0,0,0,0,0,0,0,0,0,0
240239,1,1,1996,0,0,0,0,0,0,0,0,0,0
240239,2,1,1996,0,0,0,0,0,0,0,0,0,0
240240,1,1,1996,0,0,0,0,0,0,0,0,0,0
240241,1,1,1996,0,0,0,0,0,0,0,0,0,0
240241,2,1,1996,0,0,0,0,0,0,0,0,0,0
240242,1,1,1996,0,0,0,0,0,0,0,0,0,0
240242,2,1,1996,0,0,0,0,0,0,0,0,0,0
240243,0,1,1996,0,0,0,0,0,0,0,0,0,0
240243,1,1,1996,0,0,0,0,0,0,0,0,0,0
240244,1,1,1996,0,0,0,0,0,0,0,0,0,0
240244,2,1,1996,0,0,0,0,0,0,0,0,0,0
240245,0,1,1996,24,26,21,18,13,13,15,25,15,51
240245,1,1,1996,0,0,0,0,0,0,0,0,0,0
240246,1,1,1996,0,0,0,0,0,0,0,0,0,0
240246,2,1,1996,6,6,6,6,6,6,6,6,6,6
240246,3,1,1996,0,0,0,0,0,0,0,0,0,0
240247,0,1,1996,0,0,0,0,0,20,42,0,0,0
240247,1,1,1996,10,12,0,13,12,0,0,0,0,0
240248,1,1,1996,0,0,0,0,0,0,0,0,0,0
240249,0,1,1996,15,15,15,15,15,15,15,15,15,15
240249,0,2,1996,0,25,10,0,23,38,0,19,10,0
240249,1,1,1996,0,0,3,0,0,0,0,0,0,0
240250,1,1,1996,0,0,0,0,0,0,0,0,0,0
240251,1,1,1996,0,0,0,0,0,0,0,0,0,0