ST_CASE,VEH_NO,PER_NO,YEAR,P1,P2,P3,P4,P5,P6,P7,P8,P9,P10
240252,1,1,1996,13,13,13,13,13,13,13,13,13,13
240255,1,1,1996,0,25,0,8,16,53,0,34,0,24
240256,1,1,1996,0,0,0,0,0,0,0,0,0,0
240256,2,1,1996,0,0,0,0,0,0,0,0,0,0
240257,1,1,1996,0,0,0,0,0,0,0,0,16,0
240257,2,1,1996,0,0,0,0,0,0,0,0,0,0
240258,0,1,1996,0,0,0,0,0,0,0,0,0,0
240258,1,1,1996,8,0,13,0,0,0,0,0,21,14
240259,1,1,1996,14,14,14,14,14,14,14,14,14,14
240259,2,1,1996,0,0,0,0,0,0,0,0,8,0
240260,0,1,1996,19,19,19,19,19,19,19,19,19,19
240260,1,1,1996,9,9,9,9,9,9,9,9,9,9
240261,0,1,1996,0,0,0,0,0,0,0,0,0,0
240261,1,1,1996,0,0,0,0,0,0,0,0,0,0
240262,0,1,1996,0,0,0,0,0,0,0,0,0,0
240262,1,1,1996,0,0,0,0,0,0,0,0,0,0
240263,1,1,1996,13,13,13,13,13,13,13,13,13,13
240264,1,1,1996,17,0,0,0,0,0,0,0,0,0
240265,1,1,1996,0,0,0,0,0,0,0,0,0,0
240265,2,1,1996,0,9,0,0,0,0,0,0,0,0
240266,1,1,1996,22,22,22,22,22,22,22,22,22,22
240266,2,1,1996,0,0,0,0,0,0,0,0,0,0
240267,1,1,1996,0,0,0,0,0,0,0,0,0,0
240267,2,1,1996,0,0,0,0,0,0,0,0,0,0
240268,0,1,1996,0,0,0,0,0,0,0,0,0,0
240268,1,1,1996,0,10,0,0,13,0,14,0,0,0
240269,1,1,1996,0,0,0,0,0,0,0,0,0,0
240269,2,1,1996,0,0,0,0,0,0,0,0,0,0
240270,1,1,1996,0,0,0,0,0,0,0,0,0,0
240270,2,1,1996,0,0,0,0,0,0,0,0,0,0
240271,1,1,1996,0,0,0,0,0,0,0,0,0,0
240271,2,1,1996,0,0,14,0,0,0,0,0,0,0
240272,1,1,1996,0,0,36,0,0,9,0,0,6,0
240272,2,1,1996,0,0,0,0,0,0,0,0,0,0
240272,3,1,1996,0,0,14,16,0,16,0,0,0,17
240273,1,1,1996,0,0,0,0,0,0,0,0,0,0
240273,2,1,1996,0,0,0,13,0,0,0,0,0,0
240274,1,1,1996,0,0,0,0,0,0,0,0,0,0
240275,0,1,1996,0,0,0,0,0,0,0,0,0,0
240275,0,2,1996,0,0,0,0,0,0,0,0,0,0
240275,1,1,1996,0,0,0,0,0,0,0,0,0,0
240276,1,1,1996,0,0,0,0,0,0,0,0,0,0
240277,1,1,1996,9,9,9,9,9,9,9,9,9,9
240278,1,1,1996,0,0,0,0,0,0,4,0,0,0
240278,2,1,1996,0,0,0,0,0,0,0,0,0,0
240279,0,1,1996,0,0,0,0,0,0,0,0,0,0
240279,1,1,1996,0,0,0,0,0,0,0,0,0,0
240280,1,1,1996,21,21,21,21,21,21,21,21,21,21
240281,1,1,1996,0,0,0,0,0,0,0,0,0,0
240281,2,1,1996,0,0,0,0,0,0,0,0,0,0
240281,3,1,1996,0,0,0,0,0,0,0,0,0,0
240282,0,1,1996,20,20,20,20,20,20,20,20,20,20
240282,1,1,1996,13,0,0,0,0,0,0,0,0,0
240283,1,1,1996,6,6,6,6,6,6,6,6,6,6
240284,0,1,1996,0,0,0,0,0,0,0,0,0,0
240284,1,2,1996,0,0,0,0,0,0,0,0,0,0
240285,1,1,1996,7,7,7,7,7,7,7,7,7,7
240285,2,1,1996,0,0,0,0,0,0,0,0,0,0
240286,1,1,1996,0,0,0,0,0,0,0,0,0,0
240287,1,1,1996,0,0,39,0,0,11,0,29,0,0
240288,1,1,1996,17,17,17,17,17,17,17,17,17,17
240289,1,1,1996,0,0,0,0,0,14,0,0,0,0
240289,2,1,1996,0,0,0,0,0,0,10,0,0,0
240289,3,1,1996,0,0,0,0,0,0,0,0,0,0
240290,1,1,1996,24,0,0,0,0,0,0,0,0,0
240291,0,1,1996,21,21,21,21,21,21,21,21,21,21
240291,1,1,1996,6,6,6,6,6,6,6,6,6,6
240292,1,1,1996,9,15,12,16,22,34,8,16,4,6
240293,1,1,1996,19,19,19,19,19,19,19,19,19,19
240293,2,1,1996,0,0,0,0,0,0,0,0,20,0
240294,1,1,1996,16,16,16,16,16,16,16,16,16,16
240294,2,1,1996,0,0,0,0,0,0,9,0,0,0
240295,0,1,1996,0,0,0,0,0,0,0,0,0,0
240296,0,1,1996,0,0,0,0,0,0,0,0,0,0
240296,1,1,1996,0,0,0,0,0,0,0,0,0,0
240297,1,1,1996,0,0,0,0,0,0,0,0,0,0
240298,1,1,1996,0,0,0,0,0,0,0,0,0,0
240298,2,1,1996,0,0,0,0,0,0,0,0,0,0
240298,3,1,1996,0,0,0,0,0,6,0,0,0,0
240299,1,1,1996,0,0,0,0,0,0,0,0,0,0
240299,2,1,1996,0,0,0,0,0,0,0,0,0,0
240300,0,1,1996,0,0,0,0,0,0,0,0,0,0
240300,1,1,1996,0,0,0,0,0,0,0,0,0,0
240301,1,1,1996,0,0,0,0,0,0,0,0,0,0
240301,2,1,1996,0,0,0,0,0,0,0,0,0,0
240302,1,1,1996,0,0,0,0,0,0,0,0,0,0
240302,2,1,1996,0,0,0,0,0,0,0,0,0,0
240303,1,1,1996,17,17,17,17,17,17,17,17,17,17
240304,1,1,1996,8,8,8,8,8,8,8,8,8,8
240305,1,1,1996,8,8,8,8,8,8,8,8,8,8
240306,0,1,1996,0,0,0,0,0,0,0,0,0,0
240306,1,1,1996,0,0,0,0,0,0,0,0,0,0
240307,1,1,1996,3,3,3,3,3,3,3,3,3,3
240307,2,1,1996,0,0,0,0,0,0,0,11,0,0
240308,0,1,1996,0,0,0,0,0,0,21,0,0,0
240308,1,1,1996,0,0,0,0,0,0,0,0,0,0
240309,1,2,1996,0,0,0,0,0,0,0,2,0,0
240309,2,1,1996,0,0,0,0,0,0,0,0,0,0
240310,1,1,1996,15,15,15,15,15,15,15,15,15,15
240310,2,1,1996,0,8,8,0,19,0,20,24,13,0
240310,3,1,1996,0,0,0,0,0,0,0,0,0,0
240311,1,1,1996,0,0,0,0,0,0,0,0,0,0
240311,2,1,1996,0,0,0,0,0,0,17,0,0,0
240311,3,1,1996,0,0,0,0,0,0,0,0,0,0
240312,1,1,1996,0,0,0,0,0,0,0,0,0,0
240313,1,1,1996,0,0,0,0,0,0,0,0,0,0
240313,2,1,1996,0,0,0,0,0,0,0,0,0,0
240314,1,1,1996,14,0,0,0,0,0,0,0,7,30
240314,2,1,1996,0,0,0,0,0,0,0,0,0,0
240315,1,1,1996,0,0,0,0,0,0,0,0,0,0
240315,2,1,1996,0,0,0,0,0,0,0,0,0,0
240316,1,1,1996,0,0,0,0,0,0,0,0,0,0
240317,1,1,1996,0,0,0,0,0,0,0,0,0,0
240318,1,4,1996,0,0,0,0,0,0,0,0,0,0
240319,1,1,1996,0,0,0,0,0,0,0,0,0,0
240319,2,1,1996,0,0,0,0,0,18,5,0,12,12
240320,1,1,1996,9,9,9,9,9,9,9,9,9,9
240321,0,1,1996,20,20,20,20,20,20,20,20,20,20
240321,1,1,1996,0,0,0,0,0,0,0,0,0,0
240322,0,1,1996,0,0,0,0,0,0,0,0,0,0
240322,1,1,1996,0,0,0,0,0,0,0,0,0,0
240323,1,1,1996,0,0,0,0,0,0,0,0,0,0
240324,0,1,1996,18,18,18,18,18,18,18,18,18,18
240324,1,1,1996,0,0,0,0,0,0,0,0,0,0
240325,1,1,1996,0,0,0,0,0,0,0,0,0,0
240325,2,1,1996,0,0,0,0,0,0,0,0,0,0
240326,1,1,1996,10,10,10,10,10,10,10,10,10,10
240327,1,1,1996,9,9,9,9,9,9,9,9,9,9
240327,2,1,1996,0,0,0,0,0,0,0,0,0,0
240328,1,1,1996,0,0,0,0,0,0,0,0,0,0
240329,1,1,1996,0,0,0,0,0,0,0,0,0,0
240329,2,1,1996,0,0,0,0,0,0,0,0,0,0
240330,1,1,1996,0,13,31,0,0,14,16,0,0,30
240331,1,1,1996,0,0,0,0,0,0,0,0,0,0
240331,2,1,1996,0,0,0,0,0,0,0,0,0,0
240332,1,1,1996,7,7,7,7,7,7,7,7,7,7
240332,2,1,1996,0,0,0,0,0,0,0,0,0,0
240333,1,1,1996,0,0,0,0,0,0,0,0,0,0
240334,1,1,1996,3,3,3,3,3,3,3,3,3,3
240334,2,1,1996,0,7,7,0,0,0,0,0,0,0
240335,1,1,1996,0,0,0,0,0,0,0,0,0,0
240335,2,1,1996,0,0,0,0,0,0,0,0,0,0
240335,3,1,1996,0,0,0,0,0,0,0,0,0,0
240336,1,1,1996,0,0,0,0,0,0,0,0,0,0
240337,1,1,1996,7,0,18,0,0,0,0,0,0,0
240337,2,1,1996,0,0,0,0,0,0,0,0,0,0
240338,0,1,1996,0,0,0,0,0,0,0,0,0,0
240338,1,1,1996,0,0,0,0,0,0,0,0,0,0
240339,1,1,1996,16,16,16,16,16,16,16,16,16,16
240340,1,1,1996,0,0,0,0,0,0,0,0,0,0
240341,1,1,1996,0,0,0,0,0,0,0,0,0,0
240342,1,1,1996,14,14,14,14,14,14,14,14,14,14
240343,1,1,1996,9,9,9,9,9,9,9,9,9,9
240343,2,1,1996,0,0,0,0,0,0,0,0,0,0
240344,1,1,1996,0,0,0,0,0,0,0,0,0,0
240344,2,1,1996,0,0,0,0,0,0,0,0,0,0
240345,1,1,1996,0,0,11,6,0,4,30,0,16,0
240346,0,1,1996,21,21,21,21,21,21,21,21,21,21
240346,1,1,1996,0,14,0,0,0,0,0,0,0,0
240348,1,1,1996,0,0,0,0,0,0,0,0,0,0
240349,1,1,1996,13,13,13,13,13,13,13,13,13,13
240350,0,1,1996,0,0,0,0,0,0,0,0,0,0
240350,1,1,1996,5,0,0,0,0,0,0,0,0,0
240351,1,1,1996,0,0,0,0,0,0,0,0,0,0
240352,1,1,1996,0,0,0,0,0,0,0,0,0,0
240352,2,1,1996,0,0,0,0,0,0,0,0,0,0
240353,1,1,1996,0,0,0,0,0,0,0,0,0,0
240353,2,1,1996,0,0,0,0,0,0,0,0,0,0
240354,1,1,1996,0,0,0,0,0,0,0,0,0,0
240354,2,1,1996,0,0,0,0,0,0,0,0,0,0
240354,3,1,1996,0,0,0,0,0,0,0,0,0,0
240355,1,1,1996,12,12,12,12,12,12,12,12,12,12
240356,1,1,1996,0,0,0,0,0,0,0,0,0,0
240356,2,1,1996,0,0,0,0,0,0,0,0,0,0
240357,1,1,1996,0,0,0,0,0,0,0,0,0,0
240357,2,1,1996,0,0,0,0,0,0,0,0,0,0
240357,3,1,1996,0,0,0,0,0,0,0,0,0,0
240358,1,1,1996,0,0,0,0,0,0,0,0,0,0
240358,2,1,1996,0,0,0,0,0,0,0,0,0,0
240359,1,1,1996,0,0,0,0,0,0,0,0,0,0
240359,2,1,1996,0,0,0,0,0,0,0,0,0,0
240360,1,1,1996,0,0,0,0,0,0,0,0,0,0
240360,2,1,1996,18,0,0,0,0,0,0,0,16,15
240361,1,1,1996,10,10,10,10,10,10,10,10,10,10
240361,2,1,1996,14,14,14,14,14,14,14,14,14,14
240362,1,1,1996,11,0,21,17,7,11,15,7,19,4
240363,0,1,1996,13,13,13,13,13,13,13,13,13,13
240363,1,1,1996,0,0,0,0,0,0,0,0,0,0
240363,2,1,1996,24,0,0,0,0,0,0,0,26,0
240364,1,1,1996,0,0,0,0,0,0,0,0,0,0
240364,2,1,1996,0,0,0,0,0,0,0,0,0,0
240365,1,1,1996,0,0,0,0,0,0,0,0,0,0
240365,2,1,1996,0,0,0,0,0,0,0,0,0,0
240366,1,1,1996,11,11,11,11,11,11,11,11,11,11
240367,1,1,1996,0,13,3,0,0,15,0,0,0,0
240367,2,1,1996,0,0,0,0,0,0,0,0,0,0
240368,1,1,1996,12,0,0,0,0,0,0,0,0,0
240368,2,1,1996,0,0,0,0,0,0,0,0,0,0
240369,1,1,1996,0,0,0,0,0,0,0,0,0,0
240369,2,1,1996,0,0,0,0,0,0,0,0,12,0
240370,0,1,1996,0,0,0,0,0,0,0,0,0,0
240370,1,1,1996,0,0,0,0,0,0,0,0,0,0
240370,2,1,1996,0,0,0,0,0,0,0,0,0,0
240371,1,1,1996,0,0,0,20,0,0,0,0,0,0
240371,2,1,1996,12,0,0,0,0,0,10,0,0,0
240371,3,1,1996,0,0,0,0,0,0,0,0,0,0
240371,4,1,1996,0,0,0,0,0,0,0,16,12,0
240372,1,1,1996,0,0,0,0,0,0,0,0,0,0
240372,2,1,1996,0,0,0,0,0,0,0,0,0,0
240373,1,1,1996,0,0,0,8,0,0,0,0,0,0
240373,2,1,1996,0,0,0,0,0,0,0,0,0,0
240374,1,1,1996,0,0,0,0,0,0,0,0,0,0
240375,0,1,1996,18,18,18,18,18,18,18,18,18,18
240375,1,1,1996,0,0,0,0,0,0,0,0,0,0
240376,1,1,1996,0,0,0,0,0,6,0,0,0,0
240377,0,1,1996,17,17,17,17,17,17,17,17,17,17
240377,1,1,1996,0,0,0,0,0,0,0,0,0,0
240378,1,1,1996,12,12,12,12,12,12,12,12,12,12
240379,1,1,1996,21,21,21,21,21,21,21,21,21,21
240379,2,1,1996,0,0,0,0,0,0,7,0,0,0
240380,1,1,1996,0,0,0,0,0,0,0,0,0,0
240381,1,1,1996,0,0,0,0,0,0,0,0,0,0
240381,2,1,1996,21,18,23,19,9,15,8,16,18,12
240381,3,1,1996,0,0,0,0,0,0,0,0,0,0
240382,1,1,1996,0,0,0,0,0,0,0,0,0,0
240382,2,1,1996,0,0,0,0,0,0,0,0,0,0
240383,1,1,1996,0,0,0,0,0,0,0,8,0,0
240383,2,1,1996,0,0,0,0,0,0,0,0,0,0
240384,1,1,1996,0,0,0,0,0,0,0,0,0,0
240384,2,1,1996,0,0,0,21,0,6,0,0,0,0
240385,1,1,1996,0,0,0,0,0,0,0,0,0,0
240386,1,1,1996,0,0,0,0,0,0,0,0,0,0
240387,1,1,1996,0,0,0,0,0,0,0,0,0,0
240387,2,1,1996,0,0,0,0,0,0,0,0,0,0
240388,1,1,1996,0,0,0,0,0,0,0,0,0,0
240388,2,1,1996,0,0,0,0,10,0,0,0,0,0
240389,0,1,1996,21,21,21,21,21,21,21,21,21,21
240389,1,1,1996,0,0,0,0,0,9,0,0,0,0
240390,0,1,1996,6,6,6,6,6,6,6,6,6,6
240390,0,2,1996,12,12,12,12,12,12,12,12,12,12
240390,1,1,1996,0,0,0,0,0,0,0,0,0,0
240391,1,1,1996,19,19,19,19,19,19,19,19,19,19
240392,0,1,1996,0,0,0,0,0,0,0,0,0,0
240392,1,1,1996,10,11,7,37,11,0,38,0,10,0
240393,1,1,1996,0,0,0,0,0,0,0,0,0,0
240394,1,1,1996,0,0,0,0,0,0,0,0,0,0
240394,2,1,1996,0,0,0,0,0,0,0,0,23,0
240395,1,1,1996,14,14,14,14,14,14,14,14,14,14
240395,2,1,1996,0,0,0,17,0,0,0,0,0,0
240396,0,1,1996,0,0,0,0,0,0,0,0,0,0
240396,1,1,1996,0,0,0,0,0,0,0,0,0,0
240397,1,1,1996,26,26,26,26,26,26,26,26,26,26
240398,1,1,1996,14,14,14,14,14,14,14,14,14,14
240399,0,1,1996,0,0,0,0,0,0,0,0,0,0
240399,1,1,1996,0,0,0,0,0,0,0,0,0,0
240400,1,1,1996,9,9,9,9,9,9,9,9,9,9
240400,2,1,1996,0,0,19,0,0,0,0,0,0,0
240401,1,1,1996,12,9,10,11,22,14,7,5,21,27
240401,2,1,1996,0,0,0,0,0,0,0,0,0,0
240402,1,1,1996,0,0,0,0,0,0,0,0,0,0
240402,2,1,1996,0,0,0,0,0,0,0,0,0,0
240403,1,1,1996,33,33,33,33,33,33,33,33,33,33
240404,1,1,1996,0,0,0,0,0,0,0,0,0,0
240405,1,1,1996,18,18,18,18,18,18,18,18,18,18
240406,0,1,1996,0,0,0,0,0,0,0,0,0,0
240406,1,1,1996,0,0,0,0,0,0,0,0,0,0
240407,1,1,1996,0,0,0,0,0,0,0,0,0,0
240407,2,1,1996,0,0,0,0,0,0,0,0,0,0
240408,1,1,1996,0,0,0,0,0,0,0,0,0,0
240408,2,1,1996,0,0,0,0,0,0,0,0,0,0
240409,1,1,1996,0,0,0,0,0,0,0,0,0,0
240409,2,1,1996,0,0,0,0,0,0,0,0,0,0
240410,0,1,1996,0,19,0,0,21,22,21,0,0,0
240410,0,2,1996,0,0,0,0,0,0,0,0,0,0
240410,1,1,1996,0,0,0,0,0,0,0,0,0,0
240411,1,1,1996,0,0,0,0,0,0,0,0,0,0
240411,2,1,1996,0,0,0,0,0,0,0,0,0,0
240412,1,1,1996,0,0,0,0,0,0,0,0,0,0
240413,1,1,1996,0,0,0,0,0,0,0,0,0,0
240413,2,1,1996,0,0,0,0,0,0,0,0,0,0
240414,0,1,1996,0,0,0,0,0,0,0,0,0,0
240414,1,1,1996,0,0,0,0,0,0,0,0,0,0
240415,1,1,1996,0,0,0,0,0,0,0,0,0,0
240416,1,1,1996,0,0,0,4,2,0,0,0,0,0
240417,1,1,1996,0,0,0,0,0,12,0,0,0,0
240417,2,1,1996,0,0,0,0,0,0,0,0,0,0
240418,1,1,1996,0,0,0,0,0,16,0,0,0,13
240418,2,1,1996,0,0,0,0,0,0,0,0,0,0
240419,1,1,1996,0,0,0,0,0,0,0,0,0,0
240419,2,1,1996,0,0,0,0,0,0,0,0,0,0
240420,1,1,1996,0,0,0,0,0,0,0,0,0,0
240420,2,1,1996,0,0,0,0,0,19,0,0,0,0
240421,1,1,1996,0,0,0,0,0,0,0,0,0,0
240421,2,1,1996,0,0,0,0,0,0,0,0,0,0
240421,3,1,1996,0,0,0,0,0,0,0,0,0,0
240422,1,1,1996,0,0,0,0,0,0,0,0,0,0
240423,0,1,1996,0,0,0,0,0,0,0,0,0,0
240423,1,1,1996,0,0,0,0,0,0,0,0,0,0
240424,0,1,1996,0,0,0,37,0,0,0,0,0,0
240424,1,1,1996,0,0,0,0,0,0,0,0,0,10
240425,1,1,1996,0,0,0,0,0,0,0,0,0,0
240425,2,1,1996,0,0,0,0,0,0,0,0,0,0
240426,0,1,1996,0,0,0,0,0,0,0,0,0,0
240426,1,1,1996,0,0,0,0,0,0,15,0,0,0
240427,1,1,1996,0,0,0,0,0,0,0,0,0,0
240428,1,1,1996,0,0,0,0,0,0,0,0,26,0
240429,1,1,1996,24,24,24,24,24,24,24,24,24,24
240430,1,1,1996,0,0,0,0,0,0,0,0,0,0
240430,2,1,1996,0,0,0,0,0,0,0,0,0,0
240431,1,1,1996,0,0,0,0,0,0,0,0,0,0
240431,2,1,1996,0,0,0,0,20,0,0,0,0,0
240432,1,1,1996,25,25,25,25,25,25,25,25,25,25
240433,1,1,1996,0,0,0,0,0,0,0,0,0,0
240433,2,1,1996,0,0,0,0,0,0,0,0,0,0
240434,1,1,1996,0,0,0,0,0,0,0,0,0,0
240435,0,1,1996,0,0,0,0,0,0,0,0,0,0
240435,1,1,1996,0,0,0,0,0,0,0,0,0,0
240436,1,1,1996,0,0,0,0,0,0,0,0,0,0
240436,2,1,1996,0,0,0,0,0,0,0,0,0,0
240437,1,1,1996,0,0,0,14,0,0,0,0,0,0
240438,0,1,1996,6,6,6,6,6,6,6,6,6,6
240438,1,1,1996,0,0,0,0,0,0,0,0,0,0
240439,0,1,1996,0,0,0,0,0,0,0,0,0,0
240439,1,1,1996,0,11,0,0,0,0,0,0,0,0
240440,0,1,1996,0,0,0,0,0,0,0,0,0,0
240440,1,1,1996,0,0,0,0,0,0,0,0,0,0
240441,1,1,1996,0,0,0,0,0,0,0,0,0,0
240441,2,1,1996,0,0,0,0,0,0,0,0,0,0
240441,3,1,1996,0,0,0,0,0,0,0,0,0,0
240442,1,1,1996,0,17,0,26,0,21,0,10,0,6
240442,2,1,1996,0,0,0,0,9,9,0,0,0,0
240442,3,1,1996,0,0,0,0,0,0,0,24,0,0
240442,4,1,1996,0,0,0,0,0,20,0,0,0,0
240443,0,1,1996,0,0,0,0,0,0,0,0,0,0
240443,1,1,1996,0,0,0,0,0,0,0,0,0,0
240444,0,1,1996,0,0,0,0,0,0,0,0,0,0
240444,1,1,1996,0,0,0,0,0,0,0,0,0,0
240445,1,1,1996,0,0,0,0,0,0,0,0,0,0
240445,2,1,1996,0,0,0,0,0,0,0,0,0,0
240446,0,1,1996,0,0,0,0,0,0,0,0,0,0
240446,1,1,1996,0,0,0,0,0,0,0,0,0,0
240448,0,1,1996,0,0,0,0,0,0,0,0,0,0
240448,1,1,1996,9,8,0,4,28,11,0,12,0,0
240449,0,1,1996,0,0,0,0,0,0,0,0,0,0
240449,1,1,1996,0,0,0,0,0,0,0,0,0,0
240450,1,1,1996,24,24,24,24,24,24,24,24,24,24
240451,1,1,1996,0,0,0,0,0,0,0,0,0,0
240451,2,1,1996,0,0,0,0,0,0,0,0,5,0
240452,1,1,1996,0,0,0,0,0,0,0,0,0,0
240453,0,1,1996,0,0,0,0,0,0,0,0,0,0
240453,1,1,1996,0,0,0,0,0,0,0,0,0,0
240454,1,1,1996,0,0,0,0,0,10,17,12,0,0
240454,2,1,1996,0,0,0,0,0,0,0,0,0,13
240454,3,1,1996,0,0,0,0,0,0,0,0,0,0
240455,1,1,1996,0,15,0,12,13,32,20,18,24,20
240456,1,1,1996,0,0,0,0,0,0,0,0,0,0
240456,2,1,1996,0,0,0,19,24,0,0,3,0,0
240457,1,1,1996,25,25,25,25,25,25,25,25,25,25
240458,1,1,1996,0,0,0,0,0,0,0,0,0,0
240458,2,1,1996,0,0,0,0,0,0,0,0,0,0
240459,1,1,1996,0,0,0,0,0,0,0,0,0,0
240459,2,1,1996,0,0,0,10,0,0,0,0,0,0
240460,1,1,1996,0,0,0,0,0,0,0,0,0,0
240460,2,1,1996,0,0,0,0,0,0,0,0,0,0
240461,1,1,1996,0,0,0,0,0,0,0,0,0,0
240461,2,1,1996,0,0,0,0,0,0,0,0,0,0
240461,3,1,1996,0,0,0,0,0,16,0,0,0,12
240461,4,1,1996,0,4,0,0,0,0,0,0,11,0
240462,1,1,1996,0,0,0,0,0,0,0,0,0,0
240462,2,1,1996,0,0,0,0,6,0,0,0,0,0
240463,1,1,1996,13,13,13,13,13,13,13,13,13,13
240464,1,1,1996,15,15,15,15,15,15,15,15,15,15
240465,1,1,1996,0,0,0,0,0,0,0,0,0,0
240465,2,1,1996,0,0,0,0,0,0,0,0,0,0
240466,1,1,1996,0,0,0,0,0,0,0,0,0,0
240467,1,1,1996,0,0,0,0,0,0,0,0,0,0
240467,2,1,1996,0,0,0,0,0,0,0,0,0,0
240468,1,1,1996,21,21,21,21,21,21,21,21,21,21
240468,2,1,1996,0,0,0,0,0,0,0,0,0,0
240469,1,1,1996,0,0,0,0,0,0,0,0,0,0
240469,2,1,1996,0,0,0,0,0,0,0,0,0,0
240469,3,1,1996,0,0,0,0,0,0,0,0,0,0
240470,1,1,1996,0,0,0,0,0,0,0,0,0,0
240470,2,1,1996,0,0,0,0,0,0,0,0,0,0
240471,1,1,1996,0,0,0,0,0,0,0,0,0,0
240472,1,1,1996,0,0,0,0,0,0,0,0,0,0
240472,2,1,1996,0,0,0,0,0,0,0,23,0,0
240473,0,1,1996,0,0,0,0,0,0,0,0,0,0
240473,1,1,1996,0,6,0,0,0,0,9,0,0,18
240474,1,1,1996,0,16,0,0,21,0,0,8,21,0
240475,0,1,1996,21,23,7,13,21,14,15,20,22,12
240475,1,1,1996,0,0,0,0,0,0,0,0,0,25
240476,0,1,1996,0,0,0,0,0,0,0,0,0,0
240476,1,1,1996,0,0,0,0,0,0,0,0,0,0
240477,0,1,1996,25,25,25,25,25,25,25,25,25,25
240477,1,1,1996,0,0,0,0,25,0,0,0,6,9
240478,1,1,1996,14,14,14,14,14,14,14,14,14,14
240479,0,1,1996,31,31,31,31,31,31,31,31,31,31
240479,1,1,1996,0,0,0,6,0,0,0,0,0,0
240480,1,1,1996,0,0,0,0,0,0,0,0,0,0
240480,2,1,1996,0,0,0,0,43,0,0,0,0,0
240481,0,1,1996,17,17,17,17,17,17,17,17,17,17
240481,1,1,1996,0,0,0,0,0,0,0,0,0,0
240482,1,1,1996,3,3,3,3,3,3,3,3,3,3
240482,2,1,1996,0,0,0,0,0,0,0,0,0,0
240483,1,1,1996,5,5,5,5,5,5,5,5,5,5
240483,2,1,1996,0,0,0,0,0,0,0,0,0,0
240484,1,1,1996,0,0,0,0,0,0,0,0,16,0
240484,2,1,1996,0,0,0,0,0,22,0,0,0,0
240485,1,1,1996,0,0,0,0,0,0,0,0,0,0
240485,2,1,1996,14,0,0,0,0,0,0,0,0,0
240487,1,1,1996,0,0,22,0,0,0,0,0,0,0
240487,2,1,1996,0,0,0,0,0,0,0,0,0,0
240488,0,1,1996,0,0,0,0,0,0,0,0,0,0
240488,1,1,1996,0,0,0,0,0,0,0,0,0,0
240489,1,1,1996,0,0,0,0,0,0,0,0,0,0
240489,2,1,1996,0,0,0,0,0,0,0,0,0,0
240489,3,1,1996,0,6,0,0,0,0,0,13,0,0
240490,1,1,1996,34,0,15,11,0,14,22,0,0,7
240491,1,1,1996,0,0,0,0,0,0,0,0,0,0
240491,2,1,1996,0,0,0,0,0,0,0,0,0,0
240492,1,1,1996,16,16,16,16,16,16,16,16,16,16
240492,2,1,1996,0,0,0,0,0,0,0,0,0,0
240493,1,1,1996,0,0,0,0,0,0,0,0,0,0
240493,2,1,1996,0,0,0,0,0,0,0,0,0,0
240493,3,1,1996,0,0,13,0,0,0,0,0,0,0
240493,4,1,1996,0,0,0,0,0,0,0,0,0,0
240494,1,1,1996,0,0,0,0,0,0,0,0,0,0
240494,2,1,1996,0,0,0,0,0,0,0,0,0,0
240495,1,1,1996,0,0,0,0,0,0,0,0,0,0
240495,2,1,1996,0,0,0,0,0,0,0,0,0,0
240495,3,1,1996,0,0,0,0,0,0,0,0,0,0
240496,1,1,1996,9,9,9,9,9,9,9,9,9,9
240496,2,1,1996,0,0,0,0,0,0,0,0,0,0
240497,1,1,1996,0,0,0,0,0,0,0,0,0,0
240497,2,1,1996,0,0,0,0,0,0,0,0,0,0
240498,1,1,1996,0,0,0,0,0,0,0,0,0,0
240499,0,1,1996,28,22,0,6,0,0,0,0,0,0
240499,1,1,1996,0,11,0,0,0,0,0,0,0,14
240500,1,1,1996,0,4,0,27,11,0,0,0,0,0
240500,2,1,1996,0,0,0,0,0,0,0,0,0,0
240501,1,1,1996,0,0,0,0,0,0,0,0,0,0
240502,1,1,1996,17,17,17,17,17,17,17,17,17,17
240503,1,1,1996,14,16,0,17,10,15,0,16,0,25
240504,1,1,1996,25,25,25,25,25,25,25,25,25,25
240505,1,1,1996,0,0,0,0,0,0,0,0,0,0
240506,1,1,1996,0,0,0,0,0,0,0,0,0,0
240506,2,1,1996,0,0,0,0,0,0,0,0,0,0
240507,1,1,1996,29,29,29,29,29,29,29,29,29,29
240508,1,1,1996,0,0,0,0,0,0,0,0,0,0
240508,2,1,1996,0,0,0,0,0,0,0,0,0,0
240509,1,1,1996,1,1,1,1,1,1,1,1,1,1
240510,0,1,1996,0,0,0,0,16,0,0,0,0,0
240510,0,2,1996,0,0,0,0,0,0,0,0,0,0
240510,1,1,1996,0,0,0,0,0,0,0,0,0,0
240511,1,1,1996,0,0,0,0,0,0,0,0,0,0
240511,2,1,1996,0,0,0,0,0,0,0,0,0,0
240512,1,1,1996,0,0,0,0,0,0,0,0,0,0
240513,1,1,1996,0,0,0,0,0,0,0,0,0,0
240514,1,1,1996,0,0,0,0,0,0,0,0,0,0
240514,2,1,1996,0,0,0,0,0,0,0,0,0,0
240514,3,1,1996,0,0,0,0,0,0,0,0,0,0
240515,0,1,1996,0,0,0,0,0,0,0,0,0,0
240515,1,1,1996,0,0,0,0,8,0,0,0,0,0
240516,1,1,1996,0,0,0,0,0,0,0,0,0,0
240516,2,1,1996,0,0,0,0,0,0,0,0,0,0
240517,1,1,1996,2,2,2,2,2,2,2,2,2,2