ST_CASE,VEH_NO,PER_NO,YEAR,P1,P2,P3,P4,P5,P6,P7,P8,P9,P10
240518,1,1,1996,0,0,0,0,0,0,0,0,0,0
240518,2,1,1996,0,0,0,0,0,0,0,0,0,0
240518,3,1,1996,0,0,0,0,0,0,0,0,0,0
240519,1,1,1996,0,0,0,0,0,0,0,0,0,5
240519,2,1,1996,0,0,0,0,0,0,0,0,0,15
240519,3,1,1996,0,0,0,0,0,0,0,0,0,0
240520,1,1,1996,0,0,0,0,0,0,0,0,0,0
240520,2,1,1996,0,0,0,0,0,0,0,0,0,0
240521,1,1,1996,0,0,0,0,0,0,18,0,0,0
240521,2,1,1996,0,0,21,0,0,0,0,0,0,0
240522,1,1,1996,0,0,0,0,0,0,0,0,0,0
240522,2,1,1996,0,0,0,0,0,0,0,0,0,0
240523,0,1,1996,0,0,0,0,0,0,0,0,0,0
240523,1,1,1996,0,0,0,0,0,0,0,0,0,0
240524,1,1,1996,0,0,0,0,0,0,0,0,0,0
240524,2,1,1996,6,0,0,12,0,0,0,16,0,0
240525,1,1,1996,9,9,9,9,9,9,9,9,9,9
240526,1,1,1996,0,0,0,0,0,0,0,0,0,0
240526,2,1,1996,0,0,0,0,0,0,0,0,0,0
240527,1,1,1996,17,17,17,17,17,17,17,17,17,17
240528,1,1,1996,0,0,3,0,25,0,14,0,0,13
240528,2,1,1996,0,0,0,0,0,0,0,0,0,0
240529,0,1,1996,0,0,0,0,0,0,0,0,0,0
240529,1,1,1996,0,0,0,0,0,0,0,0,0,0
240530,0,1,1996,0,28,34,14,0,0,0,0,0,20
240530,1,1,1996,0,0,0,0,0,0,0,0,0,0
240531,0,1,1996,25,23,33,6,17,30,21,8,13,38
240531,1,1,1996,7,7,13,16,0,15,0,0,0,0
240532,1,1,1996,12,12,12,12,12,12,12,12,12,12
240533,0,1,1996,0,0,0,0,0,0,0,0,0,0
240533,1,1,1996,0,0,0,0,0,5,0,0,0,0
240534,1,1,1996,0,0,0,0,0,0,0,0,0,0
240535,1,1,1996,0,0,0,0,0,0,0,0,0,0
240536,0,1,1996,0,0,0,0,0,0,23,0,0,0
240536,1,1,1996,0,0,0,0,0,0,0,0,0,0
240537,1,1,1996,0,0,0,0,0,0,0,0,0,0
240537,2,1,1996,0,0,0,0,0,0,0,12,0,0
240538,0,1,1996,0,0,0,0,11,0,0,0,0,0
240538,1,1,1996,0,0,0,0,0,0,0,0,0,0
240539,1,1,1996,19,19,19,19,19,19,19,19,19,19
240539,2,1,1996,0,0,0,0,0,0,0,0,0,0
240540,1,1,1996,0,9,0,0,0,0,0,0,0,0
240540,2,1,1996,0,0,0,0,0,0,0,0,0,0
240541,0,1,1996,0,13,0,0,0,3,0,0,0,0
240542,0,1,1996,27,27,27,27,27,27,27,27,27,27
240542,1,1,1996,0,0,0,0,0,0,0,0,0,0
240543,0,1,1996,14,17,11,22,9,12,18,12,27,0
240543,1,1,1996,0,0,0,0,0,0,0,0,0,0
240544,1,1,1996,0,0,0,11,0,0,0,0,0,27
240545,1,1,1996,0,0,0,0,0,0,0,10,0,0
240545,2,1,1996,0,0,0,0,0,0,0,0,0,0
240546,1,1,1996,0,0,0,0,0,0,0,0,0,0
240547,1,1,1996,0,0,0,0,0,0,0,0,0,0
240547,2,1,1996,0,0,0,0,0,0,0,0,0,0
240548,1,1,1996,0,0,0,0,0,0,0,0,0,0
240548,2,1,1996,0,0,0,0,0,0,0,0,0,0
240549,1,1,1996,0,0,0,0,0,0,0,0,0,0
240549,2,1,1996,0,0,0,0,0,0,0,0,0,0
240550,1,1,1996,0,22,15,16,19,5,0,19,15,8
240551,1,1,1996,0,0,0,0,0,0,0,0,0,0
240551,2,1,1996,0,0,0,0,0,0,0,0,0,0
240552,0,1,1996,0,0,0,0,0,0,0,0,0,0
240552,1,1,1996,0,0,0,0,0,0,0,0,0,0
240553,1,1,1996,0,0,0,0,6,0,0,0,0,0
240553,2,1,1996,0,0,0,0,0,0,0,0,0,0
240554,1,1,1996,21,21,21,21,21,21,21,21,21,21
240554,2,1,1996,0,0,0,0,0,0,0,0,0,0
240555,1,1,1996,0,0,0,0,0,0,0,0,0,0
240556,1,1,1996,0,0,0,0,27,17,29,0,0,0
240557,1,1,1996,0,0,0,0,0,0,0,0,0,0
240559,0,1,1996,0,19,22,11,0,0,10,19,25,0
240559,1,1,1996,0,0,0,0,0,0,0,0,0,0
240560,0,1,1996,0,0,0,0,0,0,0,7,0,23
240560,1,1,1996,0,0,0,0,25,0,0,0,4,0
240561,0,1,1996,0,0,0,13,0,23,10,28,21,8
240561,1,1,1996,0,0,0,9,0,0,0,7,11,12
240562,0,1,1996,0,0,0,0,0,0,0,0,0,29
240562,1,1,1996,0,0,0,0,0,0,0,0,0,0
240563,1,1,1996,0,0,0,0,0,0,0,0,0,0
240564,1,1,1996,0,0,0,0,0,8,0,0,0,0
240564,2,1,1996,0,0,0,0,0,0,0,0,0,0
240564,3,1,1996,0,0,0,0,14,0,0,21,0,7
250001,1,1,1996,0,0,0,0,0,0,0,0,0,0
250004,1,1,1996,0,0,0,18,0,0,0,0,0,0
250005,0,1,1996,0,0,0,0,0,0,0,0,0,0
250005,1,1,1996,0,0,0,0,0,0,0,0,0,0
250006,0,1,1996,0,0,0,0,0,0,0,0,0,0
250006,1,1,1996,14,10,0,23,0,0,15,31,5,8
250007,1,1,1996,2,2,2,2,2,2,2,2,2,2
250007,2,1,1996,0,0,12,5,12,0,0,0,0,4
250008,1,1,1996,0,0,8,0,0,14,35,30,0,0
250009,1,1,1996,12,12,12,12,12,12,12,12,12,12
250010,1,1,1996,27,27,27,27,27,27,27,27,27,27
250011,0,1,1996,0,0,0,0,0,0,0,0,0,0
250011,0,2,1996,0,0,0,0,0,0,0,0,0,0
250011,1,1,1996,0,0,0,0,0,0,0,0,0,0
250012,0,1,1996,20,20,20,20,20,20,20,20,20,20
250012,1,1,1996,0,0,0,0,10,0,0,0,0,17
250013,0,1,1996,0,0,0,0,0,0,0,0,0,0
250013,1,1,1996,0,0,0,0,0,0,0,0,0,0
250014,0,1,1996,20,20,20,20,20,20,20,20,20,20
250014,1,1,1996,0,0,0,0,0,0,0,0,0,0
250015,1,1,1996,4,4,4,4,4,4,4,4,4,4
250016,1,1,1996,0,10,0,10,0,2,0,0,0,0
250016,2,1,1996,0,10,0,0,0,0,11,15,4,0
250017,1,1,1996,0,0,0,0,0,0,0,0,0,0
250018,1,1,1996,0,0,0,0,4,0,0,0,0,0
250018,2,1,1996,0,0,0,0,0,0,0,0,0,0
250018,3,1,1996,0,0,0,0,0,0,0,0,0,36
250019,0,1,1996,0,0,0,0,0,0,0,0,0,0
250019,1,1,1996,0,0,0,0,0,0,0,0,0,0
250020,0,1,1996,0,0,25,0,0,0,0,0,0,0
250020,1,1,1996,0,0,0,0,0,0,0,0,0,0
250021,1,1,1996,12,12,12,12,12,12,12,12,12,12
250021,2,1,1996,0,0,0,17,0,0,0,16,0,0
250022,1,1,1996,0,0,0,0,0,0,0,0,0,0
250022,2,1,1996,10,0,0,0,0,0,0,0,0,0
250023,1,1,1996,0,0,0,0,0,0,6,4,0,0
250023,2,1,1996,0,0,0,0,0,0,0,0,0,10
250024,1,1,1996,18,18,18,18,18,18,18,18,18,18
250025,1,1,1996,14,22,26,9,14,0,13,29,14,0
250025,2,1,1996,24,24,24,24,24,24,24,24,24,24
250026,0,1,1996,44,44,44,44,44,44,44,44,44,44
250026,1,1,1996,0,6,0,0,0,11,0,0,0,0
250027,1,1,1996,0,0,0,0,0,0,0,0,0,0
250028,1,1,1996,0,0,0,0,0,0,0,0,0,0
250028,2,1,1996,0,0,0,0,9,0,0,25,0,11
250028,3,1,1996,0,0,0,0,0,0,0,0,0,0
250029,1,1,1996,0,0,0,0,0,0,0,0,0,0
250030,1,1,1996,0,0,0,0,0,0,0,0,0,0
250030,2,1,1996,0,0,0,0,0,0,0,0,0,0
250031,1,1,1996,0,0,0,0,0,0,0,0,0,0
250032,1,1,1996,0,0,0,0,0,0,0,0,0,0
250033,1,1,1996,0,0,0,0,0,0,0,0,0,0
250033,2,1,1996,0,0,0,0,0,0,0,0,0,12
250034,0,1,1996,0,0,0,0,0,0,0,0,0,0
250034,1,1,1996,8,14,0,0,0,0,4,14,0,0
250035,1,1,1996,0,0,0,0,0,0,0,0,0,0
250035,2,1,1996,0,0,0,0,0,0,0,0,0,0
250036,1,1,1996,0,11,0,0,0,0,0,0,0,0
250036,2,1,1996,0,0,0,0,0,0,0,0,0,0
250037,1,1,1996,0,0,0,0,0,0,0,0,0,0
250038,0,1,1996,0,0,0,0,0,0,0,0,0,0
250038,1,1,1996,0,0,0,0,0,0,0,0,0,0
250039,0,1,1996,17,17,17,17,17,17,17,17,17,17
250039,1,1,1996,0,0,0,0,0,24,24,0,0,0
250040,1,1,1996,0,0,0,0,0,0,0,0,0,0
250040,2,1,1996,0,0,0,0,0,0,0,0,0,0
250041,1,1,1996,0,0,0,0,0,0,0,0,0,0
250041,2,1,1996,0,0,0,0,0,0,0,0,0,0
250042,1,1,1996,9,9,9,9,9,9,9,9,9,9
250043,1,1,1996,16,0,0,0,0,16,0,0,0,0
250045,1,1,1996,0,0,0,0,0,0,0,0,0,0
250045,2,1,1996,0,0,0,4,5,0,0,0,0,0
250046,0,1,1996,0,0,0,0,0,0,0,0,0,0
250046,1,1,1996,0,0,0,0,0,0,0,0,0,0
250047,1,1,1996,0,0,0,0,0,0,0,0,0,0
250047,2,1,1996,0,0,0,0,0,0,0,0,0,0
250048,1,1,1996,13,13,13,13,13,13,13,13,13,13
250048,2,1,1996,0,0,0,0,22,0,0,0,27,0
250049,1,1,1996,26,26,26,26,26,26,26,26,26,26
250049,2,1,1996,0,0,0,0,0,0,0,0,0,0
250050,1,1,1996,0,0,0,0,0,0,0,0,0,0
250050,2,1,1996,0,0,0,0,0,0,0,0,0,0
250051,1,1,1996,20,0,24,0,21,18,19,10,17,0
250052,1,1,1996,0,0,0,0,0,0,0,0,0,0
250053,1,1,1996,8,8,8,8,8,8,8,8,8,8
250054,1,1,1996,0,0,0,0,0,0,0,0,0,0
250054,2,1,1996,4,4,4,4,4,4,4,4,4,4
250055,1,1,1996,0,0,0,0,0,0,0,0,0,0
250055,2,1,1996,0,0,0,0,0,0,0,0,0,0
250056,1,1,1996,0,0,0,0,0,0,0,0,0,0
250056,2,1,1996,0,0,0,17,0,11,17,0,0,12
250056,3,1,1996,0,0,20,0,0,0,0,0,0,0
250057,1,1,1996,20,21,7,16,0,19,18,12,20,0
250058,1,1,1996,8,8,8,8,8,8,8,8,8,8
250059,1,1,1996,29,29,29,29,29,29,29,29,29,29
250060,0,1,1996,0,0,0,0,0,0,0,0,0,0
250060,1,1,1996,0,0,0,0,0,0,15,6,0,0
250060,2,1,1996,6,0,0,0,37,0,0,0,0,0
250061,1,1,1996,0,0,0,0,0,0,0,0,0,0
250062,1,1,1996,0,16,0,0,0,0,0,0,0,0
250062,2,1,1996,0,0,0,0,0,0,0,25,0,0
250063,1,1,1996,9,6,14,24,28,3,0,26,2,20
250064,0,1,1996,24,24,24,24,24,24,24,24,24,24
250064,1,1,1996,0,0,0,0,0,0,10,0,0,0
250065,1,1,1996,26,26,26,26,26,26,26,26,26,26
250065,2,1,1996,0,0,0,0,0,0,0,19,0,0
250066,1,1,1996,0,0,0,0,0,0,0,0,0,0
250067,1,1,1996,0,0,0,0,0,0,0,0,0,0
250067,2,1,1996,0,0,0,0,0,11,0,0,0,0
250068,0,1,1996,0,0,0,0,0,0,0,0,0,0
250068,1,1,1996,0,0,0,0,0,0,8,0,0,0
250069,1,1,1996,0,0,0,0,0,0,0,0,0,0
250069,2,1,1996,0,0,0,0,0,0,0,0,0,0
250070,0,1,1996,0,0,0,0,0,0,0,0,0,0
250071,1,1,1996,0,25,13,28,11,14,14,19,8,26
250071,2,1,1996,0,0,0,0,0,0,0,0,0,0
250072,1,1,1996,0,0,0,8,0,0,0,0,0,0
250073,1,1,1996,24,24,24,24,24,24,24,24,24,24
250073,2,1,1996,0,0,0,0,0,0,14,0,11,0
250074,1,1,1996,0,0,0,0,0,0,0,0,0,0
250075,1,1,1996,4,4,4,4,4,4,4,4,4,4
250076,0,1,1996,0,0,0,0,0,0,0,0,0,0
250076,1,1,1996,0,0,0,0,0,23,0,0,0,0
250077,0,1,1996,0,0,0,0,0,0,0,0,0,0
250077,1,1,1996,0,0,0,0,0,0,0,0,0,5
250078,1,1,1996,0,0,0,0,0,0,0,0,0,0
250078,2,1,1996,0,0,10,0,0,0,0,0,20,0
250079,1,1,1996,0,0,0,0,0,23,0,0,7,0
250079,2,1,1996,0,0,0,8,0,0,0,0,2,0
250079,3,1,1996,0,0,0,0,9,0,0,0,0,0
250080,1,1,1996,16,16,16,16,16,16,16,16,16,16
250081,1,1,1996,0,0,0,0,0,0,0,0,0,0
250082,1,1,1996,22,24,10,4,18,18,29,22,19,28
250083,1,1,1996,0,0,0,0,0,0,0,0,0,0
250083,2,1,1996,5,0,0,4,0,18,0,46,0,0
250084,1,1,1996,0,0,0,7,0,0,0,0,0,0
250084,2,1,1996,0,0,3,0,0,0,0,0,0,0
250085,1,1,1996,17,17,17,17,17,17,17,17,17,17
250086,1,1,1996,0,0,0,0,0,0,0,0,0,0
250087,1,1,1996,0,12,0,10,0,0,0,0,0,0
250087,2,1,1996,0,0,0,0,25,0,0,0,0,0
250088,0,1,1996,0,0,0,0,0,0,0,0,0,0
250088,1,1,1996,16,0,0,0,0,0,0,0,0,10
250090,1,1,1996,26,26,26,26,26,26,26,26,26,26
250090,2,1,1996,0,0,0,0,0,9,14,0,0,16
250091,0,1,1996,0,0,0,0,0,0,0,0,0,0
250091,1,1,1996,27,0,0,14,0,0,10,0,0,12
250092,1,1,1996,0,0,0,0,0,0,0,0,0,0
250093,1,1,1996,0,0,0,0,0,0,0,0,0,0
250093,2,1,1996,0,0,0,0,0,0,0,0,0,0
250094,1,1,1996,23,23,23,23,23,23,23,23,23,23
250095,1,1,1996,16,16,16,16,16,16,16,16,16,16
250096,1,1,1996,0,0,0,0,0,0,0,0,0,0
250097,1,1,1996,0,0,0,6,0,0,0,0,0,0
250097,2,1,1996,0,0,0,0,0,0,0,0,0,19
250098,0,1,1996,0,0,0,0,0,0,0,0,0,0
250098,1,1,1996,15,10,10,22,33,9,24,11,13,12
250099,0,1,1996,32,32,32,32,32,32,32,32,32,32
250099,1,1,1996,12,0,0,0,0,10,0,0,11,0
250100,1,1,1996,0,0,0,0,0,0,0,0,0,0
250100,2,1,1996,0,0,0,0,0,0,0,0,0,0
250101,0,1,1996,0,0,0,0,0,0,0,0,0,0
250101,0,2,1996,0,0,0,0,0,0,0,0,0,0
250101,0,3,1996,0,0,0,10,0,10,0,0,9,0
250101,0,4,1996,0,0,0,0,0,0,0,0,0,0
250101,0,5,1996,0,0,0,0,0,0,0,0,0,0
250101,1,1,1996,18,13,31,10,23,0,14,18,20,5
250102,1,1,1996,22,21,12,22,8,14,12,14,28,0
250103,1,1,1996,21,21,21,21,21,21,21,21,21,21
250104,1,1,1996,21,21,21,21,21,21,21,21,21,21
250104,2,1,1996,0,0,0,0,0,0,0,0,0,13
250105,1,1,1996,18,18,18,18,18,18,18,18,18,18
250106,1,1,1996,0,0,0,0,0,0,0,0,0,0
250107,1,1,1996,0,0,0,0,0,0,0,0,0,0
250108,1,1,1996,0,6,0,18,0,0,18,0,0,9
250109,1,1,1996,0,0,14,0,0,10,0,0,0,0
250109,2,1,1996,0,0,0,0,0,0,0,0,0,0
250110,1,1,1996,0,11,25,0,10,0,10,0,18,5
250111,1,1,1996,0,0,0,0,0,0,0,0,7,0
250112,1,1,1996,29,29,29,29,29,29,29,29,29,29
250113,1,1,1996,0,0,0,0,0,0,0,0,0,0
250114,1,1,1996,0,0,0,0,0,0,0,0,7,0
250114,2,1,1996,0,0,0,0,0,0,0,0,0,0
250115,1,1,1996,0,0,0,0,0,0,0,0,0,0
250115,2,1,1996,0,0,0,0,0,0,0,0,0,0
250116,1,1,1996,0,0,0,0,0,0,0,0,0,0
250116,2,1,1996,0,0,0,0,0,0,0,0,0,0
250117,1,1,1996,14,14,14,14,14,14,14,14,14,14
250117,2,1,1996,0,0,0,0,0,0,0,0,0,0
250118,1,1,1996,19,19,19,19,19,19,19,19,19,19
250119,1,1,1996,6,22,9,0,16,6,4,0,4,18
250119,2,1,1996,6,0,0,0,0,0,10,0,0,6
250120,1,1,1996,0,0,0,0,0,0,0,0,0,0
250121,1,1,1996,0,0,0,0,0,0,0,0,0,0
250122,1,1,1996,0,0,0,0,0,0,0,0,0,0
250122,2,1,1996,6,5,4,0,0,0,0,15,0,0
250123,1,1,1996,0,0,0,0,0,0,0,0,0,0
250123,2,1,1996,0,21,0,0,0,0,0,0,14,0
250124,1,1,1996,24,0,0,0,11,0,0,0,0,0
250125,1,1,1996,0,0,0,0,0,0,0,0,0,0
250125,2,1,1996,0,0,0,0,0,0,0,0,0,0
250126,0,1,1996,12,12,12,12,12,12,12,12,12,12
250126,1,1,1996,10,25,0,0,12,0,20,19,19,13
250127,1,1,1996,28,28,28,28,28,28,28,28,28,28
250128,1,1,1996,9,26,7,15,12,9,28,12,19,16
250129,0,1,1996,0,0,0,0,0,0,0,0,0,0
250129,1,1,1996,0,0,0,0,0,0,0,0,0,0
250130,1,1,1996,0,0,25,0,3,13,10,0,0,0
250130,2,1,1996,0,0,0,0,0,0,0,0,0,0
250131,1,1,1996,15,15,0,0,13,21,0,29,0,16
250131,2,1,1996,0,0,0,4,0,0,0,0,0,10
250132,1,1,1996,24,24,24,24,24,24,24,24,24,24
250133,0,1,1996,17,32,10,0,0,0,0,25,0,41
250133,1,1,1996,0,0,0,0,0,0,17,0,0,0
250134,1,1,1996,8,0,0,0,0,0,0,0,0,0
250135,1,1,1996,19,19,19,19,19,19,19,19,19,19
250136,1,1,1996,12,12,12,12,12,12,12,12,12,12
250137,0,1,1996,21,21,21,21,21,21,21,21,21,21
250137,1,1,1996,0,0,0,9,0,0,0,0,0,0
250138,1,1,1996,16,18,31,20,0,24,7,25,0,26
250139,1,1,1996,0,9,0,23,7,0,0,0,0,0
250140,0,1,1996,0,20,13,0,0,14,0,38,0,0
250140,0,2,1996,20,0,0,0,35,17,30,0,14,49
250140,0,3,1996,30,0,14,36,9,22,0,9,0,14
250140,1,1,1996,0,0,0,21,16,0,0,0,0,15
250141,0,1,1996,19,19,19,19,19,19,19,19,19,19
250141,1,1,1996,15,15,15,15,15,15,15,15,15,15
250142,1,1,1996,6,27,0,11,14,14,12,12,3,10
250143,0,1,1996,0,0,0,0,0,0,0,0,0,0
250143,1,1,1996,0,0,0,0,0,11,0,0,0,0
250144,1,1,1996,0,0,0,0,0,0,0,0,0,0
250145,1,1,1996,0,0,0,0,0,0,0,0,0,6
250146,1,1,1996,0,0,0,0,0,0,0,0,0,0
250146,2,1,1996,0,0,0,0,0,0,0,0,0,0
250147,1,1,1996,0,0,12,0,0,3,0,14,16,18
250148,1,1,1996,22,22,22,22,22,22,22,22,22,22
250149,1,1,1996,0,0,0,0,0,0,0,0,0,0
250150,1,1,1996,11,0,0,0,0,0,0,0,0,0
250150,2,1,1996,0,0,0,0,0,0,0,0,0,0
250151,0,1,1996,0,0,0,0,0,0,0,0,0,0
250151,1,1,1996,0,0,0,0,0,0,0,0,0,0
250152,1,1,1996,21,2,4,18,19,4,8,0,11,4
250153,0,1,1996,0,0,0,0,0,0,0,0,0,0
250153,1,1,1996,0,0,0,0,0,5,0,0,0,0
250154,1,1,1996,0,0,0,0,0,0,0,0,0,0
250155,0,1,1996,0,0,0,0,0,0,0,0,0,0
250155,1,1,1996,0,0,0,0,6,0,0,0,0,0
250156,1,1,1996,9,9,9,9,9,9,9,9,9,9
250156,2,1,1996,0,0,0,0,0,0,0,0,0,0
250157,1,1,1996,20,20,20,20,20,20,20,20,20,20
250158,0,1,1996,0,0,0,0,0,0,0,0,0,0
250158,1,1,1996,0,9,6,17,6,4,16,5,12,9
250159,0,1,1996,0,0,0,0,0,0,0,0,0,0
250159,1,1,1996,0,0,0,0,0,0,0,0,0,0
250160,1,1,1996,0,0,0,0,0,0,0,0,0,0
250161,1,1,1996,0,0,0,0,0,0,0,0,0,0
250162,1,1,1996,0,0,0,0,0,0,0,0,0,0
250163,1,1,1996,3,0,0,0,0,0,0,0,0,0
250164,1,1,1996,0,0,0,0,0,0,0,0,0,13
250164,2,1,1996,0,0,0,0,0,0,0,0,0,4
250165,1,1,1996,0,26,7,0,0,0,0,0,0,0
250165,2,1,1996,0,0,0,0,8,0,0,0,0,0
250166,1,1,1996,0,0,0,0,0,0,0,0,0,0
250167,1,1,1996,22,0,13,0,0,0,0,0,0,4
250168,1,1,1996,0,0,0,0,0,0,0,0,0,0
250169,0,1,1996,0,0,0,0,0,0,0,0,0,0
250169,1,1,1996,0,0,0,0,0,12,0,0,0,0
250170,1,1,1996,0,0,8,0,0,0,0,0,0,12
250171,1,1,1996,14,14,14,14,14,14,14,14,14,14
250172,1,1,1996,6,6,6,6,6,6,6,6,6,6
250173,1,1,1996,22,18,13,28,10,33,19,9,4,13
250174,1,1,1996,0,0,0,0,0,0,0,0,0,0
250175,1,1,1996,11,12,21,18,12,17,18,12,20,14
250176,1,1,1996,16,13,4,10,20,13,19,16,11,40
250177,0,1,1996,0,0,0,20,0,21,0,0,19,0
250177,1,1,1996,0,0,0,0,0,0,0,0,0,0
250178,1,1,1996,0,0,0,0,0,0,0,0,0,0
250179,1,1,1996,0,29,0,0,0,0,0,0,0,0
250179,2,1,1996,0,0,0,0,0,0,0,0,0,0
250179,3,1,1996,0,0,0,0,0,0,0,0,0,0
250179,4,1,1996,0,0,0,0,0,0,0,0,0,0
250180,1,1,1996,0,0,0,0,0,0,0,0,0,0
250181,1,1,1996,9,9,9,9,9,9,9,9,9,9
250182,1,1,1996,0,0,0,0,0,0,0,0,0,0
250183,1,1,1996,0,0,0,0,0,0,0,18,0,0
250184,1,1,1996,0,0,0,0,0,0,0,0,0,0
250184,2,1,1996,0,0,0,0,0,0,0,0,0,0
250185,0,1,1996,28,28,28,28,28,28,28,28,28,28
250185,1,1,1996,10,0,0,0,42,19,9,0,19,0
250186,1,1,1996,0,0,0,0,0,19,0,0,11,0
250187,1,1,1996,0,0,0,0,0,0,0,0,0,0
250187,2,1,1996,0,0,0,0,0,0,14,19,0,0
250188,0,1,1996,0,0,0,0,0,0,0,0,0,0
250188,1,1,1996,0,0,0,0,0,0,0,0,0,0
250189,1,1,1996,7,7,7,7,7,7,7,7,7,7
250190,1,1,1996,0,0,0,0,0,0,0,0,0,0
250190,2,1,1996,27,27,27,27,27,27,27,27,27,27
250191,0,1,1996,0,0,0,0,0,0,0,22,0,0
250191,1,1,1996,0,0,0,0,0,0,0,0,0,0
250192,1,1,1996,6,6,6,6,6,6,6,6,6,6
250193,1,1,1996,5,9,3,20,2,17,26,8,8,4
250194,1,1,1996,8,0,0,0,0,0,5,0,0,0
250194,2,1,1996,23,0,10,18,16,0,14,19,23,25
250195,0,1,1996,14,0,13,0,17,0,22,0,0,0
250195,1,1,1996,9,0,0,0,0,0,0,22,0,0
250196,1,1,1996,11,0,0,0,0,0,0,0,0,0
250197,1,1,1996,0,0,20,9,18,0,8,33,0,0
250197,2,1,1996,16,16,12,6,27,6,23,9,19,6
250198,0,1,1996,0,0,0,0,0,0,0,0,0,0
250198,1,1,1996,0,0,0,0,0,0,0,0,0,0
250199,0,1,1996,0,0,0,0,0,0,0,0,0,0
250199,1,1,1996,0,0,0,0,0,0,0,0,0,0
250200,1,1,1996,0,0,0,0,0,0,0,0,0,0
250200,2,1,1996,0,0,0,0,0,0,0,0,0,0
250200,3,1,1996,0,0,0,0,0,0,0,0,0,0
250201,1,1,1996,0,0,0,0,0,0,0,0,0,0
250201,2,1,1996,0,0,0,0,0,0,0,0,0,0
250202,1,1,1996,16,16,16,16,16,16,16,16,16,16
250203,1,1,1996,0,0,0,0,0,0,0,0,0,0
250204,1,1,1996,17,0,0,0,0,0,0,0,17,17
250204,2,1,1996,6,6,6,6,6,6,6,6,6,6
250205,1,1,1996,0,0,0,0,0,0,0,0,0,0
250206,1,1,1996,6,6,6,6,6,6,6,6,6,6
250207,1,1,1996,0,0,0,0,0,0,0,0,0,0
250207,2,1,1996,0,0,0,0,0,0,0,0,0,0
250207,3,1,1996,0,0,0,0,0,0,0,0,0,0
250208,1,1,1996,18,18,18,18,18,18,18,18,18,18
250209,1,1,1996,0,10,13,17,41,10,15,10,34,26
250209,2,1,1996,10,10,10,10,10,10,10,10,10,10
250210,1,1,1996,0,0,0,0,0,0,0,0,0,0
250211,1,1,1996,7,7,7,7,7,7,7,7,7,7
250212,0,1,1996,0,0,0,0,0,0,0,0,0,0
250212,1,1,1996,0,0,0,0,0,0,0,0,0,0
250213,1,1,1996,0,0,0,0,0,0,0,0,0,0
250214,1,1,1996,0,0,0,0,0,0,0,0,0,0
250215,1,1,1996,7,3,0,10,0,0,0,15,0,0
250215,2,1,1996,0,0,0,0,0,0,0,0,0,0
250216,1,1,1996,13,10,4,19,18,0,4,12,0,3
250216,2,1,1996,22,22,22,22,22,22,22,22,22,22
250217,1,1,1996,11,11,11,11,11,11,11,11,11,11
250218,1,1,1996,5,11,20,36,16,26,18,9,15,10
250219,1,1,1996,0,0,0,0,0,0,0,0,0,0
250219,2,1,1996,0,0,0,0,0,0,0,0,0,0
250220,1,1,1996,0,0,11,0,0,0,0,0,28,0
250221,1,1,1996,0,0,0,0,0,0,0,0,0,0
250222,1,1,1996,21,21,21,21,21,21,21,21,21,21
250223,1,1,1996,0,0,0,0,0,0,0,0,0,0
250223,2,1,1996,4,0,20,0,0,0,0,0,16,0
250224,1,1,1996,1,1,1,1,1,1,1,1,1,1
250225,1,1,1996,0,0,0,0,0,0,0,0,0,0
250226,1,1,1996,0,0,0,0,0,0,0,0,0,0
250226,2,1,1996,0,0,0,6,6,9,0,0,0,0
250227,1,1,1996,0,0,0,0,0,0,0,0,0,0
250227,2,1,1996,0,0,0,0,0,0,30,0,0,0
250228,1,1,1996,0,0,0,0,0,0,0,0,0,0
250229,0,1,1996,0,0,0,0,0,0,0,0,0,0
250229,1,1,1996,0,0,0,0,0,0,0,0,0,0
250230,1,1,1996,0,0,0,0,0,0,0,0,0,0
250230,2,1,1996,0,12,0,0,0,0,0,0,0,0
250231,0,1,1996,0,0,0,0,0,0,0,0,0,0
250231,1,1,1996,0,19,0,0,0,0,0,0,0,0
250232,1,1,1996,0,0,0,0,0,21,0,0,0,10
250233,1,1,1996,28,28,28,28,28,28,28,28,28,28
250234,1,1,1996,22,25,8,18,3,35,14,9,17,8
250235,1,1,1996,0,0,0,0,0,0,0,0,0,0
250236,0,1,1996,11,46,0,0,40,19,0,36,0,22
250236,1,1,1996,27,15,19,6,13,15,11,6,13,29
250237,1,1,1996,7,7,7,7,7,7,7,7,7,7
250238,1,1,1996,8,8,8,8,8,8,8,8,8,8
250239,1,1,1996,0,0,0,0,0,0,0,0,0,0
250239,2,1,1996,0,0,0,0,0,17,0,0,0,0
250240,1,1,1996,22,22,22,22,22,22,22,22,22,22
250241,1,1,1996,9,22,6,9,9,10,20,4,9,0
250241,2,1,1996,3,0,0,0,2,4,0,0,0,0
250242,1,1,1996,0,0,0,0,0,0,0,0,0,0
250242,2,1,1996,32,0,0,0,0,0,0,0,0,0
250243,1,1,1996,0,0,0,0,0,0,0,0,0,0