ST_CASE,VEH_NO,PER_NO,YEAR,P1,P2,P3,P4,P5,P6,P7,P8,P9,P10
250244,1,1,1996,0,0,0,0,0,0,0,0,0,0
250245,1,1,1996,28,28,28,28,28,28,28,28,28,28
250246,1,1,1996,13,13,13,13,13,13,13,13,13,13
250246,2,1,1996,0,0,0,0,0,0,0,0,0,0
250247,1,1,1996,0,0,0,0,0,0,0,0,0,0
250247,2,1,1996,0,0,0,11,0,0,0,0,0,0
250248,1,1,1996,14,14,14,14,14,14,14,14,14,14
250249,1,1,1996,0,0,0,0,0,29,0,0,0,0
250249,2,1,1996,0,0,0,0,0,0,0,0,0,0
250249,3,1,1996,12,12,12,12,12,12,12,12,12,12
250250,1,1,1996,19,17,22,28,8,7,16,0,17,10
250250,2,1,1996,16,13,14,18,0,10,11,14,6,4
250251,1,1,1996,0,0,0,0,0,0,0,0,0,0
250252,1,1,1996,0,0,0,0,0,0,0,0,0,0
250253,1,1,1996,0,0,0,0,0,10,0,0,0,0
250253,2,1,1996,1,1,1,1,1,1,1,1,1,1
250254,1,1,1996,0,0,0,0,0,0,0,0,0,0
250255,0,1,1996,0,0,0,0,0,0,0,0,0,0
250255,1,1,1996,0,0,0,0,0,0,0,4,0,0
250256,1,1,1996,0,0,0,0,0,0,0,0,0,0
250256,2,1,1996,0,0,0,0,0,0,0,0,0,0
250257,1,1,1996,0,0,0,0,0,0,0,0,0,0
250257,2,1,1996,0,0,0,0,0,0,0,0,0,0
250258,1,1,1996,0,0,0,0,0,0,0,0,0,0
250259,1,1,1996,0,0,0,0,0,0,0,0,0,0
250260,0,1,1996,17,17,17,17,17,17,17,17,17,17
250260,1,1,1996,4,0,7,7,17,6,0,13,0,0
250261,1,1,1996,0,0,21,0,0,0,8,0,0,10
250262,1,1,1996,0,0,0,0,0,0,0,0,0,0
250262,2,1,1996,0,0,0,0,0,0,0,0,0,0
250263,1,1,1996,0,0,0,0,0,0,0,0,0,0
250263,2,1,1996,0,0,0,0,0,0,0,0,0,0
250264,0,1,1996,0,0,0,0,0,0,0,0,0,0
250264,1,1,1996,0,0,0,0,0,0,0,0,0,0
250265,1,1,1996,0,0,0,0,0,0,0,19,0,0
250265,2,1,1996,0,0,0,0,0,0,0,0,0,0
250266,1,1,1996,11,5,5,10,10,11,14,19,15,28
250266,2,1,1996,19,18,5,0,21,13,0,0,4,0
250267,1,1,1996,0,0,0,0,0,0,0,0,0,0
250267,2,1,1996,0,0,0,0,0,21,0,0,0,0
250268,1,1,1996,0,0,0,0,0,0,0,0,0,0
250268,2,1,1996,0,0,0,0,9,0,0,0,0,0
250269,1,1,1996,24,24,24,24,24,24,24,24,24,24
250269,2,1,1996,0,9,0,0,0,0,0,0,0,0
250270,1,1,1996,0,0,0,0,0,0,0,0,0,0
250271,0,1,1996,0,0,0,0,0,0,0,0,0,0
250271,1,1,1996,0,0,0,0,0,0,0,0,0,0
250272,1,1,1996,10,11,21,13,22,7,10,4,31,20
250272,2,1,1996,0,0,0,0,0,0,0,0,0,0
250272,3,1,1996,0,0,22,12,0,0,0,0,0,22
250273,0,1,1996,0,0,0,0,0,0,0,0,0,0
250273,1,1,1996,0,0,0,0,0,0,0,4,0,0
250274,1,1,1996,0,0,0,20,27,3,4,0,28,17
250275,1,1,1996,0,0,0,0,0,0,0,0,0,0
250275,2,1,1996,0,0,0,0,0,0,0,0,0,0
250276,1,1,1996,0,0,0,0,0,0,0,0,0,0
250276,2,1,1996,0,0,0,0,0,0,0,0,0,0
250277,0,1,1996,0,0,0,0,0,0,0,0,0,0
250277,1,1,1996,15,8,18,10,0,16,11,15,15,14
250278,1,1,1996,0,0,0,0,0,0,0,0,0,0
250279,1,1,1996,0,0,0,4,0,0,0,0,0,0
250279,2,1,1996,11,0,0,0,0,0,0,0,0,10
250280,1,1,1996,0,0,0,0,0,0,0,0,0,0
250281,1,1,1996,0,0,0,0,0,0,10,0,0,0
250281,2,1,1996,2,2,2,2,2,2,2,2,2,2
250282,1,1,1996,18,18,18,18,18,18,18,18,18,18
250283,1,1,1996,0,0,0,0,0,0,0,0,0,0
250283,2,1,1996,0,0,0,0,0,19,0,0,0,30
250284,1,1,1996,0,0,0,0,0,0,0,0,0,0
250284,2,1,1996,0,0,0,0,0,0,0,0,0,0
250285,0,1,1996,0,0,0,0,0,0,0,0,0,0
250285,1,1,1996,0,0,0,0,0,0,0,0,0,0
250286,1,1,1996,0,0,0,0,0,0,0,0,0,0
250286,2,1,1996,0,0,0,0,0,0,0,0,0,8
250287,1,1,1996,0,0,0,0,0,0,0,0,0,0
250289,1,1,1996,0,0,0,0,0,0,0,0,0,0
250289,2,1,1996,0,0,0,0,0,0,0,0,0,0
250290,1,1,1996,0,0,0,0,0,0,0,0,0,0
250290,2,1,1996,0,0,0,0,0,0,0,0,0,0
250291,1,1,1996,0,0,0,0,0,0,0,0,0,0
250291,2,1,1996,0,0,0,0,0,0,0,0,0,0
250291,3,1,1996,0,0,24,0,0,0,0,0,0,0
250292,1,1,1996,0,0,0,0,22,0,28,0,4,0
250293,1,1,1996,0,0,0,0,0,0,0,0,0,0
250294,0,1,1996,0,0,0,0,0,0,0,0,0,0
250294,1,1,1996,9,0,25,7,37,12,10,16,0,33
250295,1,1,1996,0,0,0,0,0,0,0,0,0,0
250296,1,1,1996,0,0,0,0,0,0,0,0,0,0
250297,1,1,1996,21,0,21,11,0,11,0,0,0,17
250297,2,1,1996,19,19,19,19,19,19,19,19,19,19
250298,1,1,1996,26,26,26,26,26,26,26,26,26,26
250299,1,1,1996,0,3,0,24,8,23,0,0,0,25
250300,1,1,1996,7,10,18,25,12,9,0,11,18,16
250300,2,1,1996,0,0,0,0,3,0,6,0,0,0
250301,1,1,1996,0,0,0,0,0,0,0,0,0,0
250302,1,1,1996,0,0,0,0,0,0,0,0,0,0
250303,1,1,1996,0,0,0,0,0,11,0,0,0,0
250303,2,1,1996,0,0,0,0,0,0,0,0,0,0
250304,0,1,1996,0,0,0,0,0,0,0,0,0,0
250305,1,1,1996,0,0,0,0,0,0,0,0,0,0
250306,0,1,1996,1,1,1,1,1,1,1,1,1,1
250306,1,1,1996,0,0,0,0,0,0,0,0,0,0
250307,1,1,1996,0,0,0,0,0,0,0,0,0,0
250307,2,1,1996,0,8,0,0,0,0,0,0,0,0
250308,1,1,1996,6,6,6,6,6,6,6,6,6,6
250309,1,1,1996,6,6,6,6,6,6,6,6,6,6
250310,1,1,1996,0,0,0,0,0,19,0,0,0,0
250311,0,1,1996,0,0,0,0,0,0,0,0,0,0
250311,1,1,1996,13,13,13,13,13,13,13,13,13,13
250312,1,1,1996,5,0,22,0,21,4,15,6,0,0
250312,2,1,1996,7,7,7,7,7,7,7,7,7,7
250313,1,1,1996,23,6,9,10,8,14,19,0,8,22
250314,1,1,1996,18,18,18,18,18,18,18,18,18,18
250315,1,1,1996,0,0,0,0,0,0,0,0,0,0
250315,2,1,1996,0,0,0,0,0,0,0,0,0,0
250316,0,1,1996,0,0,0,0,0,0,0,0,0,0
250316,1,1,1996,0,0,0,0,0,0,0,0,0,0
250317,1,1,1996,0,0,0,0,0,0,0,0,0,0
250317,2,1,1996,0,0,0,0,0,0,0,0,0,0
250317,3,1,1996,0,0,0,0,3,0,0,0,0,0
250317,4,1,1996,0,0,0,0,0,0,0,0,0,0
250318,1,1,1996,15,15,15,15,15,15,15,15,15,15
250319,1,1,1996,0,0,0,0,0,0,0,0,0,0
250319,2,1,1996,0,0,0,0,0,0,0,0,0,0
250320,1,1,1996,12,12,12,12,12,12,12,12,12,12
250321,1,1,1996,0,0,15,14,0,0,0,0,0,0
250321,2,1,1996,20,20,20,20,20,20,20,20,20,20
250322,1,1,1996,9,36,0,25,0,11,22,28,0,0
250323,1,1,1996,0,0,0,0,0,0,0,0,4,0
250323,2,1,1996,9,9,9,9,9,9,9,9,9,9
250324,1,1,1996,0,0,0,0,0,0,0,0,0,0
250324,2,1,1996,0,0,0,0,0,0,0,0,0,0
250324,3,1,1996,0,15,0,0,0,0,0,0,0,7
250324,4,1,1996,0,0,0,0,0,0,0,0,11,0
250325,1,1,1996,0,0,0,0,0,0,0,0,0,0
250326,1,1,1996,0,0,0,0,0,0,0,0,0,0
250327,1,1,1996,0,0,0,0,0,0,0,0,0,0
250328,1,1,1996,17,17,17,17,17,17,17,17,17,17
250329,1,1,1996,0,0,0,0,0,0,0,0,0,0
250330,0,1,1996,0,0,0,0,0,0,0,0,0,0
250330,1,1,1996,0,0,0,0,0,0,0,0,0,0
250331,1,1,1996,15,15,15,15,15,15,15,15,15,15
250331,2,1,1996,0,0,0,0,0,0,0,0,0,0
250332,0,1,1996,0,0,0,0,0,0,0,0,0,0
250332,1,1,1996,18,0,0,0,0,0,0,9,0,0
250333,1,1,1996,24,24,24,24,24,24,24,24,24,24
250334,1,1,1996,0,0,0,0,0,0,0,0,0,0
250335,1,1,1996,0,0,0,0,0,0,0,0,0,0
250335,2,1,1996,0,0,0,0,0,0,0,0,0,0
250336,1,1,1996,27,27,27,27,27,27,27,27,27,27
250337,0,1,1996,0,0,0,0,0,0,0,0,0,0
250337,1,1,1996,0,0,0,0,0,0,0,16,0,0
250338,0,1,1996,27,27,27,27,27,27,27,27,27,27
250338,1,1,1996,0,0,0,0,0,0,0,0,0,0
250339,1,1,1996,0,0,0,0,0,0,0,0,0,0
250339,2,1,1996,0,0,0,0,0,0,0,0,0,0
250339,3,1,1996,0,0,0,0,0,0,0,0,0,0
250340,1,1,1996,21,21,21,21,21,21,21,21,21,21
250341,1,1,1996,0,19,0,0,0,0,0,0,0,0
250341,2,1,1996,1,1,1,1,1,1,1,1,1,1
250342,1,1,1996,0,0,0,0,0,0,0,0,0,0
250343,1,1,1996,0,0,0,0,0,0,0,0,0,0
250344,1,1,1996,20,20,20,20,20,20,20,20,20,20
250345,1,1,1996,0,0,0,0,0,0,0,0,8,10
250346,0,1,1996,0,0,0,0,0,0,0,0,0,0
250346,1,1,1996,0,0,0,0,0,0,0,0,0,0
250347,1,1,1996,0,0,0,0,0,0,0,0,0,0
250348,0,1,1996,0,0,0,0,0,0,0,0,0,0
250348,1,1,1996,12,0,0,8,10,0,10,0,0,0
250349,1,1,1996,13,13,13,13,13,13,13,13,13,13
250350,0,1,1996,0,0,0,0,0,0,0,0,0,0
250350,1,1,1996,17,17,6,38,0,12,18,13,19,33
250351,0,1,1996,0,0,0,0,0,0,0,0,0,0
250351,1,1,1996,0,0,0,0,0,0,0,0,0,0
250352,1,1,1996,11,0,0,0,0,0,0,0,0,0
250352,2,1,1996,0,0,0,0,0,0,0,0,0,0
250353,1,1,1996,0,8,0,0,0,0,0,0,23,0
250354,1,1,1996,27,27,27,27,27,27,27,27,27,27
250355,1,1,1996,24,24,24,24,24,24,24,24,24,24
250356,1,1,1996,0,0,0,0,14,0,0,0,0,0
250357,1,1,1996,2,2,2,2,2,2,2,2,2,2
250358,0,1,1996,13,7,0,0,0,0,0,0,11,13
250358,1,1,1996,0,25,0,0,0,0,0,0,0,0
250359,1,1,1996,21,21,21,21,21,21,21,21,21,21
250360,1,1,1996,0,0,0,0,0,0,0,0,0,0
250360,2,1,1996,0,0,0,0,0,0,0,0,0,0
250361,0,1,1996,0,0,19,0,0,0,0,0,0,0
250361,1,1,1996,0,0,0,0,0,0,0,0,0,0
250362,1,1,1996,0,0,0,0,0,0,0,0,0,0
250362,2,1,1996,0,0,0,0,0,0,0,0,0,0
250363,1,1,1996,0,0,0,0,0,0,0,0,0,0
250363,2,1,1996,0,0,0,0,0,0,0,0,0,0
250364,1,1,1996,0,0,0,0,0,0,0,0,0,0
250364,2,1,1996,13,17,12,0,0,0,0,0,0,21
250365,1,1,1996,0,19,0,8,11,0,15,12,10,0
250365,2,1,1996,0,0,0,0,0,0,0,0,0,20
250366,0,1,1996,0,0,0,0,0,0,0,0,0,0
250366,1,1,1996,0,0,0,0,0,0,0,0,0,0
250367,1,1,1996,15,15,15,15,15,15,15,15,15,15
250368,0,1,1996,0,0,0,0,0,0,0,9,0,0
250368,1,1,1996,0,0,0,0,0,0,0,0,0,0
250369,1,1,1996,16,12,18,12,26,21,14,5,8,7
250369,2,1,1996,0,0,0,0,0,0,0,0,0,0
250370,1,1,1996,0,0,0,0,0,0,0,0,0,0
250371,1,1,1996,17,16,0,0,0,0,23,0,0,0
250371,2,1,1996,0,0,0,0,0,0,0,0,0,0
250372,1,1,1996,23,23,23,23,23,23,23,23,23,23
250373,1,1,1996,19,19,19,19,19,19,19,19,19,19
250374,1,1,1996,23,23,23,23,23,23,23,23,23,23
250375,0,1,1996,0,23,0,19,0,0,0,0,0,0
250375,1,1,1996,0,0,0,0,18,4,19,7,0,0
250376,1,1,1996,10,10,10,10,10,10,10,10,10,10
250377,0,1,1996,0,0,0,0,0,0,0,0,0,0
250377,1,1,1996,0,0,0,0,0,0,0,0,0,0
250379,1,1,1996,0,0,0,0,0,0,0,0,0,0
250380,1,1,1996,11,11,11,11,11,11,11,11,11,11
250381,1,1,1996,0,0,0,0,0,0,0,0,0,0
250381,2,1,1996,0,0,0,0,0,0,0,0,0,0
250382,1,1,1996,0,0,0,0,0,0,0,9,0,0
250382,2,1,1996,0,0,0,0,0,0,0,0,25,0
250383,0,1,1996,19,19,19,19,19,19,19,19,19,19
250383,1,1,1996,0,0,0,0,0,0,0,0,0,0
250384,1,1,1996,19,0,0,0,0,0,0,0,0,0
250385,1,1,1996,0,0,0,0,0,0,0,0,0,0
250386,0,1,1996,0,20,25,0,22,0,27,35,22,13
250386,1,1,1996,31,5,0,0,0,0,0,15,0,0
250387,0,1,1996,28,28,28,28,28,28,28,28,28,28
250387,1,1,1996,0,0,0,0,14,4,0,0,0,6
250388,1,1,1996,0,0,15,0,0,0,0,0,0,0
250388,2,1,1996,0,0,0,11,0,0,0,17,0,0
250388,3,1,1996,19,0,0,0,0,0,0,0,14,0
250388,4,1,1996,20,0,0,0,0,0,0,0,0,0
250388,5,1,1996,0,0,0,0,0,0,0,0,0,0
250389,1,1,1996,0,0,0,0,0,0,0,0,0,0
250389,2,1,1996,0,0,0,0,0,0,0,0,0,0
250390,1,1,1996,0,0,0,0,0,0,0,0,0,0
250390,2,1,1996,0,0,0,0,0,0,0,0,0,0
250391,0,1,1996,0,0,0,0,0,0,0,0,0,0
250391,1,1,1996,0,0,0,0,0,0,0,16,0,0
250392,1,1,1996,0,0,0,0,0,0,0,0,0,0
250392,2,1,1996,0,0,0,0,0,0,0,0,0,0
250393,1,1,1996,20,20,20,20,20,20,20,20,20,20
250393,2,1,1996,0,0,0,15,0,0,0,0,0,0
250394,1,1,1996,0,0,12,0,0,0,0,0,0,0
250394,2,1,1996,0,0,0,0,0,0,0,0,0,0
250395,0,1,1996,15,15,15,15,15,15,15,15,15,15
250395,1,1,1996,0,0,0,18,8,16,0,9,0,0
250396,0,1,1996,21,21,21,21,21,21,21,21,21,21
250396,1,1,1996,30,5,10,10,0,8,0,12,0,9
250396,2,1,1996,0,0,0,0,0,0,0,0,0,0
250397,0,1,1996,30,30,30,30,30,30,30,30,30,30
250397,1,1,1996,0,11,0,0,8,0,0,11,0,0
250398,1,1,1996,0,0,0,0,0,0,0,0,0,0
250398,2,1,1996,0,19,0,0,0,9,12,0,0,0
250398,3,1,1996,0,0,10,7,0,0,0,0,4,0
250398,4,1,1996,0,0,0,0,0,0,0,0,0,0
260001,1,1,1996,28,28,28,28,28,28,28,28,28,28
260002,1,1,1996,35,35,35,35,35,35,35,35,35,35
260003,1,1,1996,0,0,0,0,0,0,0,0,0,0
260003,2,1,1996,0,0,0,0,0,0,0,0,0,0
260003,3,1,1996,0,0,0,0,0,0,0,0,0,0
260004,0,1,1996,27,27,27,27,27,27,27,27,27,27
260004,1,1,1996,0,0,0,0,0,0,0,0,0,0
260005,1,1,1996,0,0,0,0,0,0,0,0,0,0
260006,1,1,1996,0,0,0,0,0,0,0,0,0,0
260006,2,1,1996,0,0,0,0,0,0,0,0,0,0
260006,3,1,1996,0,0,0,0,0,0,0,0,0,0
260007,1,1,1996,0,0,0,0,0,0,0,0,0,0
260007,2,1,1996,0,0,0,0,0,0,0,0,0,0
260007,3,1,1996,0,0,0,0,0,0,0,0,0,0
260008,1,1,1996,0,0,0,0,0,0,0,0,0,0
260008,2,1,1996,0,0,0,0,0,0,0,0,0,0
260008,3,1,1996,0,0,0,0,0,0,0,0,0,0
260009,1,1,1996,20,20,20,20,20,20,20,20,20,20
260010,1,1,1996,9,9,9,9,9,9,9,9,9,9
260011,1,1,1996,17,17,17,17,17,17,17,17,17,17
260012,1,1,1996,0,0,0,0,0,0,0,0,0,0
260012,2,1,1996,0,0,0,0,0,0,0,0,0,0
260012,3,1,1996,0,0,0,0,0,0,0,0,0,0
260013,0,1,1996,0,9,0,0,0,0,0,0,0,0
260013,1,1,1996,0,0,0,0,0,0,0,0,0,0
260014,1,1,1996,0,0,0,0,0,0,0,0,0,0
260014,2,1,1996,0,0,0,0,0,0,0,0,0,0
260014,3,1,1996,0,0,0,0,0,0,0,0,0,0
260015,1,1,1996,0,0,0,0,0,0,0,0,0,0
260015,2,1,1996,0,0,0,0,0,0,0,0,0,0
260016,1,1,1996,0,0,0,0,0,0,0,0,0,0
260016,2,1,1996,0,0,0,0,0,0,0,0,0,0
260017,1,1,1996,0,0,0,0,0,0,0,0,0,0
260017,2,1,1996,0,0,0,0,0,0,0,0,0,0
260018,1,1,1996,0,0,0,0,0,0,0,0,0,0
260019,1,1,1996,34,34,34,34,34,34,34,34,34,34
260019,2,1,1996,0,0,0,0,0,0,0,0,0,0
260020,1,1,1996,0,0,0,0,0,0,0,0,0,0
260020,2,1,1996,0,0,0,0,0,0,0,0,0,0
260020,3,1,1996,0,0,0,0,0,0,0,0,0,0
260021,1,1,1996,8,8,8,8,8,8,8,8,8,8
260021,2,1,1996,0,0,0,0,0,0,0,0,0,0
260022,1,1,1996,17,17,17,17,17,17,17,17,17,17
260023,1,1,1996,0,0,0,0,0,0,0,0,0,0
260024,0,1,1996,25,25,25,25,25,25,25,25,25,25
260024,1,1,1996,0,0,0,0,0,0,0,0,0,0
260025,0,1,1996,23,23,23,23,23,23,23,23,23,23
260025,1,1,1996,0,0,0,0,0,0,0,0,0,0
260026,1,1,1996,0,0,49,0,0,0,0,0,0,0
260026,2,1,1996,0,0,0,0,0,0,0,0,0,0
260027,0,1,1996,0,0,0,0,0,0,0,0,0,0
260027,1,1,1996,0,0,0,0,0,0,0,0,0,0
260028,1,1,1996,28,28,28,28,28,28,28,28,28,28
260029,1,1,1996,0,0,0,0,0,0,0,0,0,0
260030,1,1,1996,0,0,0,0,0,0,0,0,0,0
260030,2,1,1996,0,0,0,0,0,0,0,0,0,0
260031,1,1,1996,0,0,0,0,0,0,0,0,0,0
260031,2,1,1996,0,0,0,0,0,0,0,0,0,0
260032,1,1,1996,0,0,0,24,12,0,0,24,7,0
260033,1,1,1996,0,0,0,0,0,0,0,0,0,0
260033,2,1,1996,0,0,0,0,0,0,0,0,0,0
260033,3,1,1996,0,0,0,0,0,0,0,0,0,0
260034,1,1,1996,0,0,0,0,0,0,0,0,0,0
260034,2,1,1996,0,0,0,0,0,0,0,0,0,0
260035,1,1,1996,0,0,0,0,0,0,0,0,0,0
260035,2,1,1996,0,0,0,0,0,0,0,0,0,0
260036,1,1,1996,0,0,0,0,0,13,0,0,0,0
260036,2,1,1996,0,0,0,0,0,0,0,0,0,0
260037,1,1,1996,0,0,0,0,0,0,0,0,0,0
260037,2,1,1996,0,0,0,0,0,0,0,0,0,0
260038,0,1,1996,0,0,0,0,0,0,0,0,0,0
260038,1,1,1996,0,0,0,0,0,0,0,0,0,0
260039,0,1,1996,0,0,0,0,0,0,0,0,0,0
260039,1,1,1996,0,0,0,0,0,0,0,0,0,0
260040,1,1,1996,0,0,0,0,0,0,0,0,0,0
260041,1,1,1996,23,19,29,26,13,29,18,16,28,33
260042,1,1,1996,0,0,0,0,0,0,0,0,0,0
260042,2,1,1996,0,0,0,0,0,0,39,0,0,0
260043,1,1,1996,18,18,18,18,18,18,18,18,18,18
260044,0,1,1996,0,0,0,0,0,0,0,0,0,0
260044,0,2,1996,0,0,0,0,0,0,0,0,0,0
260044,1,1,1996,0,0,0,0,0,0,0,0,0,0
260045,1,1,1996,4,6,29,12,12,9,13,40,43,15
260046,1,1,1996,0,0,0,0,0,0,0,0,0,0
260046,2,1,1996,0,0,0,0,0,0,0,0,0,0
260047,1,1,1996,0,0,0,0,0,0,0,0,0,0
260047,2,1,1996,0,0,0,0,0,0,0,0,0,0
260047,3,1,1996,0,0,0,0,0,0,0,9,0,0
260048,0,1,1996,0,27,0,0,0,0,0,22,26,22
260048,1,1,1996,0,0,0,0,0,0,0,0,0,0
260049,1,1,1996,0,0,0,0,0,0,0,0,0,0
260050,1,1,1996,0,0,0,0,0,0,0,0,0,0
260050,2,1,1996,0,0,6,0,19,0,0,0,0,3
260050,3,1,1996,0,0,0,0,0,0,0,0,0,0
260051,1,1,1996,0,0,0,0,0,0,0,0,0,0
260052,1,1,1996,8,8,8,8,8,8,8,8,8,8
260053,1,1,1996,14,14,14,14,14,14,14,14,14,14
260054,1,1,1996,13,13,13,13,13,13,13,13,13,13
260055,1,1,1996,0,0,0,0,0,0,0,0,0,0
260056,1,1,1996,12,12,12,12,12,12,12,12,12,12
260057,1,1,1996,0,0,0,0,0,0,0,0,0,0
260057,2,1,1996,0,0,0,0,0,0,0,0,0,0
260058,1,1,1996,16,16,16,16,16,16,16,16,16,16
260058,2,1,1996,0,14,0,0,0,0,0,0,0,13
260059,1,1,1996,11,11,11,11,11,11,11,11,11,11
260060,1,1,1996,0,0,0,0,0,0,0,0,0,0
260061,1,1,1996,3,3,3,3,3,3,3,3,3,3
260061,2,1,1996,0,0,0,0,0,0,0,0,0,0
260062,1,1,1996,0,0,0,0,0,0,0,0,0,0
260062,2,1,1996,0,0,0,0,0,0,0,0,0,0
260062,3,1,1996,0,0,0,0,0,0,0,0,0,0
260062,4,1,1996,0,0,0,0,0,0,0,0,0,0
260062,5,1,1996,0,0,0,0,23,0,0,0,0,0
260062,6,1,1996,0,0,0,0,0,0,0,0,0,0
260062,7,1,1996,0,0,0,0,0,0,0,0,0,0
260062,8,1,1996,0,0,0,0,0,0,0,0,0,0
260063,1,1,1996,0,0,0,0,0,0,0,0,0,0
260063,2,1,1996,0,0,0,0,22,0,0,0,0,0
260064,1,1,1996,0,0,0,0,0,0,0,0,0,0
260064,2,1,1996,0,0,0,0,0,0,0,0,0,0
260064,3,1,1996,0,0,0,0,0,0,0,0,0,0
260065,1,1,1996,0,0,0,0,0,0,0,0,0,0
260065,2,1,1996,0,0,0,0,0,0,0,0,0,0
260066,1,1,1996,0,0,0,0,0,0,0,0,0,0
260066,2,1,1996,0,0,0,0,0,0,0,0,0,0
260067,1,1,1996,0,0,0,0,0,0,0,0,0,0
260067,2,1,1996,0,0,0,0,0,0,0,0,0,0
260068,1,1,1996,0,0,0,0,0,0,0,0,0,0
260068,2,1,1996,0,0,0,0,0,0,0,0,0,0
260068,3,1,1996,0,0,0,0,0,0,0,0,0,0
260069,1,1,1996,0,0,0,0,0,0,0,0,0,0
260069,2,1,1996,0,0,0,0,0,0,0,0,0,0
260070,1,1,1996,19,19,19,19,19,19,19,19,19,19
260070,2,1,1996,0,0,0,0,0,0,0,0,0,0
260071,1,1,1996,21,21,21,21,21,21,21,21,21,21
260072,1,1,1996,0,0,0,0,0,0,0,0,0,0
260073,0,1,1996,0,0,0,0,0,0,0,0,0,0
260073,1,1,1996,0,0,0,0,0,0,0,0,0,0
260074,0,1,1996,23,23,23,23,23,23,23,23,23,23
260074,1,1,1996,0,0,0,0,0,0,0,0,0,0
260074,2,1,1996,0,0,0,0,0,0,0,0,0,0
260075,0,1,1996,0,0,0,0,0,0,0,0,0,0
260075,1,1,1996,0,0,0,0,0,0,0,0,0,0
260076,0,1,1996,32,32,32,32,32,32,32,32,32,32
260076,1,1,1996,0,0,0,0,0,0,0,0,0,0
260077,1,1,1996,0,0,0,0,0,0,0,0,0,0
260078,1,1,1996,0,0,0,0,0,0,0,0,0,0
260078,2,1,1996,25,25,25,25,25,25,25,25,25,25
260079,0,1,1996,0,0,0,23,0,24,0,8,0,0
260079,1,1,1996,0,0,0,0,0,0,0,0,0,0
260079,2,1,1996,0,0,0,0,0,0,0,0,0,0
260079,3,1,1996,0,0,0,0,0,0,0,0,0,0
260080,0,1,1996,0,31,0,0,0,0,0,5,28,23
260080,1,1,1996,0,0,0,0,31,0,0,0,0,0
260081,0,1,1996,0,0,0,0,0,0,0,0,0,0
260081,1,1,1996,0,0,0,0,0,0,0,0,0,0
260082,1,1,1996,0,0,0,0,0,0,0,0,0,0
260082,2,1,1996,0,0,0,0,0,0,0,0,0,0
260083,1,1,1996,22,22,22,22,22,22,22,22,22,22
260083,2,1,1996,0,0,0,0,0,0,0,0,0,0
260084,1,1,1996,0,24,36,3,28,25,12,20,11,6
260085,0,1,1996,0,0,0,0,0,0,0,0,0,0
260085,1,1,1996,0,0,0,0,0,0,0,0,0,0
260086,1,1,1996,0,0,0,0,0,0,0,0,0,0
260086,2,1,1996,0,0,0,0,0,0,0,0,0,0
260087,0,1,1996,40,0,27,20,32,0,0,0,0,35
260087,1,1,1996,23,0,14,0,0,0,0,0,0,9
260088,0,1,1996,0,0,0,0,17,0,0,10,28,0
260088,1,1,1996,0,10,12,5,0,36,0,39,0,0
260089,1,1,1996,0,0,0,0,0,0,0,0,0,0
260089,2,1,1996,0,0,0,0,0,0,0,0,0,0
260090,1,1,1996,0,0,0,0,0,0,0,0,0,0
260090,2,1,1996,0,0,0,0,0,0,0,0,0,0
260091,1,1,1996,1,1,1,1,1,1,1,1,1,1
260091,2,1,1996,0,0,0,0,0,0,0,0,0,0
260092,1,1,1996,0,0,0,0,0,0,0,0,0,0
260092,2,1,1996,0,0,0,0,0,0,0,0,0,0
260094,1,1,1996,0,0,0,0,0,0,0,0,0,0
260094,2,1,1996,0,0,0,0,0,0,0,0,0,0
260095,1,1,1996,28,28,28,28,28,28,28,28,28,28
260096,1,1,1996,10,10,10,10,10,10,10,10,10,10
260097,1,1,1996,0,0,0,0,0,0,0,0,0,0
260097,2,1,1996,0,0,0,0,0,0,0,0,0,0
260098,1,1,1996,1,1,1,1,1,1,1,1,1,1
260098,2,1,1996,0,0,0,0,0,37,0,0,0,0
260099,1,1,1996,0,0,0,0,0,0,0,0,0,0
260099,2,1,1996,0,0,0,0,0,0,0,15,0,0
260099,3,1,1996,0,0,0,0,0,0,0,0,0,0
260099,4,1,1996,0,0,0,0,0,0,0,0,7,0
260100,1,1,1996,25,25,25,25,25,25,25,25,25,25
260101,0,1,1996,0,0,0,0,0,0,0,0,0,0
260101,1,1,1996,0,0,0,0,0,0,0,0,0,0
260102,1,1,1996,0,0,0,0,0,0,0,0,0,0
260102,2,1,1996,0,0,0,0,0,0,0,0,0,0
260103,1,1,1996,0,0,0,0,0,0,0,0,0,0
260104,1,1,1996,0,0,0,0,0,0,0,0,0,0
260104,2,1,1996,0,0,0,0,0,0,0,0,0,0
260105,1,1,1996,0,0,0,0,0,0,0,0,0,0
260105,2,1,1996,0,0,0,0,0,0,0,0,0,0
260106,1,1,1996,25,25,25,25,25,25,25,25,25,25
260107,1,1,1996,0,0,0,0,0,0,0,0,0,0
260108,1,1,1996,31,31,31,31,31,31,31,31,31,31
260108,2,1,1996,0,0,0,0,0,0,0,0,0,0
260109,1,1,1996,0,0,0,0,0,0,0,0,0,0
260110,1,1,1996,0,0,0,0,0,0,0,0,0,0