ST_CASE,VEH_NO,PER_NO,YEAR,P1,P2,P3,P4,P5,P6,P7,P8,P9,P10
260365,1,1,1996,0,0,0,0,0,0,0,0,0,0
260365,2,1,1996,0,0,0,0,0,0,0,0,0,0
260366,1,1,1996,23,23,23,23,23,23,23,23,23,23
260367,1,1,1996,0,0,0,0,0,0,0,0,0,0
260368,0,1,1996,0,0,0,0,0,0,0,0,0,0
260368,1,1,1996,0,0,0,0,0,0,0,0,0,0
260369,1,1,1996,27,27,27,27,27,27,27,27,27,27
260370,1,1,1996,0,0,0,0,0,0,0,0,0,0
260370,2,1,1996,0,0,0,0,0,0,0,0,0,0
260370,3,1,1996,0,0,0,0,0,0,0,0,0,0
260371,1,1,1996,1,1,1,1,1,1,1,1,1,1
260372,1,1,1996,0,0,0,0,0,0,0,0,0,0
260372,2,1,1996,0,0,0,0,0,0,0,0,0,0
260373,1,1,1996,20,20,20,20,20,20,20,20,20,20
260374,0,1,1996,0,0,0,0,0,0,0,0,0,0
260374,1,1,1996,0,0,0,0,0,0,0,0,0,0
260375,1,1,1996,0,0,0,0,0,0,0,0,0,0
260375,2,1,1996,0,0,0,0,0,0,0,0,0,0
260376,1,1,1996,0,0,0,0,7,0,0,0,0,0
260376,2,1,1996,25,29,12,13,0,26,7,9,15,11
260377,1,1,1996,20,20,20,20,20,20,20,20,20,20
260377,2,1,1996,0,0,0,0,0,0,0,0,0,0
260378,1,1,1996,11,11,11,11,11,11,11,11,11,11
260379,1,1,1996,0,0,0,0,0,0,0,0,0,0
260379,2,1,1996,0,0,0,0,0,0,0,0,0,0
260380,1,1,1996,20,20,20,20,20,20,20,20,20,20
260381,1,1,1996,0,0,0,0,0,0,0,0,0,0
260381,2,1,1996,0,0,0,0,0,0,0,0,0,0
260382,1,1,1996,16,19,23,17,19,10,28,16,17,9
260383,1,1,1996,0,0,0,0,0,0,0,0,0,0
260384,1,1,1996,0,0,0,0,0,0,0,0,0,0
260384,2,1,1996,0,0,0,0,0,0,0,0,0,0
260385,1,1,1996,0,0,0,0,0,0,0,0,0,0
260385,2,1,1996,26,26,26,26,26,26,26,26,26,26
260386,1,1,1996,22,22,22,22,22,22,22,22,22,22
260387,0,1,1996,0,0,0,19,0,0,0,0,0,0
260387,0,2,1996,21,8,0,17,0,20,16,13,0,40
260387,1,1,1996,0,11,13,15,13,7,22,5,22,10
260387,2,1,1996,0,0,23,0,0,0,0,0,5,0
260388,1,1,1996,10,10,10,10,10,10,10,10,10,10
260389,1,1,1996,10,10,10,10,10,10,10,10,10,10
260390,1,1,1996,8,3,34,20,19,17,18,22,14,8
260391,1,1,1996,31,31,31,31,31,31,31,31,31,31
260392,1,1,1996,0,0,0,0,0,0,0,0,0,0
260392,2,1,1996,0,0,0,0,0,0,0,0,0,0
260393,0,1,1996,0,16,34,0,0,17,13,0,0,0
260393,1,1,1996,0,0,0,0,0,0,0,0,0,0
260394,0,1,1996,0,0,0,0,0,0,0,0,0,0
260394,1,1,1996,0,0,0,0,0,0,0,0,0,0
260395,1,1,1996,13,13,13,13,13,13,13,13,13,13
260396,1,1,1996,0,0,0,0,0,0,0,0,0,0
260396,2,1,1996,0,0,0,9,14,0,0,0,0,0
260396,3,1,1996,0,0,0,0,0,0,0,0,0,0
260396,4,1,1996,0,0,0,0,0,0,0,0,0,0
260396,5,1,1996,0,0,0,0,0,0,0,0,0,0
260396,6,1,1996,0,0,0,0,0,0,0,0,0,0
260397,1,1,1996,18,18,18,18,18,18,18,18,18,18
260398,1,1,1996,0,0,0,0,0,0,0,0,0,0
260399,0,1,1996,27,27,27,27,27,27,27,27,27,27
260399,1,1,1996,0,16,0,0,16,0,0,0,0,0
260400,1,1,1996,0,0,0,0,0,0,0,0,0,0
260401,1,1,1996,0,0,0,0,0,0,0,0,0,0
260401,2,1,1996,0,0,0,0,0,0,0,0,0,0
260401,3,1,1996,0,0,0,0,0,0,0,0,0,0
260402,1,1,1996,17,17,17,17,17,17,17,17,17,17
260402,2,1,1996,0,0,0,0,0,0,0,0,0,0
260403,1,1,1996,24,24,24,24,24,24,24,24,24,24
260404,1,1,1996,0,0,0,0,0,0,0,0,0,0
260405,1,1,1996,0,0,0,0,0,0,0,0,0,0
260405,2,1,1996,0,0,0,0,0,0,0,0,4,0
260406,1,1,1996,0,0,0,0,0,0,0,22,0,0
260406,2,1,1996,0,0,0,0,0,0,0,0,0,0
260407,1,1,1996,0,0,0,0,0,0,0,0,0,0
260407,2,1,1996,0,0,0,0,0,0,0,14,0,0
260407,3,1,1996,0,0,0,0,0,0,0,0,0,15
260408,1,1,1996,0,0,0,0,0,0,0,0,0,0
260408,2,1,1996,23,23,23,23,23,23,23,23,23,23
260409,1,1,1996,19,19,19,19,19,19,19,19,19,19
260410,0,1,1996,0,23,0,0,28,0,13,36,0,23
260410,1,1,1996,14,14,6,13,17,10,22,0,25,0
260411,1,1,1996,29,29,29,29,29,29,29,29,29,29
260412,0,1,1996,0,11,36,0,0,0,0,0,0,0
260412,1,1,1996,0,0,0,0,0,0,0,0,0,0
260413,1,1,1996,14,14,14,14,14,14,14,14,14,14
260413,2,1,1996,0,0,0,0,0,0,0,0,0,0
260414,1,1,1996,0,0,0,0,0,0,0,0,0,0
260414,2,1,1996,16,16,16,16,16,16,16,16,16,16
260415,1,1,1996,0,0,0,0,0,0,0,0,0,0
260415,2,1,1996,0,0,0,0,0,0,0,0,0,0
260416,1,1,1996,0,0,0,0,0,0,0,0,0,0
260416,2,1,1996,0,0,0,0,0,0,0,0,0,0
260417,1,1,1996,0,0,0,0,0,0,0,0,0,0
260418,1,1,1996,6,6,6,6,6,6,6,6,6,6
260418,2,1,1996,0,0,0,0,0,0,0,0,0,0
260418,3,1,1996,0,0,0,5,0,0,0,0,0,0
260418,4,1,1996,0,0,0,0,0,0,0,0,0,0
260419,1,1,1996,0,0,0,0,0,0,0,0,0,0
260419,2,1,1996,0,0,0,0,0,0,0,0,0,0
260420,1,1,1996,19,19,19,19,19,19,19,19,19,19
260421,1,1,1996,0,0,0,0,0,0,0,0,0,0
260422,1,1,1996,0,0,0,0,0,0,0,0,0,0
260422,2,1,1996,0,0,0,0,0,0,0,0,0,0
260422,3,1,1996,0,0,0,0,0,0,0,0,0,0
260423,1,1,1996,0,0,0,0,0,0,0,0,0,0
260423,2,1,1996,12,21,12,0,0,0,0,0,0,0
260424,1,1,1996,0,0,0,0,0,0,0,0,0,0
260424,2,1,1996,0,0,0,0,0,0,0,0,0,0
260425,1,1,1996,0,0,0,0,0,9,0,0,0,0
260426,1,1,1996,21,21,21,21,21,21,21,21,21,21
260427,1,1,1996,0,0,0,0,0,0,0,0,0,0
260427,2,1,1996,0,0,0,0,0,0,0,0,0,0
260428,1,1,1996,30,30,30,30,30,30,30,30,30,30
260429,1,1,1996,0,0,0,0,0,0,0,0,0,0
260429,2,1,1996,0,8,4,0,0,0,0,0,0,0
260430,1,1,1996,16,16,16,16,16,16,16,16,16,16
260430,2,1,1996,19,0,0,8,0,0,21,0,0,24
260431,1,1,1996,0,0,0,0,0,0,0,0,0,0
260431,2,1,1996,0,0,0,0,0,0,0,0,0,0
260432,1,1,1996,11,26,0,12,14,9,0,12,0,14
260432,2,1,1996,3,18,18,11,29,10,29,5,0,0
260433,1,1,1996,0,0,0,0,0,0,0,0,0,0
260433,2,1,1996,28,15,0,0,0,0,0,0,0,0
260434,1,1,1996,27,27,27,27,27,27,27,27,27,27
260434,2,1,1996,0,0,0,0,0,0,0,0,0,0
260435,1,1,1996,0,0,0,0,0,0,0,0,0,0
260435,2,1,1996,0,0,0,0,0,0,0,0,0,0
260436,1,1,1996,0,0,0,0,0,0,0,0,0,0
260436,2,1,1996,0,0,0,0,0,0,0,0,0,0
260437,1,1,1996,0,0,0,0,0,0,0,0,0,0
260437,2,1,1996,0,0,0,0,0,0,0,0,0,0
260438,1,1,1996,20,9,17,20,15,26,5,11,10,6
260439,1,1,1996,5,0,0,0,0,24,0,0,22,7
260440,0,1,1996,0,0,0,0,0,0,0,0,0,0
260440,1,1,1996,0,0,0,0,0,0,0,0,0,0
260441,1,1,1996,0,0,0,0,0,0,0,0,0,0
260441,2,1,1996,0,0,0,0,0,0,0,0,0,0
260442,1,1,1996,15,15,15,15,15,15,15,15,15,15
260443,0,1,1996,0,0,0,0,0,0,0,0,0,0
260443,1,1,1996,18,3,0,0,0,9,0,0,0,17
260444,0,1,1996,0,0,0,0,0,0,0,0,0,0
260444,1,1,1996,0,0,21,0,0,0,0,0,0,0
260445,0,1,1996,18,0,15,12,10,0,0,0,0,0
260445,1,1,1996,0,0,0,0,0,0,0,0,0,0
260446,1,1,1996,17,19,18,20,21,14,18,6,14,14
260447,1,1,1996,0,0,0,0,0,0,0,0,0,0
260447,2,1,1996,0,0,0,0,0,0,12,0,0,0
260448,1,1,1996,0,0,0,0,0,0,0,0,0,0
260448,2,1,1996,18,9,0,0,0,0,0,0,0,0
260449,1,1,1996,0,0,0,0,0,0,0,0,0,0
260449,2,1,1996,0,0,0,0,0,0,0,0,0,0
260450,1,1,1996,0,0,0,0,0,0,0,0,0,0
260450,2,1,1996,0,0,0,0,0,0,0,0,0,0
260450,3,1,1996,0,0,0,0,0,0,0,0,0,0
260451,1,1,1996,0,0,0,0,0,0,0,0,0,0
260451,2,1,1996,0,0,0,0,0,0,0,0,0,0
260452,0,1,1996,0,0,0,0,0,0,0,0,0,0
260452,1,1,1996,0,0,0,0,0,0,0,0,0,0
260453,1,1,1996,20,20,20,20,20,20,20,20,20,20
260454,1,1,1996,13,13,13,13,13,13,13,13,13,13
260455,1,1,1996,11,11,11,11,11,11,11,11,11,11
260456,0,1,1996,0,0,0,0,0,0,0,0,0,0
260456,1,1,1996,0,0,0,14,0,0,0,0,0,0
260457,1,1,1996,0,0,0,0,0,0,0,0,0,0
260457,2,1,1996,0,0,0,0,0,0,0,0,0,0
260459,1,1,1996,22,0,0,18,18,17,14,11,0,17
260459,2,1,1996,0,0,0,0,0,0,0,0,0,0
260460,1,1,1996,0,0,0,0,0,0,0,0,0,0
260460,2,1,1996,0,12,0,0,0,0,0,0,0,0
260461,1,1,1996,0,0,0,0,0,0,0,0,0,0
260462,1,1,1996,0,0,0,0,0,0,0,0,0,0
260463,0,1,1996,5,5,5,5,5,5,5,5,5,5
260463,0,2,1996,0,6,0,23,0,0,35,17,0,0
260463,0,3,1996,0,0,0,20,14,0,8,0,0,0
260463,1,1,1996,14,14,14,14,14,14,14,14,14,14
260464,1,1,1996,0,35,18,0,23,29,0,24,27,12
260464,2,1,1996,0,0,0,0,0,0,0,0,0,0
260465,1,1,1996,0,0,0,0,0,0,0,0,0,0
260466,1,1,1996,2,2,2,2,2,2,2,2,2,2
260467,1,1,1996,13,13,13,13,13,13,13,13,13,13
260468,1,1,1996,0,0,0,0,0,0,0,0,0,0
260468,2,1,1996,0,0,0,0,0,11,0,0,0,14
260469,1,1,1996,0,0,0,0,0,0,0,0,0,0
260469,2,1,1996,7,7,7,7,7,7,7,7,7,7
260470,1,1,1996,0,0,0,0,0,0,0,0,0,0
260470,2,1,1996,0,0,0,0,0,0,0,0,0,0
260470,3,1,1996,0,0,0,0,0,0,0,0,0,0
260471,1,1,1996,18,14,12,14,19,11,23,23,21,8
260472,1,1,1996,0,0,0,0,0,0,0,0,0,0
260473,1,1,1996,0,0,0,0,0,0,0,0,0,0
260474,1,1,1996,27,27,27,27,27,27,27,27,27,27
260474,2,1,1996,0,0,0,0,0,0,0,0,0,0
260475,1,1,1996,14,0,0,0,0,0,23,0,0,0
260475,2,1,1996,0,0,0,0,0,0,0,0,0,0
260476,1,1,1996,0,0,0,0,0,0,0,0,0,0
260476,2,1,1996,0,0,0,0,0,0,0,0,0,0
260477,1,1,1996,0,0,0,0,0,0,0,0,0,0
260478,1,1,1996,0,0,0,0,0,0,0,0,0,0
260478,2,1,1996,0,0,0,0,0,0,0,0,0,0
260479,1,1,1996,29,12,0,0,0,0,0,13,9,12
260480,1,1,1996,11,0,15,32,35,6,12,15,13,6
260481,0,1,1996,0,0,0,7,0,10,0,6,0,18
260481,1,1,1996,16,16,16,16,16,16,16,16,16,16
260482,1,1,1996,23,23,23,23,23,23,23,23,23,23
260483,0,1,1996,12,12,12,12,12,12,12,12,12,12
260483,0,2,1996,0,0,0,0,0,0,0,0,0,0
260483,1,1,1996,0,0,0,0,0,0,0,0,0,0
260484,0,1,1996,16,0,0,22,0,19,0,0,0,16
260484,1,1,1996,0,0,0,0,0,0,0,0,0,0
260485,1,1,1996,0,10,0,22,22,6,9,16,0,21
260486,1,1,1996,6,6,6,6,6,6,6,6,6,6
260486,2,1,1996,0,0,0,0,0,0,0,0,0,0
260487,1,1,1996,15,20,34,32,22,11,28,33,23,24
260487,2,1,1996,0,0,0,0,0,0,0,0,0,0
260488,1,1,1996,14,14,14,14,14,14,14,14,14,14
260489,1,1,1996,0,0,0,0,0,0,0,0,0,0
260489,2,1,1996,0,0,0,0,0,0,0,0,0,0
260490,1,1,1996,27,27,27,27,27,27,27,27,27,27
260491,1,1,1996,0,0,0,0,0,0,0,0,0,0
260491,2,1,1996,0,0,0,0,0,0,0,0,0,0
260492,1,1,1996,0,0,0,0,0,0,0,0,0,0
260492,2,1,1996,0,0,0,0,0,0,0,0,0,0
260493,1,1,1996,0,0,0,0,0,0,0,0,0,0
260493,2,1,1996,1,1,1,1,1,1,1,1,1,1
260494,1,1,1996,0,0,0,0,0,0,0,0,0,0
260494,2,1,1996,0,0,0,0,0,0,0,0,0,0
260495,1,1,1996,0,0,0,0,0,0,0,0,0,0
260495,2,1,1996,0,0,0,0,0,0,0,0,0,0
260496,1,1,1996,0,0,0,0,0,0,0,0,0,0
260497,1,1,1996,1,1,1,1,1,1,1,1,1,1
260497,2,1,1996,0,0,0,0,0,0,0,0,0,0
260498,1,1,1996,0,0,0,0,0,0,0,0,0,0
260499,1,1,1996,0,0,0,0,13,0,0,0,0,0
260499,2,1,1996,0,0,0,0,0,0,0,0,0,0
260500,1,1,1996,0,0,0,0,0,0,0,0,0,0
260500,2,1,1996,0,0,0,0,0,0,0,0,0,0
260501,0,1,1996,0,0,0,0,0,0,0,0,0,0
260501,1,1,1996,11,11,11,11,11,11,11,11,11,11
260502,1,1,1996,21,21,21,21,21,21,21,21,21,21
260503,1,1,1996,0,0,0,0,0,0,0,0,0,0
260504,1,1,1996,0,0,17,0,0,0,0,0,0,0
260504,2,1,1996,0,0,0,0,0,0,0,0,0,0
260505,1,1,1996,11,11,11,11,11,11,11,11,11,11
260506,1,1,1996,0,0,0,0,0,0,0,0,0,0
260506,2,1,1996,0,0,0,0,0,0,0,0,0,0
260506,3,1,1996,0,0,0,0,0,0,0,0,0,0
260507,1,1,1996,32,32,32,32,32,32,32,32,32,32
260507,2,1,1996,0,0,0,0,0,0,0,0,0,0
260508,0,1,1996,0,0,0,0,0,0,0,0,0,0
260508,1,1,1996,0,0,0,0,0,0,0,0,0,0
260509,1,1,1996,19,19,19,19,19,19,19,19,19,19
260510,1,1,1996,0,0,0,0,0,0,0,0,0,0
260510,2,1,1996,0,0,9,0,0,0,0,0,0,0
260511,1,1,1996,17,17,17,17,17,17,17,17,17,17
260512,0,1,1996,0,0,0,0,0,0,0,0,0,0
260512,1,1,1996,0,0,0,0,0,0,0,0,0,0
260512,2,1,1996,0,0,0,0,0,20,0,0,0,0
260513,1,1,1996,0,9,0,0,0,0,0,0,0,0
260514,1,1,1996,12,16,13,16,16,7,18,26,4,9
260515,1,1,1996,13,13,13,13,13,13,13,13,13,13
260516,1,1,1996,0,0,0,0,0,0,0,0,0,0
260516,2,1,1996,0,0,0,0,0,0,0,0,0,0
260517,1,1,1996,29,29,29,29,29,29,29,29,29,29
260517,2,1,1996,22,22,22,22,22,22,22,22,22,22
260518,1,1,1996,21,21,21,21,21,21,21,21,21,21
260519,1,1,1996,0,0,0,0,0,0,0,0,0,0
260520,1,1,1996,27,27,27,27,27,27,27,27,27,27
260520,2,1,1996,0,0,0,0,0,0,0,0,0,0
260521,1,1,1996,26,26,26,26,26,26,26,26,26,26
260521,2,1,1996,0,0,0,0,8,0,0,0,0,0
260522,1,1,1996,0,0,0,0,0,0,0,0,0,0
260522,2,1,1996,0,0,0,0,0,0,0,0,0,0
260522,3,1,1996,0,0,0,0,0,0,0,0,0,0
260523,1,1,1996,12,12,12,12,12,12,12,12,12,12
260523,2,1,1996,0,0,0,0,0,0,0,0,0,0
260524,1,1,1996,0,0,0,0,0,0,0,0,0,0
260524,2,1,1996,27,27,27,27,27,27,27,27,27,27
260525,1,1,1996,0,20,21,16,6,3,21,12,24,14
260525,2,1,1996,0,0,0,0,0,0,0,0,0,0
260526,0,1,1996,9,0,19,0,0,0,0,0,0,0
260526,1,1,1996,0,0,0,0,0,0,0,0,0,0
260526,2,1,1996,0,0,0,0,0,0,0,0,0,0
260527,1,1,1996,0,0,0,0,0,0,0,0,0,0
260528,1,1,1996,7,7,7,7,7,7,7,7,7,7
260528,2,1,1996,8,18,24,16,0,20,0,0,34,10
260529,0,1,1996,0,0,0,0,0,0,0,0,0,0
260529,1,1,1996,0,0,0,0,0,0,0,0,0,0
260530,0,1,1996,0,0,0,0,0,0,0,0,0,0
260530,1,1,1996,0,0,0,0,0,0,0,0,0,0
260531,0,1,1996,10,10,10,10,10,10,10,10,10,10
260531,1,1,1996,0,0,0,0,0,0,0,0,20,0
260532,1,1,1996,0,0,0,0,0,0,0,0,0,0
260532,2,1,1996,0,0,0,0,0,0,0,0,0,0
260533,1,1,1996,6,10,18,14,13,20,13,14,7,0
260534,0,1,1996,25,25,25,25,25,25,25,25,25,25
260534,1,1,1996,0,0,0,0,14,3,13,0,8,0
260535,1,1,1996,17,3,0,0,10,17,0,0,0,4
260535,2,1,1996,0,37,10,6,0,19,0,0,0,0
260535,3,1,1996,12,0,26,0,20,21,3,29,18,5
260535,4,1,1996,8,22,26,0,0,42,0,34,7,0
260536,1,1,1996,0,0,0,0,0,0,0,0,0,0
260536,2,1,1996,0,0,0,0,0,0,0,0,0,0
260537,1,1,1996,0,0,0,0,0,0,0,0,0,0
260537,2,1,1996,0,0,0,0,0,0,0,0,0,0
260538,1,1,1996,0,0,0,0,0,0,0,0,0,0
260538,2,1,1996,0,0,0,0,0,0,0,0,0,0
260539,0,1,1996,0,0,0,0,0,25,0,11,0,0
260539,1,1,1996,0,0,0,0,0,0,0,0,0,0
260540,1,1,1996,8,8,8,8,8,8,8,8,8,8
260541,1,1,1996,0,0,0,0,0,0,0,19,0,0
260541,2,1,1996,0,0,0,0,0,0,0,0,11,0
260542,0,1,1996,0,0,0,0,0,0,0,0,0,0
260542,1,1,1996,0,0,0,0,0,0,0,0,0,0
260543,1,1,1996,0,0,0,0,0,0,0,0,0,0
260543,2,1,1996,0,0,0,0,0,0,0,0,0,0
260544,1,1,1996,0,0,0,0,0,0,0,0,6,0
260544,2,1,1996,0,0,0,0,0,0,0,0,0,0
260545,1,1,1996,0,0,0,0,0,0,0,0,0,0
260545,2,1,1996,0,0,0,0,0,0,0,0,0,0
260545,3,1,1996,0,0,0,0,0,0,0,0,0,0
260546,1,1,1996,0,0,0,0,0,0,0,0,0,0
260546,2,1,1996,0,0,0,0,0,0,0,0,0,0
260547,1,1,1996,0,0,0,0,3,0,0,0,0,0
260547,2,1,1996,0,0,0,0,0,0,0,0,0,0
260548,1,1,1996,0,0,0,0,0,0,0,4,0,0
260548,2,1,1996,0,0,0,0,0,0,0,0,0,0
260549,1,1,1996,0,0,0,0,0,0,0,0,0,0
260550,1,1,1996,0,8,0,0,0,0,0,0,0,0
260551,1,1,1996,15,15,15,15,15,15,15,15,15,15
260551,2,1,1996,0,14,8,20,0,0,0,0,10,6
260552,1,1,1996,21,21,21,21,21,21,21,21,21,21
260553,0,1,1996,0,0,0,0,0,0,0,0,0,0
260553,1,1,1996,0,0,0,0,0,0,0,0,0,0
260554,1,1,1996,17,0,10,0,0,19,14,0,28,0
260555,1,1,1996,0,0,0,7,0,0,0,0,0,8
260555,2,1,1996,16,0,0,0,0,0,0,0,1,0
260556,0,1,1996,0,0,0,0,0,0,0,0,0,0
260556,0,2,1996,0,0,0,0,0,0,0,0,0,0
260556,0,3,1996,0,0,22,0,5,0,0,0,0,0
260556,1,1,1996,0,12,0,0,0,17,13,0,0,4
260556,2,1,1996,0,2,0,0,0,0,0,0,11,0
260557,1,1,1996,0,0,0,0,0,0,0,0,0,0
260557,2,1,1996,0,0,0,0,0,0,0,0,0,0
260557,3,1,1996,0,0,0,0,0,0,0,0,0,0
260558,0,1,1996,0,0,20,0,0,0,0,0,0,0
260558,1,1,1996,15,0,0,17,0,0,0,0,5,0
260559,0,1,1996,0,0,0,23,0,0,11,27,20,0
260559,1,1,1996,0,0,0,0,0,0,0,0,0,0
260560,1,1,1996,0,18,30,25,13,23,21,0,19,42
260561,0,1,1996,0,0,0,0,0,0,0,0,0,0
260561,1,1,1996,0,0,0,0,0,0,0,0,0,0
260562,0,1,1996,0,0,0,0,0,0,0,0,0,0
260562,1,1,1996,0,0,0,0,0,0,0,0,0,0
260563,1,1,1996,23,23,6,0,0,0,33,23,15,0
260564,1,1,1996,0,0,0,0,0,0,0,0,0,0
260564,2,1,1996,0,0,0,0,0,0,0,0,0,5
260564,3,1,1996,0,0,0,0,0,0,0,8,0,0
260565,1,1,1996,9,17,0,0,0,19,3,0,18,0
260565,2,1,1996,0,0,0,0,0,0,0,0,0,0
260566,1,1,1996,15,15,15,15,15,15,15,15,15,15
260567,1,1,1996,16,16,16,16,16,16,16,16,16,16
260568,1,1,1996,0,0,0,0,0,0,0,0,0,0
260568,2,1,1996,0,0,0,0,0,0,0,0,0,0
260568,3,1,1996,0,0,0,0,0,0,0,0,0,0
260568,4,1,1996,0,0,0,0,0,0,0,0,0,0
260568,5,1,1996,0,0,0,0,0,0,0,0,0,0
260568,6,1,1996,0,0,0,0,0,0,0,0,0,0
260568,7,1,1996,0,0,0,0,0,0,0,0,0,0
260568,8,1,1996,0,0,0,0,0,0,0,0,0,0
260568,9,1,1996,0,0,0,0,0,0,0,0,0,0
260568,10,1,1996,0,0,0,0,0,0,0,0,0,0
260568,11,1,1996,0,0,0,0,0,0,0,0,0,0
260568,12,1,1996,0,0,0,0,0,0,0,0,0,0
260568,13,1,1996,0,0,0,0,0,0,0,0,0,0
260568,14,1,1996,0,0,0,0,0,0,0,0,0,0
260568,15,1,1996,0,0,0,0,0,0,0,0,0,0
260568,16,1,1996,0,0,0,0,0,0,0,0,0,0
260568,17,1,1996,0,0,0,0,0,0,0,0,0,0
260568,18,1,1996,0,0,0,0,0,0,0,0,0,0
260568,19,1,1996,0,0,0,0,0,0,0,0,0,0
260568,20,1,1996,0,0,0,0,0,0,0,0,0,0
260568,21,1,1996,0,0,0,0,0,0,0,0,0,0
260568,22,1,1996,0,0,0,0,0,0,0,0,0,0
260568,23,1,1996,0,3,0,0,0,0,0,0,0,0
260568,24,1,1996,0,0,0,0,0,0,0,0,0,0
260568,25,1,1996,0,0,0,0,0,0,0,0,0,0
260568,26,1,1996,0,0,0,0,0,0,0,0,0,0
260568,27,1,1996,0,0,0,0,0,0,0,0,0,0
260568,28,1,1996,0,0,0,0,0,0,19,0,0,0
260568,29,1,1996,0,0,0,0,0,0,0,0,0,0
260568,30,1,1996,17,0,0,0,3,0,19,0,0,0
260568,31,1,1996,0,0,0,0,0,0,0,7,0,0
260568,32,1,1996,0,0,0,0,0,0,0,0,0,0
260568,33,1,1996,0,0,0,9,0,0,0,0,0,0
260568,34,1,1996,0,0,0,0,0,0,0,0,0,0
260568,35,1,1996,0,0,0,0,0,0,0,0,0,0
260568,36,1,1996,0,0,0,0,0,0,0,0,0,0
260568,37,1,1996,0,0,0,0,0,0,0,0,0,0
260568,38,1,1996,0,13,0,0,0,0,0,0,0,0
260568,39,1,1996,0,3,0,0,0,0,0,0,0,0
260568,40,1,1996,0,0,0,12,0,0,0,0,0,0
260568,41,1,1996,0,9,0,0,0,6,0,0,0,0
260568,42,1,1996,0,0,0,0,0,0,0,0,0,0
260568,43,1,1996,0,0,0,0,0,12,0,0,0,0
260568,44,1,1996,0,0,0,0,0,0,0,0,0,0
260568,45,1,1996,0,0,0,0,0,0,0,0,0,0
260568,46,1,1996,0,12,0,0,0,0,0,0,0,0
260568,47,1,1996,0,0,0,0,0,10,0,0,2,0
260569,0,1,1996,22,10,31,0,21,0,0,26,19,0
260569,1,1,1996,0,0,0,0,0,0,0,0,0,0
260570,1,1,1996,9,0,0,18,15,0,0,0,0,6
260571,1,1,1996,0,0,0,0,0,0,0,0,0,0
260571,2,1,1996,0,0,0,0,6,0,0,0,0,0
260572,1,1,1996,21,21,21,21,21,21,21,21,21,21
260573,1,1,1996,0,0,0,0,0,0,0,0,0,0
260573,2,1,1996,0,0,0,0,0,0,0,0,0,0
260574,1,1,1996,0,0,0,0,0,0,0,0,0,0
260574,2,1,1996,0,0,0,0,0,0,0,0,0,0
260575,1,1,1996,0,0,0,0,0,0,0,0,0,0
260575,2,1,1996,0,18,0,0,0,0,0,0,0,0
260576,1,1,1996,5,0,9,0,16,13,0,0,0,14
260576,2,1,1996,0,0,0,0,0,0,0,0,0,0
260577,1,1,1996,21,21,21,21,21,21,21,21,21,21
260578,0,1,1996,0,0,0,0,0,0,0,0,0,0
260578,1,1,1996,0,0,0,0,0,0,0,0,0,0
260579,1,1,1996,5,0,0,0,0,0,0,0,0,0
260579,2,1,1996,0,0,0,0,0,0,0,0,0,0
260580,1,1,1996,12,12,12,12,12,12,12,12,12,12
260581,1,1,1996,0,0,0,0,0,0,0,0,0,0
260582,1,1,1996,0,0,0,0,0,0,0,0,0,0
260582,2,1,1996,0,0,0,0,0,0,0,0,0,0
260583,1,1,1996,0,0,0,0,0,0,0,0,0,0
260584,1,1,1996,14,14,14,14,14,14,14,14,14,14
260585,1,1,1996,0,0,0,0,0,0,0,0,0,0
260585,2,1,1996,0,0,0,0,0,0,0,0,0,0
260586,1,1,1996,0,0,0,0,0,0,0,0,0,0
260587,1,1,1996,0,0,0,0,0,0,0,0,0,0
260587,2,1,1996,21,21,21,21,21,21,21,21,21,21
260588,0,1,1996,0,0,0,0,0,0,0,0,0,0
260588,1,1,1996,0,0,0,0,0,0,0,0,0,0
260589,1,1,1996,0,0,0,0,0,0,0,0,0,0
260589,2,1,1996,0,0,0,0,0,0,0,0,0,0
260590,1,1,1996,0,0,0,0,0,0,0,0,0,0
260590,2,1,1996,0,0,0,0,0,0,0,0,0,0
260591,1,1,1996,0,0,0,0,0,0,0,0,0,0
260591,2,1,1996,0,0,0,0,0,0,0,0,0,0
260592,0,1,1996,0,0,0,0,0,0,0,0,0,0
260592,1,1,1996,0,0,0,0,0,0,0,0,0,0
260593,1,1,1996,8,25,2,17,9,9,0,12,23,21
260593,2,1,1996,0,0,0,0,0,0,0,0,0,0
260594,1,1,1996,21,0,0,0,0,0,0,0,0,0
260594,2,1,1996,0,0,0,0,0,0,0,0,0,3
260595,1,1,1996,0,0,0,0,0,0,0,0,0,0
260596,1,1,1996,0,0,0,0,0,0,0,0,0,0
260596,2,1,1996,0,0,0,0,0,0,0,0,0,0
260596,3,1,1996,0,0,0,0,0,0,0,0,0,0
260597,1,1,1996,12,12,12,12,12,12,12,12,12,12
260598,1,1,1996,0,0,15,0,0,0,0,0,0,0
260599,1,1,1996,8,8,8,8,8,8,8,8,8,8
260599,2,1,1996,0,0,0,0,0,0,0,0,0,4
260600,1,1,1996,0,0,0,0,0,0,0,0,0,0