ST_CASE,VEH_NO,PER_NO,YEAR,P1,P2,P3,P4,P5,P6,P7,P8,P9,P10
260601,1,1,1996,5,16,14,14,16,7,5,23,11,0
260601,2,1,1996,0,0,0,0,0,0,0,0,0,0
260602,1,1,1996,4,10,10,15,5,7,9,15,15,15
260602,2,1,1996,3,3,3,3,3,3,3,3,3,3
260603,1,1,1996,24,24,24,24,24,24,24,24,24,24
260604,1,1,1996,0,0,0,0,0,0,0,0,0,0
260605,1,1,1996,0,0,0,0,0,0,0,0,0,0
260605,2,1,1996,0,0,0,0,0,0,0,0,0,0
260605,3,1,1996,0,0,0,0,0,0,0,0,0,0
260606,1,1,1996,0,0,0,0,0,0,0,0,0,0
260606,2,1,1996,0,0,0,0,0,0,0,0,0,0
260607,1,1,1996,0,0,0,0,0,0,0,0,0,0
260608,1,1,1996,15,15,15,15,15,15,15,15,15,15
260608,2,1,1996,0,0,0,0,0,0,0,0,0,0
260609,1,1,1996,0,0,0,0,0,0,0,0,0,0
260609,2,1,1996,0,0,0,0,0,0,0,0,0,0
260610,1,1,1996,15,24,13,31,20,4,10,20,7,20
260611,1,1,1996,0,0,0,0,0,0,0,0,0,0
260611,2,1,1996,0,0,0,0,0,0,0,0,0,0
260612,1,1,1996,0,0,0,0,0,0,0,0,0,0
260612,2,1,1996,0,0,0,0,0,0,0,0,0,0
260613,1,1,1996,0,0,0,0,0,0,0,0,0,0
260613,2,1,1996,0,0,0,0,0,0,0,0,0,0
260614,1,1,1996,19,21,11,33,20,17,0,13,0,9
260614,2,1,1996,0,15,0,0,0,0,0,0,0,12
260614,3,1,1996,0,0,0,0,0,0,0,0,0,0
260615,1,1,1996,19,19,19,19,19,19,19,19,19,19
260616,1,1,1996,0,0,0,0,0,0,0,12,0,0
260616,2,1,1996,0,0,0,0,0,0,0,0,0,0
260617,1,1,1996,0,0,0,0,0,0,9,0,15,0
260618,1,1,1996,18,18,18,18,18,18,18,18,18,18
260619,1,1,1996,0,0,0,0,0,0,0,0,0,0
260620,1,1,1996,0,0,0,0,0,0,0,0,0,0
260620,2,1,1996,0,0,0,0,0,0,0,0,0,0
260621,1,1,1996,20,20,20,20,20,20,20,20,20,20
260621,2,1,1996,0,0,13,0,0,0,0,0,0,0
260622,1,1,1996,0,0,0,0,0,0,0,0,0,0
260622,2,1,1996,0,0,0,0,0,0,0,0,0,0
260622,3,1,1996,0,0,0,0,0,0,0,0,0,0
260622,4,1,1996,0,0,0,0,0,0,0,0,0,0
260623,0,1,1996,0,0,0,0,0,0,0,0,0,0
260623,1,1,1996,7,7,7,7,7,7,7,7,7,7
260624,1,1,1996,0,0,0,0,0,0,0,0,0,0
260625,1,1,1996,25,25,25,25,25,25,25,25,25,25
260626,1,1,1996,0,0,0,0,0,0,0,0,0,0
260626,2,1,1996,0,0,0,0,0,0,0,0,0,0
260627,1,1,1996,10,10,10,10,10,10,10,10,10,10
260628,1,1,1996,0,0,0,0,0,0,0,0,0,0
260629,0,1,1996,14,14,14,14,14,14,14,14,14,14
260629,1,1,1996,0,0,0,0,0,0,0,0,0,0
260630,1,1,1996,28,28,28,28,28,28,28,28,28,28
260630,2,1,1996,0,0,0,0,0,0,0,0,0,0
260631,1,1,1996,15,15,15,15,15,15,15,15,15,15
260631,2,1,1996,0,0,0,0,0,0,0,0,0,0
260632,1,1,1996,17,2,28,25,20,13,12,18,15,13
260633,1,1,1996,0,0,0,0,0,0,0,0,0,0
260633,2,1,1996,0,0,0,0,0,0,0,0,0,0
260634,1,1,1996,0,0,0,0,0,0,0,0,0,0
260635,0,1,1996,0,26,0,0,0,16,23,0,0,0
260635,1,1,1996,0,0,0,0,0,0,0,0,0,0
260636,1,1,1996,0,0,0,0,0,0,0,0,0,0
260636,2,1,1996,0,0,0,0,0,0,0,0,0,0
260636,3,1,1996,0,0,0,0,0,0,0,0,0,0
260637,1,1,1996,17,17,17,17,17,17,17,17,17,17
260637,2,1,1996,0,0,0,0,0,0,0,0,0,0
260638,1,1,1996,0,0,0,0,0,0,0,0,0,0
260638,2,1,1996,0,0,0,0,0,0,0,0,0,0
260638,3,1,1996,0,0,0,0,0,0,0,0,0,0
260639,1,1,1996,23,23,23,23,23,23,23,23,23,23
260640,1,1,1996,25,25,25,25,25,25,25,25,25,25
260641,1,1,1996,0,0,0,0,0,0,0,0,0,0
260641,2,1,1996,0,0,0,0,0,0,0,0,0,0
260642,1,1,1996,7,0,0,0,0,0,0,0,0,0
260642,2,1,1996,0,0,0,0,0,0,0,0,0,0
260643,1,1,1996,0,0,0,0,0,0,0,0,0,0
260643,2,1,1996,0,0,0,0,0,0,0,0,0,0
260644,0,1,1996,0,0,0,0,0,0,0,0,0,0
260644,1,1,1996,0,0,0,0,0,0,0,0,0,0
260645,1,1,1996,0,0,0,0,0,0,0,0,0,0
260645,2,1,1996,0,0,0,0,0,0,0,0,0,0
260646,1,1,1996,0,0,0,0,0,0,0,0,0,0
260646,2,1,1996,0,0,0,0,0,0,0,0,0,0
260647,0,1,1996,1,1,1,1,1,1,1,1,1,1
260647,1,1,1996,0,0,0,0,0,0,0,0,0,0
260648,1,1,1996,25,19,30,28,27,24,26,25,18,36
260649,1,1,1996,0,0,0,0,0,0,0,0,0,0
260649,2,1,1996,0,0,0,0,0,0,0,0,0,0
260650,1,1,1996,0,0,0,0,9,0,0,0,0,0
260651,0,1,1996,0,0,0,0,0,0,0,0,0,0
260651,1,1,1996,17,17,17,17,17,17,17,17,17,17
260652,1,1,1996,15,15,15,15,15,15,15,15,15,15
260652,2,1,1996,0,0,0,0,0,0,0,0,0,0
260653,1,1,1996,12,12,12,12,12,12,12,12,12,12
260654,0,1,1996,0,0,0,0,0,0,0,0,0,0
260654,1,1,1996,22,22,22,22,22,22,22,22,22,22
260655,1,1,1996,0,0,0,0,0,0,0,0,0,0
260655,2,1,1996,6,6,6,6,6,6,6,6,6,6
260656,1,1,1996,0,0,0,0,0,0,0,0,0,0
260656,2,1,1996,0,0,0,0,0,0,0,0,0,0
260657,1,1,1996,0,0,0,0,0,0,0,0,0,0
260657,2,1,1996,0,0,0,0,0,0,0,0,0,0
260658,1,1,1996,9,9,9,9,9,9,9,9,9,9
260659,1,1,1996,0,0,0,0,0,0,0,0,0,0
260659,2,1,1996,0,0,0,0,0,0,0,0,0,0
260660,0,1,1996,0,0,0,0,0,0,0,0,0,0
260660,1,1,1996,0,0,0,0,0,0,0,0,0,0
260661,1,1,1996,0,0,0,0,0,0,0,0,0,0
260661,2,1,1996,0,0,0,0,0,0,0,0,0,0
260662,1,1,1996,0,0,0,0,0,0,0,0,0,0
260663,0,1,1996,0,0,0,0,21,18,0,0,0,0
260663,1,1,1996,0,0,0,0,0,0,0,0,0,0
260664,1,1,1996,0,0,0,0,0,0,0,0,0,0
260664,2,1,1996,0,0,0,0,0,0,0,0,0,0
260665,1,1,1996,18,18,18,18,18,18,18,18,18,18
260665,2,1,1996,0,0,0,0,0,0,0,0,0,0
260666,1,1,1996,0,0,0,0,0,0,0,0,0,0
260667,1,1,1996,0,0,0,0,0,0,0,0,0,0
260668,1,1,1996,0,0,0,0,0,0,0,0,0,0
260668,2,1,1996,0,0,0,0,0,0,0,0,0,0
260669,1,1,1996,0,0,0,0,0,0,0,0,0,0
260669,2,1,1996,0,0,0,0,0,0,0,0,0,0
260670,1,1,1996,22,22,22,22,22,22,22,22,22,22
260671,1,1,1996,0,0,0,0,0,0,0,0,0,0
260671,2,1,1996,0,0,0,0,0,0,0,0,0,0
260672,1,1,1996,0,0,0,0,0,0,0,0,0,0
260672,2,1,1996,0,0,0,0,0,0,0,0,0,0
260673,0,1,1996,0,0,0,0,0,0,0,0,0,0
260673,1,1,1996,0,0,0,0,0,0,0,0,0,0
260674,1,1,1996,0,0,0,0,0,0,0,0,0,0
260674,2,1,1996,0,0,0,0,0,0,0,0,0,0
260674,3,1,1996,0,0,0,0,0,0,0,0,0,0
260674,4,1,1996,0,0,0,0,0,0,0,0,0,0
260675,1,1,1996,0,0,0,0,0,0,0,0,0,0
260675,2,1,1996,0,0,0,0,0,0,0,0,0,0
260676,1,1,1996,24,24,24,24,24,24,24,24,24,24
260677,1,1,1996,0,0,0,0,14,0,0,0,0,0
260678,1,1,1996,0,0,0,0,0,0,0,0,0,0
260678,2,1,1996,0,0,0,0,0,0,0,0,0,0
260679,1,1,1996,0,0,0,0,0,0,0,0,0,0
260679,2,1,1996,0,0,0,0,0,0,0,0,0,0
260679,3,1,1996,0,0,0,0,0,0,0,0,0,0
260680,0,1,1996,30,30,30,30,30,30,30,30,30,30
260680,1,1,1996,0,0,0,0,0,0,0,0,0,0
260681,1,1,1996,13,21,10,20,6,27,8,5,0,0
260681,2,1,1996,0,0,20,0,0,0,31,0,0,19
260682,1,1,1996,0,0,0,0,0,0,0,0,0,0
260682,2,1,1996,6,6,6,6,6,6,6,6,6,6
260682,3,1,1996,0,0,0,0,0,0,0,0,0,0
260683,1,1,1996,17,17,17,17,17,17,17,17,17,17
260684,1,1,1996,0,0,0,0,0,0,0,0,0,0
260684,2,1,1996,0,0,0,0,0,0,0,0,0,0
260685,0,1,1996,26,26,26,26,26,26,26,26,26,26
260685,1,1,1996,0,0,0,0,0,0,0,0,0,0
260686,1,1,1996,0,0,0,0,0,0,0,0,0,0
260686,2,1,1996,0,0,0,0,0,0,0,0,0,0
260687,1,1,1996,0,0,0,0,0,0,0,0,0,0
260687,2,1,1996,0,0,0,0,0,0,0,0,0,0
260688,1,1,1996,13,13,13,13,13,13,13,13,13,13
260689,1,1,1996,0,0,0,0,0,0,0,0,0,0
260690,1,1,1996,0,0,0,0,0,0,0,0,0,0
260690,2,1,1996,0,0,0,0,0,0,0,0,0,0
260691,0,1,1996,0,0,0,0,0,0,0,0,0,0
260691,1,1,1996,0,0,0,0,0,0,0,0,0,0
260692,0,1,1996,6,0,0,0,0,0,0,0,0,0
260692,1,1,1996,0,0,0,0,0,0,0,0,0,0
260693,1,1,1996,26,26,26,26,26,26,26,26,26,26
260694,1,1,1996,0,0,0,0,0,0,0,0,0,0
260694,2,1,1996,0,0,0,0,0,0,0,0,0,0
260694,3,1,1996,0,0,0,0,0,0,0,0,0,0
260694,4,1,1996,0,0,0,0,0,0,0,0,0,0
260695,1,1,1996,0,0,0,0,0,0,0,0,0,0
260695,2,1,1996,0,0,0,0,0,0,0,0,0,0
260696,1,1,1996,20,20,20,20,20,20,20,20,20,20
260697,1,1,1996,22,22,22,22,22,22,22,22,22,22
260698,1,1,1996,0,0,17,0,11,0,0,0,0,0
260698,2,1,1996,0,0,0,0,0,0,0,0,0,0
260699,1,1,1996,0,0,0,0,0,0,0,0,0,0
260699,2,1,1996,0,0,0,0,0,0,0,0,0,0
260700,1,1,1996,13,13,13,13,13,13,13,13,13,13
260701,1,1,1996,0,0,0,0,0,0,0,0,0,0
260701,2,1,1996,0,0,0,0,0,0,0,0,0,0
260701,3,1,1996,0,0,0,0,0,0,0,0,0,0
260701,4,1,1996,0,0,0,0,0,0,0,16,0,0
260702,1,1,1996,13,13,13,13,13,13,13,13,13,13
260703,1,1,1996,0,0,0,23,0,0,0,0,0,0
260703,2,1,1996,0,0,0,0,0,0,0,0,0,0
260704,1,1,1996,0,0,0,0,0,0,0,0,0,0
260705,0,1,1996,0,0,0,0,0,0,0,0,0,0
260705,1,1,1996,0,0,0,0,0,0,0,0,0,0
260706,1,1,1996,11,11,11,11,11,11,11,11,11,11
260707,1,1,1996,13,7,8,14,8,7,9,20,0,19
260707,2,1,1996,0,0,0,0,0,0,0,0,0,0
260708,1,1,1996,0,0,0,0,0,0,0,0,0,0
260709,1,1,1996,0,37,0,0,0,0,0,0,0,19
260710,1,1,1996,24,24,24,24,24,24,24,24,24,24
260711,1,1,1996,7,7,7,7,7,7,7,7,7,7
260711,2,1,1996,0,0,0,0,0,0,0,0,0,0
260712,1,1,1996,0,0,0,0,0,0,0,0,0,0
260712,2,1,1996,0,0,0,0,0,0,0,0,0,0
260713,1,1,1996,0,0,0,0,0,0,0,0,0,0
260714,1,1,1996,31,24,21,15,48,29,10,3,23,22
260715,1,1,1996,0,0,0,0,0,0,0,0,0,0
260715,2,1,1996,0,0,0,0,0,0,0,0,0,0
260715,3,1,1996,0,0,0,0,0,0,0,0,0,0
260716,1,1,1996,0,0,0,0,0,0,0,0,0,0
260716,2,1,1996,0,0,0,0,0,0,0,0,0,0
260717,1,1,1996,0,0,0,0,0,0,0,0,0,0
260717,2,1,1996,0,0,0,0,0,0,0,0,0,0
260717,3,1,1996,0,0,0,0,0,0,0,0,0,0
260717,4,1,1996,0,0,0,0,0,0,0,0,0,0
260718,1,1,1996,25,25,25,25,25,25,25,25,25,25
260718,2,1,1996,0,0,0,0,0,0,0,0,0,0
260719,1,1,1996,8,8,8,8,8,8,8,8,8,8
260720,0,1,1996,0,0,0,0,0,0,0,0,0,0
260720,1,1,1996,0,0,0,0,0,0,0,0,0,0
260721,1,1,1996,23,23,23,23,23,23,23,23,23,23
260722,1,1,1996,19,19,19,19,19,19,19,19,19,19
260723,1,1,1996,15,0,0,5,0,0,0,0,0,0
260723,2,1,1996,0,0,0,0,0,0,0,0,0,0
260723,3,1,1996,0,0,0,20,0,0,0,0,0,0
260724,1,1,1996,5,5,5,5,5,5,5,5,5,5
260724,2,1,1996,0,0,0,0,0,0,0,0,0,0
260724,3,1,1996,0,0,0,0,0,0,0,0,0,0
260725,1,1,1996,0,0,0,0,0,0,0,0,0,0
260725,2,1,1996,0,0,0,0,0,0,0,0,0,0
260725,3,1,1996,0,0,0,0,0,0,0,0,0,0
260726,0,1,1996,0,0,0,0,0,0,0,0,0,0
260726,1,1,1996,0,0,0,0,0,0,0,0,0,0
260727,1,1,1996,0,0,0,0,0,0,0,0,0,0
260727,2,1,1996,0,0,0,0,0,0,0,7,0,0
260728,1,1,1996,17,18,0,0,8,28,0,0,0,0
260728,2,1,1996,0,17,0,0,19,23,24,27,24,22
260729,1,1,1996,0,0,0,0,0,0,0,0,0,0
260729,2,1,1996,2,2,2,2,2,2,2,2,2,2
260730,1,1,1996,0,0,0,0,0,0,4,0,6,0
260731,0,1,1996,0,0,0,0,0,0,0,0,0,0
260731,1,1,1996,0,0,0,0,0,0,0,0,0,0
260732,1,1,1996,17,36,9,14,13,12,15,23,23,26
260733,1,1,1996,0,0,0,0,0,0,0,0,0,0
260734,1,1,1996,0,0,0,0,0,0,0,0,0,0
260734,2,1,1996,0,0,13,0,0,28,0,17,0,25
260735,1,1,1996,26,9,0,21,14,4,22,11,17,5
260735,2,1,1996,0,0,0,0,0,0,0,12,0,16
260736,1,1,1996,0,0,0,0,0,0,0,0,0,0
260736,2,1,1996,0,0,0,0,0,0,0,0,0,0
260737,0,1,1996,0,0,0,0,0,0,0,0,0,0
260737,1,1,1996,9,9,9,9,9,9,9,9,9,9
260738,1,1,1996,23,38,21,15,37,14,7,24,15,7
260739,1,1,1996,0,0,0,0,0,0,0,0,0,0
260739,2,1,1996,0,0,0,0,0,0,0,0,0,0
260739,3,1,1996,0,0,0,0,0,0,0,0,0,0
260740,0,1,1996,0,0,0,0,0,0,0,0,0,0
260740,1,1,1996,0,0,0,0,0,0,0,0,0,0
260741,1,1,1996,0,0,0,0,0,0,0,0,0,0
260741,2,1,1996,0,0,0,0,0,0,0,0,0,0
260742,1,1,1996,0,0,0,0,0,0,0,0,0,0
260742,2,1,1996,0,0,0,0,0,0,0,0,0,0
260742,3,1,1996,0,0,0,0,0,0,0,0,0,0
260742,4,1,1996,0,0,0,0,0,0,0,0,0,0
260742,5,1,1996,0,0,0,0,0,0,0,0,0,0
260742,6,1,1996,0,0,0,0,0,0,0,0,0,0
260743,1,1,1996,0,0,0,0,0,0,0,0,0,0
260743,2,1,1996,0,0,0,0,0,0,0,0,0,0
260744,1,1,1996,0,0,10,0,0,0,6,0,0,0
260745,0,1,1996,19,22,19,24,30,13,8,26,16,15
260745,1,1,1996,0,0,0,0,0,0,0,0,0,0
260746,1,1,1996,0,0,0,0,0,0,0,0,0,0
260746,2,1,1996,0,0,0,0,0,0,0,0,0,0
260747,1,1,1996,0,0,0,0,0,0,0,0,0,0
260747,2,1,1996,19,19,19,19,19,19,19,19,19,19
260748,1,1,1996,28,28,28,28,28,28,28,28,28,28
260749,1,1,1996,0,0,0,0,0,0,0,0,0,0
260749,2,1,1996,0,0,0,0,0,0,0,0,0,0
260750,1,1,1996,0,18,24,22,11,0,61,26,20,26
260751,1,1,1996,0,0,0,0,0,0,0,0,0,0
260751,2,1,1996,0,0,0,0,0,0,0,0,0,0
260752,1,1,1996,18,18,18,18,18,18,18,18,18,18
260753,1,1,1996,0,0,0,0,0,8,0,0,0,0
260753,2,1,1996,3,13,23,8,5,16,4,13,16,15
260754,1,1,1996,3,16,12,10,36,14,11,11,20,30
260754,2,1,1996,0,0,0,0,0,0,14,0,0,11
260755,1,1,1996,0,0,0,0,0,0,0,0,0,0
260755,2,1,1996,0,0,0,0,0,0,0,0,0,0
260756,1,1,1996,14,10,13,22,12,20,10,0,3,16
260757,1,1,1996,7,7,7,7,7,7,7,7,7,7
260758,0,1,1996,0,0,0,0,0,0,0,0,0,0
260758,1,1,1996,0,0,0,0,0,0,0,0,0,0
260759,0,1,1996,0,0,0,0,0,0,0,0,0,0
260759,1,1,1996,0,0,0,0,0,0,0,0,0,0
260760,1,1,1996,0,0,0,0,0,0,0,0,0,0
260761,1,1,1996,18,18,18,18,18,18,18,18,18,18
260762,1,1,1996,9,9,9,9,9,9,9,9,9,9
260763,1,1,1996,23,23,23,23,23,23,23,23,23,23
260763,2,1,1996,0,0,0,0,0,0,0,0,0,0
260764,1,1,1996,12,12,12,12,12,12,12,12,12,12
260765,1,1,1996,16,16,16,16,16,16,16,16,16,16
260766,1,1,1996,23,23,23,23,23,23,23,23,23,23
260767,1,1,1996,6,13,15,19,7,3,6,15,23,7
260768,0,1,1996,0,0,0,0,0,0,0,0,0,0
260768,1,1,1996,0,0,0,0,0,0,0,0,0,0
260769,1,1,1996,31,31,31,31,31,31,31,31,31,31
260770,1,1,1996,14,14,14,14,14,14,14,14,14,14
260771,1,1,1996,0,0,0,0,0,0,0,0,0,0
260771,2,1,1996,0,0,0,0,0,0,0,0,0,0
260772,1,1,1996,0,0,0,0,0,0,0,0,0,0
260772,2,1,1996,5,5,5,5,5,5,5,5,5,5
260773,1,1,1996,16,16,16,16,16,16,16,16,16,16
260774,1,1,1996,0,0,0,0,0,0,0,0,0,0
260774,2,1,1996,0,0,0,0,0,0,0,0,0,0
260775,1,1,1996,0,0,0,0,0,0,0,0,0,0
260775,2,1,1996,0,0,0,0,0,0,0,0,0,0
260776,1,1,1996,17,17,17,17,17,17,17,17,17,17
260776,2,1,1996,0,0,0,0,0,0,0,0,0,0
260777,1,1,1996,0,39,0,15,3,16,0,13,0,0
260777,2,1,1996,0,0,0,0,0,0,0,0,0,0
260778,1,1,1996,0,0,0,0,0,0,0,0,0,0
260778,2,1,1996,0,0,0,0,0,0,0,0,0,0
260779,1,1,1996,0,0,0,0,0,0,0,0,0,0
260779,2,1,1996,0,0,0,0,0,0,0,0,0,0
260780,0,1,1996,34,16,37,25,14,4,29,33,19,33
260780,1,1,1996,0,0,0,0,0,0,0,0,0,0
260781,1,1,1996,0,0,0,0,0,0,0,0,0,0
260781,2,1,1996,0,0,0,0,0,0,0,0,0,0
260782,1,1,1996,11,11,11,11,11,11,11,11,11,11
260783,1,1,1996,0,0,0,0,0,0,0,0,0,0
260783,2,1,1996,0,0,0,0,0,0,0,0,0,0
260784,1,1,1996,0,0,0,0,0,0,0,0,0,0
260784,2,1,1996,0,0,0,0,0,0,0,0,0,0
260785,0,1,1996,0,0,0,0,0,0,0,0,0,0
260785,1,1,1996,0,0,0,0,14,0,0,0,0,0
260785,2,1,1996,4,0,0,16,0,0,0,6,0,0
260786,1,1,1996,28,28,28,28,28,28,28,28,28,28
260787,1,1,1996,4,16,0,9,0,20,25,0,0,12
260787,2,1,1996,0,10,0,11,0,8,0,0,0,6
260788,1,1,1996,0,0,0,0,0,0,0,0,0,0
260789,1,1,1996,0,0,0,0,0,4,0,20,0,20
260789,2,1,1996,0,0,0,0,0,0,0,0,0,0
260791,1,1,1996,22,23,16,0,25,35,25,8,30,6
260792,1,1,1996,0,0,0,0,0,0,0,0,0,0
260792,2,1,1996,0,0,0,0,0,0,0,0,0,0
260793,0,1,1996,0,32,0,0,0,0,0,0,0,26
260793,1,1,1996,0,0,0,0,0,0,0,0,0,0
260794,1,1,1996,0,0,0,0,0,0,0,0,0,0
260794,2,1,1996,0,0,0,0,0,0,0,0,0,0
260794,3,1,1996,0,0,0,0,0,0,0,0,0,0
260795,1,1,1996,10,10,10,10,10,10,10,10,10,10
260795,2,1,1996,14,12,10,13,5,17,17,8,12,18
260796,1,1,1996,0,0,0,0,0,0,0,0,0,0
260797,1,1,1996,0,0,0,0,0,0,0,0,0,0
260797,2,1,1996,0,0,0,0,0,0,0,0,0,0
260798,1,1,1996,0,0,0,0,0,0,0,0,0,0
260798,2,1,1996,0,0,0,0,0,0,0,0,0,0
260798,3,1,1996,0,0,0,0,0,0,0,0,0,0
260799,1,1,1996,0,0,0,0,0,0,0,0,0,0
260799,2,1,1996,0,0,0,0,0,0,0,0,0,0
260800,1,1,1996,0,0,0,0,0,0,0,0,0,0
260800,2,1,1996,0,0,0,0,0,0,0,0,0,0
260801,1,1,1996,25,25,25,25,25,25,25,25,25,25
260802,1,1,1996,0,0,0,0,0,0,0,0,0,0
260802,2,1,1996,0,0,0,0,0,0,0,0,0,0
260803,0,1,1996,8,8,8,8,8,8,8,8,8,8
260803,1,1,1996,0,0,0,0,0,0,0,0,0,0
260804,1,1,1996,24,24,24,24,24,24,24,24,24,24
260805,1,1,1996,0,0,0,0,0,0,0,0,0,0
260805,2,1,1996,0,0,0,0,0,0,0,0,0,0
260805,3,1,1996,0,0,0,0,0,0,0,0,0,0
260806,0,1,1996,26,26,26,26,26,26,26,26,26,26
260806,1,1,1996,0,0,0,0,0,0,0,0,0,0
260807,1,1,1996,12,0,0,0,0,0,0,0,0,0
260807,2,1,1996,0,0,0,0,0,0,0,0,0,0
260808,0,1,1996,27,27,27,27,27,27,27,27,27,27
260808,1,1,1996,0,0,0,0,0,0,0,0,0,0
260809,1,1,1996,0,0,0,0,0,0,0,0,0,0
260809,2,1,1996,0,0,0,0,0,0,0,0,0,0
260810,1,1,1996,3,3,3,3,3,3,3,3,3,3
260811,1,1,1996,18,0,8,0,5,9,0,0,0,14
260811,2,1,1996,0,0,15,0,0,0,0,0,0,16
260812,1,1,1996,0,0,0,0,0,0,0,0,0,0
260812,2,1,1996,0,0,0,0,0,0,0,0,0,0
260813,1,1,1996,0,0,0,0,0,0,0,0,0,0
260813,2,1,1996,28,28,28,28,28,28,28,28,28,28
260814,1,1,1996,0,0,0,0,0,0,0,0,0,0
260814,2,1,1996,0,0,0,0,0,0,0,0,0,0
260814,3,1,1996,0,0,0,0,0,0,0,0,0,0
260815,0,1,1996,17,0,26,0,0,32,8,0,0,32
260815,1,1,1996,0,0,0,0,0,0,0,0,0,0
260816,0,1,1996,12,15,17,15,12,0,0,16,2,17
260816,1,1,1996,17,17,17,17,17,17,17,17,17,17
260817,1,1,1996,24,24,24,24,24,24,24,24,24,24
260818,1,1,1996,0,0,0,0,0,32,0,0,0,0
260819,1,1,1996,0,0,0,0,0,0,0,0,0,0
260819,2,1,1996,25,0,0,12,0,0,0,0,0,0
260820,1,1,1996,0,0,0,0,0,0,0,0,0,0
260820,2,1,1996,0,0,0,0,0,0,0,0,9,0
260821,0,1,1996,9,9,9,9,9,9,9,9,9,9
260821,1,1,1996,0,0,0,0,0,0,0,0,0,0
260823,0,1,1996,0,0,12,0,0,0,0,11,0,0
260823,1,1,1996,0,0,0,0,0,0,0,14,3,10
260824,0,1,1996,0,0,20,23,0,0,0,0,18,16
260824,1,1,1996,2,2,2,2,2,2,2,2,2,2
260825,1,1,1996,20,20,20,20,20,20,20,20,20,20
260825,2,1,1996,0,0,0,0,0,0,0,0,0,0
260825,3,1,1996,0,0,0,0,0,0,0,0,0,0
260826,1,1,1996,43,43,43,43,43,43,43,43,43,43
260827,0,1,1996,0,0,9,0,0,0,23,0,0,8
260827,1,1,1996,0,0,0,0,0,0,0,0,0,0
260828,0,1,1996,0,0,0,0,0,0,0,0,0,0
260828,1,1,1996,0,0,0,0,0,0,0,0,0,0
260829,1,1,1996,0,0,0,0,0,0,0,0,0,0
260829,2,1,1996,0,0,0,0,0,0,0,0,0,0
260829,3,1,1996,0,0,0,0,0,0,0,0,0,0
260830,1,1,1996,0,0,0,0,0,0,0,0,0,0
260831,1,1,1996,0,0,0,0,0,0,0,0,0,0
260831,2,1,1996,0,0,0,0,0,0,0,0,0,0
260831,3,1,1996,0,0,0,0,0,0,0,0,0,0
260831,4,1,1996,0,0,0,0,0,0,0,0,0,0
260832,1,1,1996,0,18,0,0,0,0,14,0,0,0
260832,2,1,1996,12,12,12,12,12,12,12,12,12,12
260833,1,1,1996,8,16,9,15,10,11,5,9,19,19
260833,2,1,1996,0,0,0,0,0,0,0,0,0,0
260834,1,1,1996,0,0,0,0,0,0,0,0,18,0
260834,2,1,1996,0,5,0,0,0,0,9,0,0,0
260835,0,1,1996,22,17,28,23,15,20,27,23,9,24
260835,1,1,1996,15,6,17,18,11,0,0,0,0,20
260836,1,1,1996,0,0,0,0,0,0,0,0,0,0
260836,2,1,1996,0,0,6,0,0,0,0,0,0,0
260837,1,1,1996,18,13,6,10,14,0,2,13,0,17
260837,2,1,1996,2,2,2,2,2,2,2,2,2,2
260838,0,1,1996,17,17,17,17,17,17,17,17,17,17
260838,1,1,1996,0,0,5,0,0,0,0,0,0,0
260839,1,1,1996,0,14,0,13,13,0,18,24,9,0
260839,2,1,1996,0,0,0,0,0,0,0,0,0,0
260840,1,1,1996,23,23,23,23,23,23,23,23,23,23
260841,1,1,1996,0,10,0,28,0,0,0,0,18,21
260842,1,1,1996,17,17,17,17,17,17,17,17,17,17
260842,2,1,1996,18,18,18,18,18,18,18,18,18,18
260843,1,1,1996,0,0,0,0,0,0,0,0,0,0
260844,0,1,1996,12,12,12,12,12,12,12,12,12,12
260844,1,1,1996,15,21,0,0,0,0,26,0,0,0
260845,1,1,1996,0,0,0,0,0,0,0,0,0,0
260846,1,1,1996,12,12,12,12,12,12,12,12,12,12
260846,2,1,1996,0,0,0,0,0,0,0,0,0,0
260847,0,1,1996,33,33,33,33,33,33,33,33,33,33
260847,1,1,1996,0,0,0,0,0,0,15,22,0,21
260848,1,1,1996,1,1,1,1,1,1,1,1,1,1
260848,2,1,1996,0,0,0,0,0,0,0,0,7,0
260849,0,1,1996,0,0,14,0,0,10,0,0,0,0
260849,1,1,1996,17,17,17,17,17,17,17,17,17,17
260850,1,1,1996,9,17,21,34,33,16,13,12,35,31
260851,1,1,1996,0,0,0,0,0,0,0,0,0,0
260851,2,1,1996,0,0,21,0,0,0,0,9,29,0
260852,1,1,1996,0,0,0,0,0,0,0,0,0,0
260852,2,1,1996,0,0,0,0,0,0,0,0,0,0
260853,1,1,1996,0,0,0,0,0,0,0,0,0,0
260853,2,1,1996,0,0,0,0,0,9,0,0,0,0
260854,0,1,1996,0,0,0,21,10,15,0,0,23,0
260854,1,1,1996,0,0,0,0,0,0,0,0,0,0
260855,0,1,1996,0,0,0,0,0,0,0,0,0,0
260855,1,1,1996,0,0,0,0,0,0,0,0,0,0