ST_CASE,VEH_NO,PER_NO,YEAR,P1,P2,P3,P4,P5,P6,P7,P8,P9,P10
260856,1,1,1996,0,0,0,0,0,0,0,0,0,0
260856,2,1,1996,0,0,0,0,0,0,0,0,0,0
260857,1,1,1996,2,2,2,2,2,2,2,2,2,2
260858,1,1,1996,0,0,0,0,0,0,0,0,0,0
260858,2,1,1996,0,0,0,0,0,0,0,0,0,0
260859,1,1,1996,0,0,0,0,0,0,0,0,0,0
260859,2,1,1996,0,0,0,0,0,0,0,0,0,0
260859,3,1,1996,0,0,0,0,0,0,0,0,0,0
260859,4,1,1996,0,0,0,0,0,0,0,0,0,0
260859,5,1,1996,0,0,0,0,0,0,0,0,0,0
260860,1,1,1996,0,0,0,0,0,0,0,0,0,0
260861,1,1,1996,0,0,0,0,15,0,9,0,15,0
260861,2,1,1996,0,0,0,0,0,0,0,0,0,0
260862,1,1,1996,0,0,0,0,0,18,0,0,11,0
260862,2,1,1996,0,7,0,0,0,0,0,0,0,0
260862,3,1,1996,0,0,0,0,0,0,0,0,0,0
260863,1,1,1996,0,0,0,0,0,0,0,0,0,0
260864,1,1,1996,21,21,21,21,21,21,21,21,21,21
260865,1,1,1996,0,0,0,0,0,0,0,14,0,0
260865,2,1,1996,0,0,0,0,0,0,0,0,0,18
260866,0,1,1996,0,0,0,0,0,0,0,0,0,0
260866,1,1,1996,22,0,18,0,0,0,0,0,0,8
260867,1,1,1996,0,0,0,0,0,0,0,0,0,0
260867,2,1,1996,0,0,0,0,0,0,0,0,0,0
260868,0,1,1996,22,20,23,31,20,18,12,24,0,17
260868,1,1,1996,0,0,0,9,0,0,0,0,0,0
260868,2,1,1996,16,16,0,0,9,0,10,20,19,0
260869,1,1,1996,0,0,0,0,0,0,0,0,0,0
260869,2,1,1996,0,0,0,0,0,0,0,0,0,0
260870,0,1,1996,0,0,0,0,0,0,0,0,0,0
260870,1,1,1996,0,0,0,0,0,0,0,0,0,0
260871,1,1,1996,20,20,20,20,20,20,20,20,20,20
260871,2,1,1996,13,0,7,0,21,20,0,8,0,18
260872,1,1,1996,0,0,0,0,0,0,0,0,0,0
260873,1,1,1996,29,29,29,29,29,29,29,29,29,29
260874,0,1,1996,33,16,35,23,5,19,35,0,9,22
260874,1,1,1996,0,0,0,0,0,0,0,0,0,0
260875,1,1,1996,9,9,4,24,13,15,11,11,29,0
260875,2,1,1996,0,0,0,0,0,0,0,0,0,0
260875,3,1,1996,0,0,0,0,0,15,0,0,0,0
260876,1,1,1996,0,0,0,0,0,0,0,0,0,0
260876,2,1,1996,13,13,13,13,13,13,13,13,13,13
260877,1,1,1996,0,0,0,0,0,0,0,0,0,0
260877,2,1,1996,0,0,6,0,0,0,0,0,0,0
260878,1,1,1996,0,0,0,0,0,0,0,0,0,0
260878,2,1,1996,0,0,0,0,0,0,0,0,0,0
260879,1,1,1996,14,14,14,14,14,14,14,14,14,14
260879,2,1,1996,0,0,0,0,0,0,0,0,0,0
260879,3,1,1996,0,0,0,0,0,0,0,0,0,0
260880,1,1,1996,0,0,0,0,19,23,0,0,0,35
260881,0,1,1996,0,0,0,0,0,0,0,0,0,0
260881,1,1,1996,0,0,0,0,0,0,0,0,0,0
260882,0,1,1996,0,0,0,0,0,0,0,0,0,0
260882,1,1,1996,15,0,0,0,0,0,0,0,0,0
260883,1,1,1996,9,9,9,9,9,9,9,9,9,9
260883,2,1,1996,0,15,18,21,0,0,0,11,12,11
260884,0,1,1996,0,19,0,14,0,15,20,0,0,0
260884,1,1,1996,0,0,0,0,0,0,0,0,0,0
260885,1,1,1996,24,24,24,24,24,24,24,24,24,24
260886,1,1,1996,0,0,0,0,0,0,0,0,0,0
260886,2,1,1996,0,0,0,0,0,0,0,0,0,0
260887,1,1,1996,14,14,14,14,14,14,14,14,14,14
260888,1,1,1996,32,32,32,32,32,32,32,32,32,32
260888,2,1,1996,11,11,11,11,11,11,11,11,11,11
260889,0,1,1996,0,0,0,0,0,0,0,0,0,0
260889,1,1,1996,7,7,7,7,7,7,7,7,7,7
260890,1,1,1996,0,0,0,0,0,0,0,0,0,0
260890,2,1,1996,0,0,0,0,0,0,0,0,0,0
260891,1,1,1996,0,0,0,0,0,0,0,0,0,0
260892,1,1,1996,0,0,0,0,0,0,0,0,0,0
260892,2,1,1996,0,0,0,0,0,0,0,0,0,0
260893,0,1,1996,0,21,11,0,0,0,0,13,0,0
260893,1,1,1996,0,16,0,0,0,0,20,0,0,8
260894,0,1,1996,0,0,0,0,0,0,0,0,0,0
260894,1,1,1996,0,0,0,0,0,0,0,0,0,0
260895,1,1,1996,0,0,0,0,0,0,9,0,0,34
260895,2,1,1996,0,0,0,0,0,0,0,0,0,0
260896,1,1,1996,0,0,0,0,0,0,0,0,0,0
260896,2,1,1996,0,0,0,0,0,0,0,0,0,0
260897,1,1,1996,0,0,0,0,0,0,0,0,0,0
260897,2,1,1996,0,0,0,0,0,0,0,0,0,0
260898,1,1,1996,13,0,0,0,0,0,0,0,0,0
260899,1,1,1996,0,0,0,0,0,0,0,0,0,0
260899,2,1,1996,0,0,0,0,0,0,4,0,0,0
260900,0,1,1996,0,0,0,0,0,0,0,0,0,0
260900,1,1,1996,0,0,0,0,0,0,0,0,0,0
260901,1,1,1996,0,0,0,0,0,0,0,0,0,0
260901,2,1,1996,0,0,0,0,0,0,0,0,0,0
260902,1,1,1996,0,0,0,0,0,0,0,0,0,0
260902,2,1,1996,0,0,0,0,0,0,0,0,0,0
260903,0,1,1996,34,34,34,34,34,34,34,34,34,34
260903,1,1,1996,15,15,15,15,15,15,15,15,15,15
260904,1,1,1996,0,0,0,0,0,0,0,0,0,0
260904,2,1,1996,0,0,0,0,0,0,0,0,0,0
260905,0,1,1996,0,0,0,28,0,0,0,0,0,0
260905,1,1,1996,0,0,0,0,0,0,0,0,0,0
260906,1,1,1996,0,0,0,0,0,0,0,0,0,0
260906,2,1,1996,5,0,0,0,0,0,0,0,0,0
260906,3,1,1996,0,0,0,0,0,0,0,0,0,9
260906,4,1,1996,0,0,0,0,0,0,0,0,0,0
260907,1,1,1996,0,0,0,0,0,0,0,0,0,0
260907,2,1,1996,0,0,0,0,0,0,0,0,0,0
260908,0,1,1996,28,28,28,28,28,28,28,28,28,28
260908,1,1,1996,0,0,9,0,9,0,0,0,0,0
260909,0,1,1996,0,0,0,0,6,0,0,0,0,0
260909,1,1,1996,12,13,0,0,0,12,0,0,0,0
260910,1,1,1996,12,12,12,12,12,12,12,12,12,12
260910,2,1,1996,0,0,0,0,0,0,0,0,0,0
260911,0,1,1996,0,0,0,0,0,0,20,0,0,0
260911,1,1,1996,0,0,0,0,0,0,0,0,0,0
260911,2,1,1996,0,0,0,0,0,0,0,0,0,0
260912,1,1,1996,19,19,19,19,19,19,19,19,19,19
260913,1,1,1996,0,0,0,0,0,0,0,0,0,0
260914,1,1,1996,8,8,8,8,8,8,8,8,8,8
260915,1,1,1996,9,9,9,9,9,9,9,9,9,9
260916,1,1,1996,0,0,0,0,0,0,0,0,0,0
260917,1,1,1996,0,0,0,0,0,0,0,0,0,0
260917,2,1,1996,0,0,0,0,0,0,0,0,0,0
260918,1,1,1996,0,0,0,0,0,0,0,0,0,0
260919,1,1,1996,0,0,0,0,0,0,0,0,0,0
260920,1,1,1996,0,0,0,0,0,0,0,0,0,0
260920,2,1,1996,0,0,0,0,0,0,0,0,0,0
260921,0,1,1996,0,0,0,0,0,0,0,0,0,0
260921,1,1,1996,0,0,0,0,0,0,0,0,0,0
260922,1,1,1996,6,6,6,6,6,6,6,6,6,6
260923,1,1,1996,0,0,0,0,0,0,0,0,0,0
260923,2,1,1996,0,0,0,0,0,0,0,0,0,0
260924,1,1,1996,0,0,0,0,0,0,0,0,0,0
260924,2,1,1996,0,0,0,0,0,0,0,0,0,0
260925,1,1,1996,0,0,0,0,0,0,0,0,0,0
260925,2,1,1996,0,0,0,0,0,0,0,0,0,0
260926,1,1,1996,19,10,8,10,0,13,0,11,4,10
260927,0,1,1996,0,0,0,0,0,0,0,0,0,0
260927,1,1,1996,0,0,0,0,0,0,0,0,0,0
260928,1,1,1996,0,0,17,0,0,0,0,0,0,0
260928,2,1,1996,0,0,0,0,0,0,0,0,0,0
260929,1,1,1996,19,19,19,19,19,19,19,19,19,19
260929,2,1,1996,0,0,0,0,0,0,0,0,0,0
260930,1,1,1996,6,0,0,17,0,16,16,14,15,4
260931,1,1,1996,3,3,3,3,3,3,3,3,3,3
260932,1,1,1996,0,0,0,0,0,0,0,0,0,0
260932,2,1,1996,0,0,0,0,0,0,0,0,0,18
260932,3,1,1996,0,0,0,0,0,0,0,0,0,0
260933,1,1,1996,0,0,0,0,0,0,0,0,0,0
260933,2,1,1996,0,0,0,0,0,0,0,0,0,0
260934,1,1,1996,14,14,14,14,14,14,14,14,14,14
260935,1,1,1996,0,0,0,0,0,0,0,0,0,0
260935,2,1,1996,0,0,0,0,0,0,0,0,0,0
260935,3,1,1996,0,0,0,0,0,0,0,0,0,0
260936,1,1,1996,0,0,0,0,0,0,0,0,0,0
260936,2,1,1996,1,1,1,1,1,1,1,1,1,1
260936,3,1,1996,0,0,0,0,0,0,0,10,7,0
260937,1,1,1996,31,31,31,31,31,31,31,31,31,31
260939,1,1,1996,15,15,15,15,15,15,15,15,15,15
260939,2,1,1996,0,0,0,0,0,0,0,0,0,0
260940,1,1,1996,9,9,9,9,9,9,9,9,9,9
260941,1,1,1996,21,21,21,21,21,21,21,21,21,21
260942,1,1,1996,7,7,7,7,7,7,7,7,7,7
260943,0,1,1996,0,0,0,0,0,0,0,0,0,0
260943,1,1,1996,0,0,0,0,0,0,0,0,0,0
260944,0,1,1996,51,51,51,51,51,51,51,51,51,51
260944,1,1,1996,0,0,0,0,0,0,14,0,0,23
260945,1,1,1996,21,0,25,0,0,0,0,0,0,0
260946,1,1,1996,22,22,22,22,22,22,22,22,22,22
260947,1,1,1996,15,15,15,15,15,15,15,15,15,15
260948,1,1,1996,0,0,0,0,0,0,0,0,0,0
260948,2,1,1996,0,0,0,0,0,0,0,0,0,0
260949,0,1,1996,0,0,0,0,0,0,0,0,0,0
260949,1,1,1996,0,0,0,0,0,0,0,0,0,0
260950,1,1,1996,0,0,0,0,0,0,0,0,0,0
260950,2,1,1996,0,0,0,0,0,0,0,0,0,0
260950,3,1,1996,0,0,0,0,0,0,0,0,0,0
260951,1,1,1996,8,13,10,0,26,18,6,21,21,8
260951,2,1,1996,0,0,0,0,0,0,0,0,0,0
260952,1,1,1996,20,20,20,20,20,20,20,20,20,20
260953,1,1,1996,0,0,0,0,0,0,0,0,0,0
260953,2,1,1996,0,0,0,0,0,0,0,0,0,0
260954,1,1,1996,0,0,17,0,0,22,12,23,4,9
260954,2,1,1996,2,2,2,2,2,2,2,2,2,2
260955,1,1,1996,2,2,2,2,2,2,2,2,2,2
260956,1,1,1996,0,0,0,0,0,0,0,0,0,0
260956,2,1,1996,0,0,0,0,0,0,0,0,0,0
260957,1,1,1996,0,0,0,0,0,0,0,0,0,0
260957,2,1,1996,0,0,0,0,0,0,0,0,0,0
260958,0,1,1996,0,0,0,0,0,0,0,0,0,0
260958,1,1,1996,0,0,0,0,0,0,0,0,0,0
260959,0,1,1996,0,0,0,0,0,0,0,0,0,0
260959,1,1,1996,0,0,0,0,0,0,0,0,0,0
260960,1,1,1996,0,0,0,0,0,0,0,0,0,0
260961,1,1,1996,5,5,5,5,5,5,5,5,5,5
260962,1,1,1996,0,0,0,0,0,0,0,0,0,0
260962,2,1,1996,0,0,0,0,0,0,0,0,0,0
260963,1,1,1996,16,0,0,0,0,0,0,0,7,0
260963,2,1,1996,0,0,0,0,0,0,11,0,0,12
260963,3,1,1996,0,0,0,0,0,0,17,4,0,0
260964,0,1,1996,23,23,23,23,23,23,23,23,23,23
260964,1,1,1996,0,0,0,0,0,0,0,0,0,0
260965,1,1,1996,0,0,0,0,0,0,0,0,0,0
260965,2,1,1996,0,0,0,0,0,0,0,0,0,0
260966,1,1,1996,0,0,0,0,0,0,0,0,0,0
260967,1,1,1996,37,37,37,37,37,37,37,37,37,37
260968,1,1,1996,0,0,0,0,0,0,0,0,0,0
260968,2,1,1996,0,0,0,0,0,0,0,0,0,0
260968,3,1,1996,0,0,0,0,0,0,0,0,0,0
260970,1,1,1996,29,29,29,29,29,29,29,29,29,29
260971,0,1,1996,0,0,0,27,0,0,0,0,0,0
260971,1,1,1996,0,0,0,0,0,0,0,0,0,0
260972,0,1,1996,0,0,0,0,0,0,0,0,0,0
260972,1,1,1996,0,0,0,0,0,0,0,0,0,0
260973,1,1,1996,11,15,8,15,6,0,30,0,10,13
260974,1,1,1996,0,0,0,0,0,0,0,0,0,0
260974,2,1,1996,0,0,0,0,0,0,0,0,0,0
260975,1,1,1996,18,18,18,18,18,18,18,18,18,18
260975,2,1,1996,0,0,0,0,0,0,0,0,0,0
260976,1,1,1996,0,0,0,0,0,0,0,0,0,0
260977,0,1,1996,0,0,0,0,0,0,0,0,0,0
260977,1,1,1996,3,0,0,0,11,11,0,0,0,0
260978,1,1,1996,0,18,7,8,3,23,30,0,16,0
260979,1,1,1996,0,0,0,0,0,0,0,0,0,0
260979,2,1,1996,0,15,0,14,0,0,0,21,0,4
260980,1,1,1996,0,0,0,0,0,0,0,10,0,0
260980,2,1,1996,0,0,0,0,0,0,0,0,0,0
260981,0,1,1996,0,0,0,0,0,0,0,0,0,0
260981,1,1,1996,0,0,0,0,0,0,0,0,0,0
260982,1,1,1996,22,22,22,22,22,22,22,22,22,22
260982,2,1,1996,0,0,0,0,0,0,0,0,0,0
260983,1,1,1996,22,22,22,22,22,22,22,22,22,22
260984,0,1,1996,29,29,29,29,29,29,29,29,29,29
260984,1,1,1996,0,0,0,0,0,0,0,0,0,0
260985,1,1,1996,0,0,0,0,0,0,0,0,0,0
260985,2,1,1996,0,0,0,0,0,0,0,0,0,0
260986,1,1,1996,0,0,0,0,0,0,0,0,0,0
260987,1,1,1996,12,12,12,12,12,12,12,12,12,12
260988,1,1,1996,0,0,0,0,0,0,0,0,0,0
260989,1,1,1996,0,0,0,0,0,0,0,0,0,0
260989,2,1,1996,0,0,0,0,0,0,0,8,0,0
260990,1,1,1996,0,0,0,0,0,0,0,0,0,0
260991,1,1,1996,0,0,0,0,0,0,0,0,0,0
260991,2,1,1996,0,0,0,0,0,0,0,0,0,0
260992,1,1,1996,0,0,0,0,0,0,0,0,0,0
260992,2,1,1996,0,0,0,0,0,0,0,0,0,0
260992,3,1,1996,0,0,0,0,0,0,0,0,0,0
260993,1,1,1996,0,0,0,0,0,0,0,0,0,0
260993,2,1,1996,0,0,0,0,0,0,0,0,0,0
260994,0,1,1996,0,0,0,0,0,0,0,0,0,0
260994,1,1,1996,0,0,0,0,0,0,0,0,0,0
260995,1,1,1996,0,0,0,0,0,0,0,0,0,0
260995,2,1,1996,0,0,0,0,0,0,0,0,0,0
260996,1,1,1996,0,0,0,0,0,0,0,0,0,0
260997,1,1,1996,0,0,0,0,0,0,0,0,0,0
260997,2,1,1996,0,0,0,0,0,0,0,0,0,0
260998,0,1,1996,0,0,0,0,0,0,0,0,0,35
260998,1,1,1996,4,4,4,4,4,4,4,4,4,4
260999,1,1,1996,0,0,0,0,0,0,0,11,0,0
261000,1,1,1996,0,0,0,0,0,0,0,0,0,0
261000,2,1,1996,0,0,0,0,0,0,0,0,0,0
261001,1,1,1996,0,0,0,0,0,0,0,0,0,0
261001,2,1,1996,0,0,0,0,0,0,0,0,0,0
261001,3,1,1996,0,0,0,0,0,13,0,0,0,0
261001,4,1,1996,0,0,0,0,0,14,0,0,3,0
261002,1,1,1996,0,0,0,0,0,0,0,0,0,0
261002,2,1,1996,0,0,0,0,0,0,0,0,0,0
261003,1,1,1996,0,0,0,0,0,0,0,0,0,0
261004,1,1,1996,0,0,0,0,0,0,0,0,0,0
261004,2,1,1996,0,0,0,0,0,0,0,0,0,0
261004,3,1,1996,0,0,0,0,0,0,0,0,0,0
261005,1,1,1996,22,22,22,22,22,22,22,22,22,22
261006,1,1,1996,0,0,0,0,0,0,0,0,0,0
261006,2,1,1996,0,0,0,0,0,0,0,0,0,0
261007,1,1,1996,0,0,0,0,0,0,0,0,0,0
261007,2,1,1996,0,0,0,0,0,0,0,0,0,0
261008,1,1,1996,0,0,0,0,0,0,0,0,0,0
261008,2,1,1996,0,0,0,0,0,0,0,0,0,0
261009,1,1,1996,0,0,0,0,0,0,0,0,0,0
261009,2,1,1996,0,0,0,0,0,0,0,0,0,0
261010,1,1,1996,0,20,0,0,0,0,0,10,0,0
261010,2,1,1996,0,0,0,0,5,0,0,0,0,0
261011,1,1,1996,0,0,0,0,0,0,0,0,0,0
261011,2,1,1996,0,0,0,7,0,0,0,0,0,13
261012,1,1,1996,28,28,28,28,28,28,28,28,28,28
261012,2,1,1996,0,0,0,0,0,0,0,0,0,0
261013,1,1,1996,14,13,11,6,6,31,45,4,14,14
261014,1,1,1996,16,16,16,16,16,16,16,16,16,16
261014,2,1,1996,0,0,0,0,0,0,0,0,0,0
261015,1,1,1996,45,13,18,0,0,18,19,20,29,9
261016,1,1,1996,0,0,0,0,0,0,0,0,0,0
261017,1,1,1996,0,0,0,0,0,0,0,0,0,0
261017,2,1,1996,0,0,0,0,0,0,9,0,0,0
261017,3,1,1996,0,0,0,0,0,0,0,0,0,0
261017,4,1,1996,0,0,0,0,0,0,0,0,0,0
261017,5,1,1996,0,0,0,0,0,0,0,0,0,0
261018,1,1,1996,11,11,11,11,11,11,11,11,11,11
261019,0,1,1996,0,2,0,34,0,0,25,0,13,38
261019,0,2,1996,0,0,0,0,0,0,0,31,0,0
261019,1,1,1996,0,0,0,0,0,0,0,0,0,0
261020,1,1,1996,13,13,13,13,13,13,13,13,13,13
261020,2,1,1996,0,0,0,0,0,0,0,0,0,0
261021,1,1,1996,0,0,0,0,0,0,0,0,0,0
261021,2,1,1996,0,0,0,0,0,0,0,0,0,0
261022,1,1,1996,0,0,0,0,0,0,0,0,0,0
261022,2,1,1996,0,0,0,0,0,0,0,0,0,0
261023,1,1,1996,11,11,11,11,11,11,11,11,11,11
261023,2,1,1996,0,0,0,0,0,0,0,0,0,0
261024,1,1,1996,0,23,17,0,17,0,27,22,5,0
261024,2,1,1996,23,0,0,0,0,0,0,0,40,0
261025,1,1,1996,0,0,0,0,0,0,0,0,0,0
261025,2,1,1996,0,0,0,0,0,0,0,0,0,0
261026,1,1,1996,0,0,0,0,0,0,0,0,0,0
261026,2,1,1996,0,0,0,0,5,0,0,0,0,0
261027,1,1,1996,21,21,21,21,21,21,21,21,21,21
261028,0,1,1996,0,32,0,14,31,20,0,0,11,44
261028,1,1,1996,0,0,0,0,0,0,0,0,0,0
261029,1,1,1996,0,0,0,0,0,0,0,0,0,0
261030,1,1,1996,0,0,0,0,0,0,12,0,0,0
261031,1,1,1996,14,14,14,14,14,14,14,14,14,14
261032,1,1,1996,0,0,0,0,0,0,0,0,0,0
261033,1,1,1996,0,0,0,0,0,0,0,0,0,0
261034,0,1,1996,0,0,16,0,0,0,0,0,0,17
261034,1,1,1996,0,0,0,0,0,0,0,0,9,0
261035,0,1,1996,0,0,0,0,0,0,0,0,0,0
261035,1,1,1996,0,0,0,0,0,0,0,0,0,14
261036,0,1,1996,0,0,0,0,0,0,0,0,0,0
261036,1,1,1996,0,0,0,0,0,0,0,0,0,0
261037,1,1,1996,0,0,0,0,0,0,0,0,0,0
261037,2,1,1996,2,2,2,2,2,2,2,2,2,2
261038,0,1,1996,32,32,32,32,32,32,32,32,32,32
261038,1,1,1996,0,0,0,0,0,0,0,0,0,0
261038,2,1,1996,0,0,0,0,0,0,0,0,0,0
261038,3,1,1996,0,0,0,0,0,0,0,13,0,0
261038,4,1,1996,0,0,0,0,0,0,0,0,9,0
261038,5,1,1996,4,0,0,0,0,0,0,0,0,0
261039,1,1,1996,0,0,0,0,0,0,0,0,0,0
261039,2,1,1996,0,0,1,0,0,5,0,0,0,0
261040,1,1,1996,0,0,0,0,0,0,0,0,0,0
261040,2,1,1996,0,0,0,0,0,0,0,0,0,0
261041,1,1,1996,0,0,0,0,0,0,0,0,0,0
261042,1,1,1996,0,0,0,0,0,0,0,0,0,0
261043,1,1,1996,0,0,0,0,0,0,0,0,0,0
261044,1,1,1996,0,0,0,0,0,0,0,0,0,0
261044,2,1,1996,0,0,0,0,0,0,0,0,0,0
261045,1,1,1996,11,11,11,11,11,11,11,11,11,11
261046,1,1,1996,0,0,0,0,0,0,0,0,0,0
261046,2,1,1996,0,0,0,0,0,0,0,17,0,0
261047,0,1,1996,24,24,24,24,24,24,24,24,24,24
261047,1,1,1996,0,0,0,0,0,17,3,14,0,0
261048,0,1,1996,0,0,0,0,0,0,0,0,0,0
261048,1,1,1996,0,0,0,0,0,0,0,0,0,0
261049,0,1,1996,15,21,11,11,10,24,21,10,14,6
261049,1,1,1996,0,0,0,0,0,0,0,0,0,0
261050,1,1,1996,0,0,0,0,0,0,0,0,0,0
261050,2,1,1996,0,0,0,0,0,0,0,0,0,0
261051,0,1,1996,0,0,0,0,0,0,0,0,0,0
261051,1,1,1996,0,0,0,0,0,0,0,0,0,0
261052,1,1,1996,0,0,0,0,0,0,0,0,0,0
261052,2,1,1996,0,0,0,0,0,0,0,0,0,0
261053,1,1,1996,0,0,0,0,0,0,0,0,0,0
261053,2,1,1996,0,0,0,0,0,0,0,0,0,0
261054,1,1,1996,0,7,0,0,0,0,0,4,0,11
261055,1,1,1996,8,8,8,8,8,8,8,8,8,8
261056,1,1,1996,8,8,8,8,8,8,8,8,8,8
261057,1,1,1996,0,0,0,0,0,0,0,0,0,0
261057,2,1,1996,0,0,0,0,0,0,0,0,0,0
261058,1,1,1996,0,0,0,0,0,0,0,0,0,0
261058,2,1,1996,0,0,0,0,0,0,0,0,0,0
261059,0,1,1996,0,0,0,0,0,0,0,0,0,0
261059,1,1,1996,0,0,0,0,0,0,0,0,0,0
261060,1,1,1996,19,19,19,19,19,19,19,19,19,19
261061,1,1,1996,0,0,0,0,0,0,0,0,0,0
261061,2,1,1996,0,0,0,0,0,0,0,0,0,0
261062,1,1,1996,0,0,0,0,0,0,0,0,0,0
261062,2,1,1996,0,0,0,0,0,0,0,0,0,0
261063,1,1,1996,23,23,23,23,23,23,23,23,23,23
261064,1,1,1996,0,0,0,0,0,0,0,0,0,0
261064,2,1,1996,0,0,0,0,0,0,0,0,0,0
261065,1,1,1996,0,0,0,0,0,0,0,0,0,0
261065,2,1,1996,0,0,0,0,0,0,0,0,0,0
261066,1,1,1996,0,0,0,0,0,0,0,0,0,0
261066,2,1,1996,0,0,0,0,0,0,0,0,0,0
261067,1,1,1996,28,28,28,28,28,28,28,28,28,28
261068,0,1,1996,18,18,20,16,26,35,11,15,14,26
261068,1,1,1996,0,0,0,0,0,0,0,0,0,0
261069,1,1,1996,18,18,18,18,18,18,18,18,18,18
261070,1,1,1996,19,10,11,18,14,20,8,21,24,10
261070,2,1,1996,0,0,0,0,0,0,0,0,0,0
261071,1,1,1996,0,0,0,0,0,0,0,0,0,0
261072,1,1,1996,0,0,0,0,0,0,0,0,0,0
261072,2,1,1996,0,0,0,0,0,0,0,0,0,0
261073,0,1,1996,33,33,33,33,33,33,33,33,33,33
261073,1,1,1996,0,0,0,0,0,0,0,0,10,0
261074,1,1,1996,0,0,0,0,0,0,0,0,0,0
261075,1,1,1996,22,9,30,0,0,18,12,18,24,0
261076,1,1,1996,0,0,0,0,9,3,0,0,10,13
261076,2,1,1996,3,3,3,3,3,3,3,3,3,3
261077,1,1,1996,0,0,0,0,0,0,0,0,0,0
261078,0,1,1996,0,0,0,0,0,20,0,0,33,23
261078,1,1,1996,0,0,0,0,0,0,0,0,0,0
261079,1,1,1996,0,0,0,0,0,0,0,0,0,0
261079,2,1,1996,0,0,0,0,0,0,0,0,0,0
261080,1,1,1996,0,0,0,0,0,0,0,0,0,0
261080,2,1,1996,0,0,0,0,0,0,0,0,0,0
261081,1,1,1996,0,0,0,0,0,0,0,0,0,0
261081,2,1,1996,0,0,0,0,0,0,0,0,0,0
261082,1,1,1996,0,0,0,0,0,0,0,0,0,0
261083,1,1,1996,6,8,0,10,28,11,12,8,11,12
261084,1,1,1996,0,0,0,0,0,0,0,0,0,0
261084,2,1,1996,0,0,0,0,0,0,0,0,0,0
261084,3,1,1996,0,0,0,0,0,0,0,0,0,0
261085,1,1,1996,0,0,0,0,0,0,0,0,0,0
261085,2,1,1996,0,0,0,0,0,0,0,0,0,0
261086,0,1,1996,0,0,25,26,39,13,10,0,14,0
261086,0,2,1996,0,0,0,0,0,0,0,0,0,0
261086,1,1,1996,19,19,19,19,19,19,19,19,19,19
261087,1,1,1996,0,0,0,0,0,0,0,0,0,0
261087,2,1,1996,0,0,0,0,0,0,0,0,0,0
261088,0,1,1996,0,0,0,0,0,0,0,0,0,0
261088,1,1,1996,0,0,0,0,0,0,0,0,0,0
261089,1,1,1996,0,15,5,0,14,16,0,11,19,8
261090,1,1,1996,0,0,0,0,0,0,0,0,0,0
261091,1,1,1996,0,12,17,14,21,0,4,4,0,0
261091,2,1,1996,0,0,0,0,0,0,0,0,0,0
261091,3,1,1996,0,0,0,0,0,0,0,0,0,0
261092,1,1,1996,0,0,0,0,0,0,0,0,0,0
261092,2,1,1996,0,0,0,0,0,0,0,0,0,0
261093,0,1,1996,26,26,26,26,26,26,26,26,26,26
261093,1,1,1996,0,0,0,0,0,0,0,0,0,4
261094,1,1,1996,0,0,0,0,0,0,0,0,0,0
261095,1,1,1996,19,19,19,19,19,19,19,19,19,19
261096,1,1,1996,0,0,0,0,0,0,0,0,0,0
261096,2,1,1996,0,0,0,0,0,0,0,0,0,0
261096,3,1,1996,0,0,0,0,0,0,0,0,0,0
261097,1,1,1996,0,0,0,0,0,0,0,0,0,0
261098,1,1,1996,0,0,0,0,0,0,0,0,0,0
261098,2,1,1996,0,0,0,0,0,0,0,0,0,0
261099,0,1,1996,0,0,0,0,0,0,0,0,0,0
261099,0,2,1996,10,10,10,10,10,10,10,10,10,10
261099,1,1,1996,25,32,0,18,29,14,7,14,4,23
261100,1,1,1996,0,0,0,0,0,0,0,0,0,0
261100,2,1,1996,0,0,0,0,0,0,0,0,0,0
261101,1,1,1996,18,18,18,18,18,18,18,18,18,18
261102,1,1,1996,21,21,21,21,21,21,21,21,21,21
261102,2,1,1996,0,0,0,0,0,0,0,0,0,0
261103,1,1,1996,0,0,0,0,13,27,0,0,0,0
261104,1,1,1996,15,15,15,15,15,15,15,15,15,15
261105,1,1,1996,24,24,24,24,24,24,24,24,24,24
261105,2,1,1996,0,0,0,0,0,0,0,0,0,0
261105,3,1,1996,0,0,0,0,0,0,0,0,0,0
261106,1,1,1996,0,0,0,0,0,0,0,0,0,0
261106,2,1,1996,0,0,0,0,0,0,0,0,0,0
261106,3,1,1996,0,0,0,0,31,0,0,0,0,0
261107,1,1,1996,0,23,0,16,0,0,0,0,0,0
261108,1,1,1996,7,11,10,10,18,19,16,27,18,16
261109,1,1,1996,0,0,0,0,0,0,0,0,0,0
261109,2,1,1996,19,7,0,0,32,0,17,0,0,0
261110,1,1,1996,0,0,0,0,0,0,0,0,0,0
261110,2,1,1996,0,0,0,0,0,0,0,0,0,0
261111,1,1,1996,0,0,0,0,0,0,0,0,0,0
261111,2,1,1996,0,0,0,0,0,0,0,0,0,0
261112,1,1,1996,0,0,0,0,0,0,0,0,0,0
261112,2,1,1996,0,0,0,0,0,0,0,0,0,0
261113,1,1,1996,22,23,8,9,16,6,9,16,12,11
261113,2,1,1996,0,0,0,0,0,0,0,0,0,0
261114,1,1,1996,14,14,14,14,14,14,14,14,14,14
261114,2,1,1996,0,0,0,0,0,0,0,0,0,0