ST_CASE,VEH_NO,PER_NO,YEAR,P1,P2,P3,P4,P5,P6,P7,P8,P9,P10
261115,1,1,1996,0,0,0,0,0,0,0,0,0,0
261116,1,1,1996,12,12,12,12,12,12,12,12,12,12
261117,1,1,1996,0,0,0,0,0,0,0,0,0,0
261117,2,1,1996,0,0,0,0,0,0,0,0,0,0
261118,1,1,1996,0,0,0,0,0,0,0,0,0,0
261119,1,1,1996,24,24,24,24,24,24,24,24,24,24
261120,1,1,1996,23,23,23,23,23,23,23,23,23,23
261120,2,1,1996,0,0,0,0,0,0,0,0,0,0
261121,1,1,1996,0,0,0,0,0,0,0,0,0,0
261121,2,1,1996,0,0,0,0,0,0,0,0,0,0
261122,0,1,1996,0,0,0,0,0,0,0,0,0,0
261122,1,1,1996,0,0,0,0,0,0,0,0,0,0
261123,1,1,1996,0,0,0,0,0,0,0,0,0,0
261123,2,1,1996,0,0,0,0,0,0,0,0,0,0
261124,1,1,1996,0,0,0,0,0,0,0,0,0,0
261124,2,1,1996,0,0,0,0,0,0,0,0,0,0
261125,1,1,1996,0,0,0,0,0,0,0,0,0,0
261125,2,1,1996,0,0,0,0,0,0,0,0,0,0
261126,1,1,1996,12,12,12,12,12,12,12,12,12,12
261127,1,1,1996,0,0,0,0,0,0,0,0,0,0
261127,2,1,1996,0,0,0,0,0,0,0,0,0,8
261128,1,1,1996,0,7,0,0,0,0,0,0,0,5
261129,0,1,1996,0,0,0,0,0,0,0,0,0,0
261129,1,1,1996,0,0,0,0,0,0,0,0,0,0
261130,1,1,1996,7,7,7,7,7,7,7,7,7,7
261131,1,1,1996,5,5,5,5,5,5,5,5,5,5
261131,2,1,1996,0,0,0,0,0,0,0,0,0,0
261132,1,1,1996,23,23,23,23,23,23,23,23,23,23
261133,1,1,1996,17,8,13,24,11,12,7,13,13,0
261133,2,1,1996,0,0,0,0,0,0,0,0,0,0
261134,1,1,1996,22,22,22,22,22,22,22,22,22,22
261135,1,1,1996,0,0,0,0,0,0,0,0,0,0
261135,2,1,1996,0,0,0,0,0,0,0,0,0,0
261136,1,1,1996,19,19,19,19,19,19,19,19,19,19
261137,1,1,1996,0,0,0,0,0,0,0,0,0,0
261137,2,1,1996,0,0,0,0,0,0,0,0,0,0
261137,3,1,1996,0,0,0,0,0,0,0,0,0,0
261137,4,1,1996,0,0,0,0,0,0,0,0,0,0
261138,1,1,1996,22,22,22,22,22,22,22,22,22,22
261139,1,1,1996,0,0,0,0,0,0,0,0,0,0
261139,2,1,1996,0,0,0,0,0,0,0,0,0,0
261140,1,1,1996,0,0,0,0,0,0,0,0,0,0
261141,1,1,1996,0,0,0,0,0,0,0,0,0,0
261142,1,1,1996,0,0,0,0,0,0,0,0,0,0
261142,2,1,1996,0,0,0,0,0,0,0,0,0,0
261142,3,1,1996,0,0,0,0,0,0,0,0,0,0
261143,1,1,1996,0,0,0,0,0,0,0,0,0,0
261143,2,1,1996,0,0,0,0,0,0,0,0,0,0
261144,0,1,1996,28,28,28,28,28,28,28,28,28,28
261144,1,1,1996,0,0,0,0,0,0,0,0,0,0
261145,1,1,1996,0,0,0,0,0,0,0,0,0,0
261145,2,1,1996,0,0,18,0,0,0,0,0,0,0
261146,1,1,1996,28,28,28,28,28,28,28,28,28,28
261147,1,1,1996,5,5,5,5,5,5,5,5,5,5
261148,1,1,1996,0,0,0,0,0,0,0,0,0,0
261148,2,1,1996,0,0,0,0,0,0,0,0,0,0
261149,1,1,1996,0,0,0,0,0,0,0,0,0,0
261149,2,1,1996,0,0,0,0,0,0,0,0,0,0
261150,1,1,1996,0,0,0,0,0,0,0,0,0,0
261150,2,1,1996,0,0,0,0,0,0,0,0,0,0
261151,1,1,1996,0,0,0,0,0,0,0,0,0,0
261151,2,1,1996,0,0,0,0,0,0,0,0,0,0
261152,1,1,1996,23,23,23,23,23,23,23,23,23,23
261153,1,1,1996,0,0,0,0,0,0,0,0,0,0
261154,1,1,1996,0,0,0,0,0,0,0,0,0,0
261155,1,1,1996,0,0,0,0,0,0,0,0,0,0
261155,2,1,1996,0,0,0,0,0,0,0,0,0,0
261157,1,1,1996,0,0,0,0,0,0,0,0,0,0
261157,2,1,1996,0,0,0,0,0,0,0,0,0,0
261157,3,1,1996,0,0,0,0,0,0,0,0,0,0
261158,1,1,1996,0,0,0,0,0,0,0,0,0,0
261158,2,1,1996,0,0,0,0,0,0,0,0,0,0
261159,1,1,1996,0,0,0,0,0,0,0,0,0,0
261159,2,1,1996,0,0,0,0,0,0,0,0,0,0
261160,1,1,1996,0,0,0,0,0,0,0,0,0,0
261160,2,1,1996,0,0,0,0,0,0,0,0,0,0
261161,1,1,1996,0,0,0,0,0,0,0,0,0,0
261162,0,1,1996,0,0,0,0,0,0,13,0,0,0
261162,1,1,1996,0,0,0,0,0,0,0,15,0,0
261163,1,1,1996,33,33,33,33,33,33,33,33,33,33
261164,1,1,1996,0,0,0,0,0,0,0,0,0,0
261164,2,1,1996,0,0,0,17,0,0,0,0,0,0
261165,1,1,1996,12,7,5,0,0,21,16,9,6,14
261166,1,1,1996,13,13,13,13,13,13,13,13,13,13
261166,2,1,1996,0,0,0,0,0,0,0,0,0,0
261167,1,1,1996,27,27,27,27,27,27,27,27,27,27
261168,1,1,1996,0,0,0,0,0,0,0,0,0,0
261168,2,1,1996,0,0,0,0,0,0,0,0,0,0
261169,1,1,1996,11,11,11,11,11,11,11,11,11,11
261170,1,1,1996,0,0,0,0,0,0,0,0,0,0
261170,2,1,1996,0,0,0,0,0,0,0,0,0,0
261171,0,1,1996,26,0,19,30,13,20,0,5,0,29
261171,1,1,1996,14,14,14,14,14,14,14,14,14,14
261172,1,1,1996,0,0,0,0,0,0,0,0,0,0
261172,2,1,1996,0,0,0,0,0,0,0,0,0,0
261173,1,1,1996,5,5,5,5,5,5,5,5,5,5
261174,0,1,1996,0,0,0,0,0,0,0,0,0,0
261174,1,1,1996,0,0,0,0,0,0,0,0,0,0
261175,0,1,1996,17,17,17,17,17,17,17,17,17,17
261175,1,1,1996,0,16,10,0,0,0,0,12,29,0
261176,1,1,1996,0,11,24,0,0,0,0,0,0,0
261176,2,1,1996,23,0,0,11,20,0,0,0,0,13
261177,1,1,1996,18,18,18,18,18,18,18,18,18,18
261178,1,1,1996,0,0,0,0,0,0,0,0,0,0
261178,2,1,1996,11,11,11,11,11,11,11,11,11,11
261179,1,1,1996,0,0,0,0,0,0,0,0,0,0
261179,2,1,1996,11,0,0,0,16,0,0,0,0,0
261180,0,1,1996,19,19,19,19,19,19,19,19,19,19
261180,1,1,1996,0,25,0,10,6,0,0,0,7,0
261181,1,1,1996,0,0,0,16,0,0,0,0,0,0
261181,2,1,1996,0,0,0,0,0,0,0,0,0,0
261182,0,1,1996,0,0,0,0,0,0,0,0,0,0
261182,1,1,1996,0,0,0,0,0,0,0,0,0,0
261183,1,1,1996,0,0,0,0,0,0,0,0,0,0
261183,2,1,1996,0,0,0,0,0,0,0,0,0,0
261184,1,1,1996,0,0,0,0,0,0,0,0,0,0
261185,1,1,1996,0,0,18,0,0,0,0,0,0,0
261186,1,1,1996,0,0,0,0,0,0,0,0,0,0
261187,1,1,1996,0,0,0,0,0,0,0,0,0,0
261187,2,1,1996,0,0,0,0,0,0,0,0,0,0
261188,1,1,1996,0,0,0,0,26,0,0,0,0,0
261188,2,1,1996,0,0,0,0,0,0,0,0,36,0
261189,1,1,1996,0,0,0,0,0,0,0,0,0,0
261190,1,1,1996,0,0,0,0,0,0,0,0,0,0
261191,1,1,1996,10,10,10,10,10,10,10,10,10,10
261191,2,1,1996,0,0,0,0,0,0,0,0,0,0
261192,1,1,1996,0,0,0,0,0,0,0,0,0,0
261193,1,1,1996,0,0,15,0,0,0,0,0,0,10
261193,2,1,1996,0,0,0,0,0,0,0,0,0,0
261194,0,1,1996,27,27,27,27,27,27,27,27,27,27
261194,1,1,1996,0,0,0,0,0,0,0,0,0,0
261195,1,1,1996,13,12,20,9,15,6,10,11,12,0
261195,2,1,1996,0,0,0,0,0,0,0,0,0,0
261196,0,1,1996,0,0,0,18,0,16,9,0,22,19
261196,1,1,1996,0,0,0,0,0,0,0,0,0,0
261197,1,1,1996,0,0,0,0,0,0,0,0,0,0
261197,2,1,1996,0,0,0,0,0,0,0,0,0,0
261198,1,1,1996,12,19,7,22,28,28,19,31,36,21
261199,1,1,1996,0,0,13,0,0,19,0,0,8,0
261199,2,1,1996,0,0,0,25,17,0,0,0,0,0
261200,1,1,1996,0,0,0,0,0,0,0,0,0,0
261201,1,1,1996,17,17,17,17,17,17,17,17,17,17
261202,1,1,1996,11,11,11,11,11,11,11,11,11,11
261202,2,1,1996,21,21,21,21,21,21,21,21,21,21
261203,1,1,1996,15,15,15,15,15,15,15,15,15,15
261204,1,1,1996,0,0,0,0,0,0,0,0,0,0
261204,2,1,1996,0,0,0,0,0,0,0,0,0,0
261205,0,1,1996,10,10,10,10,10,10,10,10,10,10
261205,1,1,1996,0,0,0,0,0,0,0,0,0,0
261206,1,1,1996,0,0,0,0,0,0,0,0,0,0
261206,2,1,1996,0,0,0,0,0,0,0,0,0,0
261207,1,1,1996,0,0,0,0,0,0,0,0,0,0
261208,1,1,1996,0,0,0,0,0,0,0,0,0,0
261209,1,1,1996,0,0,0,0,0,0,0,0,0,0
261209,2,1,1996,4,14,21,0,0,16,15,13,25,25
261210,0,1,1996,26,26,26,26,26,26,26,26,26,26
261210,1,1,1996,0,0,0,0,0,0,0,0,0,0
261211,1,1,1996,16,16,16,16,16,16,16,16,16,16
261212,1,1,1996,3,3,3,3,3,3,3,3,3,3
261213,1,1,1996,0,0,0,0,0,0,0,0,0,0
261213,2,1,1996,0,0,0,0,0,0,0,0,0,0
261214,0,1,1996,0,0,0,0,0,0,0,0,0,0
261214,1,1,1996,17,0,0,0,0,0,0,0,0,0
261215,1,1,1996,23,23,23,23,23,23,23,23,23,23
261216,1,1,1996,0,0,0,0,0,0,0,0,0,0
261216,2,1,1996,0,0,0,0,0,0,0,0,0,0
261216,3,1,1996,0,0,0,0,0,0,0,0,0,0
261217,1,1,1996,0,0,0,0,0,0,0,0,0,0
261218,1,1,1996,15,0,0,0,0,0,0,0,0,0
261219,0,1,1996,22,24,27,0,8,25,39,0,0,47
261219,1,1,1996,0,0,0,0,0,0,0,0,0,0
261219,2,1,1996,0,12,0,27,16,0,0,0,0,0
261220,1,1,1996,0,0,0,0,0,0,0,0,0,0
261220,2,1,1996,0,0,0,0,9,0,0,0,0,0
261221,1,1,1996,0,0,0,0,0,0,0,0,0,0
261222,1,1,1996,14,15,0,11,0,0,10,25,0,0
261222,2,1,1996,0,0,0,0,0,0,0,0,0,0
261222,3,1,1996,0,0,0,0,0,0,0,0,0,0
261223,1,1,1996,29,29,29,29,29,29,29,29,29,29
261223,2,1,1996,0,0,0,0,0,0,0,0,0,0
261224,1,1,1996,0,0,0,0,0,0,0,0,0,0
261224,2,1,1996,0,0,0,0,0,0,0,0,0,0
261224,3,1,1996,0,0,0,0,0,0,0,0,0,0
261225,1,1,1996,18,10,26,4,17,0,13,18,17,26
261225,2,1,1996,0,0,0,0,0,0,0,0,0,0
261226,1,1,1996,0,0,0,0,0,0,0,0,0,0
261226,2,1,1996,0,0,0,0,0,0,0,0,0,0
261227,1,1,1996,0,0,0,0,0,0,0,0,0,0
261227,2,1,1996,0,0,0,0,0,0,0,0,0,0
261228,1,1,1996,0,0,0,0,0,0,0,0,0,0
261229,1,1,1996,7,7,7,7,7,7,7,7,7,7
261229,2,1,1996,0,0,0,0,0,0,0,0,0,0
261230,1,1,1996,13,13,13,13,13,13,13,13,13,13
261230,2,1,1996,0,0,0,0,0,0,0,0,0,0
261231,1,1,1996,0,0,0,0,0,0,0,0,0,0
261232,1,1,1996,0,0,0,21,0,25,0,13,0,0
261233,1,1,1996,26,26,26,26,26,26,26,26,26,26
261233,2,1,1996,6,6,6,6,6,6,6,6,6,6
261234,1,1,1996,1,17,16,22,2,12,29,28,12,14
261235,1,1,1996,19,19,19,19,19,19,19,19,19,19
261236,1,1,1996,0,0,0,0,0,0,0,0,0,0
261236,2,1,1996,0,0,0,0,0,0,0,0,0,0
261237,1,1,1996,15,15,15,15,15,15,15,15,15,15
261237,2,1,1996,0,0,0,0,0,0,0,0,0,0
261238,1,1,1996,0,0,0,0,0,0,0,0,0,0
261238,2,1,1996,0,0,0,0,0,0,0,0,0,0
261239,1,1,1996,7,7,7,7,7,7,7,7,7,7
261240,0,1,1996,0,20,9,0,22,0,0,0,0,0
261240,1,1,1996,0,0,0,0,0,0,0,0,0,0
261241,1,1,1996,0,0,0,0,0,0,0,0,0,0
261242,1,1,1996,0,0,0,0,0,0,0,0,0,0
261242,2,1,1996,0,0,0,0,0,0,0,0,0,0
261243,1,1,1996,0,0,0,0,0,0,0,0,0,0
261243,2,1,1996,0,0,0,0,0,0,0,0,0,0
261243,3,1,1996,0,0,0,0,0,17,0,0,0,0
261244,1,1,1996,0,0,0,0,0,0,0,0,0,0
261244,2,1,1996,0,0,0,0,0,0,0,0,0,0
261245,0,1,1996,0,0,0,0,0,0,0,0,0,8
261245,1,1,1996,0,0,0,0,0,0,0,0,29,0
261246,1,1,1996,0,0,0,0,0,0,0,0,0,0
261246,2,1,1996,0,0,0,0,0,0,0,0,0,0
261246,3,1,1996,0,0,0,0,0,0,0,0,0,0
261247,1,1,1996,19,19,19,19,19,19,19,19,19,19
261248,1,1,1996,0,0,0,0,0,0,0,0,37,0
261248,2,1,1996,0,0,0,0,0,0,0,0,0,0
261249,1,1,1996,0,0,0,0,0,0,0,0,4,0
261250,0,1,1996,0,0,0,0,0,0,0,0,0,0
261250,1,1,1996,0,0,0,0,0,0,0,0,0,0
261250,2,1,1996,7,0,0,0,0,0,0,0,0,0
261251,1,1,1996,0,0,13,6,0,16,17,12,0,0
261252,1,1,1996,47,47,47,47,47,47,47,47,47,47
261253,1,1,1996,0,0,0,0,0,0,0,0,0,0
261253,2,1,1996,0,0,0,0,0,0,0,0,0,0
261254,1,1,1996,18,18,18,18,18,18,18,18,18,18
261255,1,1,1996,0,0,0,0,0,0,0,0,0,0
261255,2,1,1996,0,0,0,0,0,0,0,0,0,0
261256,1,1,1996,13,13,13,13,13,13,13,13,13,13
261256,2,1,1996,0,0,0,0,0,15,0,0,0,0
261256,3,1,1996,0,0,0,0,0,0,0,0,0,0
261256,4,1,1996,0,0,0,0,0,0,0,0,0,0
261257,1,1,1996,0,0,0,0,0,0,0,0,0,0
261257,2,1,1996,0,9,19,0,0,0,0,27,0,0
261257,3,1,1996,0,0,0,0,0,0,0,0,0,0
261258,1,1,1996,0,0,0,0,0,0,0,0,0,0
261259,0,1,1996,24,24,24,24,24,24,24,24,24,24
261259,1,1,1996,9,0,11,7,0,0,0,0,0,0
261260,1,1,1996,17,0,0,0,0,0,0,0,0,0
261260,2,1,1996,0,0,0,0,0,0,0,0,0,0
261261,1,1,1996,0,0,0,0,0,0,0,0,0,0
261261,2,1,1996,0,0,0,0,0,0,0,0,0,0
261262,0,1,1996,0,0,0,0,0,0,0,0,0,0
261262,1,1,1996,0,0,0,0,0,0,0,0,0,0
261263,0,1,1996,0,0,0,0,0,0,0,0,0,0
261263,1,1,1996,0,0,0,0,0,0,0,0,0,0
261264,1,1,1996,28,22,0,0,7,18,0,19,20,31
261265,0,1,1996,0,0,0,0,0,0,0,0,0,0
261265,1,1,1996,0,0,0,0,0,0,0,0,0,0
261265,2,1,1996,0,0,0,0,0,0,0,0,0,0
261266,1,1,1996,22,0,0,0,0,0,0,10,0,12
261267,1,1,1996,24,24,24,24,24,24,24,24,24,24
261267,2,1,1996,0,0,0,0,0,0,0,0,0,0
261268,1,1,1996,0,0,0,0,0,0,0,0,0,0
261269,0,1,1996,0,0,0,0,0,0,0,0,0,0
261269,0,2,1996,9,0,20,13,15,0,26,22,22,0
261269,1,1,1996,0,0,0,0,0,0,0,0,0,0
261270,0,1,1996,0,0,0,0,0,0,0,0,0,0
261270,1,1,1996,0,0,0,0,0,0,0,0,0,0
261271,1,1,1996,16,16,16,16,16,16,16,16,16,16
261272,1,1,1996,0,0,0,0,0,0,0,0,0,0
261272,2,1,1996,0,0,0,0,0,0,0,0,0,0
261273,1,1,1996,0,0,0,0,0,0,0,0,13,0
261273,2,1,1996,1,1,1,1,1,1,1,1,1,1
261274,1,1,1996,0,0,0,0,0,0,0,0,0,0
261275,1,1,1996,16,16,16,16,16,16,16,16,16,16
261275,2,1,1996,0,0,0,0,0,0,0,9,0,0
261276,1,1,1996,0,0,0,0,0,0,0,0,0,0
261277,1,1,1996,0,0,20,0,0,0,0,0,0,0
261278,1,1,1996,0,0,0,0,0,0,0,0,0,0
261278,2,1,1996,0,0,0,0,0,0,0,0,0,0
261279,1,1,1996,0,0,0,0,0,0,0,0,0,0
261279,2,1,1996,0,0,0,0,0,0,0,0,0,0
261280,1,1,1996,0,0,0,0,0,0,0,0,0,0
261280,2,1,1996,2,0,0,15,0,0,18,0,20,15
261281,1,1,1996,0,0,0,0,0,0,0,0,0,0
261281,2,1,1996,0,0,0,0,0,0,0,0,0,0
261281,3,1,1996,0,0,0,0,0,0,0,0,0,0
261281,4,1,1996,0,0,0,0,0,0,0,0,0,0
261281,5,1,1996,0,0,0,0,0,0,0,0,0,0
261282,1,1,1996,0,0,0,0,0,0,0,0,0,0
261282,2,1,1996,0,0,0,0,0,0,0,0,0,0
261283,0,1,1996,14,14,14,14,14,14,14,14,14,14
261283,1,1,1996,0,0,0,0,0,0,0,0,0,0
261284,1,1,1996,0,0,0,0,0,0,0,0,0,0
261284,2,1,1996,0,0,0,0,0,0,0,0,0,0
261285,1,1,1996,0,0,0,0,0,0,0,0,0,0
261285,2,1,1996,0,0,0,0,0,0,0,0,0,0
261286,1,1,1996,16,16,16,16,16,16,16,16,16,16
261286,2,1,1996,0,0,0,0,0,0,0,0,0,0
261287,1,1,1996,0,0,0,0,0,0,0,0,0,0
261287,2,1,1996,0,0,0,0,0,0,0,0,0,0
261288,1,1,1996,10,10,10,10,10,10,10,10,10,10
261289,1,1,1996,7,0,0,0,0,0,0,0,0,0
261290,1,1,1996,9,9,9,9,9,9,9,9,9,9
261291,0,1,1996,0,0,0,0,0,0,0,0,0,0
261291,1,1,1996,0,0,0,0,0,0,0,0,0,0
261292,1,1,1996,0,0,0,0,0,0,0,0,0,0
261292,2,1,1996,0,0,0,0,0,0,0,0,0,0
261293,1,1,1996,0,0,0,0,0,0,0,0,0,11
261293,2,1,1996,0,0,0,0,0,0,0,0,0,0
261294,0,1,1996,0,0,0,31,0,0,17,0,0,24
261294,1,1,1996,0,0,0,0,0,0,0,0,0,0
261295,1,1,1996,0,0,0,0,0,0,0,0,0,0
261295,2,1,1996,0,0,0,0,0,0,0,0,0,0
261296,1,1,1996,0,0,0,0,0,0,0,0,0,0
261296,2,1,1996,0,0,0,0,0,0,0,0,0,0
261297,1,1,1996,0,0,0,0,0,0,0,0,0,0
261297,2,1,1996,0,0,0,0,0,0,0,0,0,0
261298,1,1,1996,0,0,0,0,0,0,0,0,0,0
261299,1,1,1996,0,0,5,10,0,0,0,23,0,0
261299,2,1,1996,2,2,2,2,2,2,2,2,2,2
261299,3,1,1996,0,0,0,0,0,0,0,0,0,0
261300,1,1,1996,0,0,0,0,0,0,0,0,0,0
261300,2,1,1996,0,0,0,0,0,0,0,0,0,0
261300,3,1,1996,0,0,0,0,0,0,0,0,0,0
261301,1,1,1996,0,0,0,0,0,0,0,0,0,0
261301,2,1,1996,0,0,0,0,0,0,0,0,0,0
261302,1,1,1996,0,0,0,0,0,0,0,0,0,0
261302,2,1,1996,0,0,0,0,0,0,0,0,0,0
261303,0,1,1996,0,0,0,0,0,0,0,0,0,0
261303,1,1,1996,0,0,0,0,0,0,0,0,0,0
261304,1,1,1996,0,0,0,0,0,0,0,0,0,0
261305,1,1,1996,0,0,0,0,0,0,0,0,0,0
261305,2,1,1996,0,0,0,0,0,0,0,0,0,0
261305,3,1,1996,0,0,19,0,0,0,0,0,0,0
261306,1,1,1996,24,24,24,24,24,24,24,24,24,24
261307,1,1,1996,0,0,0,0,0,0,0,0,0,0
261307,2,1,1996,0,0,0,0,0,0,0,0,0,0
261307,3,1,1996,0,0,0,0,0,0,0,0,0,0
261308,0,1,1996,23,23,23,23,23,23,23,23,23,23
261308,1,1,1996,9,0,0,0,40,0,0,0,0,0
261309,0,1,1996,0,0,0,0,0,0,0,0,0,0
261309,1,1,1996,12,12,12,12,12,12,12,12,12,12
261310,0,1,1996,0,0,0,0,0,18,23,0,0,0
261310,1,1,1996,0,0,0,0,0,11,0,10,23,11
261311,0,1,1996,0,0,0,0,0,0,0,0,0,0
261311,1,1,1996,0,0,0,0,0,0,0,0,0,0
261312,1,1,1996,0,0,0,0,0,0,0,0,0,0
261312,2,1,1996,0,0,0,0,0,0,0,0,0,0
261313,1,1,1996,0,0,0,16,0,0,0,0,0,0
261313,2,1,1996,0,0,0,0,0,0,0,0,0,0
261314,1,1,1996,0,0,0,0,0,0,0,0,0,0
261315,1,1,1996,0,0,0,0,0,0,0,0,0,0
261315,2,1,1996,0,0,0,0,0,0,0,0,0,0
261316,1,1,1996,0,0,0,0,0,0,0,0,0,0
261316,2,1,1996,3,3,3,3,3,3,3,3,3,3
261317,1,1,1996,0,0,0,0,0,0,0,0,0,0
261317,2,1,1996,0,0,0,0,0,0,0,0,0,0
261318,1,1,1996,12,12,12,12,12,12,12,12,12,12
261318,2,1,1996,0,0,0,0,0,0,0,0,0,0
261319,0,1,1996,0,0,0,0,0,0,0,0,0,0
261319,1,1,1996,0,0,0,0,0,0,0,0,0,0
261320,1,1,1996,0,0,0,0,0,0,0,0,0,0
261320,2,1,1996,0,0,0,0,0,0,0,0,0,0
261321,0,1,1996,9,9,9,9,9,9,9,9,9,9
261321,1,1,1996,7,0,0,0,0,0,0,0,0,0
261322,1,1,1996,0,0,0,0,0,0,0,0,0,0
261322,2,1,1996,0,0,0,0,0,2,0,0,0,0
261323,1,1,1996,0,0,0,0,0,0,0,0,0,0
261323,2,1,1996,23,0,0,0,0,0,0,0,0,12
261324,1,1,1996,15,15,15,15,15,15,15,15,15,15
261324,2,1,1996,0,0,0,0,0,0,9,0,0,0
261325,1,1,1996,0,0,0,0,0,0,0,0,0,0
261325,2,1,1996,0,0,0,0,0,0,0,0,0,0
261326,1,1,1996,20,20,20,20,20,20,20,20,20,20
261327,1,1,1996,0,0,0,0,0,0,0,0,0,0
261328,1,1,1996,18,10,11,12,16,17,21,19,24,6
261329,1,1,1996,25,22,8,8,6,10,8,20,22,12
261329,2,1,1996,0,0,13,0,0,0,0,0,0,0
261330,1,1,1996,20,9,16,23,7,19,15,9,15,10
261330,2,1,1996,0,0,0,0,0,0,0,0,0,0
261331,1,1,1996,0,0,0,0,23,0,0,0,0,0
261331,2,1,1996,0,0,0,0,0,0,18,0,0,0
261331,3,1,1996,0,0,0,0,0,0,0,0,0,0
261331,4,1,1996,0,0,0,0,0,0,0,0,0,0
261331,5,1,1996,0,0,0,0,0,0,0,0,0,0
261331,6,1,1996,14,0,0,0,0,0,0,0,0,0
261332,1,1,1996,0,0,0,0,0,0,0,0,0,0
261333,1,1,1996,24,24,24,24,24,24,24,24,24,24
261333,2,1,1996,0,0,0,0,0,0,0,0,0,0
261334,1,1,1996,14,14,14,14,14,14,14,14,14,14
261334,2,1,1996,0,0,0,0,0,0,0,0,0,0
261335,0,1,1996,0,0,0,0,0,0,0,0,29,0
261335,1,1,1996,0,7,16,0,21,43,0,0,0,6
261336,1,1,1996,10,10,10,10,10,10,10,10,10,10
261336,2,1,1996,0,0,0,0,0,0,0,0,0,0
261337,1,1,1996,0,0,0,0,0,0,0,0,0,0
261337,2,1,1996,0,0,0,0,0,0,0,0,0,0
261338,0,1,1996,0,0,0,0,0,0,0,0,0,0
261338,1,1,1996,0,0,0,0,27,0,0,0,0,0
261338,2,1,1996,11,11,11,11,11,11,11,11,11,11
261339,0,1,1996,0,0,0,0,0,0,0,0,0,0
261339,1,1,1996,0,0,0,5,0,15,0,0,0,0
261340,0,1,1996,20,20,20,20,20,20,20,20,20,20
261340,1,1,1996,0,0,0,0,0,0,0,0,0,0
261341,0,1,1996,16,16,16,16,16,16,16,16,16,16
261341,1,1,1996,0,0,0,0,0,0,0,0,0,0
261342,0,1,1996,0,0,0,0,0,0,0,0,0,0
261342,1,1,1996,0,0,0,0,0,0,0,0,0,0
261343,1,1,1996,0,0,0,0,0,0,0,0,0,0
261343,2,1,1996,0,0,0,0,0,0,0,15,0,0
261344,1,1,1996,0,0,0,0,0,0,0,0,0,0
261344,2,1,1996,0,0,0,0,0,0,0,0,0,0
261345,1,1,1996,13,13,13,13,13,13,13,13,13,13
261346,1,1,1996,0,0,0,0,0,0,0,0,0,0
261346,2,1,1996,0,0,0,0,0,0,0,0,0,0
261347,1,1,1996,0,0,0,0,0,0,0,0,0,0
261347,2,1,1996,0,0,0,0,0,0,0,0,0,0
261347,3,1,1996,0,0,0,0,0,0,0,0,0,0
261348,0,1,1996,0,0,0,0,0,0,0,0,0,0
261348,1,1,1996,0,0,0,0,0,0,0,0,0,0
261349,1,1,1996,0,12,31,0,0,0,0,0,0,21
261349,2,1,1996,0,0,0,0,0,0,0,0,0,0
261350,1,1,1996,0,0,0,0,0,0,0,0,0,0
270001,1,1,1996,0,0,0,0,0,0,0,0,0,0
270001,2,1,1996,0,0,0,0,0,0,0,0,0,0
270001,3,1,1996,0,0,0,0,0,0,0,0,0,0
270002,1,1,1996,12,12,12,12,12,12,12,12,12,12
270003,1,1,1996,0,0,0,0,0,0,0,0,0,0
270003,2,1,1996,0,0,0,0,0,0,0,0,0,0
270003,3,1,1996,0,0,0,0,0,0,0,0,0,0
270004,1,1,1996,0,0,0,0,0,0,0,0,0,0
270005,1,1,1996,0,0,0,0,0,0,0,0,0,0
270005,2,1,1996,0,0,0,0,0,0,0,0,0,0
270006,1,1,1996,0,0,0,0,0,0,0,0,0,0
270006,2,1,1996,0,0,0,0,0,0,0,0,0,0
270007,1,1,1996,0,0,0,0,0,0,0,0,0,0
270007,2,1,1996,0,0,0,0,0,0,0,0,0,0
270008,1,1,1996,0,0,0,0,0,0,0,0,0,0
270008,2,1,1996,0,0,0,0,0,0,0,0,0,0
270009,1,1,1996,0,0,0,0,0,0,0,0,0,0
270009,2,1,1996,0,0,0,0,0,0,0,0,0,0
270010,0,1,1996,0,0,0,0,0,0,0,0,0,0
270010,0,2,1996,0,0,0,0,0,0,0,0,0,0
270010,1,1,1996,0,0,0,0,0,0,0,0,0,0
270011,1,1,1996,0,0,0,0,0,0,0,0,0,0
270011,2,1,1996,0,0,0,0,0,0,0,0,0,0
270012,1,1,1996,0,0,0,0,0,0,0,0,0,0
270012,2,1,1996,0,0,0,0,0,0,0,0,0,0
270013,1,1,1996,0,0,0,0,0,0,0,0,0,0
270013,2,1,1996,0,0,0,0,0,0,0,0,0,0
270014,1,1,1996,0,0,0,0,0,0,0,0,0,0
270014,2,1,1996,0,0,0,0,0,0,0,0,0,0
270015,1,1,1996,0,0,0,0,0,0,0,0,0,0
270015,2,1,1996,0,0,0,0,0,0,0,0,0,0
270016,1,1,1996,30,30,30,30,30,30,30,30,30,30
270016,2,1,1996,0,0,0,0,0,0,0,0,0,0
270017,1,1,1996,0,0,0,0,0,0,0,0,0,0
270017,2,1,1996,0,0,0,0,0,0,0,0,0,0
270018,1,1,1996,0,0,0,0,0,0,0,0,0,0
270018,2,1,1996,0,0,0,0,0,0,0,0,0,0
270019,1,1,1996,0,0,0,0,0,0,0,0,0,0
270019,2,1,1996,0,0,0,0,0,0,0,0,0,0
270020,1,1,1996,0,0,0,0,0,0,0,0,0,0
270021,1,1,1996,0,0,0,0,0,0,0,0,0,0