ST_CASE,VEH_NO,PER_NO,YEAR,P1,P2,P3,P4,P5,P6,P7,P8,P9,P10
270291,2,1,1996,0,0,0,0,0,0,0,0,0,0
270292,1,1,1996,17,17,17,17,17,17,17,17,17,17
270293,1,1,1996,0,0,0,0,0,0,0,0,0,0
270294,1,1,1996,0,0,0,0,0,0,0,0,0,0
270295,1,1,1996,0,0,0,0,0,0,0,0,0,0
270295,2,1,1996,11,11,11,11,11,11,11,11,11,11
270296,1,1,1996,5,5,5,5,5,5,5,5,5,5
270296,2,1,1996,0,0,0,0,0,0,0,0,0,0
270297,0,1,1996,0,0,0,0,0,0,0,0,0,0
270297,1,1,1996,0,0,0,0,0,0,0,0,0,0
270298,1,1,1996,5,5,5,5,5,5,5,5,5,5
270298,2,1,1996,0,0,0,0,0,0,0,0,0,0
270299,0,1,1996,21,21,21,21,21,21,21,21,21,21
270299,1,1,1996,0,0,0,0,0,0,0,0,0,0
270300,0,1,1996,0,0,0,0,0,0,0,0,0,0
270300,1,1,1996,0,0,0,0,0,0,0,0,0,0
270301,1,1,1996,9,9,9,9,9,9,9,9,9,9
270302,1,1,1996,0,0,0,20,0,0,0,0,0,0
270302,2,1,1996,0,0,0,0,0,0,0,0,0,0
270303,1,1,1996,0,0,0,0,0,0,0,0,0,0
270304,1,1,1996,0,0,0,0,0,0,0,0,0,0
270304,2,1,1996,0,0,0,0,0,0,0,0,0,0
270304,3,1,1996,0,9,0,0,0,0,0,26,0,0
270305,1,1,1996,0,0,0,0,0,0,0,0,0,0
270305,2,1,1996,0,0,0,0,0,0,0,0,0,0
270306,1,1,1996,0,0,0,0,0,0,0,0,0,0
270307,1,1,1996,0,0,0,0,0,0,0,0,0,0
270307,2,1,1996,0,0,0,0,0,0,0,0,0,0
270308,0,1,1996,17,17,17,17,17,17,17,17,17,17
270308,1,1,1996,0,0,0,0,0,0,0,0,0,0
270309,1,1,1996,0,0,0,0,0,0,0,0,0,0
270310,1,1,1996,23,23,23,23,23,23,23,23,23,23
270311,1,1,1996,0,0,0,0,0,0,0,0,0,0
270312,1,1,1996,33,33,33,33,33,33,33,33,33,33
270313,1,1,1996,0,0,0,0,0,0,0,0,0,0
270313,2,1,1996,0,0,0,0,0,0,0,0,0,0
270314,1,1,1996,0,0,0,0,0,0,0,0,0,0
270315,1,1,1996,0,0,0,0,0,0,0,0,0,0
270315,2,1,1996,0,0,0,0,0,0,0,0,0,9
270316,1,1,1996,4,4,4,4,4,4,4,4,4,4
270317,1,1,1996,0,0,0,0,0,0,0,0,0,0
270317,2,1,1996,0,0,0,0,0,0,0,0,0,0
270318,1,1,1996,12,12,12,12,12,12,12,12,12,12
270319,1,1,1996,18,11,0,0,11,0,0,17,22,0
270319,2,1,1996,8,22,0,0,0,0,0,0,0,0
270319,3,1,1996,0,0,0,0,0,0,0,0,0,3
270320,1,1,1996,6,6,6,6,6,6,6,6,6,6
270321,1,1,1996,17,17,17,17,17,17,17,17,17,17
270322,1,1,1996,22,22,22,22,22,22,22,22,22,22
270323,1,1,1996,0,0,0,0,0,0,0,0,0,0
270323,2,1,1996,0,0,0,0,0,0,0,0,0,0
270324,1,1,1996,19,16,24,10,13,39,18,11,21,26
270325,1,1,1996,0,0,0,0,0,0,0,0,0,0
270325,2,1,1996,0,0,0,0,0,0,0,0,0,0
270326,1,1,1996,0,0,0,0,0,0,0,0,0,0
270326,2,1,1996,0,0,0,0,0,0,0,0,0,0
270326,3,1,1996,0,0,0,0,0,0,0,0,0,0
270326,4,1,1996,0,0,0,0,0,0,0,0,0,0
270326,5,1,1996,0,0,0,0,0,0,0,0,0,0
270326,6,1,1996,0,0,0,0,0,0,0,0,0,0
270326,7,1,1996,0,0,0,0,0,0,0,0,0,0
270326,8,1,1996,0,0,0,0,0,0,0,0,0,0
270326,9,1,1996,0,0,0,0,0,0,0,0,0,0
270326,10,1,1996,0,0,0,0,0,0,0,0,0,0
270326,11,1,1996,0,0,0,0,0,0,0,0,0,0
270327,1,1,1996,7,7,7,7,7,7,7,7,7,7
270328,1,1,1996,0,0,0,0,0,0,0,0,0,0
270329,0,1,1996,5,5,5,5,5,5,5,5,5,5
270329,1,1,1996,0,0,0,0,0,0,0,0,0,0
270330,1,1,1996,0,0,0,0,0,0,0,0,0,0
270331,0,1,1996,0,0,0,0,0,0,0,0,0,0
270331,1,1,1996,0,0,0,0,0,0,0,0,0,0
270332,1,1,1996,14,14,14,14,14,14,14,14,14,14
270334,1,1,1996,23,23,23,23,23,23,23,23,23,23
270334,2,1,1996,0,0,0,11,0,0,0,12,0,0
270335,1,1,1996,0,0,0,0,0,0,0,0,0,0
270335,2,1,1996,0,0,0,0,0,0,0,0,0,0
270336,1,1,1996,39,39,39,39,39,39,39,39,39,39
270337,1,1,1996,0,0,0,0,0,0,0,0,0,0
270337,2,1,1996,0,0,0,0,0,0,0,0,0,0
270338,1,1,1996,18,18,18,18,18,18,18,18,18,18
270338,2,1,1996,0,0,0,0,0,0,0,0,0,0
270339,1,1,1996,26,26,26,26,26,26,26,26,26,26
270340,1,1,1996,0,0,0,0,0,0,0,0,0,0
270340,2,1,1996,0,0,0,0,0,0,0,0,0,0
270341,1,1,1996,0,0,0,0,0,0,0,0,0,0
270341,2,1,1996,0,0,0,0,0,0,0,0,0,0
270341,3,1,1996,0,0,0,0,0,0,0,0,0,0
270342,0,1,1996,0,0,0,0,0,0,0,0,0,0
270342,1,1,1996,4,5,13,0,10,15,0,9,8,9
270343,1,1,1996,17,17,17,17,17,17,17,17,17,17
270343,2,1,1996,0,0,0,0,0,0,0,0,0,0
270344,1,1,1996,24,24,24,24,24,24,24,24,24,24
270345,1,1,1996,0,0,0,0,0,0,0,0,0,0
270345,2,1,1996,0,0,0,0,0,0,0,0,0,0
270346,1,1,1996,18,18,18,18,18,18,18,18,18,18
270347,0,1,1996,0,0,0,0,0,0,0,0,0,0
270347,1,1,1996,21,21,21,21,21,21,21,21,21,21
270348,0,1,1996,0,0,0,0,0,0,0,0,0,0
270348,1,1,1996,0,0,0,0,0,0,0,0,0,0
270349,0,1,1996,16,16,16,16,16,16,16,16,16,16
270349,1,1,1996,0,0,0,0,0,0,0,0,0,0
270350,1,1,1996,23,23,23,23,23,23,23,23,23,23
270350,2,1,1996,0,0,0,0,0,0,0,0,0,0
270351,1,1,1996,0,0,0,0,0,0,0,0,0,0
270351,2,1,1996,0,0,0,0,0,0,0,0,0,0
270352,1,1,1996,0,0,0,0,0,0,0,0,0,0
270352,2,1,1996,0,0,0,0,0,0,0,0,0,0
270353,1,1,1996,0,0,0,0,0,0,0,0,0,0
270353,2,1,1996,0,0,0,0,0,0,0,0,0,0
270354,1,1,1996,0,0,0,0,0,0,0,0,0,0
270355,1,1,1996,0,0,0,0,0,0,0,0,0,0
270355,2,1,1996,0,0,0,0,0,0,0,0,0,0
270356,1,1,1996,13,13,13,13,13,13,13,13,13,13
270357,1,1,1996,29,29,29,29,29,29,29,29,29,29
270357,2,1,1996,0,0,0,0,0,0,0,0,0,0
270358,1,1,1996,0,0,0,0,0,0,0,0,0,0
270359,1,1,1996,11,11,11,11,11,11,11,11,11,11
270360,1,1,1996,0,0,0,0,0,0,0,0,0,0
270360,2,1,1996,0,0,0,0,0,0,0,0,0,0
270360,3,1,1996,0,0,0,0,0,0,0,0,0,0
270361,0,1,1996,0,0,0,0,0,0,0,0,0,0
270361,1,1,1996,0,0,0,0,0,0,0,0,0,0
270362,1,1,1996,0,0,0,0,0,0,0,0,0,0
270363,1,1,1996,25,25,25,25,25,25,25,25,25,25
270364,1,1,1996,0,0,0,0,0,0,0,0,0,0
270364,2,1,1996,9,9,9,9,9,9,9,9,9,9
270365,1,1,1996,19,19,19,19,19,19,19,19,19,19
270366,1,1,1996,0,0,0,0,0,0,0,0,0,0
270366,2,1,1996,0,0,0,0,0,0,0,0,0,0
270367,1,1,1996,17,17,17,17,17,17,17,17,17,17
270367,2,1,1996,0,0,0,0,0,0,0,0,0,0
270368,1,1,1996,3,3,3,3,3,3,3,3,3,3
270368,2,1,1996,15,15,15,15,15,15,15,15,15,15
270369,1,1,1996,0,0,0,0,0,0,0,0,0,0
270369,2,1,1996,0,0,0,0,0,0,0,0,0,0
270370,1,1,1996,0,0,7,0,0,18,0,0,0,0
270370,2,1,1996,0,11,0,29,3,0,0,23,0,0
270371,1,1,1996,0,0,0,0,0,0,0,0,0,0
270371,2,1,1996,0,0,0,0,0,0,0,0,0,0
270372,0,1,1996,0,0,0,0,0,0,0,0,0,0
270372,1,1,1996,0,0,0,0,0,0,0,0,0,0
270373,1,1,1996,7,7,7,7,7,7,7,7,7,7
270373,2,1,1996,14,14,14,14,14,14,14,14,14,14
270374,1,1,1996,0,0,0,0,0,0,0,0,0,0
270374,2,1,1996,0,0,0,0,0,0,0,0,0,0
270375,1,1,1996,0,0,0,0,0,0,0,0,0,0
270376,1,1,1996,0,0,0,0,0,0,0,0,0,0
270377,1,1,1996,0,0,0,0,0,0,0,0,0,0
270378,1,1,1996,9,9,9,9,9,9,9,9,9,9
270379,1,1,1996,0,0,0,0,0,0,0,0,0,0
270379,2,1,1996,0,0,0,0,0,0,0,0,0,0
270380,1,1,1996,29,22,10,18,19,19,29,15,9,25
270381,1,1,1996,0,0,0,0,0,0,0,0,0,0
270381,2,1,1996,0,0,0,0,0,0,0,0,0,0
270382,1,1,1996,0,0,0,0,0,0,0,0,0,0
270383,0,1,1996,0,0,0,0,0,0,0,0,0,0
270383,1,1,1996,0,0,0,0,0,0,0,0,0,0
270384,1,1,1996,22,0,13,9,6,12,14,17,13,12
270385,1,1,1996,0,0,0,0,0,0,0,0,0,0
270385,2,1,1996,0,0,0,0,0,0,0,0,0,0
270386,1,1,1996,0,0,0,0,0,0,0,0,0,0
270387,0,1,1996,0,0,0,0,0,0,0,0,0,0
270387,1,1,1996,0,0,0,0,0,0,0,0,0,0
270388,1,1,1996,10,10,10,10,10,10,10,10,10,10
270388,2,1,1996,18,6,23,20,31,20,25,6,24,14
270389,1,1,1996,0,0,0,0,13,0,0,0,0,0
270390,1,1,1996,0,0,0,0,0,0,0,0,0,0
270390,2,1,1996,13,13,13,13,13,13,13,13,13,13
270391,1,1,1996,0,0,0,0,0,0,0,0,0,0
270392,0,1,1996,0,11,14,16,0,14,13,16,0,0
270392,0,2,1996,19,6,6,7,6,15,0,22,32,15
270392,1,1,1996,0,0,0,0,0,0,0,0,0,0
270393,1,1,1996,9,9,9,9,9,9,9,9,9,9
270394,1,1,1996,0,0,0,0,0,0,0,0,0,0
270395,1,1,1996,37,37,37,37,37,37,37,37,37,37
270396,1,1,1996,17,17,17,17,17,17,17,17,17,17
270397,1,1,1996,0,0,0,0,0,0,0,0,0,0
270397,2,1,1996,0,0,0,0,0,0,0,0,0,0
270398,1,1,1996,16,16,16,16,16,16,16,16,16,16
270399,1,1,1996,0,0,0,0,0,0,0,0,0,0
270399,2,1,1996,0,0,16,0,0,0,0,0,0,0
270400,1,1,1996,10,10,10,10,10,10,10,10,10,10
270401,0,1,1996,0,0,0,0,0,0,0,0,0,0
270401,1,1,1996,0,0,0,0,0,0,0,0,0,0
270402,1,1,1996,14,14,14,14,14,14,14,14,14,14
270403,1,1,1996,0,0,0,0,0,0,0,0,0,0
270403,2,1,1996,0,0,0,0,0,0,0,0,0,0
270404,1,1,1996,0,0,0,0,0,0,0,0,0,0
270405,1,1,1996,19,6,16,22,11,15,8,13,8,27
270406,1,1,1996,16,16,16,16,16,16,16,16,16,16
270406,2,1,1996,0,0,0,0,0,0,0,0,0,0
270407,0,1,1996,0,0,0,0,0,0,0,0,0,0
270408,1,1,1996,0,0,0,0,0,0,0,0,0,0
270408,2,1,1996,14,14,14,14,14,14,14,14,14,14
270409,0,1,1996,0,0,0,0,0,0,0,0,0,0
270409,1,1,1996,4,4,4,4,4,4,4,4,4,4
270410,1,1,1996,0,0,0,0,0,0,0,0,0,0
270411,0,1,1996,0,0,0,0,0,0,0,0,0,0
270411,1,1,1996,0,0,0,0,0,0,0,0,0,0
270412,1,1,1996,0,0,0,0,0,0,0,0,0,0
270412,2,1,1996,0,0,0,0,0,0,0,0,0,0
270413,0,1,1996,0,0,0,0,0,0,0,0,0,0
270413,1,1,1996,0,0,0,0,0,0,0,0,0,0
270414,1,1,1996,0,0,0,0,0,0,0,0,0,0
270415,1,1,1996,0,0,0,0,0,0,0,0,0,0
270415,2,1,1996,0,0,0,0,0,0,0,0,0,0
270416,1,1,1996,0,0,0,0,0,0,0,0,0,0
270416,2,1,1996,0,0,0,0,0,0,0,0,0,0
270417,1,1,1996,13,13,13,13,13,13,13,13,13,13
270418,1,1,1996,13,0,0,0,0,0,0,0,0,0
270418,2,1,1996,0,0,0,0,0,0,0,0,0,0
270419,1,1,1996,26,26,26,26,26,26,26,26,26,26
270420,1,1,1996,9,3,8,0,9,11,6,22,6,2
270421,1,1,1996,27,27,27,27,27,27,27,27,27,27
270422,1,1,1996,0,0,0,0,0,0,0,0,0,0
270422,2,1,1996,0,0,0,0,0,0,0,0,0,0
270423,1,1,1996,0,0,0,0,0,0,0,0,0,0
270424,1,1,1996,10,10,10,10,10,10,10,10,10,10
270425,1,1,1996,9,9,9,9,9,9,9,9,9,9
270426,0,1,1996,0,0,0,0,0,0,0,0,0,0
270426,1,1,1996,6,6,6,6,6,6,6,6,6,6
270427,1,1,1996,0,0,0,0,0,0,0,0,0,0
270427,2,1,1996,0,0,0,0,0,0,0,0,0,0
270428,1,1,1996,0,0,0,0,0,0,0,0,0,0
270428,2,1,1996,1,1,1,1,1,1,1,1,1,1
270429,1,1,1996,0,0,0,0,0,0,0,0,0,0
270429,2,1,1996,0,0,0,0,0,0,0,0,0,0
270430,1,1,1996,0,0,0,0,0,0,0,0,0,0
270430,2,1,1996,0,0,0,0,0,0,0,0,0,0
270431,1,1,1996,0,0,0,0,0,0,0,0,0,0
270431,2,1,1996,0,0,0,0,0,0,0,0,0,0
270432,0,1,1996,0,0,0,0,0,0,0,0,0,0
270432,1,1,1996,0,0,0,0,0,0,0,0,0,0
270433,1,1,1996,0,0,0,0,0,0,0,0,0,0
270433,2,1,1996,5,5,5,5,5,5,5,5,5,5
270434,1,1,1996,0,0,0,0,0,0,0,0,0,0
270434,2,1,1996,0,0,0,0,0,0,0,0,0,0
270435,1,1,1996,0,0,0,0,0,0,0,0,0,0
270436,1,1,1996,0,0,0,0,0,0,0,0,0,0
270436,2,1,1996,0,0,0,0,0,0,0,0,0,0
270437,1,1,1996,0,0,0,0,0,0,0,0,0,0
270437,2,1,1996,0,0,0,0,0,0,0,0,0,0
270438,1,1,1996,10,10,10,10,10,10,10,10,10,10
270439,1,1,1996,0,0,0,0,0,0,0,0,0,0
270439,2,1,1996,0,0,0,0,0,0,0,0,0,0
270440,0,1,1996,21,21,21,21,21,21,21,21,21,21
270440,1,1,1996,0,0,0,0,0,0,0,0,0,0
270441,1,1,1996,0,0,0,0,0,0,0,0,0,0
270441,2,1,1996,0,0,0,0,0,0,0,0,0,0
270441,3,1,1996,0,0,0,0,0,0,0,0,0,0
270442,1,1,1996,10,0,24,8,0,0,0,0,19,20
270443,1,1,1996,0,0,0,0,0,0,0,0,0,0
270443,2,1,1996,0,0,0,0,0,0,0,0,0,0
270443,3,1,1996,0,0,0,0,0,0,0,0,0,0
270444,1,1,1996,0,0,0,0,0,0,0,0,0,0
270444,2,1,1996,0,0,0,0,0,0,0,0,0,0
270445,1,1,1996,0,0,0,0,0,0,0,0,0,0
270445,2,1,1996,0,0,0,0,0,0,0,0,0,0
270446,1,1,1996,0,0,0,0,0,0,0,0,0,0
270446,2,1,1996,0,0,0,0,0,0,0,0,0,0
270446,3,1,1996,0,0,0,0,0,0,0,0,0,0
270446,4,1,1996,0,0,0,0,0,0,0,0,0,0
270447,1,1,1996,0,0,0,0,0,0,0,0,0,0
270447,2,1,1996,0,0,0,0,0,0,0,0,0,0
270448,0,1,1996,0,0,0,0,0,0,0,0,0,0
270448,1,1,1996,0,0,0,0,0,0,0,0,0,0
270449,1,1,1996,0,0,0,0,0,0,0,0,0,0
270449,2,1,1996,0,0,0,0,0,0,0,0,0,0
270450,1,1,1996,17,17,17,17,17,17,17,17,17,17
270450,2,1,1996,0,0,0,0,0,0,0,0,0,0
270451,1,1,1996,0,0,0,0,0,0,0,0,0,0
270451,2,1,1996,0,0,0,0,0,0,0,0,0,0
270452,1,1,1996,0,0,0,0,0,0,0,0,0,0
270452,2,1,1996,0,0,0,0,0,0,0,0,0,0
270453,1,1,1996,0,0,0,0,0,0,0,0,0,0
270453,2,1,1996,0,0,0,0,0,0,0,0,0,0
270454,1,1,1996,0,0,0,0,0,0,0,0,0,0
270454,2,1,1996,0,0,0,0,0,0,0,0,0,0
270455,1,1,1996,45,45,45,45,45,45,45,45,45,45
270456,1,1,1996,11,11,11,11,11,11,11,11,11,11
270456,2,1,1996,0,0,0,0,0,9,0,0,0,0
270457,1,1,1996,0,0,0,0,0,0,0,0,0,0
270457,2,1,1996,0,0,0,0,0,0,0,0,0,0
270458,1,1,1996,0,0,0,0,0,0,0,0,0,0
270459,1,1,1996,18,0,0,0,0,0,0,0,0,0
270460,0,1,1996,0,0,0,0,0,0,0,0,0,0
270460,1,1,1996,0,0,0,0,0,0,0,0,0,0
270461,1,1,1996,0,0,0,0,0,0,0,0,11,0
270461,2,1,1996,0,0,0,0,0,0,0,0,0,0
270462,1,1,1996,0,0,0,0,0,0,0,0,0,0
270462,2,1,1996,0,0,0,0,0,0,0,0,0,0
270463,1,1,1996,0,0,0,0,0,0,0,0,0,0
270464,1,1,1996,0,0,0,0,0,0,0,0,0,0
270464,2,1,1996,0,0,0,0,0,0,0,0,0,0
270465,1,1,1996,0,0,0,0,0,0,0,0,0,0
270465,2,1,1996,0,0,0,0,0,0,0,0,0,0
270466,1,1,1996,0,0,0,0,0,0,0,0,0,0
270467,1,1,1996,0,0,0,0,0,0,0,0,0,0
270468,1,1,1996,0,0,0,0,0,0,0,0,0,0
270468,2,1,1996,0,0,0,0,0,0,0,0,0,0
270469,1,1,1996,22,22,22,22,22,22,22,22,22,22
270469,2,1,1996,2,2,2,2,2,2,2,2,2,2
270469,3,1,1996,0,0,0,0,0,0,0,0,0,0
270470,1,1,1996,0,0,0,0,0,0,0,0,0,0
270470,2,1,1996,0,0,0,0,0,0,0,0,0,0
270470,3,1,1996,0,0,0,0,0,0,0,0,0,0
270471,1,1,1996,0,0,0,0,0,0,0,0,0,0
270472,1,1,1996,0,0,0,0,0,0,0,0,0,0
270472,2,1,1996,0,0,0,0,0,0,0,0,0,0
270473,1,1,1996,0,0,0,0,0,0,0,0,0,3
270473,2,1,1996,0,0,0,0,0,0,0,0,0,0
270474,0,1,1996,34,34,34,34,34,34,34,34,34,34
270474,1,1,1996,0,0,0,0,0,0,0,0,0,0
270475,1,1,1996,0,4,0,0,0,0,0,0,0,0
270475,2,1,1996,0,0,0,0,0,0,0,0,0,0
270476,1,1,1996,0,0,0,0,0,0,0,0,0,0
270476,2,1,1996,0,0,0,0,0,0,0,0,0,0
270477,1,1,1996,10,10,10,10,10,10,10,10,10,10
270477,2,1,1996,0,0,0,0,0,0,0,4,0,0
270478,1,1,1996,0,0,0,0,0,0,0,0,0,0
270479,1,1,1996,10,10,10,10,10,10,10,10,10,10
270480,1,1,1996,0,0,0,0,0,0,0,0,0,0
270480,2,1,1996,0,0,0,0,0,0,0,0,0,0
270481,1,1,1996,1,1,1,1,1,1,1,1,1,1
270481,2,1,1996,0,0,0,0,0,0,0,0,0,0
270481,3,1,1996,1,1,1,1,1,1,1,1,1,1
270482,0,1,1996,0,0,0,0,0,0,0,0,0,0
270482,1,1,1996,7,10,29,11,11,14,8,19,8,3
270483,1,1,1996,0,0,0,0,0,0,0,0,0,0
270483,2,1,1996,0,0,0,0,0,0,0,0,0,0
270484,0,1,1996,28,28,28,28,28,28,28,28,28,28
270484,1,1,1996,0,0,0,0,0,0,0,0,0,0
270485,1,1,1996,0,0,0,0,0,0,0,0,0,0
270485,2,1,1996,0,0,0,0,0,0,0,0,0,0
270486,1,1,1996,21,21,21,21,21,21,21,21,21,21
270487,1,1,1996,0,0,0,18,0,0,10,0,0,0
270487,2,1,1996,0,0,0,0,0,0,0,0,0,0
270488,1,1,1996,0,0,0,0,0,0,0,0,0,0
270489,1,1,1996,0,0,0,0,0,0,0,0,0,0
270489,2,1,1996,0,0,0,0,0,0,0,0,0,0
270490,1,1,1996,0,0,0,0,0,0,0,0,0,0
270490,2,1,1996,0,0,0,0,0,0,0,0,0,0
270491,1,1,1996,0,0,0,0,0,0,0,0,0,0
270491,2,1,1996,0,0,0,0,0,0,0,0,0,0
270492,1,1,1996,0,0,0,0,0,26,0,30,0,9
270492,2,1,1996,0,0,0,0,0,0,0,0,0,0
270493,1,1,1996,0,0,0,0,0,0,0,0,0,0
270494,1,1,1996,2,2,2,2,2,2,2,2,2,2
270495,1,1,1996,0,0,0,0,0,0,0,0,0,0
270495,2,1,1996,0,0,0,0,0,0,0,0,0,0
270496,1,1,1996,0,0,0,0,0,0,0,0,0,0
270496,2,1,1996,0,0,0,0,0,0,0,0,0,0
270497,1,1,1996,0,0,0,0,0,0,0,0,0,0
270497,2,1,1996,0,0,0,0,0,0,0,0,0,0
270498,1,1,1996,0,0,0,0,0,0,0,0,0,0
270498,2,1,1996,0,0,0,0,0,0,0,0,0,0
270499,1,1,1996,0,0,0,0,0,0,0,0,0,0
270499,2,1,1996,0,0,0,0,0,0,0,0,0,0
270500,1,1,1996,0,0,0,0,0,0,0,0,0,0
270500,2,1,1996,0,0,0,0,0,0,0,0,0,0
270501,1,1,1996,0,0,0,0,0,0,0,0,0,0
270501,2,1,1996,20,20,20,20,20,20,20,20,20,20
270502,1,1,1996,0,0,0,0,0,0,0,0,0,0
270503,0,1,1996,0,0,0,0,0,0,0,0,0,0
270503,1,1,1996,0,0,0,0,0,0,0,0,0,0
270504,1,1,1996,12,12,12,12,12,12,12,12,12,12
270504,2,1,1996,0,0,0,0,0,0,0,0,0,0
270505,0,1,1996,19,20,17,16,18,36,44,20,26,11
270505,1,1,1996,0,5,0,0,0,8,0,0,0,0
270506,1,1,1996,0,0,0,0,0,0,0,0,0,0
270506,2,1,1996,0,0,0,0,0,0,17,18,9,0
270507,1,1,1996,0,0,0,0,0,0,0,0,0,0
270507,2,1,1996,0,0,0,0,0,0,0,0,0,0
270508,1,1,1996,0,0,0,0,0,0,0,0,0,0
270508,2,1,1996,0,0,0,0,0,0,0,0,0,0
270509,1,1,1996,7,7,7,7,7,7,7,7,7,7
270509,2,1,1996,0,0,12,0,0,0,0,0,13,0
270510,0,1,1996,27,33,16,10,10,19,0,19,2,10
270510,1,1,1996,0,7,0,0,0,0,0,7,0,0
270511,1,1,1996,24,14,6,44,20,17,0,23,31,12
280001,0,1,1996,11,11,11,11,11,11,11,11,11,11
280001,1,1,1996,0,0,0,0,0,0,0,0,0,0
280002,1,1,1996,16,16,16,16,16,16,16,16,16,16
280003,1,1,1996,0,0,0,0,0,0,0,0,0,0
280004,0,1,1996,0,0,0,0,0,0,0,0,0,0
280004,1,1,1996,0,0,0,0,0,0,0,0,0,0
280005,1,1,1996,0,0,0,0,0,0,0,0,0,0
280006,1,1,1996,0,0,0,0,0,0,0,0,0,0
280006,2,1,1996,13,13,13,13,13,13,13,13,13,13
280007,0,1,1996,0,0,0,0,0,0,0,0,0,0
280007,1,1,1996,16,16,16,16,16,16,16,16,16,16
280008,1,1,1996,0,0,0,0,0,0,0,0,0,0
280008,2,1,1996,0,0,0,0,0,0,0,0,0,0
280009,1,1,1996,26,26,26,26,26,26,26,26,26,26
280009,2,1,1996,0,0,0,0,0,0,0,0,0,0
280010,0,1,1996,17,15,20,16,13,0,24,30,14,10
280010,1,1,1996,0,14,0,0,0,9,0,0,22,8
280011,1,1,1996,0,0,0,0,0,10,0,13,0,0
280012,1,1,1996,0,0,0,0,0,0,0,0,0,0
280012,2,1,1996,0,0,0,0,0,0,23,0,0,0
280013,1,1,1996,27,27,27,27,27,27,27,27,27,27
280013,2,1,1996,0,0,0,0,0,0,0,0,0,0
280014,1,1,1996,0,0,0,0,0,0,0,0,0,0
280014,2,1,1996,0,0,0,0,0,0,0,0,0,0
280015,1,1,1996,0,0,0,0,0,0,0,0,0,0
280016,1,1,1996,11,12,15,0,0,0,0,15,15,27
280017,1,1,1996,0,0,0,0,0,0,0,17,0,0
280017,2,1,1996,13,17,10,24,16,14,13,21,0,17
280018,1,1,1996,0,0,0,0,0,0,0,0,0,0
280019,1,1,1996,13,13,13,13,13,13,13,13,13,13
280020,1,1,1996,0,0,0,0,0,0,0,0,0,0
280020,2,1,1996,0,0,0,0,0,0,0,0,0,0
280021,0,1,1996,0,0,0,0,0,0,0,0,0,0
280021,1,1,1996,0,0,0,0,0,0,0,0,8,0
280022,1,1,1996,0,0,0,0,0,0,0,0,0,15
280022,2,1,1996,0,0,0,0,0,0,0,0,0,0
280023,1,1,1996,15,15,15,15,15,15,15,15,15,15
280023,2,1,1996,0,0,0,0,0,0,0,0,0,0
280024,1,1,1996,9,9,9,9,9,9,9,9,9,9
280024,2,1,1996,13,13,13,13,13,13,13,13,13,13
280025,1,1,1996,14,14,14,14,14,14,14,14,14,14
280026,1,1,1996,0,0,0,31,0,0,0,0,0,0
280026,2,1,1996,0,0,0,0,0,0,0,0,0,0
280027,1,1,1996,0,0,0,0,0,0,0,0,0,0
280028,1,1,1996,0,0,0,0,0,0,0,0,0,0
280028,2,1,1996,0,0,0,0,0,0,0,0,0,0
280029,1,1,1996,0,0,0,0,0,0,0,0,0,0
280029,2,1,1996,0,0,0,0,0,0,0,0,0,0
280030,1,1,1996,0,0,0,0,0,13,0,0,0,0
280031,1,1,1996,27,0,0,19,38,10,25,11,0,22
280032,1,1,1996,0,0,0,0,0,0,0,0,0,0
280032,2,1,1996,0,0,0,0,0,0,0,0,0,0
280033,0,1,1996,13,13,13,13,13,13,13,13,13,13
280033,1,1,1996,0,0,0,0,0,0,0,0,0,0
280034,1,1,1996,0,0,0,0,0,0,0,0,0,0
280034,2,1,1996,0,0,0,0,0,0,0,0,0,0
280034,3,1,1996,0,0,0,0,0,0,15,0,0,21
280035,1,1,1996,16,16,16,16,16,16,16,16,16,16
280036,1,1,1996,0,0,0,0,0,0,0,0,0,0
280037,1,1,1996,0,0,0,0,0,0,0,0,0,0
280038,1,1,1996,17,17,17,17,17,17,17,17,17,17
280039,1,1,1996,23,0,16,19,17,20,21,20,10,0
280040,1,1,1996,0,0,0,0,0,0,0,0,0,0
280040,2,1,1996,0,0,0,0,0,0,0,0,0,0
280041,1,1,1996,18,18,18,18,18,18,18,18,18,18
280042,1,1,1996,0,0,0,0,0,0,20,14,0,0
280043,1,1,1996,19,19,19,19,19,19,19,19,19,19
280044,1,1,1996,0,0,0,0,0,0,0,0,0,0
280044,2,1,1996,0,0,0,0,0,0,0,0,0,0
280045,1,1,1996,0,0,0,0,0,0,0,0,0,0
280046,1,1,1996,0,0,0,0,0,0,0,0,0,0
280046,2,1,1996,0,0,0,0,0,0,0,0,0,0
280047,1,1,1996,0,0,0,0,0,0,0,0,0,0
280047,2,1,1996,0,0,0,0,0,0,0,0,0,0
280048,1,1,1996,0,0,0,0,0,0,0,0,0,0
280048,2,1,1996,0,0,0,0,0,0,0,0,14,0
280049,1,1,1996,0,0,0,0,0,0,0,0,0,0
280050,1,1,1996,0,0,0,0,0,0,0,0,0,0
280050,2,1,1996,12,12,12,12,12,12,12,12,12,12
280050,3,1,1996,0,19,0,0,4,0,17,0,0,12
280050,4,1,1996,20,0,23,0,7,0,0,0,22,19