ST_CASE,VEH_NO,PER_NO,YEAR,P1,P2,P3,P4,P5,P6,P7,P8,P9,P10
280051,1,1,1996,0,0,0,0,0,0,0,0,0,0
280051,2,1,1996,0,0,0,0,0,0,0,0,0,0
280052,1,1,1996,0,0,0,0,0,0,0,0,0,0
280053,1,1,1996,17,17,17,17,17,17,17,17,17,17
280054,0,1,1996,0,24,0,0,18,19,31,0,0,0
280054,1,1,1996,5,0,0,0,21,12,0,0,0,15
280055,1,1,1996,0,5,24,0,11,15,0,0,9,0
280056,1,1,1996,0,0,0,0,0,0,0,0,0,0
280057,1,1,1996,14,14,14,14,14,14,14,14,14,14
280058,1,1,1996,28,28,28,28,28,28,28,28,28,28
280059,1,1,1996,0,0,0,0,0,0,0,0,0,0
280060,1,1,1996,0,0,0,0,0,0,0,0,0,0
280060,2,1,1996,18,18,18,18,18,18,18,18,18,18
280061,0,1,1996,0,0,0,0,0,0,0,0,0,0
280061,1,1,1996,0,0,0,0,0,0,0,0,0,0
280062,1,1,1996,0,0,0,0,0,0,0,0,17,0
280063,1,1,1996,0,0,0,0,0,0,0,0,0,0
280064,1,1,1996,0,0,0,0,0,0,0,0,0,0
280064,2,1,1996,0,0,0,0,0,0,0,0,0,0
280065,1,1,1996,27,23,10,0,0,28,14,0,17,11
280065,2,1,1996,29,11,9,0,0,0,0,14,0,31
280066,1,1,1996,0,0,0,0,0,0,0,0,0,0
280067,0,1,1996,35,0,22,16,0,0,0,29,15,0
280067,1,1,1996,0,14,10,0,0,0,0,17,0,0
280068,1,1,1996,0,0,0,0,0,0,0,0,0,0
280069,1,1,1996,0,0,0,0,0,27,0,0,30,0
280070,0,1,1996,28,28,28,28,28,28,28,28,28,28
280070,1,1,1996,0,0,0,0,0,0,13,0,0,0
280071,1,1,1996,6,6,6,6,6,6,6,6,6,6
280071,2,1,1996,0,7,0,0,0,0,0,0,0,0
280071,3,1,1996,0,0,0,5,0,19,1,0,10,0
280072,1,1,1996,12,12,12,12,12,12,12,12,12,12
280073,1,1,1996,9,9,9,9,9,9,9,9,9,9
280074,1,1,1996,0,0,0,0,0,0,0,0,0,0
280074,2,1,1996,0,0,0,0,0,0,0,0,0,0
280075,1,1,1996,0,0,0,0,0,0,0,0,0,0
280076,1,1,1996,14,14,14,14,14,14,14,14,14,14
280077,1,1,1996,0,0,0,0,0,0,0,0,0,0
280077,2,1,1996,0,0,0,0,0,0,0,0,0,0
280078,1,1,1996,0,0,0,0,0,0,0,0,0,0
280078,2,1,1996,0,0,0,0,0,0,0,0,0,0
280079,1,1,1996,0,0,0,0,0,0,0,0,0,0
280080,1,1,1996,0,0,0,0,0,0,0,0,0,0
280080,2,1,1996,8,8,8,8,8,8,8,8,8,8
280081,1,1,1996,0,0,0,0,0,0,0,0,0,0
280082,1,1,1996,0,0,0,0,0,0,0,0,0,0
280082,2,1,1996,0,0,0,0,0,0,0,0,0,0
280083,1,1,1996,0,0,0,0,0,0,0,0,0,0
280084,1,1,1996,18,18,18,18,18,18,18,18,18,18
280085,1,1,1996,0,0,0,0,0,0,0,0,0,0
280085,2,1,1996,0,0,0,0,0,0,0,0,0,0
280086,1,1,1996,0,17,14,0,24,0,0,26,16,0
280087,1,1,1996,0,0,0,0,0,0,0,0,0,0
280087,2,1,1996,6,6,6,6,6,6,6,6,6,6
280088,1,1,1996,29,29,29,29,29,29,29,29,29,29
280089,1,1,1996,0,0,0,0,0,0,0,0,0,0
280089,2,1,1996,0,0,0,0,0,0,0,0,0,0
280090,1,1,1996,0,0,0,0,0,0,0,0,0,0
280091,1,1,1996,0,0,0,0,0,0,0,0,0,0
280091,2,1,1996,0,0,0,0,0,0,0,0,0,0
280092,1,1,1996,0,31,0,0,0,0,5,0,0,0
280093,1,1,1996,17,17,17,17,17,17,17,17,17,17
280094,1,1,1996,0,0,0,0,0,0,0,0,0,0
280094,2,1,1996,0,0,0,0,0,0,0,0,0,0
280094,3,1,1996,0,0,0,0,0,0,0,0,0,0
280095,1,1,1996,0,0,0,0,0,0,0,0,0,0
280095,2,1,1996,0,0,0,0,0,0,0,0,0,0
280096,1,1,1996,0,0,0,0,0,0,0,0,0,0
280097,1,1,1996,24,24,24,24,24,24,24,24,24,24
280098,1,1,1996,0,0,0,0,0,0,0,0,0,0
280098,2,1,1996,0,0,0,0,0,0,0,0,0,0
280099,1,1,1996,0,0,0,0,0,0,0,0,0,0
280099,2,1,1996,23,23,23,23,23,23,23,23,23,23
280100,1,1,1996,12,12,12,12,12,12,12,12,12,12
280101,1,1,1996,0,0,0,0,0,0,0,0,0,0
280102,1,1,1996,11,11,11,11,11,11,11,11,11,11
280102,2,1,1996,0,0,0,0,0,0,0,0,0,0
280103,1,1,1996,0,0,0,0,0,0,0,0,0,0
280103,2,1,1996,0,0,0,0,0,0,0,0,0,0
280104,1,1,1996,0,0,0,0,0,0,0,0,0,0
280105,1,1,1996,0,0,0,0,0,0,0,0,0,0
280105,2,1,1996,0,0,0,0,0,0,0,0,0,13
280106,1,1,1996,22,22,22,22,22,22,22,22,22,22
280107,1,1,1996,0,0,0,0,0,0,0,0,0,0
280108,1,1,1996,28,28,28,28,28,28,28,28,28,28
280109,1,1,1996,0,0,0,0,0,0,0,0,0,0
280109,2,1,1996,0,0,0,0,0,0,0,0,0,0
280110,1,1,1996,0,0,0,0,0,0,0,0,0,0
280111,1,1,1996,0,0,0,0,0,0,0,0,0,0
280111,2,1,1996,0,0,0,0,0,0,0,0,0,0
280112,1,1,1996,8,21,0,10,0,18,0,0,14,12
280113,1,1,1996,0,0,0,0,0,0,0,0,0,0
280113,2,1,1996,0,0,0,0,7,0,0,0,0,0
280114,1,1,1996,34,34,34,34,34,34,34,34,34,34
280115,1,1,1996,7,7,7,7,7,7,7,7,7,7
280116,1,1,1996,0,0,0,0,0,0,0,0,0,0
280117,1,1,1996,8,8,8,8,8,8,8,8,8,8
280118,1,1,1996,16,16,16,16,16,16,16,16,16,16
280119,1,1,1996,23,23,23,23,23,23,23,23,23,23
280121,1,1,1996,0,0,0,0,0,0,0,0,0,0
280122,1,1,1996,0,0,0,0,0,0,0,0,0,0
280122,2,1,1996,0,0,0,0,0,0,0,0,0,0
280123,1,1,1996,0,0,0,0,0,0,0,0,0,0
280123,2,1,1996,13,13,13,13,13,13,13,13,13,13
280124,1,1,1996,0,0,0,0,0,0,0,0,0,0
280125,1,1,1996,0,0,0,0,0,14,0,0,0,0
280125,2,1,1996,0,0,0,0,0,0,0,0,0,0
280126,1,1,1996,0,0,13,0,0,0,0,0,0,19
280126,2,1,1996,0,0,0,0,0,0,0,0,0,0
280127,1,1,1996,0,0,0,0,0,0,0,0,0,0
280127,2,1,1996,0,0,0,0,4,0,0,0,0,5
280128,1,1,1996,0,0,0,0,0,0,0,0,0,0
280128,2,1,1996,0,0,0,0,0,0,0,22,0,0
280129,1,1,1996,12,12,12,12,12,12,12,12,12,12
280129,2,1,1996,0,0,0,0,0,9,0,11,0,0
280130,1,1,1996,0,0,0,0,0,0,0,0,0,0
280131,1,1,1996,7,7,7,7,7,7,7,7,7,7
280132,1,1,1996,0,0,0,0,0,0,0,0,0,0
280133,1,1,1996,10,10,10,10,10,10,10,10,10,10
280134,1,1,1996,0,0,0,0,0,0,0,0,0,0
280135,1,1,1996,0,0,0,0,0,0,0,0,0,0
280135,2,1,1996,0,0,0,0,0,0,0,0,0,0
280136,1,1,1996,0,0,0,0,0,0,0,0,0,0
280137,1,1,1996,16,16,16,16,16,16,16,16,16,16
280138,1,1,1996,0,0,0,0,0,0,0,0,0,0
280139,1,1,1996,0,0,0,0,0,0,0,0,0,0
280139,2,1,1996,0,0,0,0,0,0,0,0,0,0
280140,1,1,1996,0,0,0,0,0,0,0,0,0,0
280140,2,1,1996,8,8,8,8,8,8,8,8,8,8
280141,1,1,1996,0,0,0,0,6,0,0,0,0,8
280141,2,1,1996,0,0,0,0,0,0,0,0,0,0
280142,1,1,1996,0,0,0,0,0,0,0,0,0,0
280143,1,1,1996,11,11,11,11,11,11,11,11,11,11
280144,1,1,1996,0,15,0,0,0,0,0,0,0,0
280144,2,1,1996,0,0,0,0,0,0,7,0,0,0
280145,1,1,1996,0,0,0,0,0,0,18,0,26,0
280145,2,1,1996,0,0,0,0,0,0,0,0,12,0
280146,1,1,1996,26,26,26,26,26,26,26,26,26,26
280147,0,1,1996,30,30,30,30,30,30,30,30,30,30
280147,1,1,1996,0,0,0,0,14,0,10,0,6,12
280148,1,1,1996,0,0,0,0,0,0,0,0,0,0
280149,1,1,1996,0,0,0,3,0,0,0,0,0,0
280149,2,1,1996,0,0,0,0,0,0,0,0,0,0
280149,3,1,1996,13,0,13,9,0,0,0,0,14,0
280150,1,1,1996,21,21,21,21,21,21,21,21,21,21
280151,1,1,1996,8,8,8,8,8,8,8,8,8,8
280152,1,1,1996,10,10,10,10,10,10,10,10,10,10
280152,2,1,1996,12,12,12,12,12,12,12,12,12,12
280153,1,1,1996,0,0,0,0,0,0,0,0,0,0
280153,2,1,1996,0,0,0,0,0,0,0,0,0,0
280154,1,1,1996,17,17,17,17,17,17,17,17,17,17
280155,1,1,1996,0,0,0,0,0,0,0,0,0,0
280156,1,1,1996,0,0,0,0,0,0,0,0,0,0
280157,1,1,1996,0,0,0,0,0,0,0,0,0,0
280157,2,1,1996,0,0,0,0,0,0,0,0,0,0
280157,3,1,1996,0,0,0,0,0,0,0,0,0,0
280158,1,1,1996,12,12,12,12,12,12,12,12,12,12
280159,0,1,1996,0,0,0,0,0,0,0,0,0,0
280159,1,1,1996,0,0,0,0,0,0,0,0,0,0
280160,1,1,1996,0,0,0,0,0,0,0,0,0,0
280161,1,1,1996,0,0,0,0,0,0,0,0,0,0
280162,1,1,1996,10,10,10,10,10,10,10,10,10,10
280164,1,1,1996,0,0,0,0,0,0,0,0,0,0
280165,1,1,1996,0,0,0,0,0,0,0,0,0,0
280165,2,1,1996,0,3,0,0,0,0,0,0,0,0
280165,3,1,1996,0,0,0,0,13,0,0,0,0,0
280166,1,1,1996,12,12,12,12,12,12,12,12,12,12
280167,1,1,1996,0,0,0,0,0,0,0,0,0,0
280168,1,1,1996,16,16,16,16,16,16,16,16,16,16
280169,1,1,1996,0,0,0,0,0,0,0,0,0,0
280170,1,1,1996,0,0,0,0,0,0,0,0,0,0
280170,2,1,1996,0,0,0,0,0,0,0,0,0,0
280170,3,1,1996,0,0,0,0,0,0,0,0,0,0
280171,1,1,1996,17,17,17,17,17,17,17,17,17,17
280172,0,1,1996,0,0,0,0,0,0,0,0,0,0
280172,1,1,1996,0,0,0,0,0,0,0,0,0,0
280173,1,1,1996,0,0,0,0,0,0,0,0,0,0
280174,1,1,1996,0,0,0,0,0,0,0,0,0,0
280175,1,1,1996,22,22,22,22,22,22,22,22,22,22
280176,1,1,1996,14,14,14,14,14,14,14,14,14,14
280177,1,1,1996,15,15,15,15,15,15,15,15,15,15
280178,1,1,1996,0,0,0,0,0,0,0,0,0,0
280179,1,1,1996,0,0,0,0,0,0,0,0,0,0
280179,2,1,1996,0,0,0,0,0,0,0,0,0,0
280180,1,1,1996,0,27,0,0,15,0,14,0,9,0
280181,1,1,1996,0,0,0,0,14,0,0,0,15,0
280181,2,1,1996,0,30,0,16,0,0,0,0,0,5
280182,1,1,1996,0,0,0,0,0,0,0,0,0,0
280182,2,1,1996,0,0,0,0,0,0,0,0,0,0
280183,1,1,1996,33,33,33,33,33,33,33,33,33,33
280183,2,1,1996,0,17,11,8,0,20,0,0,8,16
280184,1,1,1996,0,0,0,0,0,0,0,0,0,0
280185,1,1,1996,0,19,2,0,0,0,16,24,25,22
280186,1,1,1996,0,0,0,0,0,0,0,0,0,0
280186,2,1,1996,0,0,0,0,0,0,0,0,0,0
280187,1,1,1996,0,0,0,0,15,0,0,0,0,0
280187,2,1,1996,0,0,0,0,0,0,0,0,0,0
280188,1,1,1996,0,0,0,0,0,0,0,0,0,0
280189,1,1,1996,0,0,0,0,0,0,0,0,0,0
280190,0,1,1996,0,0,0,0,0,0,0,0,0,0
280190,1,1,1996,0,0,0,0,0,0,0,0,0,0
280191,1,1,1996,0,0,0,0,0,0,0,0,0,0
280192,1,1,1996,37,37,37,37,37,37,37,37,37,37
280193,1,1,1996,0,0,0,0,0,0,0,0,0,0
280194,1,1,1996,0,17,0,0,0,0,0,0,0,0
280194,2,1,1996,0,0,0,14,0,0,0,0,0,0
280195,1,1,1996,0,0,0,0,0,0,0,0,0,0
280195,2,1,1996,0,0,0,0,0,0,11,0,0,0
280196,1,1,1996,11,0,9,0,0,0,0,0,0,0
280196,2,1,1996,0,0,0,17,0,0,0,22,0,0
280196,3,1,1996,0,0,0,0,0,0,0,0,0,0
280197,1,1,1996,18,18,18,18,18,18,18,18,18,18
280198,1,1,1996,0,0,0,0,0,0,0,0,0,0
280199,1,1,1996,23,23,23,23,23,23,23,23,23,23
280200,1,1,1996,0,0,0,0,0,0,0,0,0,12
280200,2,1,1996,22,0,0,0,0,0,0,32,0,3
280201,1,1,1996,7,7,7,7,7,7,7,7,7,7
280202,1,1,1996,17,17,17,17,17,17,17,17,17,17
280203,1,1,1996,22,22,22,22,22,22,22,22,22,22
280204,1,1,1996,0,0,0,0,0,16,0,0,0,17
280205,0,1,1996,0,0,0,0,0,0,0,0,0,0
280205,1,1,1996,0,0,0,0,0,0,0,11,0,20
280206,1,1,1996,13,13,13,13,13,13,13,13,13,13
280207,1,1,1996,0,0,0,0,0,0,0,0,0,0
280207,2,1,1996,0,0,0,0,0,0,0,0,0,0
280207,3,1,1996,0,0,0,0,0,0,0,0,0,0
280207,4,1,1996,0,0,0,0,0,0,0,0,0,0
280208,1,1,1996,0,0,0,0,0,0,0,0,0,0
280209,1,1,1996,0,0,0,0,0,0,0,0,0,0
280209,2,1,1996,0,0,0,0,0,0,0,0,0,0
280210,1,1,1996,0,0,0,0,14,0,5,7,21,20
280211,1,1,1996,0,22,0,0,0,0,11,0,0,0
280211,2,1,1996,0,0,0,0,0,0,0,0,0,0
280212,1,1,1996,23,23,23,23,23,23,23,23,23,23
280213,1,1,1996,18,18,18,18,18,18,18,18,18,18
280213,2,1,1996,0,0,0,0,0,0,0,0,0,0
280214,1,1,1996,0,0,0,0,0,0,0,0,0,0
280214,2,1,1996,0,0,0,0,0,0,0,0,0,0
280215,1,1,1996,33,33,33,33,33,33,33,33,33,33
280216,0,1,1996,0,0,0,0,0,0,0,0,0,0
280216,1,1,1996,0,0,0,0,0,0,0,0,0,0
280217,1,1,1996,0,0,0,0,0,0,0,0,0,0
280217,2,1,1996,0,7,0,0,0,0,0,15,0,0
280217,3,1,1996,0,0,0,16,0,0,0,0,0,0
280218,1,1,1996,0,0,0,0,0,0,17,0,19,0
280219,1,1,1996,0,0,0,0,0,0,0,0,0,0
280220,1,1,1996,0,0,0,0,0,0,0,0,0,0
280221,1,1,1996,0,0,0,0,0,0,0,0,0,0
280221,2,1,1996,0,0,0,0,0,0,0,0,0,0
280222,0,1,1996,0,0,0,0,0,0,0,0,0,0
280222,1,1,1996,0,17,0,0,0,0,0,0,0,0
280223,1,1,1996,28,28,28,28,28,28,28,28,28,28
280224,1,1,1996,0,0,0,0,11,25,0,0,0,0
280224,2,1,1996,6,0,0,0,0,13,0,19,0,11
280225,1,1,1996,0,0,0,0,0,0,0,0,0,0
280225,2,1,1996,0,0,10,0,0,16,0,0,11,0
280226,1,1,1996,0,0,0,0,0,0,0,0,0,0
280226,2,1,1996,4,4,4,4,4,4,4,4,4,4
280227,1,1,1996,0,0,0,0,0,0,0,0,0,0
280228,1,1,1996,18,18,18,18,18,18,18,18,18,18
280229,1,1,1996,0,0,0,0,0,0,0,0,0,0
280230,1,1,1996,23,23,23,23,23,23,23,23,23,23
280231,0,1,1996,0,0,0,0,0,0,0,0,0,0
280231,1,1,1996,0,0,0,0,0,0,0,0,0,0
280232,1,1,1996,25,25,25,25,25,25,25,25,25,25
280233,1,1,1996,0,0,0,0,0,0,0,0,0,0
280233,2,1,1996,0,0,0,0,0,0,0,0,0,0
280234,1,1,1996,22,22,22,22,22,22,22,22,22,22
280235,1,1,1996,0,0,0,0,0,0,0,0,0,0
280235,2,1,1996,0,0,0,9,0,0,0,0,12,0
280236,1,1,1996,14,14,14,14,14,14,14,14,14,14
280237,1,1,1996,9,9,9,9,9,9,9,9,9,9
280238,1,1,1996,0,0,0,16,0,0,0,0,0,0
280238,2,1,1996,14,14,14,14,14,14,14,14,14,14
280239,1,1,1996,11,11,11,11,11,11,11,11,11,11
280240,1,1,1996,0,0,0,0,0,0,0,0,0,0
280241,1,1,1996,0,0,0,0,0,0,0,0,0,0
280241,2,1,1996,0,0,0,0,0,0,0,0,0,0
280242,1,1,1996,0,0,0,0,0,0,0,0,0,0
280243,0,1,1996,28,28,28,28,28,28,28,28,28,28
280243,1,1,1996,17,17,17,17,17,17,17,17,17,17
280244,1,1,1996,0,0,9,0,0,0,0,0,0,0
280244,2,1,1996,0,0,0,0,0,0,0,0,0,0
280245,1,1,1996,0,0,0,0,0,0,0,0,0,0
280245,2,1,1996,0,0,0,0,0,0,0,0,0,0
280246,1,1,1996,0,0,0,0,0,0,0,0,0,0
280246,2,1,1996,11,11,11,11,11,11,11,11,11,11
280247,1,1,1996,0,0,0,0,0,0,0,0,0,0
280247,2,1,1996,0,0,0,0,0,0,0,0,0,0
280248,1,1,1996,19,19,19,19,19,19,19,19,19,19
280249,1,1,1996,17,17,17,17,17,17,17,17,17,17
280249,2,1,1996,0,0,0,0,0,0,0,0,0,0
280250,1,1,1996,21,21,21,21,21,21,21,21,21,21
280251,1,1,1996,19,19,19,19,19,19,19,19,19,19
280252,1,1,1996,0,0,0,0,0,0,0,0,0,0
280252,2,1,1996,15,15,15,15,15,15,15,15,15,15
280253,1,1,1996,0,0,0,0,0,0,0,0,0,0
280253,2,1,1996,0,0,0,0,0,0,0,0,0,0
280253,3,1,1996,21,21,21,21,21,21,21,21,21,21
280254,1,1,1996,0,0,0,0,0,0,0,0,0,0
280254,2,1,1996,0,0,0,0,0,22,0,0,0,0
280255,1,1,1996,0,0,0,0,0,0,0,0,0,0
280256,1,1,1996,19,19,19,19,19,19,19,19,19,19
280257,1,1,1996,16,16,16,16,16,16,16,16,16,16
280258,1,1,1996,0,0,0,0,0,0,20,0,0,0
280258,2,1,1996,0,0,0,0,0,0,0,0,0,0
280259,0,1,1996,0,0,0,0,0,0,0,0,0,0
280259,1,1,1996,0,0,0,0,0,0,0,0,0,0
280260,1,1,1996,0,0,22,21,11,11,19,22,0,0
280260,2,1,1996,0,0,0,0,0,0,0,0,0,17
280260,3,1,1996,0,0,0,0,0,0,0,0,0,0
280261,1,1,1996,0,0,0,0,0,0,0,0,0,0
280261,2,1,1996,0,0,0,0,0,23,0,0,13,0
280261,3,1,1996,0,0,0,11,0,0,4,0,6,0
280262,1,1,1996,24,24,24,24,24,24,24,24,24,24
280263,1,1,1996,18,18,18,18,18,18,18,18,18,18
280264,0,1,1996,0,0,0,0,0,0,0,0,0,0
280264,1,1,1996,0,21,0,0,0,0,0,8,0,0
280265,1,1,1996,0,0,0,0,0,0,0,0,0,0
280265,2,1,1996,0,0,0,0,0,0,0,0,0,0
280265,3,1,1996,30,30,30,30,30,30,30,30,30,30
280266,1,1,1996,16,16,16,16,16,16,16,16,16,16
280267,1,1,1996,0,0,0,0,0,0,0,0,0,0
280267,2,1,1996,0,0,0,0,0,0,0,0,0,0
280268,1,1,1996,0,0,0,0,0,0,0,0,0,0
280268,2,1,1996,0,0,0,0,0,0,0,0,0,0
280269,0,1,1996,0,0,0,0,0,0,0,0,0,0
280269,1,1,1996,0,19,0,0,0,0,0,0,0,0
280270,1,1,1996,0,0,0,0,0,0,0,0,0,0
280270,2,1,1996,12,12,12,12,12,12,12,12,12,12
280271,1,1,1996,16,16,16,16,16,16,16,16,16,16
280272,0,1,1996,27,8,24,0,19,0,23,23,33,18
280272,1,1,1996,6,6,6,6,6,6,6,6,6,6
280273,1,1,1996,0,0,0,0,0,0,0,0,0,0
280274,1,1,1996,0,0,0,0,0,0,0,0,0,0
280274,2,1,1996,0,0,0,0,0,0,13,0,0,0
280275,1,1,1996,0,0,0,0,0,0,0,0,0,0
280275,2,1,1996,0,0,0,0,0,0,0,0,0,0
280276,1,1,1996,0,0,0,0,0,0,0,0,0,0
280276,2,1,1996,0,0,0,0,0,0,0,0,0,0
280277,1,1,1996,0,0,0,0,0,0,0,0,0,0
280278,1,1,1996,19,19,19,19,19,19,19,19,19,19
280279,0,1,1996,0,12,38,0,0,0,0,0,23,0
280279,1,1,1996,0,0,0,0,0,0,0,0,0,0
280280,1,1,1996,0,0,0,0,0,0,0,0,0,0
280280,2,1,1996,0,0,0,0,0,0,0,0,21,0
280281,1,1,1996,13,13,13,13,13,13,13,13,13,13
280282,1,1,1996,0,7,0,0,0,0,0,0,0,0
280282,2,1,1996,0,0,33,0,7,0,0,0,19,0
280283,1,1,1996,0,0,0,0,0,0,0,0,0,0
280283,2,1,1996,0,0,0,0,0,0,0,0,0,0
280284,1,1,1996,0,0,0,0,0,0,0,0,0,0
280284,2,1,1996,0,0,0,0,0,0,0,0,0,0
280284,3,1,1996,0,0,0,0,0,0,0,0,0,0
280285,1,1,1996,0,0,0,0,0,0,0,0,0,0
280286,1,1,1996,0,0,0,0,0,0,0,0,0,0
280287,1,1,1996,0,0,0,0,0,0,0,0,0,0
280288,1,1,1996,12,12,12,12,12,12,12,12,12,12
280289,1,1,1996,0,0,0,0,0,0,0,0,0,0
280289,2,1,1996,0,0,0,0,0,0,0,0,0,0
280290,1,1,1996,18,18,18,18,18,18,18,18,18,18
280291,1,1,1996,6,6,6,6,6,6,6,6,6,6
280292,1,1,1996,2,0,0,0,5,0,0,0,0,21
280292,2,1,1996,0,0,0,0,6,0,0,0,0,0
280293,1,1,1996,29,29,29,29,29,29,29,29,29,29
280293,2,1,1996,0,0,0,0,0,0,0,0,0,0
280293,3,1,1996,0,0,0,0,0,0,0,0,0,0
280294,1,1,1996,10,10,10,10,10,10,10,10,10,10
280294,2,1,1996,0,0,16,13,7,0,0,0,0,18
280295,1,1,1996,23,0,0,0,0,0,0,0,0,0
280295,2,1,1996,23,0,0,0,0,0,0,0,0,0
280296,1,1,1996,0,20,20,12,9,22,20,21,36,15
280297,1,1,1996,0,0,0,0,0,0,0,0,0,0
280297,2,1,1996,0,0,0,0,0,11,0,0,0,0
280298,1,1,1996,0,0,0,0,0,0,0,0,0,0
280298,2,1,1996,0,0,0,0,0,0,0,0,0,0
280299,1,1,1996,14,14,14,14,14,14,14,14,14,14
280300,1,1,1996,9,9,9,9,9,9,9,9,9,9
280300,2,1,1996,7,7,7,7,7,7,7,7,7,7
280301,1,1,1996,18,18,18,18,18,18,18,18,18,18
280302,1,1,1996,22,22,22,22,22,22,22,22,22,22
280302,2,1,1996,0,0,16,0,0,4,0,0,0,0
280303,1,1,1996,0,0,0,0,0,0,0,0,0,0
280303,2,1,1996,0,16,17,0,0,0,0,0,0,0
280304,1,1,1996,0,0,0,0,0,0,0,0,0,0
280304,2,1,1996,0,0,0,0,0,0,0,0,0,0
280305,1,1,1996,0,0,0,0,0,0,0,0,0,0
280305,2,1,1996,0,0,0,0,0,0,0,0,0,0
280305,3,1,1996,0,0,0,0,0,0,0,0,0,0
280306,1,1,1996,0,0,0,0,0,0,0,0,0,0
280307,1,1,1996,0,0,9,0,10,4,0,0,13,0
280307,2,1,1996,0,0,0,0,0,0,0,0,0,0
280308,1,1,1996,0,0,0,0,0,0,0,0,0,0
280309,1,1,1996,0,0,0,0,0,14,0,0,0,0
280309,2,1,1996,8,8,8,8,8,8,8,8,8,8
280310,1,1,1996,13,0,0,0,17,0,0,15,0,0
280311,1,1,1996,21,21,21,21,21,21,21,21,21,21
280311,2,1,1996,7,7,7,7,7,7,7,7,7,7
280312,1,1,1996,0,0,0,0,0,0,0,0,0,0
280313,1,1,1996,0,0,0,0,0,0,0,0,0,0
280313,2,1,1996,0,0,14,0,0,0,0,0,0,0
280313,3,1,1996,0,0,3,0,0,0,0,0,0,0
280314,1,1,1996,0,0,0,8,0,0,0,0,0,0
280314,2,1,1996,22,12,16,0,0,6,0,0,24,0
280315,1,1,1996,0,0,0,0,0,0,0,0,0,0
280315,2,1,1996,21,21,21,21,21,21,21,21,21,21
280316,0,1,1996,0,0,0,0,0,0,0,0,0,0
280316,1,1,1996,0,0,0,0,0,0,0,0,13,0
280317,1,1,1996,0,0,0,0,0,0,0,0,0,0
280317,2,1,1996,0,0,0,0,0,0,0,0,0,0
280318,1,1,1996,0,0,0,0,0,0,0,0,0,0
280318,2,1,1996,0,0,0,0,0,0,0,0,0,0
280319,1,1,1996,0,0,0,0,0,0,0,0,0,0
280319,2,1,1996,0,0,0,0,0,0,0,0,0,0
280320,1,1,1996,0,0,0,0,0,0,0,0,0,0
280321,1,1,1996,0,0,9,0,0,0,0,0,0,0
280321,2,1,1996,0,0,0,0,0,0,0,0,0,0
280322,0,1,1996,18,0,18,16,29,29,13,18,17,20
280322,1,1,1996,0,0,0,0,0,14,0,0,7,0
280323,1,1,1996,0,0,0,6,0,0,0,0,0,0
280323,2,1,1996,0,0,0,0,0,0,0,0,0,0
280324,1,1,1996,16,16,16,16,16,16,16,16,16,16
280325,1,1,1996,0,0,0,10,0,0,0,0,0,6
280326,0,1,1996,0,12,0,0,0,0,11,0,0,0
280326,1,1,1996,0,0,0,0,0,28,14,0,0,0
280327,1,1,1996,35,35,35,35,35,35,35,35,35,35
280327,2,1,1996,0,0,0,0,0,0,0,0,0,0
280327,3,1,1996,0,0,0,0,0,0,0,0,0,0
280328,1,1,1996,0,0,0,0,0,0,0,0,0,0
280328,2,1,1996,13,13,13,13,13,13,13,13,13,13
280329,1,1,1996,26,26,26,26,26,26,26,26,26,26
280330,1,1,1996,31,0,0,8,21,0,0,0,0,0
280331,1,1,1996,0,0,0,0,0,0,0,0,0,0
280331,2,1,1996,0,0,15,0,0,0,0,0,0,0
280332,1,1,1996,0,0,0,0,0,0,0,0,0,0
280332,2,1,1996,0,12,0,0,0,0,0,0,4,14
280333,1,1,1996,21,21,21,21,21,21,21,21,21,21
280334,0,1,1996,0,0,0,0,0,0,0,0,0,0
280334,1,1,1996,0,0,0,0,0,0,0,0,0,0
280335,1,1,1996,0,12,0,0,0,0,0,0,0,0
280336,1,1,1996,12,12,12,12,12,12,12,12,12,12
280337,1,1,1996,9,9,9,9,9,9,9,9,9,9
280338,1,1,1996,10,21,19,0,24,8,0,0,23,0
280338,2,1,1996,0,0,0,0,23,0,0,0,0,0
280339,1,1,1996,0,0,0,0,0,0,0,0,0,0
280339,2,1,1996,0,0,0,0,0,15,0,0,0,0
280340,1,1,1996,0,0,0,0,0,0,0,0,0,0
280340,2,1,1996,0,0,0,0,0,0,0,0,0,0
280341,0,1,1996,19,19,19,19,19,19,19,19,19,19
280341,1,1,1996,8,8,8,8,8,8,8,8,8,8
280342,1,1,1996,0,0,13,0,0,20,0,0,0,0
280343,1,1,1996,0,0,0,0,0,0,0,0,0,0
280344,1,1,1996,0,0,0,0,0,0,0,0,0,0
280345,1,1,1996,19,0,27,0,13,0,0,0,18,10
280346,1,1,1996,0,0,0,0,0,0,0,0,0,0