ST_CASE,VEH_NO,PER_NO,YEAR,P1,P2,P3,P4,P5,P6,P7,P8,P9,P10
280642,3,1,1996,20,20,20,20,20,20,20,20,20,20
280643,1,1,1996,0,0,0,0,0,0,0,0,0,0
280643,2,1,1996,0,0,0,0,0,0,0,0,0,0
280644,1,1,1996,0,0,0,0,0,0,0,0,0,0
280644,2,1,1996,0,0,0,0,0,0,0,0,0,0
280645,1,1,1996,0,0,0,0,0,0,0,0,0,0
280645,2,1,1996,0,0,0,0,0,0,0,0,0,0
280646,1,1,1996,0,0,0,0,0,0,0,0,0,0
280646,2,1,1996,0,0,0,0,0,0,0,0,0,0
280646,3,1,1996,0,0,0,0,0,0,0,0,0,0
280646,4,1,1996,0,0,0,0,0,0,0,0,0,0
280647,1,1,1996,22,22,22,22,22,22,22,22,22,22
280647,2,1,1996,0,0,0,0,0,0,0,0,0,0
280648,1,1,1996,0,0,0,0,0,0,0,0,0,0
280648,2,1,1996,0,0,0,0,0,0,0,0,0,0
280649,1,1,1996,0,0,0,0,0,0,0,0,0,0
280649,2,1,1996,0,0,0,0,0,0,0,0,0,0
280650,1,1,1996,0,0,0,0,0,0,0,0,0,0
280650,2,1,1996,0,0,0,0,0,0,0,0,0,0
280651,1,1,1996,9,9,9,9,9,9,9,9,9,9
280651,2,1,1996,0,0,0,0,0,0,0,0,0,0
280652,1,1,1996,22,22,22,22,22,22,22,22,22,22
280653,1,1,1996,18,18,18,18,18,18,18,18,18,18
280654,1,1,1996,16,16,16,16,16,16,16,16,16,16
280654,2,1,1996,9,9,9,9,9,9,9,9,9,9
280655,1,1,1996,0,0,0,0,0,0,0,0,0,0
280655,2,1,1996,19,19,19,19,19,19,19,19,19,19
280656,1,1,1996,7,7,7,7,7,7,7,7,7,7
280657,1,1,1996,42,42,42,42,42,42,42,42,42,42
280658,1,1,1996,16,16,16,16,16,16,16,16,16,16
280659,1,1,1996,0,0,0,0,0,0,0,0,0,0
280659,2,1,1996,0,0,0,0,0,0,0,0,0,0
280660,1,1,1996,0,0,0,0,0,0,0,0,0,0
280660,2,1,1996,0,0,0,0,0,0,0,0,0,0
280661,1,1,1996,0,0,0,0,0,0,0,0,0,0
280661,2,1,1996,19,19,19,19,19,19,19,19,19,19
280662,1,1,1996,0,0,0,21,9,0,0,9,0,0
280663,1,1,1996,0,0,0,0,0,0,0,0,0,0
280663,2,1,1996,0,0,0,0,0,0,0,0,0,0
280664,1,1,1996,0,0,0,0,0,0,0,0,0,0
280665,1,1,1996,0,0,0,0,0,0,0,0,0,0
280665,2,1,1996,0,0,0,0,13,0,0,0,0,0
280666,1,1,1996,0,0,0,0,0,0,0,0,0,0
280666,2,1,1996,0,0,0,0,0,0,0,0,0,0
280667,1,1,1996,19,19,19,19,19,19,19,19,19,19
280668,1,1,1996,23,23,23,23,23,23,23,23,23,23
280669,1,1,1996,0,0,0,0,0,0,0,0,0,0
280669,2,1,1996,0,0,0,0,0,0,0,0,0,0
280670,1,1,1996,0,0,0,0,0,0,0,0,0,0
280670,2,1,1996,0,0,0,0,0,0,0,0,0,0
280671,1,1,1996,0,0,0,0,0,0,0,0,0,0
280671,2,1,1996,0,0,0,0,0,0,0,0,0,0
280672,1,1,1996,20,20,20,20,20,20,20,20,20,20
280672,2,1,1996,16,21,13,0,0,0,22,13,20,0
280672,3,1,1996,0,0,0,0,8,0,0,12,0,0
280673,1,1,1996,0,0,0,0,0,0,0,0,0,0
280673,2,1,1996,0,0,0,0,0,0,0,0,0,0
280673,3,1,1996,0,0,0,0,0,0,0,0,0,0
280673,4,1,1996,0,0,0,0,0,0,0,0,0,13
280674,1,1,1996,0,0,0,0,0,0,0,0,0,0
280674,2,1,1996,0,0,0,0,0,0,0,0,0,0
280675,1,1,1996,12,12,12,12,12,12,12,12,12,12
280676,1,1,1996,5,0,13,16,21,24,0,0,11,20
280677,1,1,1996,13,13,13,13,13,13,13,13,13,13
280677,2,1,1996,0,0,0,0,0,0,0,0,0,0
280678,1,1,1996,0,0,0,0,0,0,0,0,0,0
280678,2,1,1996,0,0,0,0,0,0,0,0,0,0
280678,3,1,1996,0,0,0,0,0,0,0,0,0,0
280679,1,1,1996,13,13,13,13,13,13,13,13,13,13
280680,1,1,1996,0,0,0,0,0,0,0,0,0,0
280681,1,1,1996,0,0,0,0,0,0,0,0,0,0
280681,2,1,1996,0,0,0,0,0,0,0,0,0,0
280681,3,1,1996,0,0,0,0,0,0,0,0,0,0
280682,1,1,1996,0,0,0,0,0,0,0,0,0,0
280682,2,1,1996,0,0,17,0,0,0,0,0,0,0
280683,1,1,1996,19,19,19,19,19,19,19,19,19,19
280684,1,1,1996,0,0,0,0,9,0,0,0,0,0
280684,2,1,1996,0,0,0,0,0,0,0,0,0,0
280685,1,1,1996,0,0,0,0,0,0,0,0,0,0
280685,2,1,1996,0,0,0,0,0,0,0,0,0,0
280686,1,1,1996,27,27,27,27,27,27,27,27,27,27
280687,1,1,1996,0,0,0,0,0,0,0,0,0,0
280687,2,1,1996,0,0,0,0,0,0,0,0,0,0
280688,1,1,1996,0,0,0,0,0,0,0,0,0,0
280688,2,1,1996,0,0,0,0,0,0,0,0,0,0
280689,1,1,1996,0,0,0,0,0,0,0,0,0,0
280689,2,1,1996,0,0,0,0,0,0,0,0,0,0
280690,1,1,1996,0,0,0,15,0,0,0,0,0,0
280690,2,1,1996,10,0,0,0,0,0,0,0,0,0
280691,1,1,1996,17,23,6,0,7,9,8,0,13,0
280692,1,1,1996,0,0,20,0,19,0,0,0,0,0
280692,2,1,1996,0,0,0,0,0,0,0,0,0,0
280693,1,1,1996,20,20,20,20,20,20,20,20,20,20
280694,1,1,1996,23,23,23,23,23,23,23,23,23,23
280695,1,1,1996,13,13,13,13,13,13,13,13,13,13
280696,1,1,1996,0,0,0,0,0,0,0,0,0,0
280697,1,1,1996,13,13,13,13,13,13,13,13,13,13
280698,1,1,1996,0,0,0,0,0,0,0,0,0,0
280698,2,1,1996,0,0,0,0,0,0,0,0,0,0
280699,1,1,1996,24,24,24,24,24,24,24,24,24,24
280700,1,1,1996,0,0,0,0,0,0,0,0,0,0
280700,2,1,1996,30,30,30,30,30,30,30,30,30,30
280701,1,1,1996,0,17,19,0,15,12,11,12,0,20
280701,2,1,1996,0,13,18,22,14,15,0,0,0,23
290001,1,1,1996,0,0,28,0,0,11,0,11,0,0
290001,2,1,1996,0,0,0,0,0,0,0,0,0,0
290002,1,1,1996,18,13,18,11,18,14,24,25,19,6
290003,1,1,1996,26,26,26,26,26,26,26,26,26,26
290004,1,1,1996,0,0,0,0,0,0,0,0,0,0
290004,2,1,1996,0,0,0,0,0,0,0,0,0,0
290005,1,1,1996,0,0,0,0,0,0,0,0,0,0
290006,1,1,1996,0,0,0,0,21,0,16,0,19,0
290007,1,1,1996,0,0,0,0,0,0,0,0,0,0
290008,1,1,1996,12,12,12,12,12,12,12,12,12,12
290008,2,1,1996,12,0,0,0,0,0,0,0,0,0
290008,3,1,1996,0,0,0,0,0,0,0,0,0,0
290009,1,1,1996,11,13,12,0,0,0,0,0,0,36
290010,1,1,1996,0,0,0,0,0,0,0,0,0,0
290010,2,1,1996,0,0,0,0,0,0,0,0,0,0
290011,1,1,1996,29,29,29,29,29,29,29,29,29,29
290012,1,1,1996,31,31,31,31,31,31,31,31,31,31
290013,1,1,1996,0,0,0,0,0,0,0,0,0,0
290013,2,1,1996,0,0,0,0,0,0,0,0,0,0
290013,3,1,1996,0,0,0,0,0,0,0,0,0,0
290014,0,1,1996,0,53,0,0,8,0,0,20,20,26
290014,1,1,1996,0,0,0,0,0,0,0,0,0,0
290015,0,1,1996,0,12,0,0,5,0,0,0,0,0
290015,1,1,1996,0,0,0,0,0,0,0,0,0,0
290016,1,1,1996,19,12,0,15,0,6,0,0,4,8
290016,2,1,1996,18,0,0,0,11,0,0,16,0,15
290016,3,1,1996,4,9,18,0,0,19,17,0,0,0
290018,1,1,1996,0,0,0,13,0,0,0,0,0,0
290018,2,1,1996,0,0,0,0,0,0,0,0,0,0
290019,1,1,1996,0,0,0,0,0,0,0,0,0,0
290019,2,1,1996,0,0,0,0,0,0,0,0,0,0
290020,1,1,1996,0,0,0,0,0,0,0,0,0,0
290020,2,1,1996,0,0,0,0,0,0,17,0,0,0
290021,1,1,1996,23,23,23,23,23,23,23,23,23,23
290022,1,1,1996,15,15,15,15,15,15,15,15,15,15
290023,1,1,1996,0,0,0,0,0,0,0,0,0,0
290023,2,1,1996,0,0,0,0,0,0,0,0,0,0
290024,0,1,1996,0,0,0,0,0,0,0,0,0,0
290024,1,1,1996,0,0,0,0,0,0,0,0,0,0
290025,1,1,1996,0,0,0,7,0,0,0,25,0,28
290026,1,1,1996,9,9,9,9,9,9,9,9,9,9
290027,1,1,1996,15,12,0,0,26,17,22,9,0,15
290028,1,1,1996,0,0,0,0,0,0,0,0,0,0
290028,2,1,1996,0,0,16,0,0,0,0,0,0,0
290029,1,1,1996,0,0,0,0,0,0,0,0,0,0
290030,1,1,1996,27,27,27,27,27,27,27,27,27,27
290031,1,1,1996,0,0,0,0,0,0,0,0,15,0
290031,2,1,1996,25,0,0,0,0,0,0,14,36,0
290032,1,1,1996,13,13,13,13,13,13,13,13,13,13
290032,2,1,1996,0,0,0,0,0,0,0,0,0,0
290032,3,1,1996,12,0,0,0,20,17,0,0,0,0
290033,1,1,1996,0,0,0,0,0,0,0,0,0,0
290034,1,1,1996,12,12,12,12,12,12,12,12,12,12
290035,1,1,1996,0,0,0,0,0,0,0,0,0,23
290035,2,1,1996,0,0,0,0,0,0,0,0,0,0
290036,1,1,1996,27,27,27,27,27,27,27,27,27,27
290037,1,1,1996,25,25,25,25,25,25,25,25,25,25
290037,2,1,1996,0,0,7,0,19,0,0,0,0,0
290038,0,1,1996,14,15,24,13,13,21,0,17,13,0
290038,2,1,1996,0,0,0,0,0,0,0,0,0,0
290038,3,1,1996,0,0,0,0,0,0,0,0,0,0
290039,1,1,1996,0,15,0,0,0,0,0,0,0,0
290040,1,1,1996,0,0,0,0,0,0,0,0,0,0
290040,2,1,1996,0,0,4,0,0,0,0,0,0,0
290041,1,1,1996,0,0,0,0,0,0,0,0,0,0
290041,2,1,1996,0,0,0,0,0,0,0,0,0,0
290042,0,1,1996,15,15,15,15,15,15,15,15,15,15
290042,1,1,1996,0,10,0,7,0,12,11,8,0,0
290043,1,1,1996,15,0,0,0,0,28,16,0,34,22
290044,1,1,1996,0,0,0,0,0,0,0,0,0,0
290045,0,1,1996,16,16,16,16,16,16,16,16,16,16
290045,1,1,1996,0,0,0,3,0,0,0,0,0,0
290046,1,1,1996,12,21,0,0,0,14,0,0,10,0
290046,2,1,1996,0,13,10,26,0,0,8,0,0,25
290047,1,1,1996,35,35,35,35,35,35,35,35,35,35
290047,2,1,1996,0,0,0,0,0,0,0,0,0,5
290048,1,1,1996,0,0,0,0,0,0,0,0,0,0
290048,2,1,1996,0,0,0,0,0,0,0,0,0,0
290049,1,1,1996,4,0,0,8,0,0,0,0,15,0
290050,1,1,1996,0,0,0,0,0,0,0,0,0,0
290050,2,1,1996,0,0,0,0,0,0,0,0,0,0
290051,1,1,1996,0,0,0,0,0,0,0,0,0,0
290051,2,1,1996,0,0,0,0,0,0,0,0,0,0
290052,1,1,1996,0,0,0,0,0,0,0,0,0,0
290052,2,1,1996,0,0,0,0,0,0,0,0,0,0
290053,1,1,1996,16,16,16,16,16,16,16,16,16,16
290053,2,1,1996,0,0,0,0,12,0,0,0,0,0
290054,0,1,1996,0,0,0,0,0,0,0,0,0,0
290054,1,1,1996,0,0,11,15,0,0,0,0,0,0
290055,1,1,1996,0,0,0,0,0,0,0,0,0,0
290055,2,1,1996,0,0,0,0,0,0,0,0,0,0
290056,1,1,1996,0,0,9,10,0,0,0,0,0,0
290057,1,1,1996,20,20,20,20,20,20,20,20,20,20
290058,1,1,1996,11,11,11,11,11,11,11,11,11,11
290058,2,1,1996,0,0,6,0,0,0,0,0,0,0
290059,0,1,1996,0,0,0,0,0,0,0,0,0,0
290059,1,1,1996,0,0,0,0,0,0,0,0,0,0
290060,1,1,1996,0,0,0,0,0,0,0,0,0,0
290061,1,1,1996,34,34,34,34,34,34,34,34,34,34
290061,2,1,1996,0,0,0,0,0,14,19,0,0,0
290062,1,1,1996,0,0,0,0,0,0,0,0,0,0
290063,1,1,1996,0,0,0,0,0,0,0,0,0,0
290063,2,1,1996,0,0,0,0,0,0,0,0,0,0
290064,0,1,1996,0,0,0,0,0,0,0,0,0,0
290064,1,1,1996,0,0,0,0,9,0,0,0,0,0
290065,1,1,1996,0,0,0,0,0,0,0,0,0,0
290065,2,1,1996,0,0,0,0,0,0,0,0,0,0
290066,1,1,1996,22,22,22,22,22,22,22,22,22,22
290067,1,1,1996,21,21,21,21,21,21,21,21,21,21
290067,2,1,1996,24,24,24,24,24,24,24,24,24,24
290068,1,1,1996,0,0,0,0,0,0,0,0,0,0
290068,2,1,1996,0,0,24,0,0,0,8,0,0,0
290069,1,1,1996,20,20,20,20,20,20,20,20,20,20
290070,1,1,1996,17,17,17,17,17,17,17,17,17,17
290071,1,1,1996,0,0,0,0,0,0,0,0,0,0
290072,1,1,1996,29,29,29,29,29,29,29,29,29,29
290073,1,1,1996,17,17,17,17,17,17,17,17,17,17
290074,1,1,1996,13,13,13,13,13,13,13,13,13,13
290075,0,1,1996,0,0,0,0,0,0,0,0,0,0
290075,1,1,1996,0,0,0,0,0,0,0,0,0,4
290076,1,1,1996,16,16,16,16,16,16,16,16,16,16
290076,2,1,1996,6,0,0,0,0,0,0,0,0,0
290077,1,1,1996,7,16,22,0,28,7,5,0,30,3
290078,1,1,1996,42,42,42,42,42,42,42,42,42,42
290079,1,1,1996,0,0,0,0,0,0,0,0,0,0
290079,2,1,1996,0,0,0,0,0,25,12,0,0,16
290080,1,1,1996,11,11,11,11,11,11,11,11,11,11
290081,1,1,1996,0,0,0,0,0,0,0,0,0,0
290082,1,1,1996,0,0,0,0,0,0,0,24,0,0
290083,1,1,1996,0,0,0,0,0,19,0,21,0,26
290084,1,1,1996,22,22,22,22,22,22,22,22,22,22
290085,1,1,1996,17,9,20,14,0,13,10,0,25,12
290086,1,1,1996,0,21,5,0,0,0,0,0,0,0
290086,2,1,1996,18,26,12,10,14,0,0,0,0,8
290087,1,2,1996,12,13,18,8,8,14,13,13,12,16
290088,1,1,1996,0,0,0,0,0,0,0,0,0,0
290088,2,1,1996,0,0,0,0,0,0,0,0,0,0
290089,1,1,1996,0,0,0,0,0,0,0,0,0,0
290089,2,1,1996,0,0,0,0,0,0,0,0,0,0
290090,1,1,1996,0,0,0,0,0,0,0,0,0,0
290091,0,1,1996,23,23,23,23,23,23,23,23,23,23
290091,1,1,1996,13,0,0,29,0,0,0,0,0,0
290092,1,1,1996,0,0,0,0,0,0,0,18,0,0
290092,2,1,1996,0,0,0,0,0,0,0,0,0,0
290093,1,1,1996,22,22,22,22,22,22,22,22,22,22
290094,1,1,1996,18,19,0,28,0,0,30,27,0,21
290095,1,1,1996,27,27,27,27,27,27,27,27,27,27
290096,1,1,1996,9,9,9,9,9,9,9,9,9,9
290097,1,1,1996,26,26,26,26,26,26,26,26,26,26
290098,1,1,1996,17,17,17,17,17,17,17,17,17,17
290099,1,1,1996,8,8,8,8,8,8,8,8,8,8
290100,1,1,1996,0,0,0,0,0,0,0,0,0,0
290100,2,1,1996,0,0,0,10,0,0,0,0,0,0
290100,3,1,1996,0,0,0,0,0,0,0,0,0,0
290101,1,1,1996,0,0,0,0,0,0,0,0,0,0
290101,2,1,1996,0,0,0,0,0,0,0,0,0,0
290102,0,1,1996,0,0,0,0,0,0,0,0,21,0
290102,1,1,1996,0,0,0,0,0,0,0,0,0,0
290103,1,1,1996,28,28,28,28,28,28,28,28,28,28
290104,1,1,1996,0,0,0,0,10,0,0,0,0,0
290104,2,1,1996,0,0,0,0,0,0,0,0,0,0
290105,1,1,1996,0,0,0,11,5,21,0,5,0,29
290105,2,1,1996,23,23,23,23,23,23,23,23,23,23
290105,3,1,1996,0,0,0,0,0,0,0,0,0,0
290106,1,1,1996,0,0,0,0,0,0,0,0,0,0
290106,2,1,1996,0,0,0,0,0,0,0,0,0,0
290107,1,1,1996,16,16,16,16,16,16,16,16,16,16
290108,1,1,1996,0,0,0,0,0,0,0,0,0,0
290108,2,1,1996,0,0,0,0,0,0,0,13,8,0
290109,1,1,1996,28,28,28,28,28,28,28,28,28,28
290110,1,1,1996,12,4,0,14,15,12,20,10,11,16
290110,2,1,1996,24,0,0,15,8,14,0,0,0,0
290111,1,1,1996,19,28,32,18,23,36,22,13,16,25
290112,1,1,1996,0,0,0,0,15,0,0,0,10,0
290112,2,1,1996,0,0,0,0,0,0,0,0,0,0
290113,0,1,1996,0,0,0,0,0,0,0,0,0,0
290113,1,1,1996,19,19,19,19,19,19,19,19,19,19
290114,1,1,1996,0,16,8,0,0,23,0,0,8,0
290115,1,1,1996,5,5,5,5,5,5,5,5,5,5
290115,2,1,1996,0,0,0,0,0,0,0,0,5,0
290116,1,1,1996,23,23,23,23,23,23,23,23,23,23
290117,1,1,1996,28,28,28,28,28,28,28,28,28,28
290117,2,1,1996,0,0,0,0,0,0,0,0,0,0
290118,1,1,1996,0,0,0,0,0,0,0,0,0,0
290119,1,1,1996,0,0,0,0,0,0,0,0,0,0
290120,1,1,1996,22,22,22,22,22,22,22,22,22,22
290121,1,1,1996,0,0,0,0,0,0,0,0,0,0
290121,2,1,1996,0,0,0,0,0,0,0,0,0,0
290122,1,1,1996,15,15,15,15,15,15,15,15,15,15
290123,1,1,1996,26,26,26,26,26,26,26,26,26,26
290124,1,1,1996,0,12,8,0,9,12,11,11,15,22
290125,1,1,1996,23,23,23,23,23,23,23,23,23,23
290126,1,1,1996,18,18,18,18,18,18,18,18,18,18
290127,1,1,1996,11,17,30,8,20,14,3,12,25,17
290128,0,1,1996,0,0,0,0,0,0,0,0,0,0
290128,1,1,1996,0,0,0,0,0,0,0,0,0,0
290128,2,1,1996,0,0,0,0,0,0,0,0,0,0
290129,1,1,1996,0,0,0,0,0,0,0,0,0,0
290130,1,1,1996,0,0,0,0,0,0,0,0,0,0
290130,2,1,1996,0,0,0,0,0,0,0,0,0,0
290131,1,1,1996,19,19,19,19,19,19,19,19,19,19
290132,1,1,1996,20,20,20,20,20,20,20,20,20,20
290133,1,1,1996,0,0,0,0,0,0,0,0,0,0
290133,2,1,1996,0,0,22,0,0,0,0,0,0,0
290134,1,1,1996,15,15,15,15,15,15,15,15,15,15
290134,2,1,1996,0,0,0,0,0,0,0,0,0,0
290135,1,1,1996,0,0,0,0,0,0,0,0,0,0
290135,2,1,1996,0,0,0,0,0,0,0,0,0,0
290135,3,1,1996,0,0,0,0,0,0,0,0,0,0
290136,1,1,1996,0,0,0,0,0,0,0,0,0,0
290137,1,1,1996,0,0,0,0,0,0,0,0,0,0
290138,1,1,1996,0,0,0,0,0,0,0,0,0,0
290139,1,1,1996,0,0,0,0,0,0,0,0,0,0
290140,1,1,1996,0,10,4,0,0,0,0,23,0,28
290140,2,1,1996,10,0,0,0,0,0,20,0,0,0
290141,1,1,1996,24,24,24,24,24,24,24,24,24,24
290142,1,1,1996,14,0,7,0,0,0,0,0,0,16
290144,1,1,1996,28,35,0,0,19,43,0,0,0,24
290145,1,1,1996,20,20,20,20,20,20,20,20,20,20
290145,2,1,1996,4,0,0,0,0,0,0,0,0,0
290146,1,1,1996,12,12,12,12,12,12,12,12,12,12
290147,1,1,1996,0,0,0,0,0,0,0,0,0,0
290147,2,1,1996,0,0,0,0,0,0,0,0,0,0
290147,3,1,1996,4,0,0,0,0,34,0,0,0,0
290148,0,1,1996,25,25,25,25,25,25,25,25,25,25
290148,1,1,1996,20,25,19,17,0,0,17,30,31,0
290149,1,1,1996,19,19,19,19,19,19,19,19,19,19
290150,1,1,1996,24,24,24,24,24,24,24,24,24,24
290151,1,1,1996,8,8,8,8,8,8,8,8,8,8
290152,1,1,1996,18,20,29,12,11,13,22,20,27,25
290153,0,1,1996,24,24,24,24,24,24,24,24,24,24
290153,1,1,1996,17,0,0,0,0,14,8,0,13,8
290154,1,1,1996,13,13,13,13,13,13,13,13,13,13
290155,1,1,1996,21,21,21,21,21,21,21,21,21,21
290156,1,1,1996,0,0,0,0,0,27,0,0,14,0
290157,1,1,1996,13,13,13,13,13,13,13,13,13,13
290158,1,1,1996,12,12,12,12,12,12,12,12,12,12
290159,1,1,1996,0,0,0,0,0,0,0,0,0,0
290160,1,1,1996,0,0,0,0,0,0,0,0,0,0
290160,2,1,1996,1,1,1,1,1,1,1,1,1,1
290161,1,1,1996,0,0,0,0,0,0,0,0,0,0
290162,0,1,1996,6,13,10,0,30,18,7,0,15,22
290162,0,2,1996,16,0,6,30,12,0,0,0,2,0
290162,1,1,1996,6,6,6,6,6,6,6,6,6,6
290162,2,1,1996,0,0,0,22,8,15,29,19,0,30
290163,1,1,1996,24,0,0,40,0,6,16,0,22,21
290164,1,1,1996,0,0,0,0,0,0,0,0,0,0
290165,1,1,1996,0,0,0,0,0,0,0,3,0,0
290166,1,1,1996,0,0,0,0,0,0,0,0,0,0
290166,2,1,1996,0,0,0,0,0,0,0,0,0,0
290166,3,1,1996,0,0,0,0,0,0,0,0,0,0
290167,1,1,1996,0,0,0,0,0,0,12,0,0,0
290167,2,1,1996,0,0,0,0,0,0,0,0,0,0
290167,3,1,1996,0,0,0,0,0,0,0,0,0,0
290167,4,1,1996,0,0,0,0,0,0,0,0,0,0
290167,5,1,1996,0,0,0,0,0,0,0,0,0,0
290167,6,1,1996,31,31,31,31,31,31,31,31,31,31
290168,1,1,1996,28,28,28,28,28,28,28,28,28,28
290169,1,1,1996,0,0,0,0,0,0,0,0,0,0
290170,0,1,1996,0,0,0,0,0,0,0,0,0,0
290170,1,1,1996,0,0,0,0,0,0,0,0,0,0
290171,1,1,1996,0,0,0,0,0,0,0,0,0,0
290172,1,1,1996,24,24,24,24,24,24,24,24,24,24
290173,1,1,1996,0,0,0,0,0,0,0,0,0,0
290174,1,1,1996,15,15,15,15,15,15,15,15,15,15
290174,2,1,1996,0,0,0,15,0,0,0,0,0,0
290175,1,1,1996,0,0,0,0,0,0,0,0,0,0
290175,2,1,1996,0,0,0,0,0,0,0,0,0,0
290176,1,1,1996,0,0,8,4,8,25,0,0,16,0
290176,2,1,1996,18,0,0,0,0,21,0,0,0,0
290177,1,1,1996,24,24,24,24,24,24,24,24,24,24
290178,1,1,1996,17,17,17,17,17,17,17,17,17,17
290179,1,1,1996,19,19,19,19,19,19,19,19,19,19
290180,1,1,1996,6,6,6,6,6,6,6,6,6,6
290181,1,1,1996,24,24,24,24,24,24,24,24,24,24
290181,2,1,1996,0,0,0,0,0,6,22,0,3,0
290181,3,1,1996,0,0,0,0,0,0,0,0,0,13
290182,1,1,1996,18,18,18,18,18,18,18,18,18,18
290182,2,1,1996,0,0,0,0,0,0,0,0,0,0
290183,1,1,1996,0,0,0,0,0,0,0,0,0,0
290184,1,1,1996,0,0,12,7,16,0,0,0,13,0
290185,1,1,1996,31,31,31,31,31,31,31,31,31,31
290186,1,1,1996,0,0,11,9,7,35,0,0,0,0
290187,1,1,1996,0,0,0,0,0,0,0,0,0,0
290187,2,1,1996,24,12,0,0,0,0,13,0,5,0
290188,1,1,1996,0,0,0,0,0,0,0,0,0,0
290189,1,1,1996,0,0,0,0,0,0,0,0,0,0
290190,1,1,1996,13,0,0,6,0,0,28,0,0,0
290190,2,1,1996,0,0,0,0,0,0,0,0,0,0
290190,3,1,1996,0,0,0,0,0,0,0,0,0,9
290191,0,1,1996,20,20,20,20,20,20,20,20,20,20
290191,1,1,1996,0,0,0,6,0,0,0,0,0,0
290191,2,1,1996,0,0,14,0,0,0,0,0,0,3
290192,1,1,1996,0,0,0,0,0,0,0,0,0,0
290192,2,1,1996,0,0,0,0,0,0,0,0,0,0
290193,1,1,1996,0,0,0,0,0,0,0,0,0,0
290193,2,1,1996,0,0,0,0,0,0,0,0,0,27
290194,1,1,1996,23,27,12,20,27,32,0,15,13,8
290195,1,1,1996,0,0,0,0,0,0,0,0,0,0
290196,1,1,1996,4,4,4,4,4,4,4,4,4,4
290197,1,1,1996,0,0,0,0,0,0,0,0,0,0
290197,2,1,1996,0,0,0,0,0,0,0,0,0,0
290198,0,1,1996,26,26,26,26,26,26,26,26,26,26
290198,1,1,1996,0,0,0,26,0,0,0,0,12,0
290199,1,1,1996,26,26,26,26,26,26,26,26,26,26
290199,2,1,1996,0,0,0,0,0,0,0,0,0,0
290200,1,1,1996,0,0,0,0,0,0,0,0,0,0
290201,1,1,1996,0,0,0,12,0,0,0,0,16,0
290201,2,1,1996,3,0,0,0,0,0,0,0,0,0
290202,1,1,1996,0,0,0,0,0,0,0,0,0,0
290202,2,1,1996,22,0,0,0,0,0,0,0,0,0
290203,1,1,1996,0,0,0,0,0,0,0,0,0,0
290203,2,1,1996,0,0,0,0,0,0,0,0,0,0
290204,1,1,1996,0,0,0,9,0,11,0,0,0,13
290205,1,1,1996,18,18,18,18,18,18,18,18,18,18
290205,2,1,1996,0,0,0,0,0,0,0,0,0,0
290206,1,1,1996,18,15,0,0,16,0,11,0,0,25
290207,1,1,1996,29,27,9,22,23,11,17,36,28,31
290208,1,1,1996,0,0,0,0,0,0,0,0,0,0
290208,2,1,1996,0,13,11,16,0,10,8,0,0,0
290209,1,1,1996,22,11,0,27,15,5,21,12,27,11
290210,1,1,1996,0,0,19,0,0,0,0,0,5,0
290210,2,1,1996,0,23,11,0,13,0,0,0,9,16
290211,1,1,1996,0,0,0,0,13,7,9,0,0,0
290212,1,1,1996,30,30,30,30,30,30,30,30,30,30
290213,1,1,1996,10,10,10,10,10,10,10,10,10,10
290214,1,1,1996,0,0,0,0,0,9,0,0,0,21
290214,2,1,1996,0,0,0,0,0,0,0,0,0,0
290214,3,1,1996,0,0,0,6,11,0,0,0,0,0
290215,1,1,1996,22,22,22,22,22,22,22,22,22,22
290215,2,1,1996,0,0,0,0,0,10,0,0,0,0
290216,1,1,1996,23,23,23,23,23,23,23,23,23,23
290217,1,1,1996,34,34,34,34,34,34,34,34,34,34
290217,2,1,1996,0,0,0,0,0,0,0,0,0,0
290218,1,1,1996,15,0,0,9,13,19,0,0,16,14
290219,1,1,1996,0,0,0,0,0,0,0,20,0,12
290220,1,1,1996,21,21,21,21,21,21,21,21,21,21
290220,2,1,1996,0,0,0,0,0,0,0,0,0,0
290221,1,1,1996,0,0,0,0,0,27,0,0,0,6
290221,2,1,1996,0,0,0,0,0,0,0,0,0,0
290222,1,1,1996,26,26,26,26,26,26,26,26,26,26
290223,1,1,1996,0,0,0,0,0,0,0,0,0,0
290224,1,1,1996,0,0,0,0,0,0,0,0,0,0