ST_CASE,VEH_NO,PER_NO,YEAR,P1,P2,P3,P4,P5,P6,P7,P8,P9,P10
290224,2,1,1996,0,0,0,0,0,0,0,0,10,0
290225,1,1,1996,0,0,0,0,0,0,0,0,0,0
290226,1,1,1996,0,0,0,0,0,8,0,0,14,14
290227,1,1,1996,10,10,10,10,10,10,10,10,10,10
290227,2,1,1996,10,10,10,10,10,10,10,10,10,10
290228,1,1,1996,24,0,0,0,0,18,0,0,13,0
290228,2,1,1996,2,2,2,2,2,2,2,2,2,2
290229,1,1,1996,0,0,12,0,0,0,0,0,0,0
290229,2,1,1996,0,0,0,0,0,0,0,0,0,0
290230,1,1,1996,0,0,0,0,0,0,0,0,0,0
290230,2,1,1996,0,0,0,19,0,0,0,0,11,0
290230,3,1,1996,0,19,0,0,0,0,0,0,0,0
290231,1,1,1996,0,0,0,0,0,0,0,0,0,0
290232,1,1,1996,21,17,0,0,31,10,0,0,8,0
290233,1,1,1996,0,0,0,0,5,0,0,0,24,15
290233,2,1,1996,0,0,0,0,0,0,0,0,0,0
290234,1,1,1996,21,21,21,21,21,21,21,21,21,21
290235,1,1,1996,0,0,0,0,0,0,0,0,0,0
290235,2,1,1996,0,0,13,0,0,0,0,0,0,0
290235,3,1,1996,0,0,0,0,0,0,0,0,0,0
290236,1,1,1996,17,17,17,17,17,17,17,17,17,17
290237,0,1,1996,0,0,0,0,0,0,0,0,0,0
290237,1,1,1996,0,0,0,0,0,0,0,0,0,8
290238,1,1,1996,3,3,3,3,3,3,3,3,3,3
290239,1,1,1996,0,0,0,0,0,0,0,0,0,0
290240,1,1,1996,0,0,0,10,0,0,0,0,0,11
290240,2,1,1996,9,0,0,0,8,0,0,0,0,0
290241,1,1,1996,16,14,18,0,20,0,27,20,28,29
290242,1,1,1996,19,19,19,19,19,19,19,19,19,19
290242,2,1,1996,20,20,20,20,20,20,20,20,20,20
290243,1,1,1996,13,13,13,13,13,13,13,13,13,13
290244,1,1,1996,5,5,5,5,5,5,5,5,5,5
290245,1,1,1996,0,0,0,0,0,0,0,0,0,0
290245,2,1,1996,0,0,0,24,0,0,0,0,0,0
290246,0,1,1996,6,6,6,6,6,6,6,6,6,6
290247,1,1,1996,33,33,33,33,33,33,33,33,33,33
290248,0,1,1996,0,0,0,0,0,0,0,0,0,0
290248,1,1,1996,0,0,0,0,0,14,14,0,0,0
290248,2,1,1996,0,0,0,0,0,0,5,9,0,0
290249,1,1,1996,0,0,0,0,0,0,0,0,0,0
290249,2,1,1996,0,0,0,0,0,0,0,0,0,0
290249,3,1,1996,0,0,0,0,0,0,0,0,0,0
290250,1,1,1996,23,23,23,23,23,23,23,23,23,23
290250,2,1,1996,35,35,35,35,35,35,35,35,35,35
290251,1,1,1996,17,17,17,17,17,17,17,17,17,17
290252,1,1,1996,0,0,0,0,0,0,0,0,0,0
290252,2,1,1996,3,3,3,3,3,3,3,3,3,3
290253,0,1,1996,0,0,0,0,19,18,0,0,0,0
290253,0,2,1996,0,0,21,0,0,0,0,0,0,0
290253,1,1,1996,0,0,8,0,15,0,0,0,0,0
290254,1,1,1996,23,23,23,23,23,23,23,23,23,23
290255,1,1,1996,0,23,0,9,16,13,0,0,0,10
290255,2,1,1996,12,0,9,7,25,0,0,18,0,7
290256,1,1,1996,24,24,24,24,24,24,24,24,24,24
290256,2,1,1996,0,0,0,0,0,0,0,0,0,0
290256,3,1,1996,14,0,15,0,0,0,0,0,0,0
290257,1,1,1996,4,0,0,0,0,0,0,7,0,0
290258,1,1,1996,0,0,0,0,0,0,0,0,0,0
290258,2,1,1996,0,0,0,0,0,0,0,0,0,29
290259,1,1,1996,0,8,0,0,0,0,0,0,0,0
290259,2,1,1996,0,0,0,0,0,0,25,0,0,13
290260,1,1,1996,24,24,24,24,24,24,24,24,24,24
290261,1,1,1996,0,0,0,0,0,0,0,0,0,0
290261,2,1,1996,0,0,0,0,0,0,0,0,0,0
290262,1,1,1996,25,20,14,14,23,7,31,18,13,24
290263,1,1,1996,11,11,11,11,11,11,11,11,11,11
290263,2,1,1996,0,0,0,0,0,0,0,0,0,0
290264,1,1,1996,0,0,5,0,0,0,0,0,0,10
290265,1,1,1996,0,0,0,0,0,0,0,0,0,0
290266,1,1,1996,27,23,18,22,12,16,13,7,5,19
290267,1,1,1996,0,0,0,0,0,0,0,0,0,0
290268,1,1,1996,0,0,15,0,24,0,0,14,0,0
290269,1,1,1996,20,20,20,20,20,20,20,20,20,20
290270,1,1,1996,0,25,0,0,0,0,16,0,35,0
290271,1,1,1996,0,0,0,0,0,0,0,0,0,0
290271,2,1,1996,9,9,9,9,9,9,9,9,9,9
290272,1,1,1996,8,8,8,8,8,8,8,8,8,8
290272,2,1,1996,9,11,9,19,17,15,19,18,15,12
290273,1,1,1996,0,0,0,0,0,0,0,12,0,0
290273,2,1,1996,0,0,0,0,0,0,0,0,0,0
290274,1,1,1996,13,0,13,22,0,0,13,0,11,18
290274,2,1,1996,0,0,11,0,16,0,3,0,12,0
290274,3,1,1996,0,0,0,0,0,0,14,0,0,16
290274,4,1,1996,0,0,0,0,0,10,0,0,8,0
290274,5,1,1996,0,0,0,10,0,0,0,0,0,26
290275,1,1,1996,14,14,14,14,14,14,14,14,14,14
290276,1,1,1996,0,0,0,0,0,0,0,0,0,7
290276,2,1,1996,0,0,0,26,0,14,0,0,0,0
290276,3,1,1996,0,0,0,0,0,0,0,10,0,0
290277,1,1,1996,17,17,17,17,17,17,17,17,17,17
290278,1,1,1996,29,29,29,29,29,29,29,29,29,29
290278,2,1,1996,0,0,7,0,0,0,11,21,20,0
290279,1,1,1996,0,0,0,0,0,0,0,0,0,0
290279,2,1,1996,0,0,0,0,0,0,0,0,0,0
290280,1,1,1996,0,0,0,0,0,0,0,0,0,0
290281,1,1,1996,6,13,15,0,0,0,0,0,13,0
290282,1,1,1996,0,0,0,0,0,0,0,0,0,0
290282,2,1,1996,0,0,0,0,0,0,0,13,0,0
290283,1,1,1996,16,16,16,16,16,16,16,16,16,16
290284,1,1,1996,13,0,0,0,16,8,0,0,0,0
290285,1,1,1996,0,0,0,0,0,0,0,0,0,0
290285,2,1,1996,0,0,0,0,0,0,0,0,0,0
290286,1,1,1996,0,0,0,0,0,0,0,0,6,0
290286,2,1,1996,0,0,0,0,0,0,0,0,0,0
290287,1,1,1996,26,26,26,26,26,26,26,26,26,26
290288,1,1,1996,0,0,0,0,0,0,0,0,0,0
290288,2,1,1996,0,0,0,0,0,0,0,0,0,0
290289,0,1,1996,0,0,0,0,0,0,0,0,0,0
290289,1,1,1996,0,0,0,0,0,0,0,0,0,0
290290,1,1,1996,0,0,0,0,0,0,0,0,0,0
290291,1,1,1996,0,0,0,0,0,0,0,0,0,0
290292,0,1,1996,0,0,0,21,0,0,3,0,0,0
290292,1,1,1996,0,0,0,0,0,0,3,0,0,0
290293,1,1,1996,20,20,20,20,20,20,20,20,20,20
290293,2,1,1996,0,0,0,0,0,0,0,0,0,0
290294,1,1,1996,0,0,0,0,0,0,0,0,0,0
290294,2,1,1996,0,15,0,0,30,0,16,0,0,5
290295,1,1,1996,0,0,0,0,0,0,0,0,0,0
290295,2,1,1996,0,0,0,0,0,0,0,0,0,0
290296,0,1,1996,0,0,0,0,0,0,0,0,0,0
290296,1,1,1996,6,6,6,6,6,6,6,6,6,6
290297,1,1,1996,29,29,29,29,29,29,29,29,29,29
290297,2,1,1996,0,0,0,0,0,0,0,22,0,0
290298,1,1,1996,23,23,0,0,0,0,0,0,0,17
290299,1,1,1996,0,0,0,0,0,0,0,0,0,0
290299,2,1,1996,0,0,0,0,0,0,0,0,0,0
290300,1,1,1996,0,12,0,0,0,0,0,21,0,0
290300,2,1,1996,0,0,0,0,0,0,0,0,0,0
290301,1,1,1996,0,0,0,0,0,0,0,0,0,0
290301,2,1,1996,0,0,0,12,0,0,0,0,0,0
290302,1,1,1996,13,13,13,13,13,13,13,13,13,13
290303,1,1,1996,28,28,28,28,28,28,28,28,28,28
290304,1,1,1996,0,0,0,0,0,0,0,0,0,0
290304,2,1,1996,0,0,0,0,0,0,0,0,0,0
290305,1,1,1996,0,0,0,0,0,0,0,0,0,0
290306,1,1,1996,9,9,9,9,9,9,9,9,9,9
290307,1,1,1996,0,0,0,0,0,0,0,0,0,0
290307,2,1,1996,0,0,29,0,0,0,0,0,21,0
290308,1,1,1996,0,0,0,0,0,0,0,0,0,0
290309,1,1,1996,0,0,0,0,0,0,0,0,0,0
290309,2,1,1996,0,0,0,0,0,0,0,0,0,0
290310,1,1,1996,18,18,18,18,18,18,18,18,18,18
290311,1,1,1996,0,0,12,0,0,35,0,0,0,35
290312,1,1,1996,0,0,0,0,0,0,0,0,0,0
290312,2,1,1996,0,0,0,0,0,0,0,0,0,0
290312,3,1,1996,0,0,22,0,0,0,0,0,0,0
290313,1,1,1996,0,0,0,0,0,0,0,0,0,0
290313,2,1,1996,0,18,14,10,0,0,0,0,0,0
290314,1,1,1996,17,17,17,17,17,17,17,17,17,17
290315,1,1,1996,18,22,17,21,18,23,35,0,22,23
290316,1,1,1996,0,0,0,0,0,0,0,0,0,0
290317,1,1,1996,0,0,0,0,0,0,0,0,0,0
290318,1,1,1996,3,3,3,3,3,3,3,3,3,3
290318,2,1,1996,0,0,0,0,0,0,0,0,0,0
290318,3,1,1996,0,0,0,0,0,0,0,0,0,0
290319,1,1,1996,17,0,25,18,17,15,16,22,31,7
290320,1,1,1996,0,0,0,0,0,0,0,0,0,0
290321,1,1,1996,0,0,0,0,0,15,8,8,0,0
290322,1,1,1996,0,0,0,0,0,0,0,0,0,0
290323,1,1,1996,5,5,5,5,5,5,5,5,5,5
290324,1,1,1996,31,31,31,31,31,31,31,31,31,31
290325,1,1,1996,22,22,22,22,22,22,22,22,22,22
290327,1,1,1996,0,0,0,0,0,0,0,0,8,0
290327,2,1,1996,0,0,0,0,0,0,0,0,8,0
290328,1,1,1996,21,0,8,0,7,14,0,22,21,0
290330,1,1,1996,0,0,10,0,0,0,0,0,0,0
290330,2,1,1996,0,0,0,0,0,0,0,0,0,0
290331,1,1,1996,10,17,6,23,14,23,17,20,19,3
290332,1,1,1996,0,0,0,0,0,0,0,0,0,0
290332,2,1,1996,0,0,0,0,0,0,0,0,0,0
290333,0,1,1996,0,17,0,22,25,23,8,0,15,20
290333,1,1,1996,7,7,7,7,7,7,7,7,7,7
290334,1,1,1996,0,0,16,24,0,15,0,44,21,0
290334,2,1,1996,10,27,12,8,5,23,9,28,25,25
290335,1,1,1996,16,16,16,16,16,16,16,16,16,16
290336,1,1,1996,25,23,9,21,19,17,7,26,18,23
290337,1,1,1996,0,0,0,0,0,0,0,0,0,0
290337,2,1,1996,0,0,0,0,0,7,0,0,0,0
290338,1,1,1996,0,0,0,0,0,0,0,0,0,0
290338,2,1,1996,1,1,1,1,1,1,1,1,1,1
290339,1,1,1996,12,12,12,12,12,12,12,12,12,12
290340,1,1,1996,0,0,0,0,0,0,0,0,0,0
290340,2,1,1996,0,0,0,0,0,0,10,26,0,0
290341,1,1,1996,0,0,0,0,0,0,0,0,0,0
290341,2,1,1996,0,0,0,0,0,0,0,0,0,0
290342,1,1,1996,0,0,0,0,10,0,0,0,0,9
290343,1,1,1996,48,48,48,48,48,48,48,48,48,48
290344,1,1,1996,0,0,0,0,0,0,0,0,0,0
290344,2,1,1996,0,0,0,0,0,0,0,0,0,0
290345,1,1,1996,0,0,10,0,0,0,0,0,0,0
290345,2,1,1996,0,0,0,0,0,0,0,0,21,0
290345,3,1,1996,26,0,0,0,0,0,0,0,0,0
290346,1,1,1996,0,0,13,0,0,0,0,0,0,0
290346,2,1,1996,0,0,0,0,0,0,0,0,0,18
290347,1,1,1996,16,16,16,16,16,16,16,16,16,16
290347,2,1,1996,0,0,0,0,0,0,0,0,0,0
290348,1,1,1996,0,0,0,0,0,0,0,0,0,0
290348,2,1,1996,4,22,0,15,0,0,9,0,0,0
290349,1,1,1996,0,0,0,13,8,18,5,10,14,16
290349,2,1,1996,10,9,9,0,0,11,15,0,0,0
290350,1,1,1996,0,23,0,0,0,0,11,0,0,16
290350,2,1,1996,0,0,0,0,0,0,0,0,0,0
290351,1,1,1996,0,0,0,0,0,0,0,0,0,0
290352,2,1,1996,12,0,0,9,12,0,0,5,0,0
290352,3,1,1996,0,0,0,0,0,0,0,0,0,0
290352,4,1,1996,0,25,14,12,0,0,0,0,17,11
290352,5,1,1996,0,0,19,0,8,0,0,15,0,0
290352,6,1,1996,8,0,18,0,7,21,0,0,13,0
290352,7,1,1996,7,11,0,0,0,0,0,0,0,16
290353,1,1,1996,0,0,0,0,0,0,0,0,0,0
290353,2,1,1996,0,0,0,0,0,0,0,0,0,0
290354,0,1,1996,0,0,0,0,0,0,0,0,25,0
290354,1,1,1996,0,0,0,9,0,13,0,0,0,0
290355,1,1,1996,0,10,10,0,16,0,0,0,0,0
290355,2,1,1996,0,0,0,0,0,0,0,0,0,0
290356,1,1,1996,12,19,8,26,9,8,15,8,11,7
290356,2,1,1996,0,0,0,0,9,0,0,14,0,0
290357,1,1,1996,0,16,7,0,0,6,15,7,0,24
290357,2,1,1996,4,4,4,4,4,4,4,4,4,4
290358,1,1,1996,20,17,0,18,9,19,20,8,11,9
290359,1,1,1996,0,0,0,0,0,0,0,0,0,0
290359,2,1,1996,0,0,9,13,0,0,0,36,0,17
290361,1,1,1996,0,0,0,0,0,0,0,0,0,0
290361,2,1,1996,0,0,0,0,0,0,0,0,0,0
290362,0,1,1996,0,0,0,0,0,0,0,0,0,0
290362,1,1,1996,0,0,0,12,0,21,6,0,0,0
290363,1,1,1996,2,2,2,2,2,2,2,2,2,2
290363,2,1,1996,20,20,20,20,20,20,20,20,20,20
290364,1,1,1996,0,0,17,0,0,0,0,0,0,0
290364,2,1,1996,0,23,0,25,0,0,0,0,0,0
290365,1,1,1996,17,23,9,5,8,7,4,21,10,8
290366,1,1,1996,18,18,18,18,18,18,18,18,18,18
290367,1,1,1996,28,23,6,0,0,9,20,0,0,19
290368,1,1,1996,0,0,0,0,0,8,0,0,22,19
290368,2,1,1996,21,21,21,21,21,21,21,21,21,21
290369,0,1,1996,0,0,0,0,0,0,0,0,0,0
290370,1,1,1996,0,0,0,0,0,0,0,0,0,0
290370,2,1,1996,0,0,0,0,0,0,0,0,0,0
290371,1,1,1996,12,12,12,12,12,12,12,12,12,12
290371,2,1,1996,26,0,23,0,0,0,11,0,20,15
290372,1,1,1996,23,0,0,14,27,24,0,0,21,0
290372,2,1,1996,0,0,0,0,0,0,0,0,0,0
290373,1,1,1996,0,0,0,0,0,0,0,0,0,0
290374,1,1,1996,21,21,21,21,21,21,21,21,21,21
290376,1,1,1996,0,0,0,0,0,0,27,0,0,0
290377,1,1,1996,0,0,0,0,0,0,0,0,0,0
290378,1,1,1996,16,16,16,16,16,16,16,16,16,16
290379,1,1,1996,0,0,0,0,0,0,0,0,0,0
290380,1,1,1996,0,0,0,0,0,0,0,0,0,0
290380,2,1,1996,0,0,0,0,0,0,0,0,0,0
290381,1,1,1996,13,0,0,0,0,21,0,27,0,0
290381,2,1,1996,0,15,0,0,0,0,0,0,6,0
290382,0,1,1996,0,0,0,0,0,0,0,0,0,0
290382,1,1,1996,25,0,0,0,0,0,12,12,0,0
290383,1,1,1996,0,0,0,0,0,0,0,0,0,16
290383,2,1,1996,0,0,0,0,0,0,0,0,0,0
290384,1,1,1996,0,0,0,0,0,0,0,0,0,0
290385,1,1,1996,0,0,0,0,0,0,0,0,0,0
290385,2,1,1996,0,0,0,0,20,0,0,0,0,0
290386,0,1,1996,19,19,19,19,19,19,19,19,19,19
290386,1,1,1996,0,0,0,0,0,3,0,0,5,0
290387,0,1,1996,2,2,2,2,2,2,2,2,2,2
290387,1,1,1996,21,0,0,0,0,17,0,0,0,0
290388,0,1,1996,15,0,0,0,12,0,22,0,0,0
290388,0,2,1996,0,13,0,0,0,20,0,32,0,12
290388,1,1,1996,0,0,0,0,0,0,0,0,0,0
290389,1,1,1996,14,14,14,14,14,14,14,14,14,14
290390,1,1,1996,37,0,5,0,2,23,0,0,0,0
290390,2,1,1996,0,15,0,10,0,0,0,0,0,0
290390,3,1,1996,0,0,0,0,0,0,5,0,0,0
290391,1,1,1996,0,0,0,0,0,0,8,0,15,0
290392,1,1,1996,0,0,9,0,0,0,0,0,0,0
290392,2,1,1996,0,0,0,0,0,16,0,0,0,0
290393,1,1,1996,17,17,17,17,17,17,17,17,17,17
290394,1,1,1996,2,2,2,2,2,2,2,2,2,2
290394,2,1,1996,14,14,14,14,14,14,14,14,14,14
290395,1,1,1996,11,11,11,11,11,11,11,11,11,11
290396,1,1,1996,15,15,15,15,15,15,15,15,15,15
290397,1,1,1996,0,0,0,0,0,0,0,0,0,0
290397,2,1,1996,0,0,0,0,0,0,0,0,0,0
290398,1,1,1996,13,13,13,13,13,13,13,13,13,13
290398,2,1,1996,0,8,0,0,0,0,0,0,0,11
290399,1,1,1996,0,31,0,21,19,0,17,0,0,40
290401,1,1,1996,0,0,22,0,0,0,0,0,0,0
290401,2,1,1996,0,0,0,0,0,0,12,0,0,0
290402,1,1,1996,0,0,0,0,0,0,0,0,0,0
290402,2,1,1996,0,0,0,0,0,0,0,0,0,0
290403,1,1,1996,2,2,2,2,2,2,2,2,2,2
290403,2,1,1996,0,0,0,0,0,0,0,0,0,0
290404,1,1,1996,0,0,0,0,0,0,0,0,0,0
290404,2,1,1996,0,0,0,0,0,0,0,0,0,0
290404,3,1,1996,0,0,0,0,0,0,0,0,0,0
290405,1,1,1996,0,0,0,0,0,0,0,0,0,0
290406,1,1,1996,0,0,0,0,0,0,0,0,0,0
290406,2,1,1996,0,0,0,0,0,0,0,0,0,0
290407,1,1,1996,13,0,28,32,34,38,11,0,14,34
290409,0,1,1996,0,0,0,0,0,0,0,0,0,0
290409,1,1,1996,0,0,0,0,0,0,13,9,0,0
290410,1,1,1996,0,0,0,0,0,0,0,0,0,0
290410,2,1,1996,0,0,0,0,0,0,0,0,0,0
290411,1,1,1996,0,0,0,0,0,0,0,0,0,0
290411,2,1,1996,0,0,0,0,0,0,0,0,0,0
290412,1,1,1996,23,23,23,23,23,23,23,23,23,23
290413,1,1,1996,0,0,0,0,0,51,0,0,0,0
290413,2,1,1996,0,0,0,0,0,0,0,0,0,0
290414,1,1,1996,17,0,0,5,23,0,0,0,0,11
290415,0,1,1996,4,4,4,4,4,4,4,4,4,4
290415,1,1,1996,0,13,0,4,0,0,0,0,0,0
290416,1,1,1996,15,15,15,15,15,15,15,15,15,15
290417,1,1,1996,0,0,0,0,0,0,0,0,0,0
290417,2,1,1996,0,0,0,0,0,0,0,0,0,0
290418,1,1,1996,27,27,27,27,27,27,27,27,27,27
290419,1,1,1996,12,12,12,12,12,12,12,12,12,12
290419,2,1,1996,0,0,0,5,23,0,6,0,0,0
290421,1,1,1996,28,28,28,28,28,28,28,28,28,28
290422,1,1,1996,0,0,0,0,0,0,0,0,0,10
290422,2,1,1996,0,0,0,0,0,0,0,0,0,0
290423,1,1,1996,0,0,0,0,10,30,0,10,0,0
290424,1,1,1996,0,0,0,0,0,0,0,0,0,0
290425,0,1,1996,0,0,0,0,0,0,0,0,0,0
290425,1,1,1996,0,7,0,0,0,0,0,0,0,0
290426,1,1,1996,4,4,4,4,4,4,4,4,4,4
290426,2,1,1996,10,10,10,10,10,10,10,10,10,10
290427,1,1,1996,0,0,0,0,0,0,0,0,0,0
290427,2,1,1996,0,0,0,0,0,0,0,0,0,0
290428,1,1,1996,0,3,24,0,0,0,10,12,27,0
290429,1,1,1996,0,0,0,0,0,0,0,0,0,0
290430,1,1,1996,0,0,0,0,0,0,0,0,0,0
290430,2,1,1996,0,0,0,0,0,0,0,0,0,0
290430,3,1,1996,0,0,0,0,0,0,0,0,0,0
290431,1,1,1996,7,7,7,7,7,7,7,7,7,7
290431,2,1,1996,0,0,0,0,0,0,0,0,0,0
290432,1,1,1996,0,0,0,0,0,0,0,0,0,0
290432,2,1,1996,0,0,0,0,0,0,0,0,0,0
290433,1,1,1996,0,0,0,0,0,0,0,0,0,0
290433,2,1,1996,0,0,0,0,0,0,0,0,0,0
290434,1,1,1996,0,0,0,0,0,0,0,0,0,0
290435,1,1,1996,0,0,0,0,0,0,0,0,0,0
290436,1,1,1996,0,18,0,0,0,0,0,0,0,0
290437,1,1,1996,0,0,0,0,0,0,0,0,0,0
290438,1,1,1996,0,0,0,0,0,0,0,0,0,0
290438,2,1,1996,0,0,0,0,0,0,0,0,0,0
290439,1,1,1996,14,14,14,14,14,14,14,14,14,14
290440,1,1,1996,0,0,0,0,0,0,0,20,0,14
290440,2,1,1996,0,0,0,0,0,0,0,0,0,0
290441,0,1,1996,33,33,33,33,33,33,33,33,33,33
290441,1,1,1996,0,0,0,0,0,0,0,0,0,0
290442,1,1,1996,21,21,21,21,21,21,21,21,21,21
290443,1,1,1996,5,5,18,32,8,14,11,4,12,16
290443,2,1,1996,0,0,0,0,0,0,0,0,0,0
290444,1,1,1996,21,10,22,16,7,20,30,15,14,20
290445,1,1,1996,0,26,0,0,0,0,0,0,0,0
290446,1,1,1996,0,0,0,0,0,0,0,0,0,0
290447,1,1,1996,0,0,0,0,0,0,0,0,0,0
290448,1,1,1996,0,0,0,0,0,0,0,0,0,0
290448,2,1,1996,0,0,0,0,0,0,0,0,0,0
290449,1,1,1996,0,6,0,0,0,0,0,0,0,0
290449,2,1,1996,0,0,0,0,0,0,0,0,0,0
290450,1,1,1996,8,8,8,8,8,8,8,8,8,8
290451,1,1,1996,18,18,18,18,18,18,18,18,18,18
290451,2,1,1996,0,0,5,0,0,0,0,0,0,0
290452,1,1,1996,0,0,10,0,0,14,0,0,0,0
290453,1,1,1996,0,0,0,23,0,0,0,0,0,0
290453,2,1,1996,0,0,0,0,0,0,0,0,0,0
290454,1,1,1996,0,0,0,0,0,0,0,0,0,0
290454,2,1,1996,0,0,0,0,0,0,0,0,0,0
290455,1,1,1996,0,0,0,0,0,0,0,0,0,0
290456,1,1,1996,0,0,41,18,0,0,17,6,37,0
290456,2,1,1996,21,21,21,21,21,21,21,21,21,21
290456,3,1,1996,0,0,0,0,10,0,0,14,0,0
290456,4,1,1996,0,0,0,0,0,0,0,0,0,0
290457,1,1,1996,14,0,0,24,6,23,0,0,0,16
290457,2,1,1996,2,0,0,0,0,0,0,0,0,0
290458,0,1,1996,16,0,6,0,0,0,0,0,0,12
290458,0,2,1996,0,0,0,0,0,0,0,0,0,0
290458,1,1,1996,4,4,4,4,4,4,4,4,4,4
290459,1,1,1996,0,0,0,0,0,0,0,0,0,0
290459,2,1,1996,18,0,0,0,0,7,0,0,16,0
290460,1,1,1996,0,0,0,0,0,0,0,0,0,16
290460,2,1,1996,17,0,13,18,0,0,0,23,4,7
290461,0,1,1996,15,15,15,15,15,15,15,15,15,15
290461,1,1,1996,0,9,0,0,6,0,0,0,0,0
290462,1,1,1996,0,9,0,8,6,22,0,0,10,0
290463,2,1,1996,0,0,0,0,0,0,0,0,0,0
290464,1,1,1996,8,8,8,8,8,8,8,8,8,8
290465,1,1,1996,23,23,23,23,23,23,23,23,23,23
290465,2,1,1996,0,0,0,0,0,0,0,0,0,0
290466,1,1,1996,0,0,0,0,0,0,0,0,0,0
290466,2,1,1996,0,0,0,0,0,0,0,0,0,0
290467,1,1,1996,0,0,0,0,0,0,0,0,0,0
290467,2,1,1996,0,0,0,0,0,0,0,0,0,0
290468,1,1,1996,0,0,0,0,0,0,0,0,0,0
290468,2,1,1996,24,2,22,0,0,26,0,29,22,13
290469,0,1,1996,13,13,13,13,13,13,13,13,13,13
290469,1,1,1996,0,0,0,0,26,0,0,0,0,0
290470,0,1,1996,0,24,0,21,11,28,28,20,0,11
290470,1,1,1996,0,0,0,0,0,0,0,6,0,0
290471,1,1,1996,26,9,19,14,24,10,4,25,12,2
290471,2,1,1996,14,0,0,0,0,0,0,0,19,16
290472,1,1,1996,13,13,8,12,20,20,29,0,24,10
290473,1,1,1996,5,13,0,0,0,0,5,0,0,0
290473,2,1,1996,23,23,23,23,23,23,23,23,23,23
290474,1,1,1996,19,19,19,19,19,19,19,19,19,19
290474,2,1,1996,13,13,13,13,13,13,13,13,13,13
290475,1,1,1996,0,9,0,22,0,7,0,0,27,0
290476,1,1,1996,0,0,0,0,0,0,0,0,0,0
290477,0,1,1996,25,22,14,15,25,27,26,15,17,38
290477,1,1,1996,17,0,0,0,0,0,13,0,0,0
290478,0,1,1996,0,0,0,0,0,0,0,0,0,0
290478,1,1,1996,0,3,0,0,0,0,0,0,0,0
290479,0,1,1996,0,0,0,0,0,0,0,0,0,0
290479,1,1,1996,0,0,0,0,0,0,0,0,0,0
290480,1,1,1996,0,4,9,19,18,15,18,20,2,0
290481,1,1,1996,0,0,0,0,0,0,0,0,0,0
290482,1,1,1996,0,0,0,0,0,0,0,0,0,0
290482,2,1,1996,0,0,0,0,0,0,0,0,0,0
290483,0,1,1996,12,0,24,0,0,0,0,0,0,0
290483,1,1,1996,0,0,0,0,0,0,0,0,0,0
290484,1,1,1996,0,0,0,0,0,0,0,0,0,0
290485,1,1,1996,0,0,0,0,0,0,0,0,0,0
290485,2,1,1996,0,0,0,0,0,0,0,0,0,0
290485,3,1,1996,0,0,0,0,0,0,0,0,0,24
290486,1,1,1996,3,3,3,3,3,3,3,3,3,3
290486,2,1,1996,0,0,0,0,0,0,0,0,0,0
290487,1,1,1996,0,0,0,0,0,0,0,0,10,0
290487,2,1,1996,0,0,30,0,0,0,8,26,0,0
290488,0,1,1996,0,0,0,0,0,0,0,0,0,0
290488,1,1,1996,0,9,33,12,0,0,0,0,0,0
290488,2,1,1996,0,18,12,0,0,9,0,0,0,0
290489,1,1,1996,0,0,0,0,0,0,0,11,12,0
290489,2,1,1996,0,0,0,0,0,0,0,0,0,0
290490,1,1,1996,20,20,20,20,20,20,20,20,20,20
290491,1,1,1996,0,0,0,0,0,0,0,0,0,0
290492,1,1,1996,0,0,0,0,0,0,0,0,0,0
290492,2,1,1996,0,0,0,0,0,0,0,0,0,0
290493,1,1,1996,15,15,15,15,15,15,15,15,15,15
290493,2,1,1996,0,0,0,0,0,0,0,0,0,0
290494,0,1,1996,0,0,16,0,0,0,0,0,0,0
290495,1,1,1996,0,0,0,0,0,11,0,24,10,0
290495,2,1,1996,0,0,0,0,0,0,0,0,0,0
290495,3,1,1996,14,0,0,10,9,0,23,7,0,29
290496,1,1,1996,25,25,25,25,25,25,25,25,25,25
290497,1,1,1996,16,3,0,0,2,15,9,15,7,0
290497,2,1,1996,0,0,0,0,0,0,0,0,0,0
290497,3,1,1996,17,0,0,0,0,0,20,21,0,30
290497,4,1,1996,0,0,0,0,0,0,11,23,0,0
290498,1,1,1996,1,1,1,1,1,1,1,1,1,1
290498,2,1,1996,24,0,0,20,0,0,0,26,5,0
290499,1,1,1996,0,0,0,0,0,0,0,0,0,0
290500,1,1,1996,0,0,3,0,0,10,0,0,0,0
290500,2,1,1996,0,0,0,0,0,0,0,12,0,0
290501,1,1,1996,10,18,37,0,0,10,35,26,9,16
290502,1,1,1996,0,0,0,0,0,0,0,0,0,0
290503,0,1,1996,19,19,19,19,19,19,19,19,19,19
290503,1,1,1996,0,0,10,0,0,27,0,0,36,0