ST_CASE,VEH_NO,PER_NO,YEAR,P1,P2,P3,P4,P5,P6,P7,P8,P9,P10
290504,1,1,1996,0,0,0,0,0,0,0,0,0,0
290505,1,1,1996,0,0,0,0,0,0,13,0,0,0
290505,2,1,1996,0,0,0,0,4,20,0,0,13,0
290505,3,1,1996,0,0,0,0,0,0,15,0,0,0
290506,1,1,1996,0,0,0,0,0,0,0,0,0,0
290506,2,1,1996,0,0,6,0,7,0,0,0,0,0
290507,1,1,1996,0,0,0,0,0,0,0,0,11,0
290507,2,1,1996,0,17,0,0,0,0,0,7,0,0
290508,1,1,1996,26,0,0,0,18,0,0,0,0,0
290509,0,1,1996,24,29,0,11,26,0,31,28,20,36
290509,1,1,1996,0,0,0,0,18,0,0,0,0,0
290510,1,1,1996,10,10,10,10,10,10,10,10,10,10
290511,0,1,1996,16,19,8,41,22,0,10,17,0,24
290511,1,1,1996,0,0,0,0,0,0,0,0,0,0
290512,1,1,1996,0,0,0,0,0,0,0,0,0,0
290513,1,1,1996,38,13,15,22,27,17,7,12,19,21
290514,1,1,1996,0,0,0,0,0,0,0,0,0,0
290514,2,1,1996,0,0,0,0,0,0,0,0,0,0
290515,1,1,1996,22,22,22,22,22,22,22,22,22,22
290516,1,1,1996,0,0,0,0,0,0,0,0,0,0
290517,1,1,1996,7,6,0,0,0,0,0,0,0,0
290518,0,1,1996,31,31,31,31,31,31,31,31,31,31
290518,1,1,1996,0,0,0,0,0,0,0,0,0,0
290519,1,1,1996,0,0,0,0,0,0,0,0,0,0
290519,2,1,1996,0,0,0,0,0,0,0,0,0,0
290520,1,1,1996,0,0,0,0,0,0,0,0,0,0
290521,1,1,1996,0,0,0,0,0,0,0,0,0,0
290521,2,1,1996,0,0,0,0,0,0,0,0,0,0
290522,1,1,1996,18,38,27,22,3,25,23,18,24,11
290523,1,1,1996,9,9,9,9,9,9,9,9,9,9
290524,1,1,1996,0,0,0,0,0,0,0,0,0,0
290524,2,1,1996,0,0,0,0,0,22,0,0,20,0
290525,1,1,1996,0,0,0,0,0,0,0,0,0,13
290526,1,1,1996,35,0,14,17,0,0,9,20,14,8
290526,2,1,1996,0,0,0,0,0,0,0,0,0,0
290527,0,1,1996,0,0,0,0,0,0,0,0,0,0
290527,1,1,1996,0,0,0,0,0,0,0,0,0,0
290528,1,1,1996,0,0,0,12,0,0,10,0,0,0
290528,2,1,1996,29,0,24,24,27,27,0,0,14,21
290529,1,1,1996,0,0,0,0,0,0,0,0,0,0
290530,1,1,1996,0,0,0,16,0,0,0,0,0,0
290530,2,1,1996,0,0,5,9,0,0,0,2,10,0
290530,3,1,1996,0,0,0,0,0,0,0,0,0,0
290531,1,1,1996,16,16,16,16,16,16,16,16,16,16
290532,1,1,1996,0,0,0,0,0,0,0,0,0,0
290533,1,1,1996,14,14,14,14,14,14,14,14,14,14
290533,2,1,1996,0,0,0,0,0,0,0,0,0,0
290534,1,1,1996,1,1,1,1,1,1,1,1,1,1
290535,1,1,1996,29,29,29,29,29,29,29,29,29,29
290536,1,1,1996,50,50,50,50,50,50,50,50,50,50
290537,1,1,1996,8,7,0,22,0,10,0,0,0,0
290537,2,1,1996,0,0,0,0,0,0,0,0,0,0
290537,3,1,1996,0,0,0,0,0,0,0,0,0,0
290538,1,1,1996,0,0,0,0,0,0,0,0,0,0
290539,1,1,1996,0,0,0,0,0,0,0,0,0,0
290539,2,1,1996,0,0,0,0,0,0,0,0,0,0
290540,1,1,1996,0,13,0,0,0,5,0,0,0,0
290540,2,1,1996,0,0,0,0,0,0,0,0,0,0
290541,1,1,1996,0,0,0,0,0,0,0,0,0,0
290542,1,1,1996,12,12,12,12,12,12,12,12,12,12
290543,1,1,1996,0,0,0,0,0,0,0,0,0,0
290543,2,1,1996,0,0,0,0,13,0,0,0,0,0
290544,1,1,1996,14,14,14,14,14,14,14,14,14,14
290544,2,1,1996,17,17,17,17,17,17,17,17,17,17
290545,1,1,1996,0,0,0,0,0,29,4,0,0,0
290545,2,1,1996,0,0,0,0,0,11,0,32,0,0
290545,3,1,1996,0,0,0,0,0,0,0,0,0,0
290546,1,1,1996,8,0,0,0,0,0,0,0,0,16
290546,2,1,1996,0,0,0,0,0,0,0,0,0,0
290546,3,1,1996,0,0,0,0,0,0,0,0,0,0
290546,4,1,1996,0,0,0,0,0,0,0,0,0,0
290546,5,1,1996,0,0,0,0,0,0,0,19,0,0
290546,6,1,1996,0,0,0,0,0,0,0,0,0,0
290547,1,1,1996,10,0,0,0,23,0,0,0,0,0
290547,2,1,1996,0,0,0,0,0,0,17,0,0,0
290548,1,1,1996,0,11,0,0,6,17,1,0,0,0
290548,2,1,1996,0,0,0,0,0,0,0,0,0,0
290549,1,1,1996,0,0,0,0,0,0,0,0,0,0
290549,2,1,1996,0,17,0,0,0,0,0,0,0,0
290550,1,1,1996,0,24,19,9,17,25,21,9,0,18
290551,1,1,1996,20,20,20,20,20,20,20,20,20,20
290552,1,1,1996,17,17,17,17,17,17,17,17,17,17
290553,0,1,1996,0,20,15,19,0,20,25,0,0,0
290553,1,1,1996,0,0,0,0,14,0,0,0,0,0
290554,1,1,1996,14,14,14,14,14,14,14,14,14,14
290555,1,1,1996,15,15,15,15,15,15,15,15,15,15
290555,2,1,1996,4,10,6,12,0,0,0,0,0,0
290556,0,1,1996,24,16,40,12,13,0,17,4,33,0
290556,1,1,1996,0,0,0,0,0,0,0,11,0,0
290557,1,1,1996,0,0,0,0,0,0,0,0,0,0
290557,2,1,1996,18,18,18,18,18,18,18,18,18,18
290558,1,1,1996,17,17,17,17,17,17,17,17,17,17
290559,1,1,1996,8,8,8,8,8,8,8,8,8,8
290560,1,1,1996,28,28,28,28,28,28,28,28,28,28
290561,1,1,1996,22,22,22,22,22,22,22,22,22,22
290562,1,1,1996,0,0,0,23,0,12,27,11,0,0
290563,1,1,1996,0,0,0,0,0,0,0,0,0,0
290563,2,1,1996,0,0,0,0,16,0,0,0,7,12
290564,1,1,1996,3,3,3,3,3,3,3,3,3,3
290565,1,1,1996,10,0,27,12,0,6,13,0,0,0
290566,1,1,1996,18,18,18,18,18,18,18,18,18,18
290567,1,1,1996,0,0,0,0,0,0,0,0,0,0
290568,1,1,1996,0,0,0,0,0,0,0,0,0,0
290569,1,1,1996,0,0,0,0,0,0,0,0,0,0
290569,2,1,1996,0,31,0,29,19,29,0,12,0,0
290570,1,1,1996,0,0,0,0,0,0,0,0,0,0
290570,2,1,1996,0,0,0,0,0,0,0,0,0,0
290571,0,1,1996,0,0,0,0,0,0,0,0,0,0
290572,1,1,1996,0,0,0,0,5,0,0,0,0,0
290572,2,1,1996,0,0,0,0,0,0,0,0,0,0
290573,1,1,1996,0,0,0,0,0,0,0,0,0,0
290573,2,1,1996,15,0,0,0,0,0,0,0,0,0
290574,1,1,1996,0,0,0,0,0,0,0,0,0,0
290574,2,1,1996,18,18,18,18,18,18,18,18,18,18
290574,3,1,1996,0,0,0,0,0,0,0,0,0,0
290575,1,1,1996,13,13,13,13,13,13,13,13,13,13
290576,1,1,1996,16,0,0,0,0,0,0,0,0,0
290577,1,1,1996,0,25,0,0,0,8,0,0,0,14
290577,2,1,1996,0,0,0,0,0,0,0,0,0,0
290577,3,1,1996,0,0,0,0,0,0,0,0,0,0
290578,1,1,1996,27,27,27,27,27,27,27,27,27,27
290579,1,1,1996,17,17,17,17,17,17,17,17,17,17
290580,1,1,1996,0,0,0,0,0,0,0,0,0,0
290580,2,1,1996,0,0,15,7,11,0,15,11,0,0
290581,0,1,1996,5,5,5,5,5,5,5,5,5,5
290581,1,1,1996,0,26,0,0,0,0,0,6,0,0
290582,1,1,1996,19,19,19,19,19,19,19,19,19,19
290583,1,1,1996,20,14,24,28,23,14,23,28,9,27
290583,2,1,1996,0,0,17,10,6,0,0,18,20,0
290584,1,1,1996,8,8,8,8,8,8,8,8,8,8
290585,1,1,1996,5,5,5,5,5,5,5,5,5,5
290585,2,1,1996,16,0,28,0,0,0,0,0,0,0
290586,0,1,1996,0,0,0,0,0,0,0,0,0,0
290586,0,2,1996,0,0,0,0,0,0,0,0,0,0
290586,1,1,1996,0,0,0,0,0,0,0,0,0,0
290587,1,1,1996,40,27,0,10,0,26,0,0,0,27
290588,1,1,1996,0,0,0,0,0,0,0,0,0,0
290588,2,1,1996,0,0,0,5,5,0,0,9,0,0
290589,1,1,1996,0,0,0,13,7,30,13,15,0,0
290589,2,1,1996,0,0,0,0,26,0,0,0,0,6
290589,3,1,1996,0,0,19,0,0,0,0,0,12,0
290589,4,1,1996,7,0,0,0,0,0,8,13,0,0
290590,1,1,1996,28,12,22,17,18,31,9,17,21,0
290591,1,1,1996,11,11,11,11,11,11,11,11,11,11
290592,1,1,1996,0,0,0,0,0,0,0,0,0,0
290593,1,1,1996,0,0,0,0,14,0,0,0,9,0
290593,2,1,1996,0,0,0,0,0,0,0,0,0,0
290593,3,1,1996,0,0,0,0,0,0,0,0,0,0
290594,1,1,1996,0,0,0,0,0,0,0,0,0,0
290594,2,1,1996,0,0,0,0,0,0,0,0,0,0
290595,1,1,1996,0,0,0,0,0,0,0,0,0,0
290595,2,1,1996,0,0,0,0,0,0,0,0,0,0
290596,0,1,1996,0,0,0,0,0,0,0,0,0,0
290596,1,1,1996,21,16,0,23,13,0,0,0,0,16
290597,1,1,1996,0,0,0,0,0,0,0,0,0,0
290597,2,1,1996,0,0,0,0,0,0,0,0,0,0
290598,1,1,1996,29,29,29,29,29,29,29,29,29,29
290599,0,1,1996,70,70,70,70,70,70,70,70,70,70
290599,1,1,1996,11,11,11,11,11,11,11,11,11,11
290600,1,1,1996,15,15,15,15,15,15,15,15,15,15
290600,2,1,1996,0,0,11,0,16,0,0,0,0,0
290600,3,1,1996,36,0,0,3,0,0,0,0,0,15
290601,1,1,1996,0,0,0,0,0,0,0,0,0,0
290601,2,1,1996,0,0,0,0,0,0,0,0,0,0
290602,1,1,1996,0,9,0,0,0,0,0,0,0,18
290602,2,1,1996,0,0,0,0,0,0,0,0,0,0
290603,1,1,1996,10,10,10,10,10,10,10,10,10,10
290604,1,1,1996,0,0,0,7,0,0,0,0,0,0
290604,2,1,1996,0,0,0,0,0,0,0,0,0,0
290606,1,1,1996,0,14,10,17,17,11,11,14,10,0
290607,1,1,1996,0,0,0,0,0,0,0,0,0,0
290607,2,1,1996,5,0,0,0,3,0,0,0,0,0
290608,1,1,1996,0,0,0,0,0,0,0,0,0,0
290608,2,1,1996,0,0,0,0,0,7,0,0,0,0
290609,1,1,1996,36,36,36,36,36,36,36,36,36,36
290609,2,1,1996,9,0,0,0,0,11,24,0,0,0
290610,1,1,1996,0,0,0,0,0,0,0,0,0,0
290610,2,1,1996,14,14,14,14,14,14,14,14,14,14
290611,1,1,1996,0,0,0,0,0,0,0,0,0,0
290611,2,1,1996,0,0,0,0,0,0,0,0,0,0
290612,1,1,1996,0,0,0,0,0,0,0,0,0,0
290612,2,1,1996,30,30,30,30,30,30,30,30,30,30
290613,1,1,1996,0,11,10,0,0,16,0,8,0,19
290614,1,1,1996,0,0,0,0,0,0,0,0,0,0
290614,2,1,1996,0,0,0,0,0,0,0,0,14,0
290614,3,1,1996,0,0,0,0,0,0,0,0,0,0
290615,1,1,1996,0,0,0,0,0,0,0,0,0,0
290616,0,1,1996,0,0,0,0,7,0,20,0,0,0
290616,0,2,1996,24,29,28,17,18,10,3,0,0,28
290616,1,1,1996,0,0,0,0,11,0,4,0,0,0
290616,2,1,1996,0,0,0,19,0,0,0,0,0,9
290616,4,1,1996,0,0,0,0,0,0,0,0,15,13
290617,1,1,1996,0,0,0,0,0,0,0,0,0,0
290617,2,1,1996,0,0,0,0,0,0,0,0,0,0
290618,1,1,1996,13,13,13,13,13,13,13,13,13,13
290619,1,1,1996,16,16,16,16,16,16,16,16,16,16
290620,1,1,1996,9,9,9,9,9,9,9,9,9,9
290621,0,1,1996,0,0,0,0,0,0,0,0,0,0
290621,1,1,1996,0,0,0,0,0,0,0,0,0,12
290622,1,1,1996,0,0,0,0,0,0,0,0,0,0
290623,1,1,1996,18,18,18,18,18,18,18,18,18,18
290624,1,1,1996,27,27,27,27,27,27,27,27,27,27
290624,2,1,1996,0,0,0,0,0,0,0,0,0,0
290625,1,1,1996,0,0,18,0,0,38,0,0,16,18
290625,2,1,1996,0,0,14,0,0,0,0,0,0,0
290626,1,1,1996,18,18,18,18,18,18,18,18,18,18
290627,1,1,1996,0,0,24,0,26,18,0,0,0,0
290628,1,1,1996,0,0,0,0,0,0,0,0,0,0
290628,2,1,1996,0,0,0,0,0,0,0,0,0,0
290628,3,1,1996,0,0,0,0,0,0,6,0,0,0
290629,0,1,1996,15,15,15,15,15,15,15,15,15,15
290629,1,1,1996,0,7,0,0,0,0,0,0,0,0
290630,1,1,1996,13,13,13,13,13,13,13,13,13,13
290631,1,1,1996,0,0,0,0,0,0,0,0,0,0
290632,0,1,1996,2,2,2,2,2,2,2,2,2,2
290632,1,1,1996,8,17,18,26,17,9,11,18,9,13
290633,1,1,1996,0,0,14,20,0,0,0,0,0,0
290634,1,1,1996,0,0,0,16,0,0,0,0,0,20
290634,2,1,1996,0,0,0,0,0,0,0,0,0,0
290635,0,1,1996,0,14,15,11,0,0,0,26,13,14
290635,1,1,1996,21,21,21,21,21,21,21,21,21,21
290636,1,1,1996,0,0,11,0,0,24,0,6,17,10
290636,2,1,1996,11,0,0,0,0,7,0,8,9,0
290637,1,1,1996,20,20,20,20,20,20,20,20,20,20
290638,1,1,1996,0,0,17,15,0,0,16,14,0,14
290638,2,1,1996,0,12,8,7,10,0,13,6,4,17
290638,3,1,1996,7,0,0,11,0,0,0,0,0,5
290639,1,1,1996,20,20,20,20,20,20,20,20,20,20
290640,1,1,1996,0,0,0,0,0,0,0,0,0,0
290640,2,1,1996,0,0,0,0,0,0,0,0,0,0
290641,1,1,1996,0,0,0,0,0,0,0,0,0,0
290642,1,1,1996,17,17,17,17,17,17,17,17,17,17
290643,1,1,1996,12,0,0,0,0,0,7,0,0,0
290644,0,1,1996,21,0,0,0,0,0,0,17,14,0
290644,1,1,1996,31,27,11,23,27,13,16,6,0,0
290645,1,1,1996,44,44,44,44,44,44,44,44,44,44
290646,1,1,1996,37,37,37,37,37,37,37,37,37,37
290646,2,1,1996,12,0,0,0,0,41,0,0,0,0
290647,1,1,1996,3,3,3,3,3,3,3,3,3,3
290648,1,1,1996,32,20,16,24,25,24,14,15,19,26
290649,1,1,1996,5,5,5,5,5,5,5,5,5,5
290649,2,1,1996,0,0,13,0,0,14,0,0,0,0
290650,0,1,1996,0,0,0,0,0,0,0,0,0,0
290650,1,1,1996,0,0,0,0,0,0,0,0,0,0
290651,1,1,1996,0,0,0,0,0,0,0,0,0,0
290651,2,1,1996,19,19,19,19,19,19,19,19,19,19
290652,1,1,1996,32,32,32,32,32,32,32,32,32,32
290652,2,1,1996,0,0,0,0,0,0,0,0,0,0
290653,1,1,1996,0,0,0,0,0,0,0,0,0,0
290654,1,1,1996,0,0,0,0,0,0,0,0,0,13
290654,2,1,1996,0,0,0,0,0,0,0,0,0,0
290654,3,1,1996,0,0,0,0,0,0,0,0,0,0
290655,1,1,1996,0,0,0,0,0,0,0,0,0,0
290655,2,1,1996,0,0,0,0,0,0,22,0,0,0
290655,3,1,1996,8,0,0,0,0,0,0,0,0,0
290656,1,1,1996,0,28,28,0,0,17,0,9,0,28
290657,1,1,1996,0,14,24,8,11,13,5,17,12,0
290658,1,1,1996,18,18,18,18,18,18,18,18,18,18
290659,1,1,1996,0,0,0,0,0,0,0,0,0,0
290659,2,1,1996,0,0,0,0,0,41,0,0,0,25
290659,3,1,1996,0,7,0,0,0,0,6,0,0,0
290660,1,1,1996,20,10,0,22,0,0,9,19,0,3
290660,2,1,1996,14,14,10,21,22,0,20,25,0,0
290661,0,1,1996,9,25,48,22,12,12,17,21,21,9
290661,1,1,1996,11,11,11,11,11,11,11,11,11,11
290662,0,1,1996,3,3,3,3,3,3,3,3,3,3
290662,1,1,1996,16,16,16,16,16,16,16,16,16,16
290663,1,1,1996,28,28,28,28,28,28,28,28,28,28
290664,1,1,1996,20,20,20,20,20,20,20,20,20,20
290665,1,1,1996,23,0,0,0,6,0,50,0,32,0
290666,1,1,1996,0,0,0,0,0,0,0,0,0,0
290666,2,1,1996,0,0,0,0,0,0,0,0,0,0
290667,1,1,1996,15,15,15,15,15,15,15,15,15,15
290667,2,1,1996,0,0,0,0,0,0,0,0,0,0
290667,3,1,1996,0,0,13,0,0,14,0,0,0,0
290668,1,1,1996,0,0,0,0,0,0,0,0,0,0
290669,1,1,1996,0,0,0,15,0,0,0,0,0,0
290670,1,1,1996,15,0,10,20,8,9,33,9,10,4
290671,1,1,1996,0,0,0,0,0,0,8,0,0,0
290671,2,1,1996,0,0,8,0,0,0,0,0,0,0
290672,1,1,1996,0,0,0,0,0,0,0,0,0,0
290673,1,1,1996,0,0,0,0,0,0,0,0,0,0
290673,2,1,1996,0,0,0,0,6,0,0,0,0,0
290674,1,1,1996,21,12,20,19,7,6,24,16,15,23
290675,1,1,1996,0,0,0,14,0,0,0,0,0,0
290676,1,1,1996,0,0,0,0,0,0,0,20,0,0
290676,2,1,1996,0,0,0,0,0,0,0,0,0,0
290677,1,1,1996,15,15,15,15,15,15,15,15,15,15
290678,1,1,1996,13,13,13,13,13,13,13,13,13,13
290679,0,1,1996,0,0,0,0,0,0,0,0,0,0
290679,1,1,1996,10,0,0,0,0,34,11,0,10,0
290680,1,1,1996,16,16,16,16,16,16,16,16,16,16
290681,0,1,1996,0,30,0,0,26,18,0,3,0,19
290681,1,1,1996,14,14,0,0,0,13,0,0,0,18
290682,1,1,1996,0,0,0,0,0,0,0,0,0,0
290683,1,1,1996,17,17,17,17,17,17,17,17,17,17
290684,2,1,1996,0,0,0,0,0,15,0,0,0,0
290685,1,1,1996,12,12,12,12,12,12,12,12,12,12
290686,1,1,1996,8,8,8,8,8,8,8,8,8,8
290687,0,1,1996,0,0,0,0,0,0,0,0,0,0
290687,1,1,1996,0,0,0,0,19,0,0,0,0,0
290688,1,1,1996,0,0,0,0,0,0,0,0,0,0
290689,1,1,1996,0,0,0,0,0,0,0,0,0,0
290690,0,1,1996,0,0,0,0,27,0,0,0,0,0
290690,1,1,1996,0,4,0,0,5,0,0,0,0,0
290691,1,1,1996,17,0,0,0,7,0,0,0,0,0
290692,1,1,1996,1,1,1,1,1,1,1,1,1,1
290692,2,1,1996,0,0,0,0,0,0,0,0,0,0
290693,1,1,1996,0,0,0,0,0,13,0,0,0,12
290693,2,1,1996,0,0,0,0,0,0,0,0,0,0
290694,1,1,1996,0,0,0,0,0,0,0,0,0,0
290694,2,1,1996,0,0,0,0,0,0,11,0,0,0
290695,1,1,1996,14,14,14,14,14,14,14,14,14,14
290696,1,1,1996,9,0,20,4,10,7,2,15,0,0
290697,1,1,1996,0,0,0,0,0,0,0,0,0,0
290697,2,1,1996,0,0,0,0,0,0,0,0,0,0
290698,1,1,1996,28,28,28,28,28,28,28,28,28,28
290699,1,1,1996,0,0,0,0,0,0,0,0,0,0
290699,2,1,1996,17,0,0,0,0,0,10,0,0,0
290700,1,1,1996,0,0,0,0,0,0,0,0,0,0
290701,1,1,1996,0,0,0,0,0,0,0,0,0,0
290702,1,1,1996,0,0,0,0,0,29,0,0,0,0
290702,2,1,1996,24,0,0,0,0,0,0,0,0,0
290702,3,1,1996,0,0,0,0,0,0,0,0,0,0
290703,1,1,1996,6,6,6,6,6,6,6,6,6,6
290704,1,1,1996,3,3,3,3,3,3,3,3,3,3
290705,1,1,1996,5,28,0,0,9,22,13,27,17,0
290705,2,1,1996,0,0,0,0,0,20,0,0,0,18
290706,1,1,1996,14,21,15,38,21,19,8,24,14,13
290707,1,1,1996,9,9,9,9,9,9,9,9,9,9
290707,2,1,1996,7,0,0,12,20,0,0,0,3,10
290708,1,1,1996,14,14,14,14,14,14,14,14,14,14
290709,1,1,1996,0,0,0,0,0,0,0,0,0,0
290709,2,1,1996,0,0,0,0,18,0,0,0,0,0
290710,1,1,1996,0,0,0,0,0,0,0,0,0,0
290710,2,1,1996,0,0,12,0,0,0,0,0,0,0
290711,1,1,1996,0,0,0,0,0,0,0,0,0,0
290711,2,1,1996,0,0,0,0,0,0,0,0,0,0
290711,3,1,1996,0,0,0,0,14,0,0,0,0,0
290712,1,1,1996,16,16,16,16,16,16,16,16,16,16
290713,1,1,1996,0,0,0,0,0,0,0,0,0,0
290713,2,1,1996,0,0,0,0,0,0,0,0,0,0
290713,3,1,1996,0,0,0,0,0,0,0,0,0,0
290713,4,1,1996,0,0,0,0,0,0,0,0,0,0
290713,5,1,1996,0,0,0,0,0,0,0,0,0,0
290714,1,1,1996,0,0,0,0,0,0,0,0,0,0
290714,2,1,1996,0,0,0,0,0,0,0,0,0,0
290715,1,1,1996,11,11,11,11,11,11,11,11,11,11
290715,2,1,1996,6,0,0,0,0,0,0,0,0,0
290716,1,1,1996,0,0,0,0,0,0,0,0,0,0
290716,2,1,1996,0,0,0,0,0,0,0,0,0,0
290716,3,1,1996,0,0,0,0,0,0,0,0,0,0
290716,4,1,1996,0,0,0,0,0,0,0,0,0,0
290717,1,1,1996,28,28,28,28,28,28,28,28,28,28
290717,2,1,1996,0,0,0,0,0,0,0,0,0,0
290718,0,1,1996,11,11,11,11,11,11,11,11,11,11
290718,1,1,1996,10,0,0,0,0,13,9,6,0,0
290719,1,1,1996,16,16,16,16,16,16,16,16,16,16
290719,2,1,1996,0,0,0,0,0,0,0,0,0,0
290720,1,1,1996,0,0,0,0,0,0,0,13,0,0
290720,2,1,1996,8,0,0,0,0,19,0,0,0,17
290721,1,1,1996,0,0,0,20,7,0,0,0,0,9
290721,2,1,1996,0,0,0,0,0,0,0,0,0,0
290722,0,1,1996,0,0,0,0,0,0,0,0,0,0
290722,1,1,1996,13,13,13,13,13,13,13,13,13,13
290722,2,1,1996,0,0,13,0,0,0,0,19,0,18
290723,1,1,1996,0,0,0,0,0,10,0,0,0,0
290723,2,1,1996,0,0,0,0,0,0,0,0,0,0
290724,1,1,1996,0,12,2,0,0,4,0,4,0,0
290724,2,1,1996,33,0,0,0,0,20,0,0,0,0
290725,1,1,1996,2,2,2,2,2,2,2,2,2,2
290725,2,1,1996,0,0,0,0,0,0,0,0,0,0
290725,3,1,1996,0,0,0,0,0,9,0,0,0,0
290726,1,1,1996,14,0,28,9,0,17,0,21,18,0
290727,1,1,1996,37,37,37,37,37,37,37,37,37,37
290728,1,1,1996,12,12,12,12,12,12,12,12,12,12
290728,2,1,1996,0,0,0,0,0,0,0,0,0,0
290729,1,1,1996,0,0,0,0,0,0,0,0,0,0
290730,1,1,1996,0,0,0,0,0,0,0,0,0,0
290731,1,1,1996,0,0,0,0,0,0,0,0,0,0
290731,2,1,1996,0,0,0,0,0,0,0,0,0,0
290732,1,1,1996,0,0,0,0,0,0,0,0,0,0
290733,1,1,1996,0,0,0,0,8,0,0,0,0,0
290733,2,1,1996,0,0,0,0,0,0,0,0,0,0
290733,3,1,1996,0,0,0,0,0,0,0,0,0,0
290734,1,1,1996,0,0,0,0,0,0,0,0,0,0
290734,2,1,1996,0,0,0,13,0,7,8,0,0,0
290735,1,1,1996,6,6,6,6,6,6,6,6,6,6
290736,1,1,1996,0,0,0,0,0,0,0,0,0,0
290737,1,1,1996,0,0,0,0,0,0,0,0,0,0
290737,2,1,1996,0,0,0,11,0,0,0,0,0,0
290737,3,1,1996,0,0,0,0,0,0,0,0,0,0
290738,1,1,1996,0,0,0,17,0,0,0,0,0,20
290738,2,1,1996,0,0,0,0,0,0,0,0,0,0
290739,1,1,1996,0,0,0,0,0,0,0,0,0,0
290739,2,1,1996,0,0,0,0,0,0,0,0,0,0
290740,1,1,1996,0,0,0,0,0,0,0,0,0,0
290740,2,1,1996,38,38,38,38,38,38,38,38,38,38
290741,1,1,1996,11,0,0,0,0,0,0,0,0,11
290741,2,1,1996,0,0,0,0,0,0,0,0,0,0
290742,1,1,1996,17,17,17,17,17,17,17,17,17,17
290743,1,1,1996,0,0,0,0,0,0,0,0,0,0
290743,2,1,1996,0,21,0,0,0,0,0,0,0,0
290744,1,1,1996,0,33,22,0,23,0,0,15,0,0
290745,1,1,1996,2,13,8,11,16,9,16,23,12,22
290746,1,1,1996,21,23,0,26,15,22,12,18,23,0
290747,0,1,1996,29,29,29,29,29,29,29,29,29,29
290747,1,1,1996,0,14,0,0,0,0,0,39,0,0
290748,1,1,1996,33,33,33,33,33,33,33,33,33,33
290749,1,1,1996,0,0,0,0,0,0,0,0,0,0
290749,2,1,1996,17,0,0,0,0,0,0,0,0,0
290750,1,1,1996,0,0,0,0,0,0,0,0,0,0
290751,1,1,1996,0,0,0,0,0,0,0,0,0,0
290751,2,1,1996,0,0,0,0,0,0,0,0,0,0
290752,1,1,1996,6,6,6,6,6,6,6,6,6,6
290753,1,1,1996,16,16,16,16,16,16,16,16,16,16
290754,1,1,1996,21,21,21,21,21,21,21,21,21,21
290755,1,1,1996,0,0,0,0,24,0,5,0,0,0
290755,2,1,1996,0,0,0,0,0,0,0,0,0,0
290756,0,1,1996,0,0,0,0,0,0,0,0,0,0
290756,1,1,1996,0,0,0,0,0,0,0,0,0,0
290757,0,1,1996,0,0,0,0,0,0,0,0,0,0
290757,1,1,1996,12,0,8,10,0,17,0,7,15,10
290758,1,1,1996,0,0,0,0,0,0,0,0,0,0
290758,2,1,1996,0,0,0,0,0,0,0,0,0,0
290759,1,1,1996,0,0,0,0,0,0,0,0,0,0
290759,2,1,1996,0,0,0,0,0,0,0,0,0,0
290760,1,1,1996,0,0,0,0,0,0,0,0,0,0
290761,1,1,1996,18,18,18,18,18,18,18,18,18,18
290761,2,1,1996,0,0,0,0,0,0,0,0,0,0
290762,1,1,1996,0,0,0,11,4,0,0,0,0,0
290763,0,1,1996,12,35,37,24,0,0,15,35,34,0
290763,0,2,1996,0,0,0,20,24,34,0,30,0,18
290763,1,1,1996,0,0,0,0,0,0,0,0,0,0
290764,1,1,1996,3,3,3,3,3,3,3,3,3,3
290764,2,1,1996,0,0,0,0,0,0,0,0,0,13
290765,1,1,1996,0,20,12,0,0,17,21,18,0,0
290766,1,1,1996,12,0,0,0,0,5,0,0,0,0
290767,1,1,1996,0,0,0,0,8,0,0,0,0,0
290768,1,1,1996,17,17,17,17,17,17,17,17,17,17
290768,2,1,1996,0,0,0,0,0,0,0,0,13,0
290769,1,1,1996,0,0,0,27,0,0,0,0,0,0
290769,2,1,1996,0,0,0,0,0,0,0,0,0,0
290770,1,1,1996,0,0,0,0,0,0,0,0,0,0
290771,1,1,1996,0,0,0,0,0,0,0,0,0,0
290772,0,1,1996,5,25,9,10,18,0,22,28,32,34
290772,1,1,1996,0,0,0,0,4,0,0,0,0,0
290772,2,1,1996,14,14,14,14,14,14,14,14,14,14
290773,1,1,1996,9,9,9,9,9,9,9,9,9,9
290773,2,1,1996,20,20,20,20,20,20,20,20,20,20
290774,1,1,1996,0,0,0,0,0,0,0,0,0,0
290775,0,1,1996,0,0,34,0,0,0,0,0,0,28