ST_CASE,VEH_NO,PER_NO,YEAR,P1,P2,P3,P4,P5,P6,P7,P8,P9,P10
300043,1,1,1996,11,7,20,22,13,18,21,9,15,21
300044,1,1,1996,19,19,19,19,19,19,19,19,19,19
300045,1,1,1996,16,16,16,16,16,16,16,16,16,16
300046,1,1,1996,28,26,33,21,20,13,22,9,29,14
300047,1,1,1996,31,31,31,31,31,31,31,31,31,31
300048,1,1,1996,5,11,16,10,19,23,16,14,16,9
300049,1,1,1996,0,0,0,0,0,0,0,0,0,0
300050,0,1,1996,0,0,0,26,16,0,0,0,0,12
300050,1,1,1996,15,15,15,15,15,15,15,15,15,15
300051,1,1,1996,11,31,18,10,23,13,7,19,19,7
300052,1,1,1996,0,0,0,0,0,0,0,0,0,0
300052,2,1,1996,0,0,0,0,0,0,0,0,0,0
300053,1,1,1996,0,0,0,0,0,0,0,0,0,0
300053,2,1,1996,0,0,0,0,0,0,0,0,0,0
300053,3,1,1996,0,0,0,30,0,0,0,0,0,0
300054,1,1,1996,28,6,15,18,10,28,23,21,32,22
300055,1,1,1996,0,0,0,0,0,0,0,0,0,0
300056,1,1,1996,0,0,0,0,0,0,0,0,0,0
300057,1,1,1996,18,18,18,18,18,18,18,18,18,18
300058,1,1,1996,12,12,12,12,12,12,12,12,12,12
300059,1,1,1996,17,24,27,13,2,23,26,18,34,29
300060,1,1,1996,0,0,0,0,0,0,0,0,0,0
300061,1,1,1996,0,0,0,0,0,0,0,0,0,0
300061,2,1,1996,1,1,1,1,1,1,1,1,1,1
300062,1,1,1996,0,0,0,0,0,0,0,0,0,0
300062,2,1,1996,0,0,0,0,0,0,0,0,0,0
300063,1,1,1996,10,12,0,3,13,30,0,13,11,6
300064,1,1,1996,0,0,0,0,0,0,0,0,0,0
300065,1,1,1996,20,20,20,20,20,20,20,20,20,20
300066,1,1,1996,0,0,0,26,0,0,0,0,0,24
300067,1,1,1996,0,0,0,0,0,0,0,0,0,0
300068,1,1,1996,0,0,0,0,0,0,0,0,0,0
300068,2,1,1996,0,0,0,0,0,0,0,0,0,0
300069,1,1,1996,19,19,34,35,16,16,30,8,14,19
300070,1,1,1996,27,27,27,27,27,27,27,27,27,27
300071,1,1,1996,9,19,18,26,48,5,24,21,14,29
300072,1,1,1996,15,0,0,0,0,23,0,0,0,0
300073,1,1,1996,18,18,18,18,18,18,18,18,18,18
300074,1,1,1996,0,0,0,0,22,0,0,0,0,0
300074,2,1,1996,0,10,0,0,0,0,0,0,0,0
300075,1,1,1996,20,20,20,20,20,20,20,20,20,20
300076,1,1,1996,0,0,0,0,0,0,0,0,0,0
300076,2,1,1996,0,0,0,0,0,0,0,0,0,0
300076,3,1,1996,0,0,0,12,17,16,0,0,0,3
300077,1,1,1996,0,0,0,0,0,0,0,0,0,0
300078,1,1,1996,0,0,0,0,0,0,0,0,0,0
300078,2,1,1996,0,0,0,0,0,0,0,0,0,0
300079,1,1,1996,0,0,13,19,0,0,19,17,18,0
300080,1,1,1996,0,0,0,0,0,0,0,0,0,0
300080,2,1,1996,0,0,0,0,0,0,0,0,0,0
300081,1,1,1996,0,0,0,0,0,0,0,0,0,0
300082,1,1,1996,21,18,30,19,21,30,11,19,20,36
300083,1,1,1996,0,0,0,0,0,0,0,0,0,0
300084,1,1,1996,0,0,0,0,0,0,0,0,0,0
300084,2,1,1996,0,0,0,0,0,0,0,0,0,0
300085,1,1,1996,19,15,16,16,14,19,13,20,33,15
300086,1,1,1996,20,20,20,20,20,20,20,20,20,20
300087,1,1,1996,0,0,0,0,0,0,0,0,0,0
300087,2,1,1996,19,19,19,19,19,19,19,19,19,19
300088,1,1,1996,19,19,19,19,19,19,19,19,19,19
300089,0,1,1996,19,19,19,19,19,19,19,19,19,19
300089,1,1,1996,0,0,0,0,0,0,0,0,0,0
300090,1,1,1996,46,0,27,0,0,39,15,11,0,30
300091,1,1,1996,0,0,0,0,0,0,0,0,0,0
300091,2,1,1996,18,16,10,13,0,8,13,19,19,21
300092,1,1,1996,25,21,39,19,30,21,18,24,17,30
300093,1,1,1996,0,0,0,0,0,0,0,0,0,0
300094,1,1,1996,0,0,0,0,0,18,0,0,0,0
300095,1,1,1996,0,0,0,0,0,0,0,0,0,0
300096,1,1,1996,18,18,18,18,18,18,18,18,18,18
300097,0,1,1996,25,25,25,25,25,25,25,25,25,25
300097,1,1,1996,8,8,8,8,8,8,8,8,8,8
300098,1,1,1996,10,10,10,10,10,10,10,10,10,10
300099,1,1,1996,0,0,0,0,0,0,0,0,0,0
300099,2,1,1996,0,0,0,0,0,0,0,0,0,0
300100,0,1,1996,0,0,0,0,0,0,0,0,19,0
300100,1,1,1996,0,0,0,0,0,9,0,0,0,0
300101,1,1,1996,0,0,0,0,0,0,0,0,0,0
300101,2,1,1996,0,0,0,0,0,0,0,0,0,0
300102,1,1,1996,21,21,21,21,21,21,21,21,21,21
300102,2,1,1996,0,0,0,0,0,0,0,0,0,0
300103,1,1,1996,0,0,0,0,0,0,0,0,0,0
300104,1,1,1996,0,0,0,0,0,0,0,0,0,0
300105,1,1,1996,0,2,22,14,10,11,14,23,12,9
300106,1,1,1996,0,0,0,0,0,0,0,0,0,0
300106,2,1,1996,0,0,0,0,0,0,0,0,0,0
300106,3,1,1996,0,0,0,0,0,0,0,0,0,0
300107,1,1,1996,0,0,0,0,0,0,0,0,0,0
300108,1,1,1996,0,0,0,0,0,0,0,0,0,0
300109,0,1,1996,0,0,0,0,7,0,0,0,0,0
300109,1,1,1996,10,0,0,0,0,0,0,0,0,0
300110,1,1,1996,0,0,25,8,0,13,20,0,0,11
300111,1,1,1996,0,0,0,4,0,24,0,0,3,0
300112,1,1,1996,0,0,0,0,0,0,0,0,0,0
300113,1,1,1996,0,0,0,0,0,0,0,0,0,0
300113,2,1,1996,0,0,0,0,0,0,7,0,19,13
300114,1,1,1996,0,0,0,0,0,0,0,0,0,0
300115,1,1,1996,22,16,18,10,10,31,11,14,18,10
300116,1,1,1996,0,0,0,0,0,0,0,7,0,0
300116,2,1,1996,0,0,0,0,0,0,0,0,0,0
300117,1,1,1996,19,14,0,19,0,0,0,0,0,0
300118,1,1,1996,0,0,0,0,0,0,0,0,0,0
300118,2,1,1996,0,0,0,0,0,0,0,0,0,0
300119,1,1,1996,12,18,4,5,25,23,13,18,0,11
300120,0,1,1996,0,0,35,0,0,0,0,11,0,0
300121,1,1,1996,0,0,0,0,0,0,0,0,0,0
300121,2,1,1996,0,0,0,0,0,0,0,0,0,0
300121,3,1,1996,0,0,0,0,0,0,0,0,0,0
300122,1,1,1996,0,0,0,0,0,0,0,0,0,0
300122,2,1,1996,0,0,0,0,0,0,0,0,0,0
300123,1,1,1996,19,16,0,0,16,16,13,0,0,0
300124,1,1,1996,0,0,0,0,0,0,0,0,0,0
300125,1,1,1996,0,0,0,0,0,0,0,0,0,0
300126,1,1,1996,22,9,19,23,10,30,14,6,19,8
300127,1,1,1996,0,0,0,0,0,0,0,0,0,0
300127,2,1,1996,0,0,0,0,0,0,0,0,0,0
300128,1,1,1996,0,0,0,0,0,0,0,0,0,0
300128,2,1,1996,0,0,0,0,0,0,0,0,0,0
300129,1,1,1996,0,0,0,0,0,0,0,0,0,0
300129,2,1,1996,0,0,0,0,0,0,0,0,0,0
300130,1,1,1996,18,22,23,0,11,16,8,18,21,36
300131,1,1,1996,0,0,0,0,0,0,0,0,0,0
300132,1,1,1996,6,7,11,13,14,26,5,13,10,9
300134,1,1,1996,0,0,0,0,0,0,0,0,0,0
300134,2,1,1996,0,0,0,0,0,0,0,0,0,0
300135,1,1,1996,12,0,2,24,7,0,11,15,19,12
300136,1,1,1996,0,0,0,0,0,0,0,0,0,0
300137,1,1,1996,0,0,0,0,0,0,0,0,0,0
300138,1,1,1996,0,0,0,0,0,0,0,0,0,0
300139,1,1,1996,0,0,0,0,0,0,0,0,0,0
300139,2,1,1996,0,0,0,0,4,0,0,0,23,0
300139,3,1,1996,0,0,0,23,0,0,0,0,0,0
300140,1,1,1996,3,3,3,3,3,3,3,3,3,3
300141,1,1,1996,0,0,0,0,0,0,0,0,0,0
300142,1,1,1996,16,0,0,0,25,0,6,21,0,12
300142,2,1,1996,24,18,11,17,16,14,16,4,35,17
300143,1,1,1996,0,0,0,0,0,0,0,0,0,0
300145,1,1,1996,0,0,0,0,0,0,0,0,0,0
300145,2,1,1996,0,0,0,0,0,0,0,0,0,0
300146,1,1,1996,24,17,12,7,19,15,14,12,20,11
300148,1,1,1996,0,0,0,0,0,0,15,0,14,0
300151,0,1,1996,0,0,0,0,0,0,0,0,0,0
300151,1,1,1996,0,0,0,0,0,0,0,0,0,0
300153,0,1,1996,17,17,17,17,17,17,17,17,17,17
300153,1,1,1996,0,0,0,0,0,0,0,0,0,0
300155,1,1,1996,0,0,0,0,0,0,0,0,0,0
300156,1,1,1996,0,0,0,0,10,0,18,0,0,0
300157,1,1,1996,0,0,17,0,0,6,0,0,0,0
300157,2,1,1996,9,9,9,9,9,9,9,9,9,9
300159,1,1,1996,14,18,17,13,21,41,20,24,25,20
300160,0,1,1996,24,24,24,24,24,24,24,24,24,24
300160,1,1,1996,0,0,0,0,0,0,0,0,0,0
300161,1,1,1996,0,0,0,0,0,0,0,0,0,0
300162,0,1,1996,0,0,0,0,0,0,0,0,32,0
300162,1,1,1996,0,0,0,0,0,0,0,0,0,0
300163,1,1,1996,0,0,0,11,15,0,19,0,16,25
300164,1,1,1996,0,0,0,0,0,0,0,0,0,0
300164,2,1,1996,0,0,0,0,0,0,0,0,0,0
300165,1,1,1996,0,0,0,0,0,28,0,14,0,0
300166,1,1,1996,16,29,9,8,24,29,24,28,32,18
300167,1,1,1996,0,0,0,0,0,0,0,0,0,0
300167,2,1,1996,0,0,0,0,0,0,0,0,0,0
300168,1,1,1996,0,0,0,0,0,22,0,0,0,0
300169,1,1,1996,0,0,0,0,0,0,0,0,0,0
300169,2,1,1996,0,0,0,0,0,0,0,0,0,0
300170,1,1,1996,0,0,0,0,0,0,22,0,15,0
300171,1,1,1996,22,22,22,22,22,22,22,22,22,22
300171,2,1,1996,0,0,0,0,0,0,0,0,0,0
300172,1,1,1996,0,0,0,0,0,0,0,0,0,0
300173,1,1,1996,0,0,0,0,0,0,0,0,0,0
300174,1,1,1996,0,0,0,0,0,0,0,0,0,0
300174,2,1,1996,0,0,19,0,0,0,0,0,0,0
300175,1,1,1996,0,0,0,0,0,0,0,0,0,0
300176,1,1,1996,0,0,0,0,0,0,0,0,0,0
300176,2,1,1996,0,0,0,0,0,0,0,0,0,0
300176,3,1,1996,0,0,0,0,0,0,0,0,0,0
300176,4,1,1996,0,0,0,0,0,0,0,0,0,0
300177,1,1,1996,0,0,0,0,0,0,0,0,0,0
300177,2,1,1996,0,0,0,0,0,0,0,0,0,0
300178,1,1,1996,0,0,0,0,0,0,0,0,0,0
300178,2,1,1996,0,0,0,0,0,0,0,0,0,0
300179,1,1,1996,0,0,0,0,0,0,0,0,0,0
300179,2,1,1996,0,0,0,0,0,0,0,0,0,0
300180,1,1,1996,0,0,0,0,0,21,0,0,0,0
300181,1,1,1996,0,0,0,0,0,0,0,0,0,0
300182,1,1,1996,0,0,0,0,0,0,0,0,0,0
300182,2,1,1996,0,0,0,0,0,0,0,0,0,0
300183,0,1,1996,0,0,0,0,0,0,0,0,0,0
300183,2,1,1996,0,0,0,0,0,0,0,0,0,0
300184,1,1,1996,0,0,0,0,0,0,0,0,0,0
300184,2,1,1996,0,0,0,0,0,0,0,0,0,0
300185,1,1,1996,0,0,0,0,0,16,31,0,0,0
300185,2,1,1996,0,0,0,0,0,0,0,0,0,0
300186,1,1,1996,0,0,0,0,0,0,0,0,0,0
300187,1,1,1996,0,0,0,0,0,0,0,0,10,11
300187,2,1,1996,7,4,0,0,0,0,14,28,9,0
300187,3,1,1996,0,0,0,0,0,0,0,0,0,0
310001,1,1,1996,22,22,22,22,22,22,22,22,22,22
310002,1,1,1996,0,0,0,0,0,14,0,0,0,0
310002,2,1,1996,0,0,0,0,0,0,0,0,0,0
310003,1,1,1996,0,0,0,0,0,0,0,0,0,0
310003,2,1,1996,0,0,0,0,0,0,0,0,0,0
310004,1,1,1996,0,0,0,0,0,0,0,0,0,0
310004,2,1,1996,0,0,0,0,0,0,0,0,0,0
310004,3,1,1996,0,0,0,0,0,0,0,0,0,0
310005,1,1,1996,0,0,0,0,0,0,0,0,0,0
310005,2,1,1996,0,0,0,0,0,0,0,0,0,0
310006,1,1,1996,0,0,0,0,0,0,0,0,0,0
310006,2,1,1996,0,0,0,0,0,0,0,0,0,0
310007,1,1,1996,10,10,10,10,10,10,10,10,10,10
310007,2,1,1996,0,0,0,0,0,0,0,0,0,0
310008,1,1,1996,0,0,0,0,0,0,0,0,0,0
310008,2,1,1996,0,0,0,0,0,0,0,0,0,0
310009,0,1,1996,0,0,0,0,0,0,0,0,0,0
310009,1,1,1996,0,0,0,0,0,0,0,0,0,0
310010,1,1,1996,1,1,1,1,1,1,1,1,1,1
310010,2,1,1996,0,0,0,0,0,0,0,0,0,0
310011,1,1,1996,6,6,6,6,6,6,6,6,6,6
310012,1,1,1996,0,0,0,0,0,0,0,0,0,0
310013,1,1,1996,3,3,3,3,3,3,3,3,3,3
310013,2,1,1996,13,0,9,0,0,0,0,0,0,0
310014,1,1,1996,0,0,0,0,0,0,0,0,0,0
310014,2,1,1996,0,0,0,0,0,0,0,0,0,0
310015,1,1,1996,0,0,0,0,0,0,0,0,0,0
310016,1,1,1996,27,27,27,27,27,27,27,27,27,27
310017,1,1,1996,12,12,12,12,12,12,12,12,12,12
310018,1,1,1996,0,0,0,0,0,0,0,0,0,0
310019,1,1,1996,0,0,0,0,0,0,0,0,0,0
310019,2,1,1996,0,0,0,0,0,0,0,0,0,0
310019,3,1,1996,0,0,0,0,0,0,0,0,0,0
310019,4,1,1996,0,0,0,0,0,0,0,0,0,0
310020,1,1,1996,0,0,0,0,0,0,0,0,0,0
310020,2,1,1996,2,2,2,2,2,2,2,2,2,2
310021,0,1,1996,0,0,0,0,0,0,0,0,0,0
310021,1,1,1996,0,0,0,0,0,0,0,0,0,0
310022,1,1,1996,0,0,0,0,0,0,0,0,0,0
310023,1,1,1996,0,0,0,0,0,0,0,0,0,0
310023,2,1,1996,0,0,0,0,0,0,0,0,0,0
310024,1,1,1996,10,10,10,10,10,10,10,10,10,10
310024,2,1,1996,0,0,0,0,0,0,0,0,0,0
310025,1,1,1996,0,0,0,0,0,0,0,0,0,0
310026,1,1,1996,15,15,15,15,15,15,15,15,15,15
310027,1,1,1996,0,0,0,0,0,0,0,0,0,0
310028,1,1,1996,19,19,19,19,19,19,19,19,19,19
310029,1,1,1996,0,0,0,0,0,0,0,0,0,0
310029,2,1,1996,0,0,0,0,0,0,0,0,0,0
310029,3,1,1996,0,0,0,0,0,0,0,0,0,0
310030,1,1,1996,14,14,14,14,14,14,14,14,14,14
310031,1,1,1996,0,0,0,0,9,19,0,24,17,10
310032,1,1,1996,0,0,0,0,0,0,0,0,0,0
310033,1,1,1996,28,28,28,28,28,28,28,28,28,28
310033,2,1,1996,0,0,0,0,0,0,0,0,0,0
310034,1,1,1996,0,0,0,0,0,0,0,0,0,0
310035,1,1,1996,7,7,7,7,7,7,7,7,7,7
310035,2,1,1996,0,0,0,0,0,0,0,0,0,0
310036,1,1,1996,0,0,0,0,0,0,0,0,0,0
310036,2,1,1996,0,0,0,0,0,0,0,0,0,0
310037,1,1,1996,0,0,0,0,0,0,0,0,0,0
310037,2,1,1996,0,0,0,0,0,0,0,0,0,0
310038,1,1,1996,3,3,3,3,3,3,3,3,3,3
310039,1,1,1996,13,13,13,13,13,13,13,13,13,13
310040,1,1,1996,0,0,0,0,0,0,0,0,0,0
310040,2,1,1996,0,0,0,0,0,0,0,0,0,0
310041,1,1,1996,0,0,0,0,0,0,0,0,0,0
310041,2,1,1996,0,0,0,0,0,0,0,0,0,0
310041,3,1,1996,0,0,0,0,0,0,0,0,0,0
310042,1,1,1996,0,0,0,0,0,0,0,0,0,0
310042,2,1,1996,0,0,0,0,0,0,0,0,0,0
310043,1,1,1996,17,17,17,17,17,17,17,17,17,17
310044,1,1,1996,0,0,0,0,0,0,0,0,0,0
310044,2,1,1996,0,0,0,0,0,0,0,0,0,0
310044,3,1,1996,0,0,0,0,0,0,0,0,0,0
310045,1,1,1996,0,0,0,0,0,0,0,0,0,0
310045,2,1,1996,0,0,0,0,0,0,0,0,0,0
310046,1,1,1996,20,20,20,20,20,20,20,20,20,20
310047,0,1,1996,16,16,16,16,16,16,16,16,16,16
310047,1,1,1996,0,0,0,0,0,0,0,0,0,0
310048,1,1,1996,0,0,0,0,0,0,0,0,0,0
310048,2,1,1996,0,0,0,0,0,0,0,0,0,0
310049,1,1,1996,26,26,26,26,26,26,26,26,26,26
310050,0,1,1996,16,16,16,16,16,16,16,16,16,16
310050,1,1,1996,0,0,0,0,0,0,0,0,0,0
310051,1,1,1996,0,0,0,0,0,0,0,0,0,0
310051,2,1,1996,0,0,0,0,0,0,0,0,0,0
310052,1,1,1996,0,0,0,0,0,0,0,0,0,0
310053,1,1,1996,24,24,24,24,24,24,24,24,24,24
310054,0,1,1996,0,0,0,0,0,0,0,0,0,0
310054,1,1,1996,0,0,0,0,0,0,0,0,0,0
310055,0,1,1996,15,15,15,15,15,15,15,15,15,15
310055,1,1,1996,33,38,14,12,23,16,12,12,0,10
310056,1,1,1996,0,13,0,0,26,0,0,0,0,0
310056,2,1,1996,0,0,0,0,0,0,0,0,0,0
310057,1,1,1996,0,0,0,0,0,0,1,0,0,10
310058,1,1,1996,0,0,0,0,0,0,0,0,0,0
310059,1,1,1996,10,10,10,10,10,10,10,10,10,10
310060,1,1,1996,0,0,0,0,0,0,0,0,0,0
310061,1,1,1996,0,0,0,0,0,0,0,0,0,0
310062,1,1,1996,0,0,0,0,0,0,0,0,0,0
310063,1,1,1996,0,0,0,0,0,0,0,0,0,0
310063,2,1,1996,0,0,0,0,0,0,0,0,0,0
310064,1,1,1996,3,3,3,3,3,3,3,3,3,3
310065,1,1,1996,15,0,10,0,0,0,11,7,0,18
310066,1,3,1996,28,29,23,12,22,29,12,0,7,12
310067,1,1,1996,17,17,17,17,17,17,17,17,17,17
310068,1,1,1996,30,30,30,30,30,30,30,30,30,30
310068,2,1,1996,0,0,0,0,0,0,0,0,0,0
310069,1,1,1996,0,0,0,0,0,0,0,0,0,0
310069,2,1,1996,0,0,0,0,0,0,0,0,0,0
310070,1,1,1996,0,0,0,0,0,0,0,0,0,0
310070,2,1,1996,0,0,0,0,0,0,0,0,0,0
310071,0,1,1996,0,0,0,0,0,0,0,0,0,0
310071,1,1,1996,0,0,0,0,0,0,0,0,0,0
310072,1,1,1996,17,17,17,17,17,17,17,17,17,17
310073,1,1,1996,0,0,0,0,0,0,0,0,0,0
310073,2,1,1996,0,0,0,0,0,0,0,0,0,0
310074,1,1,1996,0,0,0,15,0,0,0,0,0,0
310075,0,1,1996,0,0,0,0,0,0,0,0,0,0
310075,0,2,1996,5,10,0,6,0,0,14,0,0,3
310075,1,1,1996,0,0,0,0,0,0,0,0,0,0
310076,1,1,1996,0,0,0,0,0,0,0,0,0,0
310077,1,1,1996,15,15,15,15,15,15,15,15,15,15
310078,1,1,1996,0,0,0,0,0,0,0,0,0,0
310079,0,1,1996,0,0,0,0,0,0,0,0,0,0
310079,1,1,1996,0,0,0,0,0,0,0,0,0,0
310080,1,1,1996,0,0,0,0,0,0,0,0,0,0
310081,1,1,1996,0,0,0,0,0,0,0,0,0,0
310081,2,1,1996,0,0,0,0,0,0,0,0,0,0
310082,1,1,1996,0,0,0,0,0,0,0,0,0,0
310082,2,1,1996,0,0,0,0,0,0,0,0,0,0
310083,1,1,1996,0,0,0,0,0,0,0,0,0,0
310083,2,1,1996,0,0,0,0,0,0,0,0,0,0
310084,1,1,1996,25,25,25,25,25,25,25,25,25,25
310084,2,1,1996,0,0,0,0,0,0,0,0,0,0
310085,1,1,1996,0,0,0,25,0,0,0,0,0,0
310085,2,1,1996,0,21,0,0,0,0,0,0,0,0
310086,1,1,1996,0,0,0,0,0,0,0,0,0,0
310086,2,1,1996,0,0,0,0,0,0,0,0,0,0
310087,1,1,1996,0,0,0,0,0,0,0,0,0,0
310088,1,1,1996,0,0,0,0,0,0,0,0,0,0
310088,2,1,1996,10,10,10,10,10,10,10,10,10,10
310089,1,1,1996,0,0,0,0,0,0,0,0,0,0
310090,1,1,1996,0,0,0,0,0,0,0,0,0,0
310090,2,1,1996,0,0,0,0,0,0,0,22,0,0
310091,1,1,1996,16,16,16,16,16,16,16,16,16,16
310091,2,1,1996,0,0,0,0,0,0,0,0,0,0
310092,1,1,1996,0,0,0,0,0,0,0,0,0,0
310092,2,1,1996,0,0,0,0,0,0,0,0,0,0
310093,1,1,1996,0,0,0,0,0,0,0,0,0,0
310093,2,1,1996,0,0,0,0,0,0,0,0,0,0
310094,1,1,1996,13,13,13,13,13,13,13,13,13,13
310095,1,1,1996,24,9,29,10,19,9,9,17,17,20
310096,1,1,1996,13,13,13,13,13,13,13,13,13,13
310097,1,1,1996,0,0,0,0,0,0,0,0,0,0
310098,1,1,1996,0,0,0,0,21,9,0,0,0,0
310099,1,1,1996,0,0,0,0,0,0,0,0,0,0
310100,1,1,1996,0,0,0,0,0,0,0,0,0,0
310101,1,1,1996,0,0,10,18,0,0,0,0,0,0
310101,2,1,1996,0,0,0,0,0,0,0,0,0,0
310102,1,1,1996,0,0,0,0,0,0,0,0,0,0
310102,2,1,1996,0,0,0,0,0,0,0,0,0,0
310103,1,1,1996,11,11,11,11,11,11,11,11,11,11
310104,1,1,1996,27,27,27,27,27,27,27,27,27,27
310105,1,1,1996,0,0,0,0,0,0,0,0,0,0
310105,2,1,1996,0,0,0,0,0,0,0,0,0,0
310106,1,1,1996,0,0,0,0,0,0,0,0,0,0
310106,2,1,1996,0,0,23,14,16,0,0,0,0,25
310107,1,1,1996,0,0,0,0,0,0,0,0,0,0
310107,2,1,1996,34,34,34,34,34,34,34,34,34,34
310108,1,1,1996,0,0,0,0,0,0,0,0,0,0
310108,2,1,1996,0,0,0,0,0,0,0,0,0,0
310109,1,1,1996,0,0,0,0,0,0,0,0,0,0
310109,2,1,1996,0,0,0,0,0,0,0,0,0,0
310110,1,1,1996,0,0,0,0,0,0,0,0,0,0
310111,1,1,1996,17,17,17,17,17,17,17,17,17,17
310112,1,1,1996,0,0,0,0,0,0,0,0,0,0
310112,2,1,1996,0,0,0,0,0,0,0,0,0,0
310113,1,1,1996,0,0,0,0,0,0,0,0,0,0
310113,2,1,1996,0,0,0,0,0,0,0,0,0,0
310114,1,1,1996,4,4,4,4,4,4,4,4,4,4
310114,2,1,1996,0,0,0,0,0,0,0,0,0,0
310115,1,1,1996,0,0,20,0,19,0,18,0,0,0
310115,2,1,1996,0,0,0,0,0,0,0,0,0,0
310116,1,1,1996,0,0,0,0,0,0,0,0,0,0
310117,1,1,1996,0,0,0,0,0,0,0,0,0,0
310117,2,1,1996,0,0,0,0,0,0,0,0,0,0
310118,1,1,1996,0,0,0,0,0,0,0,0,0,0
310119,0,1,1996,14,12,22,7,34,0,28,0,0,27
310119,1,1,1996,0,5,0,0,0,0,0,0,0,0
310120,1,1,1996,0,0,0,0,0,0,0,0,0,0
310120,2,1,1996,0,0,0,0,0,0,0,0,0,0
310121,1,1,1996,20,20,20,20,20,20,20,20,20,20
310121,2,1,1996,0,0,0,0,26,0,0,0,0,0
310122,1,1,1996,0,0,0,0,0,0,0,0,0,0
310122,2,1,1996,0,0,0,0,0,0,24,0,0,0
310123,1,1,1996,0,0,0,0,0,0,0,0,0,0
310123,2,1,1996,0,0,0,0,0,0,0,0,0,0
310123,3,1,1996,0,0,0,0,0,0,0,0,0,0
310124,1,1,1996,2,2,2,2,2,2,2,2,2,2
310125,0,1,1996,0,0,0,0,0,0,0,0,0,0
310125,1,1,1996,0,0,0,0,0,0,0,0,0,0
310126,1,1,1996,20,20,20,20,20,20,20,20,20,20
310127,1,1,1996,14,14,14,14,14,14,14,14,14,14
310128,1,1,1996,0,0,0,0,0,0,0,0,0,0
310128,2,1,1996,0,0,0,0,0,0,0,0,0,0
310128,3,1,1996,0,0,0,0,0,0,0,0,0,0
310129,1,1,1996,0,0,14,0,0,0,0,0,0,12
310130,1,1,1996,12,12,12,12,12,12,12,12,12,12
310131,1,1,1996,16,16,16,16,16,16,16,16,16,16
310132,1,1,1996,18,18,18,18,18,18,18,18,18,18
310132,2,1,1996,7,7,7,7,7,7,7,7,7,7
310133,1,1,1996,30,30,30,30,30,30,30,30,30,30
310133,2,1,1996,0,0,0,0,0,0,0,0,0,0
310134,1,1,1996,13,13,13,13,13,13,13,13,13,13
310135,1,1,1996,0,0,0,0,0,0,0,0,0,0
310136,1,1,1996,19,19,19,19,19,19,19,19,19,19
310137,1,1,1996,0,0,0,0,0,0,0,0,0,0
310137,2,1,1996,0,0,0,0,0,0,0,0,0,0
310138,1,1,1996,5,0,0,20,10,0,0,0,0,7
310139,1,1,1996,0,0,0,0,0,0,0,0,0,0
310139,2,1,1996,0,0,0,0,0,0,0,0,0,0
310140,1,1,1996,0,0,0,17,0,0,0,0,0,6
310141,1,1,1996,0,0,0,0,0,0,0,0,0,0
310141,2,1,1996,0,0,0,0,0,0,0,0,0,0
310142,1,1,1996,0,0,0,0,0,0,0,0,0,0
310142,2,1,1996,0,0,0,0,0,0,0,0,0,0
310143,1,1,1996,0,0,0,0,0,0,0,0,0,0
310143,2,1,1996,25,13,24,12,15,0,11,21,0,28
310144,1,1,1996,0,0,0,0,0,0,0,0,0,0
310145,1,1,1996,0,0,0,0,0,0,0,0,0,0
310145,2,1,1996,0,0,0,0,0,0,0,0,0,0
310146,1,1,1996,0,0,0,0,0,0,0,0,0,0
310146,2,1,1996,0,0,0,0,0,0,0,0,0,0
310146,3,1,1996,0,0,0,0,0,0,0,0,0,0
310147,1,1,1996,0,0,0,0,0,0,0,0,0,0
310148,1,1,1996,14,14,14,14,14,14,14,14,14,14
310149,1,1,1996,0,0,0,0,0,0,0,0,0,0
310149,2,1,1996,0,0,0,0,0,0,0,0,0,0
310150,1,1,1996,38,38,38,38,38,38,38,38,38,38
310152,0,1,1996,0,0,0,0,0,0,0,0,0,0
310152,1,1,1996,0,0,0,0,0,0,0,0,0,0
310153,1,1,1996,15,15,15,15,15,15,15,15,15,15
310154,1,1,1996,0,0,0,0,0,0,0,0,0,0
310154,2,1,1996,0,0,0,0,7,0,0,0,0,0
310155,1,1,1996,0,0,0,0,0,0,0,0,0,0
310156,1,1,1996,0,0,0,0,0,0,0,0,0,0
310156,2,1,1996,0,0,0,0,0,0,0,0,0,0
310157,1,1,1996,0,0,0,0,0,0,0,0,0,0
310157,2,1,1996,6,0,0,20,0,27,0,0,9,0
310158,1,1,1996,0,0,0,0,0,0,0,0,0,0
310158,2,1,1996,0,0,0,0,0,0,0,0,0,0
310159,0,1,1996,0,0,0,0,0,0,0,0,0,0
310159,1,1,1996,0,0,0,0,0,0,0,0,0,0
310160,1,1,1996,0,0,0,0,0,0,0,0,0,0
310160,2,1,1996,0,0,0,0,0,0,0,0,0,0
310161,1,1,1996,0,0,0,0,0,0,0,0,0,0
310162,1,1,1996,0,0,0,0,0,0,0,0,0,0
310163,1,1,1996,0,0,0,0,0,0,0,0,0,0
310164,1,1,1996,0,0,0,0,0,0,0,0,0,0
310164,2,1,1996,0,0,0,0,0,0,0,0,0,0