ST_CASE,VEH_NO,PER_NO,YEAR,P1,P2,P3,P4,P5,P6,P7,P8,P9,P10
310165,1,1,1996,0,0,0,0,0,0,0,0,0,0
310166,1,1,1996,20,20,20,20,20,20,20,20,20,20
310167,1,1,1996,0,0,0,0,0,0,0,0,0,0
310167,2,1,1996,0,0,0,0,0,0,0,0,0,0
310168,1,1,1996,0,0,0,0,0,0,0,0,0,0
310169,1,1,1996,23,23,23,23,23,23,23,23,23,23
310170,0,1,1996,0,0,0,0,0,0,0,0,0,0
310170,1,1,1996,0,0,0,0,0,0,0,0,0,0
310171,1,1,1996,0,0,20,0,0,0,0,0,0,0
310172,1,1,1996,0,0,0,0,0,0,0,0,0,0
310172,2,1,1996,0,0,0,0,0,17,0,0,0,0
310173,0,1,1996,14,14,14,14,14,14,14,14,14,14
310173,1,1,1996,13,17,19,10,13,13,21,17,10,13
310174,1,1,1996,0,0,0,0,0,11,0,0,0,0
310175,0,1,1996,0,0,0,0,0,0,0,0,0,0
310175,0,2,1996,0,0,0,0,0,0,0,0,0,10
310175,1,1,1996,0,0,0,0,7,0,0,0,10,0
310176,1,1,1996,0,0,0,0,0,0,0,0,0,0
310176,2,1,1996,0,0,0,0,0,0,0,0,0,0
310177,1,1,1996,0,0,0,0,0,0,0,0,0,0
310177,2,1,1996,0,0,0,0,0,0,0,0,0,0
310178,1,1,1996,10,10,10,10,10,10,10,10,10,10
310179,1,1,1996,0,0,0,0,0,0,0,0,0,0
310179,2,1,1996,0,0,0,0,0,0,0,0,0,0
310180,1,1,1996,0,0,0,0,0,0,0,0,0,0
310180,2,1,1996,4,4,4,4,4,4,4,4,4,4
310181,1,1,1996,8,8,8,8,8,8,8,8,8,8
310182,1,1,1996,0,0,0,0,0,0,0,0,0,0
310183,1,1,1996,0,0,0,0,0,0,0,0,0,0
310183,2,1,1996,0,0,0,0,0,0,0,0,0,0
310184,1,1,1996,25,24,23,14,0,8,26,19,22,11
310185,1,1,1996,0,0,0,0,0,0,0,0,0,0
310185,2,1,1996,0,0,0,0,0,0,0,0,0,0
310186,1,1,1996,29,29,29,29,29,29,29,29,29,29
310187,1,1,1996,0,0,0,0,0,0,0,0,0,0
310188,1,1,1996,0,0,0,0,0,0,0,0,0,0
310189,1,1,1996,6,6,6,6,6,6,6,6,6,6
310190,1,1,1996,0,0,0,0,0,0,0,0,0,0
310190,2,1,1996,0,0,0,0,0,0,0,0,0,0
310191,1,1,1996,0,0,0,0,0,0,0,0,0,0
310191,2,1,1996,0,0,0,0,0,0,0,0,0,0
310192,0,1,1996,0,0,0,0,0,0,0,0,0,0
310192,1,1,1996,0,0,0,0,0,0,0,0,0,0
310193,1,1,1996,0,0,0,0,0,0,0,0,0,0
310193,2,1,1996,0,0,0,0,0,0,0,0,0,0
310194,1,1,1996,0,0,0,0,0,0,0,0,0,0
310194,2,1,1996,0,0,0,0,0,0,0,0,0,0
310195,0,1,1996,0,0,0,0,0,0,0,0,0,0
310195,1,1,1996,0,0,0,0,0,0,0,0,0,0
310196,1,1,1996,0,0,0,0,0,0,0,0,0,0
310196,2,1,1996,0,0,0,0,0,0,0,0,0,0
310197,1,1,1996,0,0,0,0,0,0,0,0,0,0
310197,2,1,1996,0,0,0,0,0,0,0,0,0,0
310198,1,1,1996,0,0,0,0,0,0,0,0,0,0
310198,2,1,1996,0,0,0,0,0,0,0,0,0,0
310199,1,1,1996,0,0,0,0,0,0,0,0,0,0
310199,2,1,1996,0,0,0,0,0,0,0,0,0,0
310200,1,1,1996,0,0,29,27,0,0,0,0,0,0
310200,2,1,1996,0,0,0,0,0,0,0,0,0,0
310201,1,1,1996,14,14,14,14,14,14,14,14,14,14
310202,1,1,1996,9,9,9,9,9,9,9,9,9,9
310203,1,1,1996,0,0,0,0,0,0,0,0,0,0
310203,2,1,1996,0,0,0,0,0,0,0,0,0,0
310203,3,1,1996,0,0,7,0,0,6,6,0,0,0
310203,4,1,1996,0,0,0,0,0,16,0,0,0,0
310204,1,1,1996,7,7,7,7,7,7,7,7,7,7
310205,1,1,1996,0,0,0,0,0,0,0,0,0,0
310206,1,1,1996,0,0,0,0,0,0,0,0,0,0
310207,1,1,1996,0,0,0,0,0,15,0,0,0,19
310208,1,1,1996,0,0,0,0,0,0,0,0,0,0
310209,1,1,1996,0,0,0,0,0,0,0,0,0,0
310209,2,1,1996,0,0,0,0,0,0,0,0,0,0
310210,1,1,1996,0,0,0,0,0,0,0,0,0,0
310211,1,1,1996,0,0,0,0,0,0,0,0,0,0
310211,2,1,1996,0,0,0,0,0,0,0,0,0,0
310212,1,1,1996,0,0,0,0,0,0,0,0,0,0
310213,1,1,1996,0,0,0,0,0,0,0,0,0,0
310214,1,1,1996,0,0,0,0,0,0,0,0,0,0
310214,2,1,1996,0,0,0,0,0,0,0,0,0,0
310215,1,1,1996,0,0,0,0,0,0,0,0,0,0
310215,2,1,1996,0,0,0,0,0,0,0,0,0,0
310216,1,1,1996,0,0,0,0,0,0,0,0,0,0
310217,1,1,1996,0,0,0,0,0,0,0,0,0,0
310217,2,1,1996,0,0,0,0,0,0,0,0,0,0
310218,1,1,1996,9,25,20,17,15,9,6,26,3,26
310219,1,1,1996,0,0,0,0,0,0,0,0,0,0
310219,2,1,1996,0,0,0,0,0,0,0,0,0,0
310220,1,1,1996,0,0,0,0,0,0,0,0,0,0
310220,2,1,1996,0,0,0,0,0,0,0,0,0,0
310221,1,1,1996,8,8,8,8,8,8,8,8,8,8
310221,2,1,1996,0,0,0,0,0,0,0,0,0,0
310222,1,1,1996,0,0,0,0,0,0,0,0,0,0
310222,2,1,1996,0,0,0,0,0,0,0,0,0,0
310223,1,1,1996,0,0,0,0,0,0,0,0,0,0
310224,1,1,1996,0,0,0,0,0,0,0,0,0,0
310224,2,1,1996,10,10,10,10,10,10,10,10,10,10
310225,0,1,1996,0,18,0,0,0,0,0,0,39,0
310225,1,1,1996,0,0,0,0,0,0,0,0,0,0
310226,1,1,1996,0,0,0,0,0,0,0,0,0,0
310226,2,1,1996,0,0,0,0,0,0,0,0,0,0
310227,0,1,1996,0,0,0,0,0,0,0,0,0,0
310227,1,1,1996,21,21,21,21,21,21,21,21,21,21
310228,1,1,1996,0,0,0,0,0,0,0,0,0,0
310228,2,1,1996,0,0,0,0,0,0,0,0,0,0
310229,0,1,1996,0,0,22,0,0,0,14,0,0,32
310229,1,1,1996,0,0,0,0,0,0,0,0,0,0
310230,1,1,1996,0,0,0,23,27,17,0,0,17,0
310231,1,1,1996,12,12,12,12,12,12,12,12,12,12
310232,1,1,1996,7,7,7,7,7,7,7,7,7,7
310233,1,1,1996,14,14,14,14,14,14,14,14,14,14
310234,1,1,1996,0,0,0,0,0,0,0,0,0,0
310234,2,1,1996,0,0,0,0,0,0,0,0,0,0
310235,1,1,1996,0,0,0,0,0,0,0,0,0,0
310235,2,1,1996,0,0,0,0,0,0,0,0,0,0
310236,1,1,1996,6,0,0,7,8,0,0,0,0,0
310236,2,1,1996,0,0,0,0,0,0,0,0,0,0
310237,1,1,1996,0,0,0,0,0,0,0,0,0,0
310237,2,1,1996,0,0,0,0,0,0,0,0,0,0
310238,1,1,1996,0,0,0,0,0,0,0,0,0,0
310239,0,1,1996,15,15,15,15,15,15,15,15,15,15
310239,1,1,1996,0,0,0,0,0,0,0,0,0,0
310240,1,1,1996,20,20,20,20,20,20,20,20,20,20
310241,1,1,1996,13,13,13,13,13,13,13,13,13,13
320001,1,1,1996,16,16,16,16,16,16,16,16,16,16
320002,0,1,1996,0,0,0,0,0,0,0,0,0,0
320002,1,1,1996,0,0,0,0,0,0,0,0,0,0
320003,1,1,1996,0,0,0,0,0,0,0,0,0,0
320004,1,1,1996,1,1,1,1,1,1,1,1,1,1
320004,2,1,1996,0,0,0,0,0,0,0,0,0,0
320005,1,1,1996,0,0,0,0,0,0,0,0,0,0
320006,1,1,1996,0,0,0,0,0,0,0,0,0,0
320006,2,1,1996,0,0,0,0,0,0,0,0,0,0
320007,0,1,1996,0,0,0,14,0,0,0,0,5,0
320007,0,2,1996,0,5,0,0,24,24,0,0,0,33
320007,1,1,1996,0,0,0,0,0,0,0,0,0,0
320007,2,1,1996,0,0,0,0,0,0,0,0,0,0
320008,1,1,1996,20,20,20,20,20,20,20,20,20,20
320009,1,1,1996,0,0,0,0,0,0,0,0,0,0
320009,2,1,1996,0,0,0,12,0,0,0,4,0,0
320010,0,1,1996,22,22,22,22,22,22,22,22,22,22
320010,1,1,1996,0,0,11,0,0,0,0,0,10,0
320011,1,1,1996,14,14,14,14,14,14,14,14,14,14
320012,1,1,1996,0,0,0,0,0,0,0,0,0,0
320013,1,1,1996,0,0,0,0,0,0,0,0,0,0
320013,2,1,1996,0,0,0,0,0,0,22,0,0,0
320014,1,1,1996,8,8,8,8,8,8,8,8,8,8
320014,2,1,1996,0,0,0,0,5,0,0,0,0,0
320015,1,1,1996,0,26,0,0,0,0,0,0,0,36
320015,2,1,1996,0,0,0,0,0,0,0,0,0,0
320016,1,1,1996,36,36,36,36,36,36,36,36,36,36
320017,1,1,1996,0,0,0,0,0,5,0,0,0,0
320018,0,1,1996,5,5,5,5,5,5,5,5,5,5
320018,1,1,1996,0,0,0,0,0,0,0,0,0,0
320019,0,1,1996,0,0,0,0,0,0,0,0,0,0
320019,1,1,1996,9,9,9,9,9,9,9,9,9,9
320020,0,1,1996,35,35,35,35,35,35,35,35,35,35
320020,1,1,1996,7,14,0,0,0,0,0,0,0,0
320021,1,1,1996,7,7,7,7,7,7,7,7,7,7
320021,2,1,1996,14,9,0,0,0,0,0,0,15,0
320021,3,1,1996,20,20,20,20,20,20,20,20,20,20
320022,1,1,1996,30,30,30,30,30,30,30,30,30,30
320022,2,1,1996,3,4,0,0,0,0,15,0,0,12
320022,3,1,1996,0,0,0,7,0,0,0,0,0,10
320023,1,1,1996,1,1,1,1,1,1,1,1,1,1
320023,2,1,1996,1,1,1,1,1,1,1,1,1,1
320024,1,1,1996,14,14,14,14,14,14,14,14,14,14
320025,1,1,1996,0,0,0,0,0,0,0,0,0,0
320025,2,1,1996,0,0,0,0,0,0,0,0,0,0
320026,1,1,1996,0,0,0,0,0,0,0,0,0,0
320026,2,1,1996,0,0,0,0,0,0,0,0,0,0
320026,3,1,1996,0,0,0,16,11,0,0,14,16,6
320027,1,1,1996,0,0,0,0,0,0,0,0,0,0
320028,1,1,1996,24,22,17,13,23,24,21,22,24,16
320029,1,1,1996,2,0,9,0,0,0,0,10,0,0
320030,1,1,1996,0,0,0,0,0,14,0,0,0,0
320030,2,1,1996,0,0,0,0,5,20,0,0,0,0
320030,3,1,1996,0,0,0,0,0,0,0,0,0,0
320031,0,1,1996,8,8,8,8,8,8,8,8,8,8
320031,1,1,1996,1,1,1,1,1,1,1,1,1,1
320032,1,1,1996,15,17,8,11,26,17,14,6,9,11
320033,1,1,1996,0,15,0,0,21,0,0,0,0,0
320034,1,1,1996,0,0,0,0,0,0,0,0,0,0
320034,2,1,1996,0,0,0,0,0,0,0,13,0,0
320035,1,1,1996,25,25,25,25,25,25,25,25,25,25
320036,1,1,1996,32,32,32,32,32,32,32,32,32,32
320036,2,1,1996,0,0,0,0,0,0,0,0,0,0
320037,1,1,1996,0,0,0,0,0,0,0,0,0,0
320037,2,1,1996,0,0,0,0,0,0,0,0,0,0
320038,1,1,1996,0,0,0,20,0,0,0,0,0,0
320039,1,1,1996,22,22,22,22,22,22,22,22,22,22
320040,1,1,1996,0,0,0,0,0,0,0,0,0,0
320041,0,1,1996,0,0,0,0,0,0,0,0,0,0
320041,1,1,1996,18,0,0,0,0,0,0,0,0,0
320042,1,1,1996,0,0,0,0,0,0,0,0,30,0
320043,1,1,1996,21,21,21,21,21,21,21,21,21,21
320044,1,1,1996,0,0,0,3,26,0,0,0,0,0
320044,2,1,1996,0,0,0,0,0,0,0,0,0,0
320045,1,1,1996,0,0,0,0,0,0,0,0,0,0
320046,1,1,1996,0,0,0,0,0,0,0,0,0,0
320046,2,1,1996,0,0,0,0,0,0,0,0,0,0
320047,1,1,1996,20,20,20,20,20,20,20,20,20,20
320048,1,1,1996,22,22,22,22,22,22,22,22,22,22
320049,1,1,1996,0,0,0,0,0,0,0,0,0,0
320049,2,1,1996,0,0,0,0,0,0,0,0,0,0
320050,1,1,1996,0,0,0,22,0,0,0,0,0,0
320051,0,1,1996,0,0,0,0,0,0,0,0,0,0
320051,1,1,1996,27,0,0,0,0,11,0,0,20,0
320052,0,1,1996,0,0,0,0,0,0,0,0,0,0
320052,0,2,1996,0,0,0,19,0,13,15,4,0,0
320052,0,3,1996,0,0,17,0,0,12,14,0,0,46
320052,0,4,1996,13,0,0,32,15,22,13,0,0,25
320052,1,1,1996,0,0,0,0,0,0,0,0,0,0
320053,0,1,1996,0,0,0,0,0,0,0,0,0,0
320053,1,1,1996,0,0,2,0,20,0,4,12,0,5
320054,1,1,1996,19,19,19,19,19,19,19,19,19,19
320055,1,1,1996,27,27,27,27,27,27,27,27,27,27
320055,2,1,1996,0,0,0,0,0,0,0,0,0,0
320056,0,1,1996,36,36,36,36,36,36,36,36,36,36
320056,1,1,1996,22,22,22,22,22,22,22,22,22,22
320057,1,1,1996,0,0,0,0,0,0,0,0,0,0
320057,2,1,1996,0,0,0,26,20,13,0,0,0,12
320058,0,1,1996,1,1,1,1,1,1,1,1,1,1
320058,1,1,1996,0,0,0,0,0,0,0,0,0,0
320059,1,1,1996,2,2,2,2,2,2,2,2,2,2
320060,1,1,1996,0,0,0,0,11,0,0,0,0,0
320060,2,1,1996,16,0,0,8,0,6,0,0,0,0
320060,3,1,1996,0,0,0,0,0,0,0,0,0,3
320061,1,1,1996,0,0,0,19,0,0,0,0,0,0
320062,1,1,1996,5,5,0,0,0,0,11,0,0,0
320063,1,1,1996,29,29,29,29,29,29,29,29,29,29
320064,1,1,1996,0,0,0,0,0,0,0,0,0,0
320065,1,1,1996,6,6,6,6,6,6,6,6,6,6
320065,2,1,1996,0,0,0,0,0,0,0,0,0,0
320065,3,1,1996,0,0,0,0,0,0,0,0,0,0
320066,1,1,1996,17,0,0,0,16,0,21,20,7,0
320067,0,1,1996,31,31,31,31,31,31,31,31,31,31
320067,1,1,1996,0,6,0,0,0,27,0,6,5,0
320067,2,1,1996,0,0,27,0,0,0,0,0,0,0
320068,1,1,1996,0,0,0,0,0,0,0,0,0,0
320069,1,1,1996,0,0,0,0,0,0,0,0,0,0
320070,1,1,1996,9,3,28,9,7,0,4,4,0,7
320071,1,1,1996,24,24,24,24,24,24,24,24,24,24
320071,2,1,1996,0,0,0,0,0,0,0,0,0,0
320072,1,1,1996,6,6,6,6,6,6,6,6,6,6
320073,0,1,1996,7,0,11,0,0,0,0,25,0,0
320073,1,1,1996,0,0,10,0,0,0,0,0,0,0
320074,1,1,1996,25,25,25,25,25,25,25,25,25,25
320074,2,1,1996,0,0,0,0,0,18,0,0,0,0
320075,1,1,1996,12,12,12,12,12,12,12,12,12,12
320076,0,1,1996,10,0,10,12,23,15,10,0,19,0
320076,1,1,1996,5,0,0,0,0,0,11,4,0,0
320077,1,1,1996,0,0,0,0,0,0,0,0,0,0
320077,2,1,1996,0,0,0,0,0,0,0,0,0,0
320078,1,1,1996,0,0,0,0,0,0,0,0,0,0
320079,0,1,1996,27,27,27,27,27,27,27,27,27,27
320079,1,1,1996,0,0,0,0,0,16,0,15,0,0
320080,1,1,1996,5,5,5,5,5,5,5,5,5,5
320081,1,1,1996,0,0,0,0,0,0,0,0,0,0
320081,2,1,1996,0,0,0,0,0,0,0,0,0,0
320082,1,1,1996,15,15,15,15,15,15,15,15,15,15
320083,1,1,1996,0,0,0,0,0,0,0,0,0,0
320083,2,1,1996,0,0,0,0,1,0,0,0,0,0
320084,1,1,1996,0,0,0,0,0,0,0,0,0,0
320085,1,1,1996,0,0,0,0,0,0,0,0,0,0
320086,1,1,1996,0,0,0,0,0,0,0,0,0,0
320087,1,1,1996,0,0,0,0,0,0,0,0,0,0
320088,0,1,1996,34,34,34,34,34,34,34,34,34,34
320088,1,1,1996,23,23,23,23,23,23,23,23,23,23
320089,1,1,1996,0,0,0,0,0,0,0,0,0,0
320090,1,1,1996,27,27,27,27,27,27,27,27,27,27
320090,2,1,1996,8,16,15,18,12,3,8,15,11,0
320091,0,1,1996,26,26,26,26,26,26,26,26,26,26
320091,1,1,1996,0,0,7,0,0,0,0,0,0,0
320092,1,1,1996,0,0,0,0,0,0,0,0,0,0
320092,2,1,1996,0,0,0,0,0,0,0,0,0,0
320093,1,1,1996,0,0,0,0,0,0,0,0,0,0
320094,1,1,1996,0,0,0,0,0,0,0,0,0,0
320095,1,1,1996,0,0,0,0,0,0,0,0,21,0
320095,2,1,1996,0,0,0,0,0,0,0,0,0,0
320096,1,1,1996,0,0,0,0,0,0,19,0,8,0
320097,1,1,1996,0,0,0,0,0,0,0,0,0,0
320097,2,1,1996,0,0,0,15,0,0,0,0,0,0
320098,0,1,1996,0,0,0,0,0,0,0,0,0,0
320098,1,1,1996,0,0,0,0,0,0,0,0,0,0
320099,0,1,1996,12,2,0,0,0,0,0,0,0,0
320099,1,1,1996,0,0,0,5,18,0,0,0,0,0
320100,1,1,1996,20,20,20,20,20,20,20,20,20,20
320100,2,1,1996,0,0,0,0,0,0,0,0,0,0
320101,1,1,1996,0,0,0,0,0,0,0,0,0,0
320102,1,1,1996,21,21,21,21,21,21,21,21,21,21
320103,1,1,1996,0,0,0,0,0,0,0,0,0,0
320103,2,1,1996,0,0,0,0,0,0,0,0,0,0
320104,1,1,1996,0,0,0,0,0,0,0,0,0,0
320105,1,1,1996,0,0,0,0,0,0,0,0,0,0
320105,2,1,1996,0,0,0,0,0,0,0,0,0,0
320106,1,1,1996,0,0,0,0,0,0,0,0,0,0
320106,2,1,1996,0,0,0,0,0,0,0,0,18,0
320107,1,1,1996,0,0,20,0,0,0,0,20,0,0
320107,2,1,1996,0,0,0,0,0,0,0,0,0,0
320108,1,1,1996,0,0,19,0,15,0,0,9,0,12
320109,1,1,1996,0,22,18,0,15,18,22,7,15,0
320110,1,1,1996,0,0,0,0,0,0,0,0,0,0
320110,2,1,1996,0,0,0,0,0,0,0,0,0,0
320110,3,1,1996,21,16,18,22,11,25,16,26,9,23
320111,1,1,1996,0,0,0,0,0,0,0,0,0,0
320112,1,1,1996,0,0,0,0,0,0,0,0,0,0
320112,2,1,1996,22,22,22,22,22,22,22,22,22,22
320113,1,1,1996,15,15,15,15,15,15,15,15,15,15
320113,2,1,1996,39,5,0,0,0,0,0,0,0,0
320113,3,1,1996,0,0,0,0,0,0,0,0,0,0
320114,1,1,1996,0,0,0,0,0,0,0,0,0,0
320114,2,1,1996,0,0,0,0,0,0,0,0,0,0
320115,0,1,1996,0,0,0,0,0,0,0,0,0,0
320115,1,1,1996,0,0,0,0,0,0,0,0,0,0
320116,1,1,1996,0,20,0,15,0,0,20,0,0,0
320116,2,1,1996,0,0,0,0,0,0,0,0,0,0
320116,3,1,1996,0,0,0,0,0,0,0,0,0,0
320117,0,1,1996,0,0,0,0,0,0,0,0,0,0
320117,1,1,1996,0,0,0,0,0,0,0,16,0,0
320118,0,1,1996,0,0,0,0,0,0,0,0,0,0
320118,1,1,1996,0,0,0,0,14,0,0,0,0,0
320119,1,1,1996,0,0,0,0,0,0,0,0,0,0
320119,2,1,1996,0,0,0,0,0,0,0,0,0,0
320120,1,1,1996,0,0,0,0,0,0,0,0,0,0
320120,2,1,1996,0,0,0,0,0,0,0,19,0,0
320121,0,1,1996,26,5,36,0,10,31,17,12,17,20
320121,1,1,1996,0,15,0,0,2,3,0,0,2,0
320122,0,1,1996,4,4,4,4,4,4,4,4,4,4
320122,1,1,1996,9,9,9,9,9,9,9,9,9,9
320123,1,1,1996,0,0,0,0,0,0,0,0,0,0
320123,2,1,1996,0,0,0,0,0,0,0,11,0,0
320123,3,1,1996,0,0,0,0,0,0,0,0,0,0
320124,1,1,1996,31,31,31,31,31,31,31,31,31,31
320125,1,1,1996,0,0,0,0,0,0,0,0,0,0
320125,2,1,1996,0,0,0,0,0,0,0,0,0,0
320126,1,1,1996,0,0,0,0,0,0,0,0,0,0
320126,2,1,1996,0,0,0,0,0,0,0,0,0,0
320127,1,1,1996,0,0,0,0,0,0,0,0,0,0
320129,1,1,1996,0,0,0,0,18,0,0,0,0,0
320129,2,1,1996,0,0,0,0,0,0,0,0,0,0
320129,3,1,1996,0,0,0,0,5,0,0,0,0,0
320130,1,1,1996,0,0,0,0,0,0,0,0,0,0
320130,2,1,1996,0,0,0,0,0,0,0,0,0,0
320131,1,1,1996,0,0,0,0,0,0,0,0,0,0
320131,2,1,1996,0,0,0,0,0,0,0,0,0,0
320132,1,1,1996,0,0,0,16,9,0,9,0,0,0
320133,1,1,1996,0,0,0,0,3,0,0,0,0,0
320134,1,1,1996,21,21,21,21,21,21,21,21,21,21
320135,1,1,1996,0,0,0,0,0,0,0,0,0,0
320135,2,1,1996,0,0,0,0,0,0,0,0,0,0
320136,0,1,1996,0,0,0,0,0,0,0,0,0,0
320136,1,1,1996,0,0,0,0,0,0,0,0,0,0
320137,1,1,1996,0,0,0,0,0,0,0,0,0,0
320138,1,1,1996,0,0,0,0,0,0,0,0,0,0
320138,2,1,1996,0,0,0,0,0,0,0,0,0,0
320139,1,1,1996,0,0,0,0,0,0,0,0,0,0
320140,0,1,1996,0,0,0,0,0,0,0,0,0,0
320140,1,1,1996,0,0,0,0,0,0,0,0,0,0
320141,1,1,1996,26,26,26,26,26,26,26,26,26,26
320141,2,1,1996,0,0,0,0,0,0,0,0,0,0
320142,1,1,1996,25,25,25,25,25,25,25,25,25,25
320143,1,1,1996,0,0,0,0,0,0,0,0,0,0
320143,2,1,1996,0,0,0,0,0,0,0,0,0,0
320144,1,1,1996,10,10,10,10,10,10,10,10,10,10
320145,0,1,1996,0,0,0,0,0,0,0,0,0,0
320145,1,1,1996,0,0,0,0,0,0,0,0,0,0
320146,1,1,1996,21,21,21,21,21,21,21,21,21,21
320147,1,1,1996,33,33,33,33,33,33,33,33,33,33
320148,1,1,1996,0,0,0,0,0,0,0,0,0,0
320149,1,1,1996,0,0,0,0,0,0,0,0,0,0
320150,1,1,1996,11,11,11,11,11,11,11,11,11,11
320150,2,1,1996,10,10,5,13,5,5,13,14,19,22
320151,1,1,1996,19,19,19,19,19,19,19,19,19,19
320152,0,1,1996,37,37,37,37,37,37,37,37,37,37
320152,1,1,1996,9,8,0,0,0,0,0,0,15,28
320153,0,1,1996,0,0,0,20,0,0,0,0,0,15
320153,1,1,1996,4,4,4,4,4,4,4,4,4,4
320154,0,1,1996,0,0,0,0,10,0,0,0,0,0
320154,1,1,1996,16,16,16,16,16,16,16,16,16,16
320155,1,1,1996,14,14,14,14,14,14,14,14,14,14
320156,1,1,1996,16,16,16,16,16,16,16,16,16,16
320156,2,1,1996,0,0,0,0,0,0,0,0,0,0
320157,0,1,1996,24,24,24,24,24,24,24,24,24,24
320157,1,1,1996,7,17,28,13,21,11,12,15,25,9
320158,1,1,1996,0,0,0,0,0,0,0,0,0,0
320158,2,1,1996,0,0,0,0,0,0,0,0,0,0
320158,3,1,1996,0,0,0,0,0,0,0,0,0,0
320159,1,1,1996,0,0,0,0,0,0,0,0,0,0
320160,0,1,1996,25,25,25,25,25,25,25,25,25,25
320160,1,1,1996,3,3,3,3,3,3,3,3,3,3
320161,1,1,1996,0,0,0,0,0,0,0,0,0,0
320162,1,1,1996,0,0,0,0,0,0,0,0,0,0
320162,2,1,1996,0,0,0,0,0,0,0,0,0,0
320163,1,1,1996,0,0,0,0,0,0,0,0,0,0
320164,1,1,1996,18,0,0,0,0,0,0,0,0,0
320164,2,1,1996,0,0,0,0,0,0,0,0,0,0
320165,1,1,1996,5,0,0,0,0,0,0,0,0,0
320166,0,1,1996,17,17,17,17,17,17,17,17,17,17
320166,1,1,1996,0,0,0,9,0,0,13,4,0,0
320167,1,1,1996,0,0,0,0,0,0,0,0,0,0
320168,1,1,1996,0,0,0,0,0,0,0,0,0,0
320169,1,1,1996,0,0,0,0,12,0,0,0,0,0
320170,0,1,1996,29,16,18,29,6,20,21,28,28,22
320170,1,1,1996,9,0,0,0,0,0,0,0,0,0
320171,1,1,1996,0,0,0,0,0,0,0,0,0,0
320171,2,1,1996,13,0,0,0,0,0,0,5,0,5
320172,1,1,1996,12,25,0,0,22,14,8,19,0,0
320173,1,1,1996,0,0,0,0,0,0,0,0,0,0
320174,1,1,1996,0,0,0,0,0,0,0,0,0,0
320174,2,1,1996,0,0,0,0,11,0,0,0,0,0
320174,3,1,1996,0,0,0,0,0,0,0,0,0,0
320175,0,1,1996,0,0,27,0,0,19,0,5,0,0
320175,1,1,1996,0,0,0,0,0,0,0,0,0,0
320175,2,1,1996,0,0,0,0,0,0,0,0,0,0
320176,1,1,1996,0,0,0,0,0,0,0,0,0,0
320177,0,1,1996,0,0,0,0,0,0,0,0,0,0
320177,1,1,1996,0,0,0,0,0,0,0,0,0,0
320177,2,1,1996,0,0,0,0,0,0,0,0,0,0
320178,0,1,1996,0,0,0,0,0,0,0,0,0,0
320178,1,1,1996,13,13,13,13,13,13,13,13,13,13
320178,2,1,1996,9,0,0,0,0,0,8,0,0,0
320179,1,1,1996,4,4,4,4,4,4,4,4,4,4
320179,2,1,1996,0,0,0,0,0,0,0,0,0,0
320180,0,1,1996,0,8,0,0,3,25,8,0,0,33
320180,1,1,1996,0,0,0,0,17,0,0,0,12,0
320181,1,1,1996,0,0,0,0,0,0,0,0,0,0
320182,1,1,1996,0,0,0,0,0,0,0,0,0,0
320182,2,1,1996,1,1,1,1,1,1,1,1,1,1
320183,1,1,1996,0,0,0,0,0,21,0,0,0,0
320184,1,1,1996,0,0,0,0,0,0,0,0,0,0
320184,2,1,1996,12,0,0,6,10,0,0,0,34,0
320185,0,1,1996,24,24,24,24,24,24,24,24,24,24
320185,1,1,1996,14,14,14,14,14,14,14,14,14,14
320186,1,1,1996,21,21,21,21,21,21,21,21,21,21
320187,1,1,1996,1,1,1,1,1,1,1,1,1,1
320188,1,1,1996,0,0,0,0,0,0,0,0,0,0
320188,2,1,1996,0,0,0,0,0,0,0,0,0,0
320189,1,1,1996,0,0,0,0,0,0,0,0,0,0
320190,1,1,1996,15,15,15,15,15,15,15,15,15,15
320191,1,1,1996,0,0,0,15,0,0,0,0,13,13
320192,1,1,1996,0,0,0,0,0,0,0,0,0,0
320192,2,1,1996,0,0,0,0,0,0,0,0,0,0
320193,1,1,1996,18,18,18,18,18,18,18,18,18,18
320193,2,1,1996,0,0,0,0,0,0,0,0,0,0
320194,1,1,1996,0,0,0,0,0,0,0,0,0,0
320194,2,1,1996,4,0,0,0,0,0,0,0,0,0
320195,0,1,1996,0,0,0,0,0,0,0,0,0,0
320195,0,2,1996,0,0,0,0,0,0,0,0,0,0
320195,0,3,1996,0,0,22,20,11,12,8,0,0,8
320195,0,4,1996,0,0,0,0,0,0,0,0,0,0
320195,0,5,1996,0,0,0,0,0,0,0,0,0,0
320195,0,6,1996,0,0,0,0,0,0,0,0,0,0
320195,0,7,1996,0,0,0,0,0,0,0,0,0,0
320195,1,1,1996,0,0,0,0,0,0,0,0,0,0
320196,0,1,1996,0,6,0,0,0,0,0,0,0,0
320196,1,1,1996,0,0,0,0,0,0,0,0,0,0
320197,1,1,1996,0,0,15,38,0,24,21,0,0,13
320198,0,1,1996,0,0,0,0,0,0,0,0,0,0
320198,1,1,1996,0,0,0,0,0,0,0,0,0,0
320199,1,1,1996,0,0,0,0,0,0,0,0,0,0