ST_CASE,VEH_NO,PER_NO,YEAR,P1,P2,P3,P4,P5,P6,P7,P8,P9,P10
320200,0,1,1996,22,20,0,0,0,0,18,27,0,0
320200,1,1,1996,0,0,0,0,0,0,4,0,0,0
320201,1,1,1996,11,0,0,0,0,35,31,0,0,6
320202,1,1,1996,0,0,0,0,0,0,0,3,0,13
320202,2,1,1996,0,0,0,0,0,0,0,0,0,0
320203,0,1,1996,0,0,0,0,0,0,0,0,0,0
320203,1,1,1996,16,0,0,0,0,0,0,0,0,0
320204,1,1,1996,7,0,0,3,0,0,0,0,22,0
320205,1,1,1996,19,17,23,18,11,6,7,12,23,18
320205,2,1,1996,0,0,0,0,0,0,0,0,0,0
320206,1,1,1996,0,0,0,0,0,0,0,0,0,0
320206,2,1,1996,0,0,0,0,0,0,0,0,0,0
320207,1,1,1996,23,20,15,14,25,13,10,6,29,6
320208,1,1,1996,14,14,14,14,14,14,14,14,14,14
320209,0,1,1996,0,0,0,0,0,0,0,0,0,0
320209,1,1,1996,0,21,0,11,13,0,0,0,0,0
320210,1,1,1996,0,0,0,0,0,0,0,0,0,0
320210,2,1,1996,0,0,0,0,0,0,0,0,0,0
320211,1,1,1996,17,17,17,17,17,17,17,17,17,17
320212,1,1,1996,0,0,0,0,0,0,0,0,0,0
320212,2,1,1996,0,0,0,0,0,0,0,0,0,0
320213,0,1,1996,29,29,29,29,29,29,29,29,29,29
320213,1,1,1996,13,13,13,13,13,13,13,13,13,13
320214,0,1,1996,0,0,0,0,0,0,0,0,0,0
320214,1,1,1996,33,33,33,33,33,33,33,33,33,33
320215,1,1,1996,10,10,10,10,10,10,10,10,10,10
320216,1,1,1996,15,15,15,15,15,15,15,15,15,15
320217,1,1,1996,18,18,18,18,18,18,18,18,18,18
320218,1,1,1996,14,0,0,32,24,33,36,16,6,22
320219,1,1,1996,0,0,0,0,0,0,0,0,0,0
320220,0,1,1996,25,0,3,31,0,0,21,26,24,11
320220,1,1,1996,0,0,0,0,0,0,0,0,0,0
320221,1,1,1996,0,0,0,0,0,0,0,0,6,0
320222,1,1,1996,29,29,29,29,29,29,29,29,29,29
320223,1,1,1996,0,0,0,0,0,0,0,0,0,0
320223,2,1,1996,0,0,0,0,0,0,0,0,0,0
320224,1,1,1996,0,0,0,0,0,0,0,0,0,0
320224,2,1,1996,0,0,0,0,0,0,0,0,0,0
320224,3,1,1996,4,0,0,0,0,0,0,0,0,0
320225,0,1,1996,0,0,15,0,0,0,0,0,0,0
320225,1,1,1996,0,17,0,0,0,0,0,18,0,0
320226,1,1,1996,0,0,0,0,15,0,0,0,21,0
320226,2,1,1996,8,8,8,8,8,8,8,8,8,8
320227,0,1,1996,11,11,11,11,11,11,11,11,11,11
320227,1,1,1996,0,0,0,0,0,0,0,0,0,0
320228,0,1,1996,0,0,0,0,0,0,0,0,0,0
320228,0,2,1996,0,0,0,0,0,0,0,0,0,0
320228,1,1,1996,0,27,10,12,0,18,20,27,11,12
320229,1,1,1996,18,18,18,18,18,18,18,18,18,18
320229,2,1,1996,0,0,0,0,0,0,6,0,0,0
320230,1,1,1996,0,0,0,0,0,0,0,0,0,0
320230,2,1,1996,0,0,0,0,0,0,14,0,0,0
320231,1,1,1996,0,0,0,0,0,0,0,0,0,0
320232,1,1,1996,0,8,21,8,12,3,0,0,10,2
320233,1,1,1996,18,18,18,18,18,18,18,18,18,18
320234,0,1,1996,0,0,0,0,0,0,0,0,0,0
320234,1,1,1996,0,0,0,0,0,0,0,0,0,0
320235,1,1,1996,0,0,0,0,0,0,0,0,0,0
320235,2,1,1996,0,0,0,0,0,0,0,0,0,0
320235,3,1,1996,0,0,0,0,0,0,0,0,0,0
320236,1,1,1996,0,0,0,0,0,0,0,0,0,0
320237,1,1,1996,5,5,5,5,5,5,5,5,5,5
320238,1,1,1996,0,0,0,0,0,0,0,0,0,0
320239,1,1,1996,0,0,0,0,0,0,0,0,0,0
320239,2,1,1996,0,0,0,0,0,0,0,0,0,0
320240,0,1,1996,23,23,23,23,23,23,23,23,23,23
320240,0,2,1996,26,0,0,0,9,33,0,0,23,0
320240,1,1,1996,0,12,7,0,10,13,0,0,0,11
320241,1,1,1996,12,12,12,12,12,12,12,12,12,12
320242,1,1,1996,15,15,15,15,15,15,15,15,15,15
320243,1,1,1996,24,24,24,24,24,24,24,24,24,24
320244,1,1,1996,14,23,27,0,21,31,27,15,11,11
320244,2,1,1996,0,0,0,0,0,0,0,0,0,0
320245,1,1,1996,0,0,0,0,0,0,0,0,0,0
320246,1,1,1996,0,0,0,0,0,0,0,0,0,0
320247,1,1,1996,10,10,10,10,10,10,10,10,10,10
320247,2,1,1996,0,0,5,0,20,19,16,20,0,0
320248,1,1,1996,30,30,30,30,30,30,30,30,30,30
320248,2,1,1996,0,0,0,0,0,0,0,0,0,0
320249,1,1,1996,14,22,19,11,0,0,4,0,29,0
320250,0,1,1996,0,0,0,0,0,0,0,0,0,0
320250,1,1,1996,0,11,0,20,18,0,10,0,8,23
320251,0,1,1996,29,29,29,29,29,29,29,29,29,29
320251,1,1,1996,0,0,0,0,0,0,0,0,0,0
320252,1,1,1996,4,4,4,4,4,4,4,4,4,4
320252,2,1,1996,0,0,8,0,0,0,0,0,12,0
320253,1,1,1996,4,0,19,0,17,25,0,27,13,7
320254,1,1,1996,0,0,0,0,0,0,0,0,0,0
320255,1,1,1996,0,0,0,0,0,0,0,0,0,0
320255,2,1,1996,0,0,0,0,0,0,0,0,0,0
320256,1,1,1996,0,0,0,0,0,0,0,0,0,0
320257,0,1,1996,0,0,0,0,0,0,0,0,0,0
320257,0,2,1996,0,0,0,0,0,0,0,0,0,0
320257,1,1,1996,0,0,0,0,0,0,0,0,0,0
320258,1,1,1996,19,19,19,19,19,19,19,19,19,19
320258,2,1,1996,0,0,0,0,0,18,0,0,0,0
320259,0,1,1996,0,0,0,0,11,0,0,0,0,0
320259,1,1,1996,0,0,0,0,0,0,0,0,0,10
320260,1,1,1996,5,5,5,5,5,5,5,5,5,5
320261,0,1,1996,28,28,28,28,28,28,28,28,28,28
320261,1,1,1996,0,0,0,0,0,0,0,0,0,0
320262,1,1,1996,0,0,0,0,0,0,0,0,0,37
320263,1,1,1996,28,28,28,28,28,28,28,28,28,28
320264,1,1,1996,0,0,0,0,0,0,0,0,0,0
320264,2,1,1996,0,0,0,0,0,0,0,0,0,0
320265,1,1,1996,6,6,6,6,6,6,6,6,6,6
320266,1,1,1996,36,17,0,0,0,23,18,0,0,0
320267,1,1,1996,0,0,0,0,0,0,0,0,0,0
320268,1,1,1996,0,0,0,0,0,0,0,0,0,0
320268,2,1,1996,0,0,0,0,0,0,0,0,0,0
320269,1,1,1996,22,22,22,22,22,22,22,22,22,22
320270,1,1,1996,3,3,3,3,3,3,3,3,3,3
320271,1,1,1996,11,11,11,11,11,11,11,11,11,11
320272,1,1,1996,0,0,0,0,0,0,0,0,0,0
320272,2,1,1996,0,0,0,0,0,0,0,0,0,0
320273,1,1,1996,13,23,19,8,14,21,16,7,15,18
320273,2,1,1996,0,0,0,0,0,0,0,0,0,0
320274,1,1,1996,21,21,21,21,21,21,21,21,21,21
320275,1,1,1996,15,15,15,15,15,15,15,15,15,15
320275,2,1,1996,0,0,0,0,0,0,0,0,0,0
320276,1,1,1996,18,18,18,18,18,18,18,18,18,18
320277,0,1,1996,14,14,14,14,14,14,14,14,14,14
320277,1,1,1996,0,0,0,0,0,0,0,0,0,0
320278,1,1,1996,25,25,25,25,25,25,25,25,25,25
320279,1,1,1996,0,0,0,0,0,0,0,0,0,0
320280,1,1,1996,21,0,0,0,0,27,0,0,0,0
320281,1,1,1996,0,0,0,0,0,0,0,0,0,0
320281,2,1,1996,0,0,0,0,0,0,0,0,0,0
320282,1,1,1996,22,22,22,22,22,22,22,22,22,22
320283,0,1,1996,0,0,0,0,0,0,0,0,0,0
320283,1,1,1996,0,0,0,0,0,0,0,0,0,0
320284,0,1,1996,24,24,24,24,24,24,24,24,24,24
320284,1,1,1996,0,0,0,0,0,0,0,0,0,0
320285,1,1,1996,21,21,21,21,21,21,21,21,21,21
320286,0,1,1996,22,22,22,22,22,22,22,22,22,22
320286,1,1,1996,0,0,0,0,0,0,12,0,0,13
320287,1,1,1996,4,0,0,0,0,0,0,0,0,0
320288,1,1,1996,4,4,4,4,4,4,4,4,4,4
320288,2,1,1996,0,0,0,0,0,0,0,0,0,0
320289,1,1,1996,0,0,0,0,0,0,0,0,0,0
320289,2,1,1996,0,0,0,0,0,0,0,0,0,0
320290,0,1,1996,0,0,0,0,0,0,0,0,0,0
320290,0,2,1996,0,0,0,0,12,0,0,16,0,0
320290,1,1,1996,0,0,0,0,0,0,0,0,0,0
320291,1,1,1996,21,21,21,21,21,21,21,21,21,21
320292,0,1,1996,0,0,0,0,0,0,0,0,0,0
320292,1,1,1996,0,6,0,0,0,0,0,0,0,0
320293,0,1,1996,0,0,0,0,0,0,0,0,0,0
320293,1,1,1996,0,0,0,0,0,0,0,0,0,0
320294,0,1,1996,0,0,0,0,0,0,0,0,0,0
320294,1,1,1996,18,0,0,0,0,0,0,0,0,0
320295,1,1,1996,0,0,0,0,0,0,0,0,0,0
320295,2,1,1996,0,0,0,0,0,0,0,0,0,0
320296,1,1,1996,0,0,0,0,19,0,0,0,0,0
320296,2,1,1996,0,0,0,0,0,0,0,0,0,0
320297,1,1,1996,0,0,0,0,0,12,0,0,0,9
320297,2,1,1996,0,0,0,0,0,0,0,0,0,0
320298,1,1,1996,0,0,16,0,0,0,0,0,0,0
320299,1,1,1996,0,0,0,0,0,0,0,0,0,0
320300,1,1,1996,3,3,3,3,3,3,3,3,3,3
320300,2,1,1996,0,0,0,0,0,0,0,0,0,0
320301,1,1,1996,0,0,0,0,0,0,0,0,0,0
320301,2,1,1996,0,0,0,0,0,0,0,0,0,0
320302,0,1,1996,0,0,0,0,0,0,0,0,0,0
320302,1,1,1996,0,0,0,0,0,0,0,0,0,0
320303,0,1,1996,7,7,7,7,7,7,7,7,7,7
320303,1,1,1996,0,0,0,0,7,0,33,0,0,0
320303,2,1,1996,0,0,0,0,0,0,0,0,0,0
320304,1,1,1996,8,8,8,8,8,8,8,8,8,8
320304,2,1,1996,0,0,0,0,0,0,0,0,0,0
320305,1,1,1996,0,0,0,0,0,0,0,0,0,0
320306,0,1,1996,0,0,0,0,0,0,0,0,0,0
320306,1,1,1996,0,0,0,0,0,0,0,0,0,0
320307,1,1,1996,21,21,21,21,21,21,21,21,21,21
320307,2,1,1996,12,0,0,0,0,0,0,0,0,0
320308,1,1,1996,20,20,20,20,20,20,20,20,20,20
320308,2,1,1996,0,0,0,0,0,0,0,0,0,0
320309,1,1,1996,12,12,12,12,12,12,12,12,12,12
320309,2,1,1996,0,0,0,0,0,0,0,0,0,0
320310,1,1,1996,0,12,0,0,0,0,6,0,0,0
320310,2,1,1996,16,16,16,16,16,16,16,16,16,16
320311,1,1,1996,28,28,28,28,28,28,28,28,28,28
320311,2,1,1996,0,0,0,0,0,0,0,0,0,0
320311,3,1,1996,0,0,0,0,0,0,0,0,0,0
320312,0,1,1996,20,0,0,0,0,18,0,0,0,10
320312,0,2,1996,0,0,0,0,0,0,0,0,0,0
320312,1,1,1996,0,0,0,0,0,6,0,0,0,0
320313,1,1,1996,26,26,26,26,26,26,26,26,26,26
320314,1,1,1996,16,36,11,12,28,6,0,0,22,18
320315,1,1,1996,0,0,0,0,0,0,0,0,0,0
320315,2,1,1996,0,0,0,0,0,0,0,0,19,0
320316,1,1,1996,0,8,0,0,0,0,0,0,0,0
320316,2,1,1996,0,32,15,0,0,0,25,0,0,0
330001,1,1,1996,12,12,12,12,12,12,12,12,12,12
330002,0,1,1996,0,0,0,0,0,0,0,0,0,0
330002,1,1,1996,0,0,0,0,0,0,0,0,0,0
330003,1,1,1996,25,25,25,25,25,25,25,25,25,25
330004,1,1,1996,0,0,0,0,0,0,0,0,0,0
330004,2,1,1996,0,0,0,0,0,0,0,0,0,0
330005,0,1,1996,12,18,18,26,2,14,5,13,31,0
330005,1,1,1996,25,25,25,25,25,25,25,25,25,25
330006,0,1,1996,0,0,0,0,0,0,0,0,0,0
330006,1,1,1996,0,0,0,0,0,0,0,0,0,0
330007,1,1,1996,0,0,0,0,0,0,0,0,0,0
330007,2,1,1996,0,0,0,0,0,0,0,0,0,0
330008,0,1,1996,0,0,0,0,0,0,0,0,0,0
330008,1,1,1996,0,0,0,0,0,0,0,0,0,0
330009,1,1,1996,0,0,0,0,0,0,0,0,0,0
330010,1,1,1996,0,0,0,0,0,0,0,0,0,0
330011,0,1,1996,32,32,32,32,32,32,32,32,32,32
330011,1,1,1996,0,0,0,0,0,0,0,0,0,0
330012,1,1,1996,0,0,0,0,0,0,0,0,0,0
330013,1,1,1996,0,0,0,0,0,0,0,0,0,0
330014,1,1,1996,0,0,0,0,0,0,0,0,0,0
330014,2,1,1996,0,0,0,0,0,0,0,0,0,0
330015,1,1,1996,0,0,0,0,0,0,0,0,0,0
330015,2,1,1996,0,0,0,0,0,0,0,0,0,0
330016,1,1,1996,1,1,1,1,1,1,1,1,1,1
330017,1,1,1996,0,0,0,0,0,0,0,0,0,0
330018,1,1,1996,8,8,8,8,8,8,8,8,8,8
330018,2,1,1996,0,0,0,18,0,10,0,0,0,0
330019,0,1,1996,29,29,29,29,29,29,29,29,29,29
330019,1,1,1996,0,0,0,0,0,0,0,0,0,0
330020,1,1,1996,0,0,0,0,0,0,0,0,0,0
330020,2,1,1996,0,0,0,0,0,0,0,0,0,0
330021,1,1,1996,0,0,0,0,0,0,0,0,0,0
330023,1,1,1996,0,0,0,0,0,0,0,0,0,0
330023,2,1,1996,0,0,0,0,0,0,0,0,0,0
330024,0,1,1996,12,0,0,0,0,0,0,22,0,0
330024,1,1,1996,0,0,0,0,0,0,0,0,0,0
330025,1,1,1996,0,0,0,0,0,0,0,0,0,0
330026,1,1,1996,9,9,9,9,9,9,9,9,9,9
330027,1,1,1996,0,0,0,0,0,0,0,0,0,0
330028,1,1,1996,0,0,0,0,0,0,0,0,0,0
330028,2,1,1996,0,0,0,0,0,0,0,0,0,0
330029,1,1,1996,0,0,0,0,0,0,0,0,0,0
330030,1,1,1996,0,0,0,0,0,0,0,0,0,0
330030,2,1,1996,0,0,0,0,0,0,0,0,0,0
330031,1,1,1996,26,26,26,26,26,26,26,26,26,26
330032,1,1,1996,0,0,0,0,0,0,0,0,0,0
330033,1,1,1996,19,19,19,19,19,19,19,19,19,19
330034,1,1,1996,0,11,0,7,0,6,14,0,8,8
330035,1,1,1996,0,0,0,0,0,0,0,0,0,0
330035,2,1,1996,0,0,0,0,0,0,0,0,0,0
330037,1,1,1996,14,14,14,14,14,14,14,14,14,14
330038,1,1,1996,0,0,0,0,0,0,0,0,0,0
330038,2,1,1996,0,0,23,0,0,0,0,15,0,21
330039,1,1,1996,0,0,0,0,0,0,0,0,0,0
330039,2,1,1996,0,0,0,0,0,0,0,0,0,0
330039,3,1,1996,0,0,0,0,0,0,0,0,0,0
330040,1,1,1996,18,6,16,18,20,0,19,0,12,12
330041,1,1,1996,0,0,0,0,0,0,0,0,0,0
330042,1,1,1996,0,0,0,0,0,0,0,0,0,0
330042,2,1,1996,0,0,0,0,0,0,0,0,0,0
330042,3,1,1996,0,0,11,0,0,0,0,0,0,0
330042,4,1,1996,0,0,0,0,0,0,0,0,0,0
330043,0,1,1996,0,0,0,0,0,0,0,0,0,0
330043,1,1,1996,0,0,0,0,0,0,0,0,0,0
330044,1,1,1996,0,0,0,0,0,0,0,0,0,0
330044,2,1,1996,0,0,0,0,0,0,0,0,0,0
330045,0,1,1996,0,0,0,0,0,0,0,0,0,0
330045,1,1,1996,0,0,0,0,0,0,0,0,0,0
330046,0,1,1996,0,0,0,0,0,0,0,0,0,0
330046,1,1,1996,0,0,0,0,0,0,0,0,0,0
330047,1,1,1996,0,0,0,0,0,0,0,0,0,0
330049,1,1,1996,6,6,6,6,6,6,6,6,6,6
330050,1,1,1996,9,9,9,9,9,9,9,9,9,9
330050,2,1,1996,5,5,5,5,5,5,5,5,5,5
330050,3,1,1996,15,0,0,8,12,14,0,0,0,0
330050,4,1,1996,0,10,4,9,0,7,5,15,12,24
330051,1,1,1996,21,21,21,21,21,21,21,21,21,21
330052,1,1,1996,0,0,0,0,0,0,0,0,0,0
330052,2,1,1996,0,0,0,0,0,0,0,0,0,0
330052,3,1,1996,0,0,0,0,0,0,0,0,0,0
330053,1,1,1996,0,0,0,0,0,0,0,0,0,0
330053,2,1,1996,0,0,0,0,0,0,0,0,0,0
330054,1,1,1996,26,26,26,26,26,26,26,26,26,26
330055,1,1,1996,0,0,0,0,0,0,0,0,0,0
330055,2,1,1996,0,0,0,0,0,0,0,0,0,0
330056,1,1,1996,17,17,17,17,17,17,17,17,17,17
330057,1,1,1996,0,0,0,0,0,0,0,0,0,8
330057,2,1,1996,0,0,0,0,0,0,0,0,0,0
330058,1,2,1996,0,0,0,0,0,0,0,0,0,0
330058,2,1,1996,0,0,0,0,0,0,0,0,0,0
330059,1,1,1996,0,0,0,0,0,0,0,0,0,0
330059,2,1,1996,0,0,0,0,0,0,0,0,0,0
330060,1,1,1996,4,24,18,19,5,32,4,11,10,7
330061,1,1,1996,0,0,0,0,39,0,2,0,0,0
330062,1,1,1996,0,0,0,14,0,0,0,0,0,0
330062,2,1,1996,0,0,0,0,0,0,0,0,0,0
330062,3,1,1996,0,0,0,0,9,39,20,8,0,0
330063,1,1,1996,0,0,19,0,0,0,0,0,0,0
330063,2,1,1996,0,0,0,0,0,0,0,0,0,0
330064,1,1,1996,0,0,0,0,0,0,0,0,0,0
330064,2,1,1996,0,0,0,0,0,0,0,0,0,0
330065,1,1,1996,0,0,0,0,0,0,0,0,0,0
330066,0,1,1996,0,0,0,0,0,0,0,0,0,0
330066,1,1,1996,0,0,0,0,0,0,0,0,0,0
330067,1,1,1996,0,0,0,0,0,0,0,0,0,0
330069,1,1,1996,9,19,18,24,10,14,17,16,15,18
330069,2,1,1996,0,0,0,10,0,9,15,15,0,0
330070,1,1,1996,0,0,0,0,0,0,0,0,0,0
330070,2,1,1996,0,0,0,0,0,0,0,0,0,0
330071,1,1,1996,0,0,0,0,0,0,0,0,0,0
330071,2,1,1996,10,10,10,10,10,10,10,10,10,10
330072,1,1,1996,19,19,19,19,19,19,19,19,19,19
330073,1,1,1996,0,0,0,0,0,0,0,0,0,0
330073,2,1,1996,0,0,0,0,0,0,0,0,0,0
330074,1,1,1996,0,0,0,0,0,0,0,0,0,0
330074,2,1,1996,15,15,15,15,15,15,15,15,15,15
330075,1,1,1996,0,0,0,0,0,0,0,0,0,0
330075,2,1,1996,0,0,0,0,0,0,0,0,0,0
330076,1,1,1996,17,17,17,17,17,17,17,17,17,17
330077,1,1,1996,10,10,10,10,10,10,10,10,10,10
330078,1,1,1996,0,11,0,0,0,6,0,0,0,3
330078,2,1,1996,0,0,0,0,15,0,20,10,13,11
330079,1,1,1996,0,0,0,0,0,0,0,0,0,0
330079,2,1,1996,0,0,0,0,0,0,0,0,0,0
330080,1,1,1996,0,0,0,0,0,0,0,0,0,0
330080,2,1,1996,0,0,0,0,0,0,0,0,0,0
330081,1,1,1996,0,0,0,0,0,0,0,0,0,0
330081,2,1,1996,0,0,0,0,0,0,0,0,0,0
330081,3,1,1996,0,0,0,0,0,0,0,0,0,0
330082,1,1,1996,0,0,0,0,0,0,0,0,0,0
330082,2,1,1996,16,0,0,0,0,0,0,0,0,12
330083,1,1,1996,18,18,18,18,18,18,18,18,18,18
330085,1,1,1996,0,0,0,0,0,0,0,0,0,0
330086,1,1,1996,0,0,0,0,0,0,0,0,0,0
330087,1,1,1996,0,0,0,0,0,0,0,0,0,0
330087,2,1,1996,0,0,0,0,0,0,0,0,0,0
330088,1,1,1996,0,0,0,0,0,14,0,0,0,0
330089,1,1,1996,0,0,0,0,0,0,0,0,0,0
330089,2,1,1996,0,0,0,0,0,0,0,0,0,0
330090,1,1,1996,0,0,0,0,0,0,0,0,0,0
330090,2,1,1996,0,0,0,0,0,0,0,0,0,0
330091,1,1,1996,14,14,14,14,14,14,14,14,14,14
330093,1,1,1996,0,0,0,0,0,0,0,0,0,0
330093,2,1,1996,0,0,0,0,0,0,0,0,0,0
330094,1,1,1996,15,15,15,15,15,15,15,15,15,15
330095,1,1,1996,33,33,33,33,33,33,33,33,33,33
330096,0,1,1996,0,0,0,16,0,0,0,0,0,0
330096,1,1,1996,0,0,0,0,0,0,0,0,0,0
330097,1,1,1996,15,15,15,15,15,15,15,15,15,15
330098,1,1,1996,27,16,0,21,10,0,30,7,21,0
330099,1,1,1996,0,0,0,0,0,0,0,0,0,0
330099,2,1,1996,0,0,0,0,0,0,0,0,0,0
330099,3,1,1996,0,7,23,4,0,0,0,0,0,0
330100,0,1,1996,4,4,4,4,4,4,4,4,4,4
330100,0,2,1996,0,17,0,0,13,33,19,22,13,0
330100,1,1,1996,0,0,0,0,0,0,0,0,0,0
330101,1,1,1996,24,24,24,24,24,24,24,24,24,24
330103,1,1,1996,0,0,0,0,0,0,0,0,0,0
330103,2,1,1996,0,0,0,0,0,0,0,0,0,0
330104,1,1,1996,0,0,0,0,0,0,0,0,0,0
330104,2,1,1996,0,0,0,0,0,0,0,0,0,0
330105,1,1,1996,0,0,0,0,0,0,0,0,0,0
330106,1,1,1996,0,0,7,8,4,0,2,22,12,22
330106,2,1,1996,0,0,0,0,0,0,0,0,0,0
330107,1,1,1996,0,0,0,0,0,0,0,0,0,0
330107,2,1,1996,0,0,0,0,0,0,0,0,0,0
330108,1,1,1996,0,0,0,0,0,0,0,0,0,0
330108,2,1,1996,39,39,39,39,39,39,39,39,39,39
330109,1,1,1996,22,22,22,22,22,22,22,22,22,22
330110,1,1,1996,0,0,0,0,0,0,0,0,0,0
330110,2,1,1996,0,0,0,0,0,0,0,0,0,0
330111,0,1,1996,0,0,0,0,0,0,0,0,0,0
330111,1,1,1996,0,0,0,0,0,0,0,0,0,0
330112,1,1,1996,0,0,0,0,0,0,0,0,0,0
330112,2,1,1996,0,0,0,0,0,0,0,0,0,0
330113,1,1,1996,0,24,11,30,25,4,4,0,0,12
330114,1,1,1996,0,0,0,0,0,0,0,0,0,0
330114,2,1,1996,0,0,0,0,0,0,0,0,0,0
330115,1,1,1996,4,4,4,4,4,4,4,4,4,4
330116,0,1,1996,0,0,0,0,0,0,0,0,0,0
330116,1,1,1996,0,0,0,0,0,0,0,0,0,0
330117,1,1,1996,0,0,0,0,0,0,0,0,0,0
330118,1,1,1996,0,0,0,0,0,0,0,0,0,0
330118,2,1,1996,0,0,0,0,0,0,0,0,0,0
330119,1,4,1996,0,0,0,0,0,0,0,0,0,0
330120,1,1,1996,0,0,0,0,0,0,0,0,0,0
330121,1,1,1996,0,0,0,0,0,0,0,0,0,0
330122,1,1,1996,0,0,0,0,0,0,0,0,0,0
330122,2,1,1996,0,0,5,37,0,23,0,26,0,0
330123,1,1,1996,0,0,0,0,0,0,0,0,0,0
330123,2,1,1996,0,0,0,0,0,0,0,0,0,0
330124,1,1,1996,0,0,0,0,0,0,0,0,0,0
330124,2,1,1996,0,0,0,0,0,0,0,0,0,0
330125,0,1,1996,0,0,0,0,0,0,0,0,0,0
330125,1,1,1996,0,0,0,0,0,0,0,0,0,0
330126,1,1,1996,14,15,8,19,2,9,10,29,15,20
330126,2,1,1996,0,0,0,0,0,0,0,0,0,0
330127,0,1,1996,28,28,28,28,28,28,28,28,28,28
330127,1,1,1996,0,0,0,0,0,0,0,0,0,0
330128,0,1,1996,38,38,38,38,38,38,38,38,38,38
330128,1,1,1996,0,10,0,0,0,11,0,0,0,0
330129,0,1,1996,0,0,0,0,0,0,0,0,0,0
330129,1,1,1996,0,0,0,0,0,0,0,0,0,0
330130,1,1,1996,0,0,0,0,0,0,0,0,0,0
330130,2,1,1996,0,21,0,17,0,0,0,37,0,14
330132,1,1,1996,16,0,15,7,0,25,0,0,0,0
330132,2,1,1996,0,0,10,0,0,0,0,0,0,0
330132,3,1,1996,0,0,0,0,0,0,0,0,0,0
330133,0,1,1996,0,0,0,0,0,0,0,0,0,0
330133,0,2,1996,0,0,0,0,0,0,0,0,0,0
330133,1,1,1996,0,0,0,0,0,0,0,0,0,0
330133,2,1,1996,0,0,0,0,0,0,0,0,0,0
340001,0,1,1996,26,26,26,26,26,26,26,26,26,26
340001,1,1,1996,0,0,0,0,0,0,0,0,0,0
340001,2,1,1996,0,0,0,21,0,0,0,0,0,0
340002,0,1,1996,0,0,0,0,0,0,0,0,0,0
340002,1,1,1996,0,0,0,0,0,0,0,0,0,0
340003,1,1,1996,0,0,0,0,0,0,0,0,0,0
340004,1,1,1996,0,0,0,0,0,0,0,0,0,0
340004,2,1,1996,0,0,0,0,0,0,0,0,0,0
340005,1,1,1996,0,0,0,0,0,0,0,0,0,0
340005,2,1,1996,0,0,0,0,0,0,0,0,0,0
340006,1,1,1996,17,17,17,17,17,17,17,17,17,17
340007,0,1,1996,0,0,0,0,0,0,0,0,0,0
340007,1,1,1996,0,0,0,0,0,0,0,0,0,0
340008,0,1,1996,0,0,0,0,0,0,0,0,0,0
340008,1,1,1996,0,0,0,0,0,0,0,0,0,0
340008,2,1,1996,0,0,0,0,0,0,0,0,0,0
340009,1,1,1996,23,23,23,23,23,23,23,23,23,23
340010,1,1,1996,0,0,0,0,0,0,0,0,0,0
340012,0,1,1996,0,0,0,0,0,0,0,0,0,0
340012,1,1,1996,0,0,0,0,0,0,0,0,0,0
340013,1,1,1996,0,0,0,0,0,0,0,0,0,0
340014,1,1,1996,17,17,17,17,17,17,17,17,17,17
340014,2,1,1996,0,0,0,0,0,0,0,0,0,0
340015,0,1,1996,0,0,0,21,0,0,0,0,0,0
340015,1,1,1996,0,0,0,0,0,0,0,0,0,0
340016,1,1,1996,0,0,0,0,0,0,0,0,0,0
340016,2,1,1996,0,0,0,0,0,0,0,0,0,0
340017,0,1,1996,20,20,20,20,20,20,20,20,20,20
340017,1,1,1996,11,11,11,11,11,11,11,11,11,11
340018,1,1,1996,0,0,0,0,0,0,0,0,0,0
340018,2,1,1996,0,0,0,0,0,0,0,0,0,0
340019,1,1,1996,16,16,16,16,16,16,16,16,16,16
340020,1,1,1996,0,0,0,0,0,0,0,0,0,0
340021,0,1,1996,25,25,25,25,25,25,25,25,25,25
340021,1,1,1996,0,0,0,0,0,0,0,0,0,0
340022,0,1,1996,0,0,0,0,0,0,0,0,0,0
340022,1,1,1996,0,0,0,0,0,0,0,0,0,0
340023,1,1,1996,0,0,0,0,0,0,0,0,0,0
340023,2,1,1996,0,7,17,11,22,0,7,13,0,11
340024,1,1,1996,0,0,0,0,0,0,0,0,0,0
340024,2,1,1996,0,0,0,0,0,0,0,0,0,0
340025,0,1,1996,27,0,0,0,0,34,26,0,0,0
340025,1,1,1996,0,0,0,0,0,0,0,0,0,0
340026,1,1,1996,0,0,0,0,0,0,0,0,0,0
340026,2,1,1996,0,0,0,0,0,0,0,0,0,7
340027,1,1,1996,0,0,0,0,0,0,0,0,0,0
340027,2,1,1996,0,0,0,0,0,0,11,0,0,0
340028,1,1,1996,0,0,0,24,9,0,0,0,2,0
340029,1,1,1996,19,19,19,19,19,19,19,19,19,19
340030,0,1,1996,0,0,0,0,0,0,0,0,0,0
340030,1,1,1996,0,0,0,0,0,0,0,0,0,0
340031,0,1,1996,30,30,30,30,30,30,30,30,30,30