ST_CASE,VEH_NO,PER_NO,YEAR,P1,P2,P3,P4,P5,P6,P7,P8,P9,P10
340302,1,1,1996,0,5,0,0,0,0,14,0,0,0
340304,1,1,1996,5,0,8,0,0,0,0,0,18,18
340305,1,1,1996,6,6,6,6,6,6,6,6,6,6
340306,0,1,1996,14,14,14,14,14,14,14,14,14,14
340306,1,1,1996,0,0,0,0,0,0,0,0,0,0
340307,1,1,1996,0,0,0,0,0,0,0,0,0,0
340307,2,1,1996,0,0,0,0,0,0,0,0,0,0
340307,3,1,1996,0,0,0,0,0,0,0,0,0,0
340308,1,1,1996,0,0,0,0,0,0,0,0,0,0
340308,2,1,1996,0,0,0,0,0,0,0,0,0,0
340309,1,1,1996,0,0,0,0,0,0,0,0,0,0
340309,2,1,1996,0,0,0,0,0,0,0,0,0,0
340310,1,1,1996,1,1,1,1,1,1,1,1,1,1
340311,0,1,1996,0,0,0,0,0,0,0,0,0,0
340311,1,1,1996,0,0,0,0,0,0,0,0,0,0
340311,2,1,1996,0,0,0,0,0,0,0,0,0,0
340311,3,1,1996,0,0,0,0,0,0,0,0,0,0
340313,1,1,1996,0,0,0,0,0,0,0,0,0,0
340313,2,1,1996,0,0,0,0,0,0,0,0,0,0
340314,1,1,1996,6,6,6,6,6,6,6,6,6,6
340314,2,1,1996,0,0,0,0,0,0,0,0,21,0
340315,1,1,1996,0,0,0,0,0,0,0,0,0,0
340315,2,1,1996,0,0,0,0,0,0,0,0,0,0
340315,3,1,1996,0,0,0,0,0,0,0,0,0,0
340316,1,1,1996,0,0,0,0,0,0,0,0,0,0
340316,2,1,1996,0,0,0,0,0,0,0,0,0,0
340317,1,1,1996,0,0,0,0,0,0,0,0,0,0
340317,2,1,1996,0,0,0,0,23,23,0,0,0,0
340317,3,1,1996,0,0,0,0,0,0,0,0,0,0
340318,1,1,1996,13,13,13,13,13,13,13,13,13,13
340319,1,1,1996,0,15,24,0,35,0,0,0,33,0
340320,1,1,1996,0,0,0,0,0,0,0,0,0,0
340321,1,1,1996,8,8,8,8,8,8,8,8,8,8
340321,2,1,1996,0,0,0,0,0,0,0,0,0,0
340322,1,1,1996,0,0,0,0,0,0,0,0,0,0
340322,2,1,1996,0,0,0,0,0,0,0,0,0,0
340323,0,1,1996,11,11,11,11,11,11,11,11,11,11
340323,1,1,1996,0,0,0,0,0,0,0,0,0,0
340324,0,1,1996,0,0,0,0,0,0,30,0,2,0
340324,1,1,1996,0,0,0,0,0,0,0,0,0,13
340325,0,1,1996,32,32,32,32,32,32,32,32,32,32
340325,1,1,1996,0,3,0,0,0,0,0,0,0,0
340326,0,1,1996,18,0,0,0,0,0,0,0,0,0
340326,1,1,1996,0,10,0,12,0,0,0,0,0,0
340327,1,1,1996,0,0,14,0,0,0,0,0,0,0
340327,2,1,1996,0,0,0,0,4,10,0,0,0,10
340328,1,1,1996,3,3,3,3,3,3,3,3,3,3
340329,1,1,1996,0,0,0,0,0,0,0,0,0,0
340329,2,1,1996,0,0,0,0,0,0,0,0,0,0
340330,0,1,1996,0,0,0,0,0,0,0,0,0,0
340330,1,1,1996,0,0,0,0,0,0,0,0,0,0
340331,1,1,1996,14,14,14,14,14,14,14,14,14,14
340331,2,1,1996,17,17,17,17,17,17,17,17,17,17
340332,1,1,1996,0,0,0,0,0,0,0,0,0,0
340333,1,1,1996,0,0,0,0,0,0,0,0,0,0
340333,2,1,1996,7,7,0,19,15,18,4,0,0,20
340334,1,1,1996,9,0,0,0,27,0,15,0,0,0
340334,2,1,1996,21,21,21,21,21,21,21,21,21,21
340335,1,1,1996,0,0,0,0,0,0,0,0,0,0
340335,2,1,1996,0,0,0,0,0,0,0,0,0,0
340335,3,1,1996,0,0,0,0,0,0,0,0,0,0
340336,1,1,1996,11,11,11,11,11,11,11,11,11,11
340337,1,1,1996,0,0,0,16,23,7,0,0,0,9
340337,2,1,1996,17,20,8,15,0,0,14,0,0,6
340338,1,1,1996,0,0,0,0,0,0,0,0,0,0
340338,2,1,1996,14,14,14,14,14,14,14,14,14,14
340339,1,1,1996,0,0,0,0,0,0,0,0,0,0
340339,2,1,1996,0,0,0,0,0,0,0,0,0,0
340340,1,1,1996,0,0,0,0,0,0,0,0,0,0
340340,2,1,1996,0,0,0,0,0,0,0,0,0,0
340341,0,1,1996,0,0,0,0,0,0,0,0,0,0
340341,1,1,1996,0,7,0,0,8,0,0,0,0,0
340342,0,1,1996,26,26,26,26,26,26,26,26,26,26
340342,1,1,1996,10,10,10,10,10,10,10,10,10,10
340343,1,1,1996,22,22,22,22,22,22,22,22,22,22
340343,2,1,1996,35,0,0,9,0,0,19,13,0,0
340344,0,1,1996,0,0,0,0,0,0,0,0,0,0
340344,1,1,1996,0,0,0,0,0,0,0,0,0,0
340345,1,1,1996,0,0,0,0,0,0,0,0,0,0
340345,2,1,1996,0,0,18,0,0,0,0,0,0,0
340345,3,1,1996,0,0,0,0,0,0,0,0,0,0
340345,4,1,1996,0,0,0,0,0,0,0,0,0,0
340346,1,1,1996,20,20,20,20,20,20,20,20,20,20
340347,1,1,1996,0,0,0,0,0,0,0,18,23,0
340347,2,1,1996,0,0,0,0,0,0,0,0,0,0
340348,0,1,1996,0,0,0,0,0,0,0,0,0,0
340348,1,1,1996,0,0,0,0,0,0,0,0,0,0
340349,1,1,1996,13,13,13,13,13,13,13,13,13,13
340349,2,1,1996,0,6,0,0,0,0,0,0,0,0
340349,3,1,1996,0,0,0,0,0,0,0,0,0,0
340350,1,1,1996,15,15,15,15,15,15,15,15,15,15
340351,1,1,1996,0,0,0,0,0,0,0,0,0,0
340353,1,1,1996,0,0,0,0,0,0,0,0,0,0
340353,2,1,1996,0,0,0,0,0,0,0,0,0,0
340354,1,1,1996,0,0,0,0,0,0,0,0,0,0
340354,2,1,1996,0,0,0,0,0,0,0,0,0,0
340355,0,1,1996,0,0,18,0,0,0,14,0,11,0
340355,1,1,1996,0,0,0,0,0,0,0,0,0,0
340355,2,1,1996,0,0,15,8,0,0,0,0,6,0
340356,1,1,1996,24,0,0,0,19,0,0,0,0,0
340357,0,1,1996,0,19,44,9,37,0,0,0,0,0
340357,1,1,1996,0,0,0,0,0,0,0,0,0,0
340358,0,1,1996,0,0,0,0,0,0,0,0,0,0
340358,1,1,1996,0,0,0,0,0,0,0,0,0,0
340359,1,1,1996,0,0,0,0,0,0,0,0,0,0
340360,1,1,1996,0,0,0,0,0,0,0,0,0,0
340360,2,1,1996,0,0,0,0,0,0,0,0,0,0
340361,1,1,1996,1,1,1,1,1,1,1,1,1,1
340362,1,1,1996,19,19,19,19,19,19,19,19,19,19
340363,0,1,1996,0,0,0,0,0,0,0,0,0,0
340363,1,1,1996,0,0,0,0,0,0,0,0,0,0
340364,0,1,1996,0,0,0,0,0,0,0,0,0,0
340364,1,1,1996,0,0,0,0,0,0,0,0,0,0
340365,1,1,1996,0,0,0,0,0,0,0,0,0,0
340366,1,1,1996,0,0,0,0,0,0,0,0,0,0
340367,1,1,1996,17,17,17,17,17,17,17,17,17,17
340368,1,1,1996,0,0,0,0,0,0,0,0,0,0
340369,0,1,1996,24,0,11,0,0,15,18,24,0,27
340369,1,1,1996,0,0,0,0,0,0,0,0,0,0
340370,1,1,1996,0,0,0,0,0,0,0,0,0,0
340370,2,1,1996,0,0,0,0,0,0,0,0,0,0
340371,1,1,1996,13,13,13,13,13,13,13,13,13,13
340372,1,1,1996,0,0,0,0,0,0,0,0,0,0
340373,1,1,1996,0,0,0,0,0,0,0,0,0,0
340373,2,1,1996,0,0,0,0,0,0,0,0,0,0
340374,1,1,1996,0,0,0,0,0,0,0,0,0,0
340375,1,1,1996,0,0,0,0,0,0,0,0,0,0
340376,1,1,1996,0,0,0,0,0,10,0,0,0,0
340376,2,1,1996,0,0,0,0,0,0,0,0,0,0
340377,1,1,1996,0,26,12,0,0,0,0,0,34,0
340378,1,1,1996,0,0,0,0,0,0,0,0,3,0
340378,2,1,1996,19,19,19,19,19,19,19,19,19,19
340379,0,1,1996,9,9,9,9,9,9,9,9,9,9
340379,1,1,1996,0,0,0,0,0,0,0,0,0,0
340380,1,1,1996,0,0,0,0,0,0,0,0,0,0
340381,1,1,1996,0,0,0,0,0,0,0,0,0,0
340382,1,1,1996,6,6,6,6,6,6,6,6,6,6
340383,1,1,1996,0,0,0,0,0,0,15,0,0,0
340383,2,1,1996,0,0,14,16,16,0,0,0,0,0
340384,1,1,1996,0,0,0,0,0,0,0,0,11,0
340384,2,1,1996,0,0,0,0,0,0,0,0,0,0
340385,1,1,1996,17,0,0,0,20,10,36,12,0,0
340385,2,1,1996,0,0,15,42,0,8,29,12,0,11
340386,0,1,1996,12,12,12,12,12,12,12,12,12,12
340386,0,2,1996,25,18,0,0,10,8,0,0,19,30
340386,1,1,1996,4,19,0,10,12,0,0,14,14,0
340387,0,1,1996,0,0,0,0,0,0,0,0,0,0
340387,1,1,1996,0,10,0,0,0,0,0,4,0,23
340388,1,1,1996,0,0,0,0,0,0,0,0,0,0
340388,2,1,1996,0,0,0,0,0,0,0,0,0,0
340389,1,1,1996,4,0,20,6,0,0,12,0,16,12
340390,1,1,1996,11,11,11,11,11,11,11,11,11,11
340391,1,1,1996,0,0,0,0,0,0,0,0,0,0
340391,2,1,1996,0,0,0,0,0,0,0,0,0,0
340391,3,1,1996,0,0,0,0,0,0,0,0,0,0
340392,1,1,1996,0,0,0,0,0,0,0,0,0,0
340392,2,1,1996,0,0,0,0,0,0,0,0,0,0
340393,1,1,1996,0,0,0,0,0,0,0,0,0,0
340393,2,1,1996,0,0,0,0,8,0,0,0,0,0
340394,0,1,1996,0,0,0,0,0,0,0,0,0,0
340394,1,1,1996,0,0,24,0,16,0,0,28,11,0
340395,0,1,1996,0,0,0,0,0,0,0,0,0,0
340395,1,1,1996,0,0,0,0,0,0,0,0,0,0
340396,1,1,1996,20,20,20,20,20,20,20,20,20,20
340396,2,1,1996,0,19,0,11,0,0,0,0,6,0
340397,1,1,1996,3,3,3,3,3,3,3,3,3,3
340398,1,1,1996,0,0,0,0,0,0,0,0,0,0
340399,1,1,1996,10,10,10,10,10,10,10,10,10,10
340400,0,1,1996,0,0,0,0,0,0,0,0,0,0
340400,1,1,1996,0,0,0,0,0,0,0,0,0,0
340401,1,1,1996,0,0,0,0,0,0,0,0,0,0
340401,2,1,1996,0,0,0,0,0,0,0,0,0,0
340402,1,1,1996,0,0,0,0,10,0,0,10,0,0
340402,2,1,1996,0,0,0,0,0,0,0,0,0,0
340402,3,1,1996,0,0,0,0,0,0,0,0,0,0
340403,1,1,1996,0,0,0,0,0,0,0,0,0,0
340404,1,1,1996,0,0,0,0,0,0,0,18,0,0
340404,2,1,1996,0,0,0,0,0,0,0,0,0,0
340405,1,1,1996,0,0,0,0,0,0,0,0,16,8
340406,1,1,1996,0,0,0,0,0,0,0,0,0,0
340407,0,1,1996,0,0,0,0,0,0,0,0,0,0
340407,1,1,1996,10,0,12,0,0,11,0,7,0,15
340408,1,1,1996,0,0,0,0,0,0,0,0,0,0
340409,1,1,1996,2,2,2,2,2,2,2,2,2,2
340410,0,1,1996,23,0,0,0,0,0,27,0,0,11
340410,1,1,1996,17,17,17,17,17,17,17,17,17,17
340411,0,1,1996,0,0,0,0,0,0,0,0,0,0
340411,1,1,1996,0,0,0,0,0,0,0,0,0,0
340412,1,1,1996,0,0,0,23,11,0,0,0,0,0
340413,1,1,1996,2,2,2,2,2,2,2,2,2,2
340413,2,1,1996,0,0,0,0,0,0,0,0,0,0
340414,1,1,1996,16,16,16,16,16,16,16,16,16,16
340416,1,1,1996,0,0,0,0,0,0,0,0,0,0
340417,1,1,1996,7,0,0,0,0,0,0,0,0,0
340417,2,1,1996,0,0,0,0,0,0,0,5,0,0
340419,1,1,1996,0,0,0,0,0,0,0,0,0,0
340419,2,1,1996,0,0,0,0,0,0,0,0,0,0
340421,0,1,1996,23,23,23,23,23,23,23,23,23,23
340421,1,1,1996,0,17,0,0,15,0,0,0,0,0
340422,0,1,1996,0,0,0,0,0,0,0,0,0,0
340422,0,2,1996,0,0,0,0,0,0,0,0,0,0
340422,0,3,1996,0,0,0,0,0,0,0,0,0,4
340422,0,4,1996,0,0,0,0,0,0,0,0,0,7
340422,0,5,1996,0,0,0,0,0,0,0,0,0,0
340422,0,6,1996,0,0,0,0,0,0,0,0,0,0
340422,1,1,1996,17,17,17,17,17,17,17,17,17,17
340423,1,1,1996,0,0,0,0,0,0,0,0,0,0
340423,2,1,1996,0,0,0,0,0,0,0,0,0,0
340424,1,1,1996,0,0,18,27,0,0,0,16,28,0
340425,1,1,1996,0,0,0,13,14,10,0,0,18,0
340426,1,1,1996,0,0,0,0,0,0,0,0,0,0
340426,2,1,1996,0,0,0,0,0,0,0,0,0,0
340427,0,1,1996,0,0,0,0,0,0,0,0,0,0
340427,1,1,1996,0,0,0,13,0,0,9,0,0,0
340429,1,1,1996,0,0,0,0,0,0,0,0,0,0
340429,2,1,1996,24,20,13,29,0,0,8,21,0,0
340430,1,1,1996,0,0,0,0,0,0,13,0,0,0
340430,2,1,1996,0,0,0,0,0,22,0,0,0,0
340432,1,1,1996,0,0,0,0,0,0,0,0,0,0
340432,2,1,1996,0,0,0,0,0,0,0,0,0,0
340432,3,1,1996,0,0,0,0,0,0,0,0,7,0
340433,1,1,1996,0,0,0,0,0,0,0,0,11,0
340433,2,1,1996,0,0,0,0,0,0,0,0,0,0
340434,1,1,1996,10,10,10,10,10,10,10,10,10,10
340435,1,1,1996,0,0,0,0,0,0,0,0,0,0
340435,2,1,1996,0,0,0,0,0,0,0,0,0,0
340436,1,1,1996,0,0,0,0,0,0,0,0,0,0
340436,2,1,1996,0,0,0,0,0,0,0,0,19,16
340437,1,1,1996,16,16,16,16,16,16,16,16,16,16
340437,2,1,1996,0,0,2,9,0,0,0,13,5,0
340437,3,1,1996,23,0,17,0,0,0,14,0,0,0
340438,1,1,1996,0,0,0,0,0,4,0,0,0,0
340438,2,1,1996,0,0,0,0,0,0,0,0,0,0
340438,3,1,1996,0,0,0,0,0,0,0,0,0,0
340439,1,1,1996,0,0,0,0,0,0,0,0,0,0
340439,2,1,1996,0,0,0,0,0,0,0,0,0,0
340440,1,1,1996,0,0,0,0,0,0,0,7,0,7
340442,1,1,1996,0,0,0,0,0,0,0,0,0,0
340443,1,1,1996,0,0,0,0,0,0,0,0,0,0
340443,2,1,1996,6,6,6,6,6,6,6,6,6,6
340444,1,1,1996,0,0,0,0,0,0,0,0,0,0
340446,1,1,1996,0,0,0,0,0,0,0,0,0,0
340446,2,1,1996,13,13,13,13,13,13,13,13,13,13
340447,1,1,1996,0,0,0,0,0,0,0,0,0,0
340448,1,1,1996,19,19,19,19,19,19,19,19,19,19
340449,1,1,1996,0,0,0,0,0,0,0,0,0,0
340450,0,1,1996,0,0,0,0,0,0,0,0,0,0
340450,1,1,1996,0,15,20,0,0,0,0,9,21,11
340451,0,1,1996,21,21,21,21,21,21,21,21,21,21
340451,1,1,1996,10,0,10,10,0,0,0,0,0,18
340453,0,1,1996,0,0,0,0,0,0,0,0,0,0
340453,1,1,1996,0,0,0,0,0,0,0,0,0,0
340454,1,1,1996,0,0,0,0,0,0,0,0,0,0
340455,0,1,1996,0,0,0,0,0,0,0,0,0,0
340455,1,1,1996,0,0,0,0,0,0,0,0,0,0
340456,1,1,1996,0,0,0,0,0,0,0,0,0,0
340456,2,1,1996,0,0,0,0,0,0,0,0,0,0
340457,1,1,1996,23,23,23,23,23,23,23,23,23,23
340459,1,1,1996,2,2,2,2,2,2,2,2,2,2
340460,1,1,1996,0,0,0,0,0,0,0,0,0,0
340462,0,1,1996,18,22,0,9,14,13,0,21,16,0
340462,1,1,1996,0,0,0,0,0,0,0,0,0,0
340463,1,1,1996,15,15,15,15,15,15,15,15,15,15
340464,1,1,1996,0,0,0,0,0,0,0,0,0,0
340464,2,1,1996,0,0,0,0,0,0,21,0,0,0
340465,1,1,1996,0,20,14,16,0,0,0,0,14,16
340465,2,1,1996,14,14,14,14,14,14,14,14,14,14
340466,1,1,1996,21,21,21,21,21,21,21,21,21,21
340466,2,1,1996,14,0,0,12,5,21,0,0,0,20
340467,1,1,1996,0,0,0,0,0,0,0,0,0,0
340468,1,1,1996,0,0,0,0,0,0,0,0,0,0
340468,2,1,1996,0,0,0,0,0,0,0,0,0,0
340469,1,1,1996,2,2,2,2,2,2,2,2,2,2
340470,1,1,1996,0,0,0,0,0,0,0,0,0,0
340470,2,1,1996,0,0,0,0,0,0,0,18,0,0
340471,1,1,1996,0,0,0,0,0,0,0,0,0,0
340471,2,1,1996,0,0,0,0,0,0,0,0,0,0
340472,0,1,1996,0,0,0,10,16,0,0,0,0,0
340472,1,1,1996,0,18,0,0,0,0,0,0,0,0
340473,0,1,1996,26,26,26,26,26,26,26,26,26,26
340473,1,1,1996,0,0,0,0,0,0,0,0,0,0
340474,1,1,1996,0,19,0,0,0,0,14,0,0,0
340474,2,1,1996,0,7,10,11,12,0,0,0,0,15
340475,1,1,1996,0,0,0,0,0,0,0,0,0,0
340476,1,1,1996,5,5,5,5,5,5,5,5,5,5
340477,1,1,1996,0,0,0,0,16,0,0,0,0,0
340477,2,1,1996,0,0,0,0,0,0,0,0,0,0
340477,3,1,1996,0,0,0,0,0,0,0,0,0,0
340477,4,1,1996,0,0,0,0,0,0,0,0,0,0
340478,1,1,1996,0,0,0,0,0,0,0,0,0,0
340478,2,1,1996,0,0,0,0,0,0,0,0,0,0
340479,1,1,1996,0,0,0,0,0,0,0,0,0,0
340479,2,1,1996,0,0,0,0,0,0,0,0,0,0
340479,3,1,1996,0,0,0,0,0,0,0,0,0,0
340480,1,1,1996,0,0,0,0,0,0,0,0,0,0
340480,2,1,1996,0,0,0,0,0,0,0,0,0,0
340481,1,1,1996,0,0,0,0,0,0,0,0,0,0
340481,2,1,1996,0,0,0,0,0,0,0,0,0,0
340482,0,1,1996,30,30,30,30,30,30,30,30,30,30
340482,1,1,1996,0,0,0,0,0,0,0,0,0,0
340483,1,1,1996,27,27,27,27,27,27,27,27,27,27
340483,2,1,1996,0,0,0,0,0,0,0,0,0,0
340484,1,1,1996,11,11,11,11,11,11,11,11,11,11
340485,0,1,1996,0,0,0,0,0,0,0,0,0,0
340485,1,1,1996,0,0,0,0,0,0,0,17,0,0
340486,1,1,1996,0,0,0,0,0,0,0,0,0,0
340487,1,1,1996,0,0,0,0,0,0,0,0,0,0
340488,1,1,1996,0,0,0,0,0,0,0,0,0,0
340490,0,1,1996,0,14,32,0,20,0,27,21,13,0
340490,1,1,1996,7,0,6,11,11,14,5,17,18,0
340491,1,1,1996,23,23,23,23,23,23,23,23,23,23
340492,1,1,1996,0,0,0,0,0,0,0,0,0,0
340492,2,1,1996,0,0,0,0,0,0,0,0,0,0
340493,1,1,1996,0,0,0,0,0,0,0,20,0,0
340494,1,1,1996,14,14,14,14,14,14,14,14,14,14
340495,0,1,1996,0,0,0,0,0,0,0,0,0,0
340495,1,1,1996,0,0,0,0,0,0,0,0,0,0
340496,1,1,1996,0,0,0,0,0,0,0,0,0,0
340496,2,1,1996,0,0,0,0,0,0,0,0,0,0
340496,3,1,1996,0,0,0,0,0,0,0,0,0,0
340497,1,1,1996,0,0,0,0,0,0,0,0,0,0
340498,0,1,1996,0,0,19,0,0,0,0,0,0,0
340498,1,1,1996,0,0,0,0,0,0,0,0,0,0
340499,1,1,1996,0,0,0,0,0,0,0,0,0,0
340499,2,1,1996,0,0,0,0,0,0,0,0,0,0
340501,1,1,1996,0,0,0,0,0,0,0,0,0,0
340503,0,1,1996,0,0,0,0,0,0,0,0,0,0
340503,1,1,1996,0,0,0,0,0,22,0,0,0,14
340504,1,1,1996,16,16,16,16,16,16,16,16,16,16
340505,0,1,1996,0,0,0,0,0,0,0,0,0,0
340505,1,1,1996,0,0,0,0,0,0,0,0,23,0
340506,1,1,1996,15,15,15,15,15,15,15,15,15,15
340507,0,1,1996,16,16,16,16,16,16,16,16,16,16
340507,1,1,1996,0,0,0,0,0,0,0,0,0,0
340507,2,1,1996,2,2,2,2,2,2,2,2,2,2
340508,1,1,1996,0,0,0,0,0,0,0,0,0,0
340508,2,1,1996,0,0,0,0,0,0,0,0,0,0
340509,1,1,1996,0,0,0,0,0,0,0,0,0,0
340509,2,1,1996,0,0,0,0,0,0,0,0,0,0
340510,1,1,1996,0,0,0,0,0,0,0,0,0,0
340510,2,1,1996,0,0,0,0,0,0,0,0,0,0
340511,1,1,1996,21,21,21,21,21,21,21,21,21,21
340511,2,1,1996,0,0,0,0,0,0,0,0,0,0
340512,1,1,1996,0,0,0,0,0,0,0,0,0,0
340512,2,1,1996,0,0,0,0,0,0,0,0,0,0
340513,1,1,1996,0,0,0,0,12,14,0,0,3,9
340513,2,1,1996,0,0,0,0,0,0,0,0,0,0
340514,0,1,1996,15,28,4,0,14,9,15,0,26,37
340514,1,1,1996,0,0,0,0,0,0,0,0,0,0
340514,2,1,1996,0,0,0,0,0,0,0,0,0,11
340516,0,1,1996,0,0,0,0,0,0,0,0,0,0
340516,1,1,1996,5,0,14,10,13,18,23,0,13,0
340517,1,1,1996,13,13,13,13,13,13,13,13,13,13
340517,2,1,1996,3,3,3,3,3,3,3,3,3,3
340518,1,1,1996,0,0,0,0,0,0,0,0,0,0
340518,2,1,1996,0,0,0,0,0,0,0,0,0,0
340518,3,1,1996,0,0,0,0,0,0,0,0,0,0
340519,0,1,1996,0,0,0,0,0,0,0,0,0,0
340519,1,1,1996,0,0,0,0,0,0,0,0,0,0
340520,1,1,1996,0,0,0,0,0,0,0,0,0,0
340520,2,1,1996,9,9,9,9,9,9,9,9,9,9
340521,1,1,1996,0,0,0,0,0,24,0,0,0,0
340522,1,1,1996,0,0,0,0,0,0,0,0,0,0
340523,1,1,1996,0,0,0,0,0,0,0,0,0,0
340523,2,1,1996,0,0,0,0,0,0,0,0,0,0
340524,1,1,1996,0,0,0,0,0,0,0,0,0,0
340525,1,1,1996,11,0,26,0,0,0,22,0,3,0
340526,1,1,1996,9,0,0,0,0,0,0,0,0,0
340526,2,1,1996,12,12,12,12,12,12,12,12,12,12
340527,1,1,1996,15,15,15,15,15,15,15,15,15,15
340527,2,1,1996,15,15,15,15,15,15,15,15,15,15
340528,0,1,1996,0,0,0,0,0,0,0,0,0,0
340528,1,1,1996,0,0,0,0,0,0,21,0,20,9
340528,2,1,1996,0,0,16,0,0,0,0,0,0,6
340529,1,1,1996,0,0,0,0,0,0,0,0,12,0
340529,2,1,1996,0,0,0,0,0,0,0,0,0,0
340531,1,1,1996,0,0,0,0,0,0,0,0,0,0
340531,2,1,1996,0,0,0,0,0,0,0,0,0,0
340532,1,1,1996,0,0,0,8,0,0,0,0,0,0
340532,2,1,1996,0,0,0,0,0,0,0,0,0,0
340533,1,1,1996,0,0,0,0,0,0,0,0,7,7
340534,0,1,1996,0,0,0,0,0,0,0,0,0,0
340534,1,1,1996,0,0,0,0,0,0,0,0,0,0
340535,1,1,1996,21,21,21,21,21,21,21,21,21,21
340536,1,1,1996,0,0,0,0,0,0,0,0,0,0
340536,2,1,1996,0,0,0,0,8,0,13,0,0,0
340537,0,1,1996,1,1,1,1,1,1,1,1,1,1
340537,1,1,1996,20,0,0,0,0,0,0,0,0,26
340538,1,1,1996,0,0,0,0,0,0,0,0,0,0
340538,2,1,1996,0,0,0,0,0,0,0,0,0,0
340538,3,1,1996,0,0,0,0,0,0,0,0,0,0
340539,0,1,1996,12,12,12,12,12,12,12,12,12,12
340539,1,1,1996,0,0,33,0,0,30,0,0,0,0
340541,0,1,1996,0,0,0,0,0,0,0,0,0,0
340541,1,1,1996,0,0,0,0,0,0,0,0,0,0
340542,1,1,1996,10,10,10,10,10,10,10,10,10,10
340543,1,1,1996,12,12,12,12,12,12,12,12,12,12
340544,1,1,1996,0,0,0,0,0,0,0,0,0,0
340544,2,1,1996,0,0,0,0,0,0,0,0,0,0
340547,1,1,1996,0,0,0,0,12,0,0,0,0,0
340547,2,1,1996,30,30,30,30,30,30,30,30,30,30
340548,1,1,1996,0,11,17,0,7,0,0,0,13,15
340549,1,1,1996,0,0,0,0,0,0,0,0,0,0
340550,1,1,1996,0,0,0,0,0,0,0,0,0,0
340551,0,1,1996,0,0,0,0,0,0,0,0,0,0
340551,1,1,1996,0,0,0,0,0,0,0,0,0,0
340552,0,1,1996,0,0,0,0,0,0,0,0,0,0
340552,1,1,1996,0,0,0,0,0,0,0,0,0,0
340553,0,1,1996,0,0,0,0,0,0,0,0,0,0
340553,1,1,1996,0,0,0,0,0,0,0,17,0,4
340555,0,1,1996,0,0,0,0,0,0,0,0,0,0
340555,1,1,1996,0,0,0,0,0,0,0,0,0,0
340556,1,1,1996,0,0,0,0,0,0,0,0,0,0
340556,2,1,1996,0,0,0,0,0,0,0,0,0,0
340556,3,1,1996,0,0,0,0,0,0,0,0,7,0
340557,0,1,1996,0,0,0,0,0,0,0,0,0,0
340557,0,2,1996,0,0,0,0,0,0,0,0,0,0
340557,1,1,1996,0,18,0,0,0,11,0,0,0,0
340557,2,1,1996,0,0,0,0,0,0,0,0,0,0
340558,1,1,1996,0,0,0,0,0,0,0,0,0,0
340558,2,1,1996,0,0,0,0,0,0,0,0,0,0
340558,3,1,1996,0,0,0,0,0,0,0,19,0,0
340559,1,1,1996,0,0,0,0,0,0,0,0,0,0
340563,1,1,1996,7,7,7,7,7,7,7,7,7,7
340564,1,1,1996,4,4,4,4,4,4,4,4,4,4
340565,1,1,1996,0,0,0,0,0,0,0,0,0,0
340565,2,1,1996,0,3,0,0,0,0,0,0,0,14
340566,1,1,1996,0,12,0,0,0,0,0,5,21,0
340567,1,1,1996,0,0,0,0,0,0,0,0,0,0
340567,2,1,1996,0,0,0,0,0,0,0,0,0,0
340568,1,1,1996,0,15,0,16,0,4,0,32,0,0
340569,1,1,1996,1,1,1,1,1,1,1,1,1,1
340570,1,1,1996,20,20,20,20,20,20,20,20,20,20
340571,1,1,1996,0,0,0,0,0,0,0,0,0,0
340571,2,1,1996,0,0,0,11,0,0,9,24,12,0
340572,1,1,1996,0,0,0,0,0,0,0,0,0,0
340573,1,1,1996,0,0,0,0,0,0,0,0,0,0
340574,1,1,1996,17,17,17,17,17,17,17,17,17,17
340575,1,1,1996,0,0,0,2,0,0,0,0,0,0
340575,2,1,1996,0,0,0,0,0,0,0,0,0,0
340576,0,1,1996,0,0,0,0,0,0,0,0,0,0
340576,1,1,1996,0,0,0,0,0,0,0,0,0,0
340577,1,1,1996,0,0,0,0,0,0,0,0,0,0
340577,2,1,1996,0,0,0,0,0,0,0,0,0,0
340578,1,1,1996,4,0,10,12,26,20,19,0,0,0
340578,2,1,1996,0,0,0,0,0,0,0,0,0,0
340579,1,1,1996,0,0,0,0,0,0,0,0,0,0
340579,2,1,1996,0,0,0,0,0,0,0,0,0,0
340579,3,1,1996,0,0,0,0,0,0,0,0,0,0
340579,4,1,1996,0,0,0,0,0,0,0,0,0,0
340579,5,1,1996,0,0,0,0,0,0,0,0,0,0
340580,1,1,1996,3,3,3,3,3,3,3,3,3,3
340581,0,1,1996,0,0,0,0,0,0,0,0,0,0
340581,1,1,1996,0,0,0,0,0,0,0,0,0,0
340582,1,1,1996,0,0,0,0,0,0,0,0,0,0
340582,2,1,1996,0,0,0,0,0,0,0,0,0,0
340583,1,1,1996,3,3,3,3,3,3,3,3,3,3
340584,1,1,1996,0,0,0,0,0,0,0,0,0,0
340584,2,1,1996,0,0,0,0,0,0,0,0,0,0
340585,1,1,1996,3,3,3,3,3,3,3,3,3,3
340586,1,1,1996,17,17,17,17,17,17,17,17,17,17
340587,1,1,1996,0,0,0,13,0,8,0,0,0,0
340587,2,1,1996,10,10,10,10,10,10,10,10,10,10