ST_CASE,VEH_NO,PER_NO,YEAR,P1,P2,P3,P4,P5,P6,P7,P8,P9,P10
340588,1,1,1996,0,0,0,0,0,0,0,0,0,0
340588,2,1,1996,0,0,0,0,0,0,0,0,0,0
340588,3,1,1996,0,0,0,0,0,0,0,0,0,0
340589,1,1,1996,0,0,0,0,0,0,0,0,0,0
340590,0,1,1996,22,22,22,22,22,22,22,22,22,22
340590,1,1,1996,0,0,0,0,0,0,0,0,0,0
340590,2,1,1996,0,0,0,0,0,0,0,0,0,0
340591,1,1,1996,10,10,10,10,10,10,10,10,10,10
340592,1,1,1996,0,0,0,0,0,0,0,0,0,0
340592,2,1,1996,0,0,0,0,0,0,0,0,0,0
340593,0,1,1996,0,0,0,0,0,0,0,0,0,0
340593,1,1,1996,14,14,9,0,0,0,28,0,0,14
340594,1,1,1996,0,0,0,0,0,0,0,0,0,0
340594,2,1,1996,0,0,0,0,0,0,0,0,0,0
340594,3,1,1996,18,18,18,18,18,18,18,18,18,18
340595,1,1,1996,0,0,0,0,0,0,0,0,0,0
340595,2,1,1996,0,0,0,0,0,0,0,0,0,0
340596,1,1,1996,0,0,0,24,0,0,0,0,16,0
340597,0,1,1996,19,19,19,19,19,19,19,19,19,19
340597,1,1,1996,0,0,0,0,0,0,0,0,0,0
340598,0,1,1996,3,3,3,3,3,3,3,3,3,3
340598,0,2,1996,4,9,0,10,0,0,0,0,0,17
340598,0,3,1996,0,0,0,0,0,8,0,0,0,14
340598,1,1,1996,0,0,0,0,0,0,0,0,0,0
340600,1,1,1996,0,0,0,0,0,0,0,0,0,0
340600,2,1,1996,0,0,0,0,0,0,0,0,0,0
340601,1,1,1996,0,0,0,0,0,0,0,0,0,0
340601,2,1,1996,0,0,0,0,0,0,0,0,0,0
340601,3,1,1996,0,0,0,0,0,0,22,0,0,0
340602,0,1,1996,0,0,0,0,0,0,0,0,0,0
340603,1,1,1996,0,0,0,0,0,0,5,0,0,16
340604,1,1,1996,0,0,0,0,0,0,0,0,0,0
340605,1,1,1996,22,0,14,0,18,0,0,0,0,0
340606,1,1,1996,22,0,10,10,0,24,0,0,0,0
340606,2,1,1996,0,0,0,0,0,0,0,0,0,0
340606,3,1,1996,0,31,0,0,0,0,0,0,0,0
340607,1,4,1996,0,10,0,0,0,16,0,8,8,0
340608,1,1,1996,2,2,2,2,2,2,2,2,2,2
340608,2,1,1996,0,0,0,0,0,0,0,21,11,0
340608,3,1,1996,10,0,0,0,0,0,22,0,0,20
340609,1,1,1996,0,0,0,0,0,0,0,0,0,0
340610,1,1,1996,21,21,21,21,21,21,21,21,21,21
340611,1,1,1996,0,0,0,0,0,0,0,0,0,0
340611,2,1,1996,0,0,0,0,0,0,0,0,0,0
340612,1,1,1996,4,4,4,4,4,4,4,4,4,4
340613,1,1,1996,3,3,3,3,3,3,3,3,3,3
340613,2,1,1996,0,0,0,0,0,0,0,0,0,0
340614,1,1,1996,0,0,0,0,0,0,0,5,0,0
340614,2,1,1996,0,0,0,0,0,0,0,0,0,0
340616,1,1,1996,0,0,0,0,0,0,0,0,0,5
340616,2,1,1996,0,0,0,0,0,0,0,0,0,0
340617,1,1,1996,0,0,0,0,0,0,0,0,0,0
340618,1,1,1996,0,0,0,0,0,0,0,0,0,0
340620,1,1,1996,0,0,0,0,0,0,0,0,0,0
340620,2,1,1996,19,0,0,0,8,0,0,0,11,0
340621,1,1,1996,18,20,18,3,0,0,9,14,0,0
340622,1,1,1996,0,0,0,0,0,0,0,0,0,0
340623,1,1,1996,0,7,15,22,19,5,5,14,0,9
340623,2,1,1996,0,0,0,0,0,0,0,0,7,4
340624,1,1,1996,0,0,0,0,0,0,0,0,0,0
340624,2,1,1996,0,0,0,0,0,0,0,0,0,0
340624,3,1,1996,0,0,0,0,0,0,0,0,0,0
340625,1,1,1996,0,0,0,0,0,0,0,0,15,0
340625,2,1,1996,0,0,0,0,5,0,0,14,0,16
340626,0,1,1996,0,0,0,0,0,0,0,0,0,0
340626,1,1,1996,0,0,0,0,0,0,0,0,0,0
340627,0,1,1996,0,0,0,0,0,0,0,0,0,0
340627,1,1,1996,7,0,0,7,0,0,0,0,0,0
340629,0,1,1996,0,0,0,0,0,0,0,0,0,0
340629,1,1,1996,0,0,0,0,0,0,0,0,0,0
340629,2,1,1996,10,17,0,0,0,0,0,0,0,0
340630,0,1,1996,0,0,0,0,0,0,0,0,0,0
340630,1,1,1996,0,0,0,0,0,0,0,0,0,0
340631,1,1,1996,0,0,0,0,0,0,0,0,0,0
340632,1,1,1996,0,0,0,0,0,0,0,0,0,0
340632,2,1,1996,0,0,0,0,0,0,0,0,0,0
340633,0,1,1996,0,0,0,0,0,0,0,0,0,0
340633,1,1,1996,0,0,0,0,0,0,0,0,0,0
340634,1,1,1996,0,0,0,0,0,0,0,0,0,0
340634,2,1,1996,0,0,0,0,0,0,0,0,0,0
340635,1,1,1996,13,13,13,13,13,13,13,13,13,13
340636,1,1,1996,0,0,0,0,0,0,0,0,0,0
340637,1,1,1996,0,8,0,0,0,0,0,0,0,0
340637,2,1,1996,0,0,0,0,0,0,0,0,0,0
340638,1,1,1996,19,19,19,19,19,19,19,19,19,19
340639,1,1,1996,0,0,0,0,0,0,0,0,0,0
340639,2,1,1996,7,0,0,13,0,0,0,0,0,0
340640,1,1,1996,0,0,0,0,0,0,0,0,0,0
340640,2,1,1996,0,0,0,0,0,0,0,0,0,0
340641,0,1,1996,0,0,0,0,0,0,0,0,0,0
340641,1,1,1996,0,0,0,0,0,0,0,0,0,0
340642,0,1,1996,31,31,31,31,31,31,31,31,31,31
340642,1,1,1996,0,0,0,0,0,0,0,0,0,0
340643,1,1,1996,0,0,0,0,0,0,0,0,0,0
340643,2,1,1996,0,0,0,0,0,0,0,0,0,0
340643,3,1,1996,0,0,0,0,0,0,0,0,0,0
340644,1,1,1996,16,16,16,16,16,16,16,16,16,16
340645,1,1,1996,24,24,24,24,24,24,24,24,24,24
340645,2,1,1996,0,10,0,6,19,20,15,0,0,17
340647,0,1,1996,0,0,0,0,0,0,0,0,0,0
340647,1,1,1996,0,0,0,0,0,0,5,0,0,0
340648,1,1,1996,0,0,0,0,0,0,0,0,0,0
340650,1,1,1996,0,0,0,0,0,0,0,0,0,0
340650,2,1,1996,0,0,0,0,0,0,0,0,0,0
340650,3,1,1996,0,0,0,0,0,0,0,0,0,0
340650,4,1,1996,0,0,0,0,29,0,0,15,0,19
340651,1,1,1996,0,0,0,0,0,0,0,0,0,0
340651,2,1,1996,0,0,0,0,0,0,0,0,0,0
340652,1,1,1996,7,11,23,9,0,0,22,0,0,0
340653,1,1,1996,15,4,0,9,0,0,0,0,0,0
340653,2,1,1996,0,0,0,0,0,0,0,0,0,0
340655,1,1,1996,0,5,13,0,0,18,0,0,22,0
340656,1,1,1996,0,0,0,0,0,0,3,0,0,0
340656,2,1,1996,0,17,0,0,0,0,0,0,0,0
340657,1,1,1996,0,0,0,0,0,0,0,0,0,0
340658,1,1,1996,20,20,20,20,20,20,20,20,20,20
340659,1,1,1996,0,0,0,0,0,0,0,0,0,0
340659,2,1,1996,0,0,0,0,0,0,0,0,0,0
340660,1,1,1996,0,0,0,0,0,0,0,0,0,0
340660,2,1,1996,0,0,0,0,0,0,0,0,0,0
340661,1,1,1996,0,0,0,0,0,0,0,0,0,0
340662,0,1,1996,2,2,2,2,2,2,2,2,2,2
340662,1,1,1996,0,0,0,5,0,0,0,0,0,0
340664,1,1,1996,0,0,0,0,0,0,0,0,0,0
340664,2,1,1996,0,0,0,0,0,0,0,0,0,0
340665,1,1,1996,0,0,0,0,0,0,0,0,0,0
340665,2,1,1996,0,0,0,0,0,0,0,0,0,0
340666,0,1,1996,0,0,0,0,13,0,0,0,26,0
340666,0,2,1996,0,0,24,0,25,14,0,16,0,0
340666,0,3,1996,0,0,24,6,30,39,0,0,0,0
340666,0,4,1996,0,0,0,0,0,18,11,0,34,20
340666,1,1,1996,0,0,0,0,0,0,0,0,0,0
340667,1,1,1996,0,0,0,5,0,13,7,0,0,0
340667,2,1,1996,0,0,0,25,0,0,11,21,0,13
340669,1,1,1996,35,35,35,35,35,35,35,35,35,35
340670,1,1,1996,0,0,0,0,0,0,0,0,0,0
340670,2,1,1996,0,8,15,0,0,0,0,0,0,0
340671,0,1,1996,19,19,19,19,19,19,19,19,19,19
340671,1,1,1996,0,0,0,0,0,19,14,0,0,0
340672,0,1,1996,0,0,0,0,0,0,0,0,0,0
340672,1,1,1996,0,0,0,0,0,0,0,0,0,0
340673,0,1,1996,13,10,0,29,18,0,33,0,9,35
340673,1,1,1996,0,0,17,0,13,13,0,0,0,0
340674,1,1,1996,0,0,0,0,0,0,0,0,0,0
340675,1,1,1996,31,31,31,31,31,31,31,31,31,31
340676,1,1,1996,0,0,0,0,0,0,0,0,0,0
340676,2,1,1996,0,0,0,0,0,0,0,0,0,0
340676,3,1,1996,0,0,0,0,0,0,0,0,0,0
340677,1,1,1996,15,15,15,15,15,15,15,15,15,15
340677,2,1,1996,0,0,0,0,0,0,0,0,0,0
340679,1,1,1996,0,0,0,0,0,0,0,0,0,0
340679,2,1,1996,16,16,16,16,16,16,16,16,16,16
340680,1,1,1996,0,0,0,0,0,0,0,0,0,0
340680,2,1,1996,0,0,0,0,0,0,0,0,0,0
340681,1,1,1996,0,0,0,0,0,0,0,0,0,0
340681,2,1,1996,10,10,10,10,10,10,10,10,10,10
340682,0,1,1996,0,0,0,0,0,0,0,0,0,0
340682,1,1,1996,0,0,0,0,0,0,0,0,0,0
340683,1,1,1996,0,0,0,0,0,0,0,0,0,0
340683,2,1,1996,0,0,0,0,0,0,0,0,0,0
340684,1,1,1996,3,3,3,3,3,3,3,3,3,3
340684,2,1,1996,1,1,1,1,1,1,1,1,1,1
340685,1,1,1996,8,8,8,8,8,8,8,8,8,8
340686,1,1,1996,0,0,0,0,0,0,0,0,0,0
340686,2,1,1996,0,0,0,0,0,0,0,0,0,0
340689,0,1,1996,0,0,13,19,0,0,32,23,0,0
340689,1,1,1996,0,0,0,0,0,0,0,0,0,0
340690,0,1,1996,2,2,2,2,2,2,2,2,2,2
340690,1,1,1996,0,0,0,0,0,0,0,0,13,0
340690,2,1,1996,17,0,0,0,0,0,0,0,0,0
340691,1,1,1996,0,0,0,0,0,0,0,0,0,5
340691,2,1,1996,24,0,0,0,0,0,0,0,0,0
340692,1,1,1996,0,0,14,0,8,0,0,0,0,0
340693,1,1,1996,0,0,0,0,0,0,0,16,0,10
340694,1,1,1996,24,24,24,24,24,24,24,24,24,24
340695,1,1,1996,0,0,0,0,0,0,0,0,0,0
340695,2,1,1996,0,0,0,0,0,0,0,0,0,0
340696,1,1,1996,0,0,0,0,0,0,0,0,0,0
340696,2,1,1996,0,0,0,0,0,0,0,0,0,0
340698,1,1,1996,0,0,0,0,0,0,0,0,0,0
340699,0,1,1996,0,0,0,0,0,0,0,0,0,0
340699,1,1,1996,0,0,0,0,0,0,0,0,0,0
340700,1,1,1996,0,0,15,0,0,0,0,0,0,0
340700,2,1,1996,0,0,0,0,0,0,0,0,0,0
340700,3,1,1996,0,16,0,0,0,0,0,9,0,0
340701,1,1,1996,0,0,0,0,0,0,0,0,0,0
340701,2,1,1996,0,14,11,0,0,0,0,0,0,0
340701,3,1,1996,0,0,0,0,0,0,0,0,0,0
340702,0,1,1996,0,0,0,0,0,0,0,0,0,0
340702,1,1,1996,0,0,0,25,4,0,14,0,0,0
340703,1,1,1996,30,30,30,30,30,30,30,30,30,30
340704,1,1,1996,21,21,21,21,21,21,21,21,21,21
340705,1,1,1996,0,0,0,0,0,0,0,0,0,0
340705,2,1,1996,15,14,0,14,0,0,4,8,0,0
340706,1,1,1996,12,0,0,0,0,0,0,0,0,0
340706,2,1,1996,0,0,0,17,0,0,0,10,0,0
340707,1,1,1996,0,0,0,0,0,0,0,0,0,0
340707,2,1,1996,0,0,0,0,8,14,0,0,8,0
340708,0,1,1996,0,0,0,0,0,0,0,0,0,0
340708,1,1,1996,0,0,0,0,0,0,0,0,0,0
340709,1,1,1996,4,4,4,4,4,4,4,4,4,4
340709,2,1,1996,0,0,0,0,0,0,0,0,0,0
340709,3,1,1996,0,0,0,0,0,0,0,0,0,0
340709,4,1,1996,0,0,0,0,0,0,0,0,0,0
340710,1,1,1996,0,0,0,0,0,0,0,0,0,0
340711,1,1,1996,16,16,16,16,16,16,16,16,16,16
340712,0,1,1996,0,0,0,0,0,0,0,0,0,0
340712,1,1,1996,0,0,0,0,0,0,0,0,0,0
340713,1,1,1996,12,0,8,12,9,13,15,6,0,0
340713,2,1,1996,0,0,0,0,0,0,0,0,0,0
340713,3,1,1996,0,10,12,33,0,0,0,0,0,11
340714,1,1,1996,0,0,10,0,0,0,0,0,0,5
340714,2,1,1996,0,0,0,0,0,0,0,0,0,0
340714,3,1,1996,0,0,0,19,0,0,0,0,0,0
340715,0,1,1996,9,9,9,9,9,9,9,9,9,9
340715,1,1,1996,7,14,0,0,0,0,0,12,0,0
340715,2,1,1996,3,0,0,0,0,0,0,0,0,0
340716,0,1,1996,0,0,0,0,0,0,0,0,0,0
340716,1,1,1996,0,0,0,0,0,0,0,0,0,0
340717,1,1,1996,0,0,0,0,0,0,0,0,0,0
340718,1,1,1996,0,0,0,0,0,0,0,0,0,0
340718,2,1,1996,0,0,0,0,0,0,0,0,0,0
340719,1,1,1996,0,0,0,0,0,0,0,0,0,0
340720,1,1,1996,0,0,0,0,0,0,0,0,0,0
340720,2,1,1996,0,7,0,0,0,21,0,6,0,0
340721,0,1,1996,0,0,0,0,0,0,0,0,0,0
340721,1,1,1996,0,0,0,0,0,0,0,0,0,0
340722,1,1,1996,0,0,0,0,0,0,0,0,0,0
340723,1,1,1996,0,0,0,0,0,0,0,0,0,0
340723,2,1,1996,0,0,0,0,0,0,0,0,0,0
340724,1,1,1996,0,0,0,0,0,0,0,14,0,0
340725,1,1,1996,0,0,0,7,0,0,0,0,0,0
340725,2,1,1996,0,0,0,0,0,0,0,0,0,0
340726,1,1,1996,0,0,0,0,0,0,0,0,0,0
340727,1,1,1996,0,0,0,0,0,0,0,0,0,0
340727,2,1,1996,0,0,0,0,0,0,0,0,0,0
340728,1,1,1996,22,22,22,22,22,22,22,22,22,22
340729,0,1,1996,0,0,0,0,0,0,0,0,0,0
340729,1,1,1996,0,0,0,4,0,0,0,0,0,0
340729,2,1,1996,30,0,0,0,0,0,0,0,0,0
340730,1,1,1996,0,0,0,0,0,8,0,6,0,0
340730,2,1,1996,0,0,0,0,0,0,0,0,0,0
340731,0,1,1996,0,0,0,0,0,0,0,0,0,0
340731,1,1,1996,0,0,0,0,0,0,0,0,0,0
340732,0,1,1996,0,0,0,0,0,0,0,0,0,0
340732,1,1,1996,0,0,0,18,0,10,0,12,0,0
340733,0,1,1996,0,0,0,0,0,0,0,0,0,0
340733,1,1,1996,0,0,0,0,0,0,0,0,0,0
340735,1,1,1996,0,0,0,0,0,0,0,0,0,0
340736,0,1,1996,39,39,39,39,39,39,39,39,39,39
340736,1,1,1996,0,5,0,22,0,10,0,0,0,0
340737,1,1,1996,0,0,0,0,0,0,0,0,0,0
340737,2,1,1996,0,0,0,0,0,0,0,0,0,0
340737,3,1,1996,0,0,0,0,0,0,0,0,0,0
340739,0,1,1996,0,0,0,0,0,0,0,0,0,0
340739,1,1,1996,0,0,9,0,0,0,0,0,0,0
340740,1,1,1996,0,0,0,0,0,0,0,0,0,0
340741,1,1,1996,0,0,0,0,0,0,0,0,0,0
340741,2,1,1996,0,0,0,0,0,0,0,0,0,0
340742,1,1,1996,0,0,0,0,0,0,0,0,0,0
340742,2,1,1996,0,0,0,0,0,0,0,0,0,0
340742,3,1,1996,0,0,0,0,0,0,0,0,0,0
340743,0,1,1996,0,0,0,0,0,0,0,0,0,0
340743,1,1,1996,0,19,0,0,0,0,4,0,0,0
340744,1,1,1996,0,0,0,0,0,0,0,0,0,0
340744,2,1,1996,0,0,0,0,0,0,0,0,0,0
340745,0,1,1996,0,0,0,0,0,0,0,0,0,0
340745,1,1,1996,0,21,11,32,11,30,0,12,15,0
340746,1,1,1996,0,0,0,0,0,0,0,0,0,0
340746,2,1,1996,16,16,16,16,16,16,16,16,16,16
340746,3,1,1996,0,0,0,0,0,0,0,0,0,0
340747,1,1,1996,0,0,0,0,0,0,0,0,0,0
340748,0,1,1996,0,0,0,0,0,0,0,0,0,0
340748,1,1,1996,0,0,0,0,0,0,0,0,0,0
340749,1,1,1996,22,22,22,22,22,22,22,22,22,22
340749,2,1,1996,0,0,0,0,0,0,0,0,0,0
340750,1,1,1996,8,8,8,8,8,8,8,8,8,8
340751,1,1,1996,0,0,0,0,0,0,0,0,0,0
340751,2,1,1996,0,0,0,0,0,0,0,0,0,0
340752,1,1,1996,0,0,0,0,0,0,0,0,0,0
340753,1,1,1996,0,0,0,0,0,0,0,0,0,0
340754,1,1,1996,10,10,10,10,10,10,10,10,10,10
340754,2,1,1996,0,0,0,0,0,0,0,0,0,0
340755,1,1,1996,0,0,0,0,0,0,0,0,0,0
340755,2,1,1996,0,0,0,0,0,0,0,0,0,0
340756,1,1,1996,0,0,0,0,0,0,0,0,0,0
340756,2,1,1996,0,0,0,0,0,0,0,0,0,0
340756,3,1,1996,0,0,0,0,0,0,0,0,0,0
340757,1,1,1996,0,0,0,0,0,0,0,0,0,0
340758,0,1,1996,0,0,0,0,0,0,0,0,0,0
340758,1,1,1996,0,0,0,0,0,0,0,0,0,0
340760,1,1,1996,16,16,16,16,16,16,16,16,16,16
340761,0,1,1996,0,0,0,0,0,0,0,0,0,0
340761,1,1,1996,0,0,0,0,0,0,0,0,0,0
340761,2,1,1996,0,0,0,0,0,0,0,0,0,0
340762,1,1,1996,0,0,0,0,0,0,0,0,0,0
340762,2,1,1996,0,0,0,0,0,0,0,0,0,0
340763,1,1,1996,0,0,0,0,0,0,0,0,0,0
340764,0,1,1996,0,0,0,0,0,0,0,0,0,0
340764,0,2,1996,0,0,0,0,0,0,0,0,0,0
340764,1,1,1996,0,0,0,0,0,0,0,0,0,0
340765,0,1,1996,0,18,0,0,15,0,0,25,0,0
340765,1,1,1996,0,0,0,0,0,0,0,0,0,0
340766,1,1,1996,0,0,0,0,0,0,0,0,0,0
340766,2,1,1996,0,0,0,0,0,0,0,0,0,0
340767,1,1,1996,0,0,0,0,0,0,0,0,0,0
340768,1,1,1996,0,0,0,0,0,0,0,0,0,0
340769,0,1,1996,22,22,22,22,22,22,22,22,22,22
340769,1,1,1996,0,0,7,0,0,0,0,0,0,0
340770,1,1,1996,0,0,0,0,0,0,0,0,0,0
340770,2,1,1996,0,0,0,0,0,0,0,0,0,0
340771,1,1,1996,0,0,0,0,0,0,0,0,0,0
340771,2,1,1996,0,10,0,0,0,0,0,0,0,0
340772,1,1,1996,0,0,0,0,0,0,0,0,0,0
340773,1,1,1996,0,0,0,35,0,10,12,15,0,0
340773,2,1,1996,24,24,24,24,24,24,24,24,24,24
340774,1,1,1996,0,0,0,0,0,0,0,0,0,0
340775,1,1,1996,0,0,0,0,0,0,0,0,0,0
340775,2,1,1996,0,0,0,0,0,0,0,0,0,0
340776,0,1,1996,19,22,19,23,16,14,36,0,21,20
340776,1,1,1996,0,0,0,0,0,0,0,0,0,21
340777,1,1,1996,0,0,0,0,0,0,0,0,0,0
340777,2,1,1996,0,0,0,0,0,0,0,0,0,0
340778,1,1,1996,0,0,0,0,7,0,0,0,0,0
340778,2,1,1996,0,0,0,0,0,0,0,0,0,0
340778,3,1,1996,0,0,0,0,0,0,0,20,0,0
340779,0,1,1996,0,18,0,14,9,28,45,18,18,14
340779,1,1,1996,3,17,12,0,0,0,0,0,18,0
340780,0,1,1996,0,0,17,0,0,26,9,25,6,16
340780,1,1,1996,10,0,27,10,9,0,0,0,0,13
340781,0,1,1996,0,0,0,0,0,0,0,0,0,0
340781,1,1,1996,0,0,0,0,0,0,0,0,0,0
340782,0,1,1996,0,0,0,0,0,0,0,0,5,0
340782,1,1,1996,11,11,11,11,11,11,11,11,11,11
340783,0,1,1996,10,10,10,10,10,10,10,10,10,10
340783,1,1,1996,4,18,18,0,0,0,0,0,48,6
340783,2,1,1996,0,0,5,0,0,0,0,0,0,0
340784,1,1,1996,0,0,0,0,0,0,0,0,0,0
340784,2,1,1996,0,0,0,0,0,0,0,0,0,0
340785,1,1,1996,0,0,0,0,0,0,0,0,0,0
340786,1,1,1996,0,0,0,0,0,0,0,0,0,0
340787,1,1,1996,0,0,0,0,0,0,0,0,0,0
340787,2,1,1996,0,0,0,0,0,0,0,0,0,0
340787,3,1,1996,0,0,0,0,0,0,0,0,0,0
340788,1,1,1996,0,0,0,0,0,0,0,0,0,0
340788,2,1,1996,0,18,0,0,0,22,0,0,21,0
340788,3,1,1996,6,0,24,0,3,0,0,0,0,0
340789,1,1,1996,0,0,0,0,0,0,0,0,0,0
340789,2,1,1996,0,0,0,0,0,0,0,0,0,0
340790,1,1,1996,0,9,0,0,0,0,0,0,0,0
340790,2,1,1996,0,0,0,0,0,0,0,0,0,0
340791,1,1,1996,38,38,38,38,38,38,38,38,38,38
340792,1,1,1996,0,0,0,0,0,0,0,0,0,0
340793,0,1,1996,0,0,0,0,0,0,0,0,0,0
340793,1,1,1996,8,21,0,21,0,0,0,28,0,0
340794,0,1,1996,21,24,0,25,16,18,28,2,0,20
340794,1,1,1996,0,0,0,0,0,0,0,0,0,0
340795,0,1,1996,0,0,0,0,0,0,0,0,0,0
340795,1,1,1996,15,15,15,15,15,15,15,15,15,15
340796,1,1,1996,14,14,14,14,14,14,14,14,14,14
340797,1,1,1996,0,0,0,0,15,0,2,0,0,0
340797,2,1,1996,0,0,0,0,0,0,0,0,0,0
340797,3,1,1996,0,6,0,0,0,0,0,0,0,0
340798,1,1,1996,0,0,0,0,0,0,0,0,0,0
340798,2,1,1996,0,0,0,0,0,0,0,0,0,0
340799,0,1,1996,0,0,0,0,0,0,0,0,0,0
340799,1,1,1996,0,0,0,12,0,0,0,0,0,0
340799,2,1,1996,19,0,0,0,0,0,17,0,0,0
340800,1,1,1996,0,0,0,0,0,0,0,0,0,0
340800,2,1,1996,0,0,0,0,0,0,0,0,0,0
340800,3,1,1996,0,0,0,0,0,0,0,0,0,0
340801,1,1,1996,0,0,0,0,0,7,10,8,17,0
340802,1,1,1996,0,0,18,0,0,0,0,0,0,28
340803,1,1,1996,0,0,0,0,0,0,0,0,0,0
340804,1,1,1996,0,0,0,0,0,0,0,0,0,0
340805,1,1,1996,0,0,0,0,0,0,0,0,0,0
340805,2,1,1996,0,0,0,0,0,0,0,0,0,0
350001,2,1,1996,0,0,0,0,0,0,0,0,0,0
350002,1,1,1996,19,19,19,19,19,19,19,19,19,19
350003,1,1,1996,0,0,0,0,0,0,0,0,0,0
350003,2,1,1996,0,0,0,0,0,0,0,0,0,0
350003,3,1,1996,0,0,0,0,0,0,0,0,0,0
350004,1,1,1996,0,0,0,0,0,0,0,0,0,0
350004,2,1,1996,0,0,0,0,0,0,0,0,0,0
350005,0,1,1996,18,18,18,18,18,18,18,18,18,18
350005,1,1,1996,0,0,0,0,0,0,0,0,0,0
350006,1,1,1996,26,22,14,22,0,13,26,26,21,19
350007,0,1,1996,32,32,32,32,32,32,32,32,32,32
350007,1,1,1996,0,4,0,0,0,0,0,0,0,0
350008,1,1,1996,0,0,0,0,0,0,0,0,0,0
350008,2,1,1996,0,0,0,0,0,0,0,0,0,0
350009,1,1,1996,0,0,0,0,0,0,0,0,0,0
350009,2,1,1996,16,16,16,16,16,16,16,16,16,16
350010,0,1,1996,0,0,0,0,0,0,0,0,0,0
350010,1,1,1996,0,0,39,0,13,0,5,36,0,0
350011,1,1,1996,0,0,0,0,0,0,0,0,0,0
350012,1,1,1996,0,0,0,0,0,0,0,0,0,0
350013,1,1,1996,0,0,0,0,0,0,0,0,0,0
350013,2,1,1996,0,12,16,15,7,19,24,0,16,6
350014,1,3,1996,0,0,22,0,0,0,0,8,0,17
350015,0,1,1996,23,23,23,23,23,23,23,23,23,23
350015,1,1,1996,0,0,14,0,0,0,0,6,0,0
350016,1,1,1996,0,0,0,0,0,0,0,0,0,0
350017,1,1,1996,17,32,11,26,22,34,14,23,9,26
350018,1,1,1996,29,29,29,29,29,29,29,29,29,29
350018,2,1,1996,0,0,0,0,0,0,0,0,0,0
350018,3,1,1996,0,0,0,0,0,0,0,0,0,3
350019,1,1,1996,0,0,0,0,0,0,0,0,0,0
350019,2,1,1996,0,0,0,0,0,0,0,0,0,0
350020,1,1,1996,14,26,20,15,20,9,10,17,9,23
350020,2,1,1996,0,25,0,0,0,0,0,0,0,0
350021,1,1,1996,0,0,0,0,0,0,0,0,0,0
350021,2,1,1996,0,0,0,0,0,0,0,0,0,0
350022,1,1,1996,0,0,0,0,0,0,0,0,0,0
350022,2,1,1996,0,0,17,11,0,0,0,0,12,6
350023,1,1,1996,0,0,0,0,0,0,0,0,0,0
350023,2,1,1996,0,0,0,0,0,0,0,0,0,0
350024,1,1,1996,0,0,0,0,0,0,0,0,0,0
350024,2,1,1996,17,17,17,17,17,17,17,17,17,17
350025,0,1,1996,31,31,31,31,31,31,31,31,31,31
350025,1,1,1996,32,0,0,0,0,0,0,0,0,12
350026,1,1,1996,0,0,0,0,0,0,0,0,0,0
350027,1,1,1996,10,10,10,10,10,10,10,10,10,10
350027,2,1,1996,0,0,0,0,0,0,16,0,0,0
350028,0,1,1996,31,31,31,31,31,31,31,31,31,31
350028,1,1,1996,12,0,0,0,0,0,0,11,0,17
350028,2,1,1996,0,21,0,0,0,0,0,0,0,0
350029,1,1,1996,11,9,7,18,19,4,21,0,8,15
350029,2,1,1996,5,17,10,20,3,0,7,10,8,15
350030,1,1,1996,1,1,1,1,1,1,1,1,1,1
350031,1,1,1996,0,0,0,0,0,0,0,0,0,0
350031,2,1,1996,0,0,0,0,0,0,0,0,0,0
350032,1,1,1996,28,28,28,28,28,28,28,28,28,28
350033,1,1,1996,20,20,20,20,20,20,20,20,20,20
350034,1,1,1996,24,24,24,24,24,24,24,24,24,24
350035,1,1,1996,15,11,8,26,10,15,0,13,12,5
350035,2,1,1996,2,8,14,17,12,2,10,8,9,21
350036,1,1,1996,8,8,8,8,8,8,8,8,8,8
350037,1,1,1996,14,14,14,14,14,14,14,14,14,14
350037,2,1,1996,0,0,0,0,0,0,0,0,0,0
350038,1,1,1996,13,13,13,13,13,13,13,13,13,13
350039,1,1,1996,0,0,0,0,0,0,0,0,20,0
350039,2,1,1996,0,0,0,0,0,0,0,0,0,0
350040,1,1,1996,0,0,0,13,14,0,0,0,0,0
350040,2,1,1996,1,1,1,1,1,1,1,1,1,1
350040,3,1,1996,0,0,0,0,0,0,0,0,0,0
350040,4,1,1996,0,0,4,0,0,0,0,0,0,0
350040,5,1,1996,0,0,0,0,0,0,0,0,0,0
350040,6,1,1996,0,0,0,0,0,0,0,0,0,0
350041,1,1,1996,27,15,31,12,22,15,10,24,10,16
350041,2,1,1996,21,21,21,21,21,21,21,21,21,21
350042,1,1,1996,0,0,0,0,0,0,0,0,0,0
350043,0,1,1996,17,17,17,17,17,17,17,17,17,17
350043,1,1,1996,0,0,0,0,0,0,0,0,0,0
350044,0,1,1996,28,28,28,28,28,28,28,28,28,28
350044,1,1,1996,0,0,0,0,0,0,0,0,0,0
350045,1,1,1996,0,0,0,0,0,0,0,0,0,0
350046,1,1,1996,0,0,0,0,0,0,0,0,0,0
350047,1,1,1996,0,0,0,0,16,0,0,0,0,0
350047,2,1,1996,0,0,0,0,0,0,0,0,0,0
350047,3,1,1996,0,0,0,0,0,0,0,0,0,0
350047,4,1,1996,7,7,7,7,7,7,7,7,7,7
350048,1,1,1996,28,13,15,23,24,22,10,10,6,14
350049,1,1,1996,0,0,0,0,0,0,0,0,0,0