ST_CASE,VEH_NO,PER_NO,YEAR,P1,P2,P3,P4,P5,P6,P7,P8,P9,P10
360183,0,1,1996,0,0,0,0,0,0,0,0,0,0
360183,1,1,1996,0,0,0,0,0,0,0,0,0,0
360184,1,1,1996,20,20,20,20,20,20,20,20,20,20
360185,1,1,1996,3,3,3,3,3,3,3,3,3,3
360185,2,1,1996,0,0,0,0,0,0,0,0,0,0
360186,0,1,1996,0,0,0,0,0,0,0,0,0,0
360186,1,1,1996,0,0,0,0,0,0,0,0,0,0
360187,1,1,1996,22,22,22,22,22,22,22,22,22,22
360188,1,1,1996,0,0,0,0,10,0,0,0,0,0
360189,1,1,1996,0,0,0,0,0,0,0,0,0,0
360189,2,1,1996,0,0,0,0,0,0,0,0,0,0
360190,1,1,1996,2,2,2,2,2,2,2,2,2,2
360191,1,1,1996,0,0,0,0,0,0,0,0,0,0
360191,2,1,1996,0,0,0,0,0,0,0,0,0,0
360192,1,1,1996,18,18,18,18,18,18,18,18,18,18
360193,1,1,1996,0,0,0,0,0,0,0,0,0,0
360193,2,1,1996,0,0,0,0,0,0,0,0,0,0
360194,0,1,1996,34,26,0,0,0,0,0,0,0,0
360194,1,1,1996,0,0,0,0,0,0,0,0,0,0
360195,1,1,1996,0,0,0,0,0,0,0,0,16,0
360196,1,1,1996,23,23,23,23,23,23,23,23,23,23
360197,1,1,1996,0,0,0,0,0,0,0,0,0,0
360198,1,1,1996,0,0,0,0,0,0,0,0,0,0
360199,1,1,1996,0,0,0,0,0,0,0,0,0,0
360200,1,1,1996,0,0,0,0,0,0,0,0,0,0
360200,2,1,1996,0,5,0,0,0,0,0,0,0,0
360201,0,1,1996,21,22,14,18,0,41,9,6,8,13
360201,1,1,1996,0,0,0,0,0,0,0,0,0,0
360201,2,1,1996,0,0,0,0,0,0,0,0,0,0
360201,3,1,1996,0,0,0,0,0,0,0,0,0,0
360202,1,1,1996,11,11,11,11,11,11,11,11,11,11
360202,2,1,1996,0,0,0,0,0,0,0,0,0,0
360203,1,1,1996,0,0,0,0,0,0,0,0,0,0
360203,2,1,1996,0,0,0,0,0,0,0,0,0,0
360204,1,1,1996,0,0,0,0,0,0,19,0,0,0
360204,2,1,1996,0,0,0,0,0,0,0,0,0,0
360205,0,1,1996,20,20,20,20,20,20,20,20,20,20
360205,1,1,1996,0,0,8,0,0,0,0,0,0,0
360206,0,1,1996,0,0,0,0,0,0,0,0,0,0
360206,1,1,1996,0,0,0,0,0,0,0,0,0,0
360207,0,1,1996,0,25,0,19,0,20,27,0,22,0
360207,1,1,1996,0,0,0,0,0,0,0,0,0,0
360208,1,1,1996,0,0,0,0,0,0,25,0,0,0
360208,2,1,1996,0,0,0,0,0,0,0,0,0,0
360209,1,1,1996,0,0,0,0,0,0,0,0,0,0
360209,2,1,1996,0,0,0,0,0,0,0,0,0,0
360210,1,1,1996,0,0,0,0,0,0,0,0,0,0
360210,2,1,1996,0,0,0,0,0,0,0,0,0,0
360210,3,1,1996,0,0,0,0,0,0,0,0,0,0
360211,1,1,1996,0,0,0,0,0,0,0,0,0,0
360212,0,1,1996,0,0,0,0,0,0,0,0,0,0
360212,1,1,1996,0,0,0,0,0,0,0,0,0,0
360213,0,1,1996,0,0,0,0,0,0,0,0,0,0
360213,1,1,1996,0,0,0,0,0,0,0,0,0,0
360214,0,1,1996,0,27,0,0,0,0,31,0,0,0
360214,1,1,1996,0,6,0,0,0,0,0,0,0,0
360214,2,1,1996,0,0,0,0,0,0,0,0,0,0
360214,3,1,1996,0,0,0,0,0,0,0,0,0,0
360215,1,1,1996,0,0,0,0,0,0,0,0,0,0
360215,2,1,1996,0,0,0,0,0,0,0,0,0,0
360216,1,1,1996,0,0,0,0,0,0,0,0,0,0
360216,2,1,1996,0,0,0,0,0,0,0,0,0,0
360217,1,1,1996,0,0,0,0,0,0,0,0,0,0
360217,2,2,1996,0,0,0,0,0,0,0,0,0,0
360218,1,1,1996,0,0,0,0,0,0,0,0,0,0
360218,2,1,1996,0,0,0,0,0,0,0,0,0,0
360218,3,1,1996,0,0,0,0,0,0,0,0,0,0
360218,4,1,1996,0,0,0,0,0,0,0,0,0,0
360219,1,1,1996,0,0,0,0,0,0,0,0,0,0
360219,2,1,1996,0,0,0,0,0,0,0,0,0,0
360220,1,1,1996,0,0,0,0,0,0,0,0,0,0
360220,2,1,1996,0,0,0,0,0,0,0,0,0,0
360221,1,1,1996,0,0,0,0,0,0,0,0,0,0
360222,1,1,1996,24,24,24,24,24,24,24,24,24,24
360223,1,1,1996,0,0,0,0,0,0,0,0,0,0
360223,2,1,1996,0,0,0,0,0,0,0,5,0,0
360223,3,1,1996,0,0,0,0,0,0,0,0,0,0
360223,4,1,1996,0,0,0,0,0,0,0,0,0,0
360223,5,1,1996,0,0,0,0,0,10,0,0,0,0
360224,1,1,1996,25,0,0,2,0,0,0,0,16,0
360225,1,1,1996,10,14,11,10,15,9,20,23,10,8
360225,2,1,1996,0,0,0,0,0,0,0,0,0,0
360226,1,1,1996,0,0,0,0,0,0,0,0,0,0
360227,1,1,1996,3,3,3,3,3,3,3,3,3,3
360228,1,1,1996,28,10,5,21,5,12,24,18,14,14
360229,1,1,1996,0,0,0,0,0,0,0,0,0,0
360230,1,1,1996,0,0,0,0,0,0,0,0,0,0
360231,0,1,1996,0,0,0,0,0,0,0,0,0,0
360231,1,1,1996,14,0,0,0,0,0,4,0,10,0
360232,1,1,1996,0,0,0,0,0,0,0,0,0,0
360232,2,1,1996,0,0,0,0,0,0,0,0,0,0
360233,1,1,1996,0,0,0,0,0,0,0,0,0,0
360233,2,1,1996,0,0,0,0,0,0,0,0,0,0
360234,1,1,1996,0,0,0,0,0,0,0,0,0,0
360234,2,1,1996,0,0,0,0,21,0,0,0,0,0
360235,0,1,1996,0,0,0,0,0,0,0,0,0,0
360235,1,1,1996,0,0,0,0,0,0,0,0,20,13
360236,0,1,1996,0,0,0,0,0,0,0,0,0,0
360236,1,1,1996,0,0,0,0,0,0,0,0,0,0
360237,1,1,1996,27,27,27,27,27,27,27,27,27,27
360238,0,1,1996,0,0,0,0,0,0,0,0,0,0
360238,1,1,1996,0,0,0,0,0,0,0,0,0,0
360239,1,1,1996,0,2,10,6,15,10,22,11,4,2
360239,2,1,1996,0,0,0,0,0,0,0,0,0,0
360240,1,1,1996,0,0,0,0,0,0,0,0,0,0
360240,2,1,1996,0,0,0,0,0,0,0,0,0,0
360241,0,1,1996,0,0,0,0,0,0,0,0,0,0
360241,1,1,1996,26,0,0,0,0,0,0,0,0,0
360242,0,1,1996,22,0,0,0,0,12,0,0,0,0
360242,1,1,1996,0,0,0,0,0,0,0,0,0,0
360243,1,1,1996,0,0,0,0,0,0,0,0,0,0
360243,2,1,1996,0,0,0,0,0,0,0,0,0,0
360243,3,1,1996,0,0,0,0,0,0,0,0,0,0
360244,1,1,1996,0,0,0,0,0,0,0,0,0,0
360244,2,1,1996,0,0,0,0,0,0,0,0,0,0
360245,1,1,1996,0,0,0,0,0,0,0,0,0,0
360245,2,1,1996,0,0,0,0,0,0,0,0,0,0
360246,1,1,1996,0,0,0,0,0,0,0,0,0,0
360246,2,1,1996,0,0,0,0,0,0,0,0,0,0
360247,1,1,1996,0,0,0,0,0,0,0,0,0,0
360247,2,1,1996,0,0,0,0,0,0,0,0,0,0
360249,1,1,1996,11,0,0,0,0,0,10,0,0,0
360250,1,1,1996,16,6,31,14,8,14,7,16,17,9
360250,2,1,1996,11,4,21,11,3,0,16,7,5,21
360251,1,1,1996,14,12,9,12,25,5,11,15,6,12
360252,1,1,1996,0,0,0,0,0,0,0,0,0,0
360253,1,1,1996,0,0,0,0,0,0,0,0,0,0
360253,2,1,1996,0,0,0,0,0,0,0,0,0,0
360254,1,1,1996,0,0,18,0,0,0,0,0,0,0
360254,2,1,1996,0,0,0,0,0,0,0,0,0,0
360255,1,1,1996,0,0,0,0,0,0,0,0,0,0
360255,2,1,1996,0,0,0,0,0,0,0,0,0,0
360256,1,1,1996,0,0,0,0,0,12,0,0,0,0
360257,1,1,1996,0,0,0,0,0,0,0,0,0,0
360257,2,1,1996,0,0,0,0,0,0,0,0,0,0
360258,1,1,1996,0,0,0,0,0,0,0,0,0,0
360258,2,1,1996,0,0,0,0,0,0,0,0,0,0
360258,3,1,1996,3,0,0,0,0,0,0,0,0,0
360258,4,1,1996,0,0,0,0,0,0,0,0,0,26
360258,5,1,1996,0,0,0,0,0,0,0,0,0,0
360258,6,1,1996,0,0,0,0,0,0,0,0,0,0
360259,0,1,1996,0,0,0,0,0,0,0,0,0,0
360259,1,1,1996,0,0,0,0,0,0,0,0,0,0
360260,1,1,1996,0,0,0,0,0,0,0,0,0,0
360260,2,4,1996,0,0,0,0,0,0,0,0,0,0
360260,3,1,1996,0,0,0,0,0,0,0,0,0,0
360261,0,1,1996,0,0,0,28,0,26,0,0,0,0
360261,1,1,1996,0,0,0,0,0,0,0,0,0,0
360262,1,1,1996,0,0,0,0,0,0,0,0,0,0
360262,2,1,1996,0,0,0,0,27,0,4,0,0,6
360263,0,1,1996,0,0,0,0,0,0,0,0,0,0
360263,1,1,1996,0,0,0,0,0,0,0,0,0,0
360264,0,1,1996,0,0,0,0,0,0,0,0,0,0
360264,1,1,1996,0,0,0,0,0,0,0,0,0,0
360265,0,1,1996,0,0,0,0,0,0,0,0,0,0
360265,1,1,1996,0,0,0,0,0,0,0,0,0,0
360266,1,1,1996,0,0,0,0,0,0,0,0,0,0
360267,1,1,1996,0,0,0,0,0,0,0,0,0,0
360267,2,1,1996,0,0,0,0,0,0,0,0,0,0
360268,1,1,1996,0,0,0,0,0,0,0,0,0,0
360268,2,1,1996,0,0,0,0,0,0,0,0,0,0
360269,0,1,1996,0,0,0,0,0,0,0,0,0,0
360269,1,1,1996,0,9,0,0,0,0,0,23,0,0
360270,1,1,1996,0,0,0,11,0,0,0,0,0,0
360271,1,1,1996,0,0,0,0,0,0,0,0,0,0
360272,0,1,1996,0,0,0,0,0,0,0,0,0,0
360272,1,1,1996,0,0,0,0,0,0,0,0,0,0
360273,1,2,1996,0,23,0,10,16,0,0,0,0,0
360274,1,1,1996,0,0,0,0,0,0,0,0,0,0
360274,2,1,1996,0,0,0,0,0,0,0,0,0,0
360275,1,1,1996,14,14,14,14,14,14,14,14,14,14
360276,1,1,1996,0,0,0,0,0,0,0,0,0,0
360277,1,1,1996,0,0,0,0,0,0,0,0,0,0
360277,2,1,1996,0,0,0,0,0,0,0,0,0,0
360278,1,1,1996,0,0,0,0,0,0,0,0,0,0
360278,2,1,1996,0,0,0,0,0,0,0,0,0,0
360279,1,1,1996,16,16,16,16,16,16,16,16,16,16
360280,1,1,1996,0,0,0,0,0,0,0,0,0,0
360280,2,1,1996,0,0,10,0,0,0,0,0,0,0
360280,3,1,1996,0,0,0,0,0,0,0,0,0,0
360281,1,1,1996,14,14,14,14,14,14,14,14,14,14
360282,1,1,1996,0,0,0,0,0,0,0,0,0,0
360282,2,1,1996,0,0,0,0,0,0,0,0,0,0
360283,1,1,1996,0,0,17,0,0,0,0,0,0,0
360283,2,1,1996,32,10,20,16,17,3,15,14,20,20
360284,1,1,1996,0,0,0,0,0,0,0,0,0,0
360284,2,1,1996,0,0,0,0,0,0,0,0,0,0
360285,1,1,1996,0,0,0,0,0,0,0,0,0,0
360285,2,1,1996,0,0,0,0,0,0,0,0,0,0
360286,0,1,1996,0,0,0,0,0,0,0,0,0,0
360286,1,1,1996,0,0,0,0,0,0,0,0,0,0
360287,0,1,1996,0,0,0,0,0,0,0,0,15,0
360287,1,1,1996,0,0,0,0,0,0,0,2,14,14
360288,1,1,1996,0,0,0,0,0,0,0,0,0,0
360288,2,1,1996,0,0,0,0,0,0,0,0,0,0
360288,3,1,1996,0,0,0,0,0,0,0,0,0,0
360289,1,1,1996,0,0,0,0,0,0,0,0,0,0
360289,2,1,1996,0,14,0,0,0,24,0,0,0,0
360290,1,1,1996,0,0,0,0,0,0,0,0,0,0
360290,2,1,1996,0,0,0,0,0,0,0,0,0,0
360291,1,1,1996,13,16,41,16,6,16,17,14,12,7
360292,1,1,1996,0,0,0,0,0,0,0,0,0,0
360292,2,1,1996,0,0,0,0,0,0,0,0,0,0
360293,1,1,1996,0,0,0,0,0,0,0,0,0,0
360293,2,1,1996,0,0,0,0,0,0,0,0,0,0
360294,1,1,1996,0,0,0,0,0,0,0,0,0,0
360295,0,1,1996,0,0,0,0,0,0,0,0,0,0
360295,1,1,1996,0,0,0,0,0,0,0,0,0,0
360296,1,1,1996,13,26,10,8,19,11,12,6,16,18
360297,1,1,1996,0,0,0,0,0,0,0,0,0,0
360297,2,1,1996,23,8,3,16,6,13,11,9,20,16
360299,1,1,1996,39,39,39,39,39,39,39,39,39,39
360300,1,1,1996,20,11,6,22,11,13,17,9,25,16
360300,2,1,1996,0,0,0,0,0,0,0,6,0,0
360301,0,1,1996,0,0,0,0,0,0,0,0,0,0
360301,1,1,1996,0,0,0,0,0,0,0,0,0,0
360302,0,1,1996,0,0,0,0,0,0,0,0,0,0
360302,1,1,1996,9,0,0,0,0,0,0,0,0,0
360303,1,1,1996,0,0,0,6,0,0,0,0,0,0
360303,2,1,1996,0,0,0,0,0,0,0,0,0,0
360304,0,1,1996,0,0,0,0,0,0,0,0,0,0
360304,0,2,1996,0,0,0,0,0,0,6,0,0,18
360304,1,1,1996,17,18,28,24,27,12,29,0,0,41
360305,1,1,1996,0,0,0,0,0,0,0,0,0,0
360305,2,1,1996,0,0,0,0,0,0,0,0,0,0
360306,1,1,1996,23,25,26,12,12,13,17,11,17,22
360306,2,1,1996,0,0,0,0,0,0,0,0,14,0
360307,1,1,1996,0,0,0,0,0,0,0,0,0,0
360307,2,2,1996,15,0,9,21,29,15,8,11,12,12
360308,1,1,1996,0,0,0,0,0,0,0,0,0,0
360308,2,1,1996,0,0,0,0,0,0,0,0,0,0
360309,0,1,1996,7,7,7,7,7,7,7,7,7,7
360309,1,1,1996,0,0,0,8,0,0,0,0,0,0
360310,1,1,1996,0,0,0,0,8,0,21,0,20,0
360311,1,1,1996,0,0,0,0,0,0,0,0,0,0
360311,2,1,1996,0,0,0,0,0,0,0,0,0,0
360312,1,1,1996,0,0,0,0,0,0,16,0,0,0
360313,0,1,1996,0,4,0,0,0,0,0,0,0,0
360313,1,1,1996,0,0,0,0,0,0,0,0,0,0
360314,1,1,1996,0,0,0,0,0,0,0,0,0,25
360314,2,1,1996,0,0,0,0,0,0,0,0,0,0
360314,3,1,1996,0,0,0,0,0,0,0,0,0,0
360315,1,1,1996,8,0,0,0,0,0,0,0,12,0
360316,0,1,1996,0,0,0,0,0,0,0,0,0,0
360316,1,1,1996,12,11,15,6,27,15,13,13,16,9
360317,0,1,1996,17,0,0,13,24,28,0,12,0,15
360317,1,1,1996,0,12,0,0,0,0,0,0,18,0
360318,1,1,1996,0,0,0,0,0,0,0,0,0,5
360318,2,1,1996,0,0,0,0,0,0,0,0,0,0
360319,1,1,1996,0,0,8,0,0,12,0,6,0,0
360319,2,1,1996,15,0,15,0,16,11,15,24,7,24
360320,0,1,1996,0,0,0,0,0,0,0,0,0,0
360320,1,1,1996,23,5,17,8,17,11,15,11,7,5
360321,0,1,1996,0,0,0,0,0,0,0,0,0,0
360321,1,1,1996,20,0,0,0,0,0,0,0,0,0
360322,0,1,1996,0,0,0,0,0,0,0,0,0,0
360322,1,1,1996,0,0,0,0,0,0,0,0,0,0
360323,1,1,1996,0,0,0,0,0,0,0,0,0,0
360324,1,1,1996,0,0,0,0,0,0,0,0,0,0
360325,1,1,1996,27,27,27,27,27,27,27,27,27,27
360326,1,1,1996,0,0,0,0,11,0,0,0,0,0
360327,0,1,1996,10,10,10,10,10,10,10,10,10,10
360327,1,1,1996,0,5,0,14,11,2,0,0,0,0
360328,1,1,1996,22,22,22,22,22,22,22,22,22,22
360329,0,1,1996,0,0,0,0,0,0,0,0,0,0
360329,1,1,1996,0,0,0,0,0,0,0,0,0,0
360330,0,1,1996,0,0,0,0,0,0,0,0,0,0
360330,1,1,1996,0,0,0,0,0,0,0,19,0,0
360331,1,1,1996,0,0,0,0,0,0,0,0,0,0
360332,1,1,1996,0,0,0,0,0,0,0,0,0,0
360332,2,1,1996,0,0,0,0,0,0,0,0,0,0
360332,3,1,1996,0,0,0,0,0,0,0,0,0,0
360333,1,1,1996,23,23,23,23,23,23,23,23,23,23
360334,1,1,1996,26,13,11,18,19,11,14,18,16,17
360335,1,1,1996,0,0,0,0,0,0,0,9,0,0
360336,1,1,1996,17,12,13,9,10,35,10,22,12,31
360337,1,1,1996,7,7,7,7,7,7,7,7,7,7
360338,1,1,1996,0,0,0,0,0,0,0,0,0,0
360338,2,1,1996,13,0,0,0,0,0,0,20,0,0
360339,0,1,1996,0,0,0,0,0,0,0,0,0,0
360339,1,1,1996,0,0,0,0,0,0,0,0,0,0
360340,1,1,1996,0,0,0,0,0,0,0,0,0,0
360340,2,1,1996,6,6,6,6,6,6,6,6,6,6
360341,1,1,1996,8,28,11,13,23,22,5,27,24,17
360342,1,1,1996,16,7,15,17,3,5,18,11,13,26
360342,2,1,1996,17,17,17,17,17,17,17,17,17,17
360343,0,1,1996,28,0,0,0,32,0,0,0,0,0
360343,1,1,1996,0,10,0,0,0,0,0,0,0,0
360344,0,1,1996,0,0,0,0,0,0,0,0,0,0
360344,1,1,1996,0,10,0,0,0,0,0,0,0,0
360345,1,1,1996,0,0,0,0,0,0,0,0,0,0
360345,2,1,1996,0,0,0,0,0,0,0,0,0,0
360346,1,1,1996,16,16,16,16,16,16,16,16,16,16
360347,1,1,1996,0,0,0,0,0,0,0,0,0,0
360347,2,1,1996,18,32,24,14,5,12,14,12,18,10
360348,1,1,1996,0,0,15,13,0,0,0,11,0,0
360348,2,1,1996,0,0,0,0,0,0,28,0,0,0
360349,1,1,1996,0,0,0,0,0,0,0,0,0,0
360350,0,1,1996,0,0,0,0,0,0,0,0,0,0
360350,1,1,1996,0,0,0,0,0,0,0,0,0,0
360351,1,1,1996,0,0,0,0,0,0,8,0,0,26
360352,1,1,1996,0,0,0,0,0,0,0,0,0,0
360353,1,1,1996,0,0,0,0,0,0,0,0,0,24
360353,2,1,1996,0,0,0,0,0,0,0,0,0,0
360354,0,1,1996,0,0,0,0,0,0,0,0,0,0
360354,1,1,1996,0,0,0,0,0,0,0,0,0,0
360355,0,1,1996,4,29,0,0,0,0,0,34,0,0
360355,1,1,1996,0,0,0,0,0,0,0,0,0,0
360355,2,1,1996,17,0,0,0,0,20,15,0,0,0
360356,1,1,1996,0,16,0,0,0,0,0,0,0,0
360356,2,1,1996,0,0,0,0,0,28,0,0,0,0
360357,1,1,1996,0,0,0,0,0,0,0,0,0,0
360357,2,1,1996,0,0,0,0,0,0,0,0,0,0
360358,1,1,1996,4,4,4,4,4,4,4,4,4,4
360358,2,1,1996,0,0,0,0,0,0,0,0,0,0
360359,0,1,1996,0,0,0,0,0,0,0,0,0,0
360359,1,1,1996,0,0,0,0,0,0,0,0,0,0
360360,0,1,1996,0,0,0,0,0,0,16,0,0,0
360360,1,1,1996,0,0,0,0,0,0,0,0,0,0
360361,1,1,1996,7,13,21,9,15,18,8,17,17,9
360361,2,1,1996,16,14,12,22,10,17,14,17,6,21
360361,3,1,1996,0,0,0,0,0,0,0,0,0,0
360362,1,1,1996,15,15,15,15,15,15,15,15,15,15
360363,1,1,1996,0,13,0,20,11,0,34,8,0,29
360364,1,1,1996,9,9,9,9,9,9,9,9,9,9
360365,1,1,1996,15,18,20,10,0,21,12,10,23,14
360366,1,1,1996,0,0,0,0,0,0,0,0,0,0
360367,1,1,1996,0,0,0,0,0,0,0,0,0,0
360367,2,1,1996,0,0,0,0,0,0,0,0,0,0
360368,0,1,1996,0,0,0,0,0,0,0,0,0,0
360368,1,1,1996,0,0,13,0,0,0,0,0,0,0
360369,1,1,1996,0,0,0,0,0,0,0,0,0,0
360369,2,1,1996,0,0,0,0,0,0,0,0,0,0
360370,1,1,1996,0,0,0,17,9,0,0,0,0,0
360370,2,1,1996,0,0,0,0,0,18,0,0,0,0
360371,1,1,1996,0,0,8,0,0,0,0,0,0,0
360372,1,1,1996,20,0,0,0,0,0,27,13,0,0
360373,0,1,1996,0,0,0,0,0,0,0,0,0,26
360373,0,2,1996,0,0,35,0,0,0,0,0,0,0
360373,1,1,1996,0,0,0,0,0,0,0,0,0,0
360373,2,1,1996,0,0,0,14,0,0,0,0,0,0
360374,1,1,1996,0,0,0,0,0,0,0,0,0,0
360375,1,1,1996,0,0,0,0,0,0,0,0,0,0
360376,0,1,1996,0,11,20,0,0,0,0,0,0,0
360376,1,1,1996,15,15,15,15,15,15,15,15,15,15
360377,1,1,1996,0,0,0,0,0,0,0,0,0,0
360377,2,1,1996,0,0,0,0,0,0,0,0,0,0
360377,3,1,1996,0,0,0,0,0,0,17,0,0,0
360378,1,1,1996,9,9,9,9,9,9,9,9,9,9
360378,2,1,1996,0,0,0,3,0,4,6,0,0,16
360379,1,1,1996,0,0,0,0,0,0,0,0,0,0
360379,2,1,1996,0,0,0,0,0,0,0,27,0,0
360380,0,1,1996,7,0,0,0,9,0,18,0,0,0
360380,1,1,1996,0,0,0,0,0,0,0,0,0,0
360381,1,1,1996,0,0,0,0,0,0,0,0,0,0
360381,2,1,1996,0,0,0,0,0,0,0,0,0,16
360382,1,1,1996,0,0,0,0,0,0,0,0,0,0
360382,2,1,1996,0,0,0,0,0,0,0,0,0,0
360383,0,1,1996,0,0,0,0,0,0,0,0,0,0
360383,1,1,1996,0,21,19,20,0,0,8,19,0,0
360384,0,1,1996,20,20,20,20,20,20,20,20,20,20
360384,1,1,1996,0,0,0,0,0,15,10,0,0,0
360385,1,1,1996,0,28,31,22,11,0,10,15,24,16
360386,1,1,1996,20,21,0,0,0,0,19,0,0,0
360387,0,1,1996,0,0,0,0,0,0,0,0,0,0
360387,1,1,1996,0,0,0,0,0,0,0,0,0,0
360387,2,1,1996,17,0,0,0,0,0,20,0,0,0
360387,3,1,1996,0,0,0,15,0,0,0,28,0,0
360388,1,1,1996,0,0,0,0,0,0,0,0,0,0
360389,0,1,1996,0,0,0,0,0,0,0,0,0,0
360389,1,1,1996,0,0,0,0,0,0,0,0,0,0
360390,0,1,1996,0,0,0,0,0,0,0,0,0,0
360390,1,1,1996,0,0,0,0,0,0,0,0,0,0
360391,1,1,1996,30,30,30,30,30,30,30,30,30,30
360392,1,1,1996,0,0,0,0,0,0,0,0,0,0
360393,1,1,1996,0,0,0,0,0,0,0,0,0,0
360393,2,1,1996,0,0,0,0,0,0,0,0,0,0
360393,3,1,1996,0,0,0,0,0,0,0,0,0,0
360394,1,1,1996,0,0,0,11,0,0,0,0,0,0
360394,2,1,1996,0,0,0,0,0,0,0,0,0,0
360395,1,1,1996,11,0,0,0,0,0,0,0,0,0
360395,2,1,1996,0,0,0,0,0,0,0,0,0,0
360396,0,1,1996,0,0,0,0,0,0,0,0,0,0
360396,0,2,1996,0,28,21,0,29,13,0,0,12,22
360396,1,1,1996,18,0,0,0,0,0,0,0,7,0
360397,1,1,1996,0,0,0,0,0,0,2,0,0,0
360397,2,1,1996,0,0,0,0,0,0,0,0,0,0
360398,1,1,1996,14,14,14,14,14,14,14,14,14,14
360399,1,1,1996,0,0,0,0,0,0,0,0,0,0
360399,2,1,1996,0,0,0,0,0,0,0,0,0,0
360400,0,1,1996,0,0,0,0,0,0,0,21,0,16
360400,1,1,1996,4,0,0,23,4,0,7,0,0,6
360401,1,1,1996,0,0,0,0,0,0,0,0,0,0
360401,2,1,1996,0,0,0,0,0,0,0,0,0,0
360401,3,1,1996,0,0,0,0,0,0,0,0,0,0
360402,1,1,1996,18,18,18,18,18,18,18,18,18,18
360403,1,1,1996,0,3,10,10,19,6,24,21,5,15
360403,2,1,1996,25,7,11,0,9,8,13,6,10,16
360404,1,1,1996,0,0,0,0,0,0,0,20,0,0
360404,2,1,1996,0,0,0,0,0,0,0,0,0,0
360404,3,1,1996,0,0,0,0,0,0,0,0,0,0
360405,1,1,1996,0,0,0,0,0,0,0,0,0,0
360406,1,1,1996,0,0,12,0,0,0,0,0,0,0
360406,2,1,1996,0,0,0,0,0,0,0,6,0,0
360407,1,1,1996,9,9,9,9,9,9,9,9,9,9
360407,2,1,1996,0,0,0,0,0,0,0,0,0,0
360408,1,1,1996,0,0,0,0,0,0,0,0,0,0
360409,1,1,1996,0,0,0,0,0,0,0,0,0,0
360409,2,1,1996,0,0,0,0,0,0,0,0,0,0
360409,3,1,1996,0,0,0,0,0,0,0,0,0,0
360410,1,1,1996,0,0,0,0,0,0,0,0,0,0
360410,2,1,1996,0,0,0,0,0,0,0,17,0,0
360411,1,1,1996,14,14,14,14,14,14,14,14,14,14
360412,1,1,1996,13,0,0,0,0,0,0,0,0,0
360412,2,1,1996,0,0,0,0,0,0,0,0,0,0
360413,1,1,1996,0,0,0,0,0,0,0,0,0,0
360413,2,1,1996,0,0,0,0,0,0,0,0,0,0
360414,1,1,1996,0,0,0,0,0,0,0,0,0,0
360414,2,1,1996,0,0,0,0,0,0,0,0,0,0
360415,1,1,1996,0,0,0,0,0,0,0,0,0,0
360415,2,1,1996,0,0,0,0,0,0,0,0,0,0
360416,0,1,1996,0,0,0,0,0,0,0,0,0,15
360416,0,2,1996,0,0,0,0,0,0,0,0,0,0
360416,1,1,1996,0,0,0,0,0,0,0,0,0,0
360417,1,1,1996,0,0,0,0,0,0,0,0,0,0
360417,2,1,1996,0,0,0,0,0,0,0,0,0,0
360418,1,1,1996,3,3,3,3,3,3,3,3,3,3
360418,2,1,1996,12,0,0,0,0,0,0,0,0,0
360419,1,1,1996,0,0,0,0,0,0,0,0,0,0
360419,2,1,1996,0,0,9,0,0,0,0,0,0,0
360420,1,1,1996,0,0,0,0,0,0,0,0,0,0
360420,2,1,1996,0,0,0,0,0,0,0,0,0,0
360421,1,1,1996,0,0,0,0,0,0,0,0,0,0
360422,1,1,1996,0,0,0,0,0,0,0,0,0,0
360423,0,1,1996,0,0,0,0,0,0,0,0,0,0
360423,1,1,1996,0,0,0,0,0,0,0,0,0,0
360424,0,1,1996,0,0,0,0,0,0,0,0,0,0
360424,1,1,1996,0,0,0,0,0,0,0,0,0,0
360425,1,1,1996,14,14,14,14,14,14,14,14,14,14
360426,1,1,1996,32,32,32,32,32,32,32,32,32,32
360427,1,1,1996,0,0,0,0,0,0,0,0,0,0
360428,1,1,1996,0,4,15,14,0,11,0,0,13,0
360429,1,1,1996,0,0,0,0,0,0,0,0,0,0
360429,2,1,1996,0,0,0,0,0,0,0,0,0,0
360430,1,1,1996,0,0,0,0,0,0,0,0,0,0
360431,1,1,1996,0,0,0,0,0,0,0,0,0,0
360431,2,1,1996,16,16,16,16,16,16,16,16,16,16
360432,0,1,1996,0,0,0,0,0,0,0,0,0,0
360432,1,1,1996,0,0,0,0,0,0,0,0,0,0
360433,0,1,1996,0,0,0,0,0,0,0,0,0,0
360433,1,1,1996,0,0,0,11,0,0,0,0,0,0
360434,1,1,1996,0,0,0,0,0,0,0,0,0,0
360434,2,1,1996,0,0,0,0,0,11,0,0,0,0
360435,1,1,1996,28,14,21,11,18,4,12,0,5,14
360436,0,1,1996,0,0,0,0,0,0,0,0,0,0
360436,1,1,1996,0,0,0,0,0,0,0,0,0,0
360437,1,1,1996,0,0,0,0,0,0,0,0,0,0
360437,2,1,1996,0,0,0,19,0,13,0,38,0,0
360438,1,1,1996,0,0,0,0,0,0,0,0,0,0
360438,2,1,1996,0,0,0,0,0,0,0,0,0,0
360439,0,1,1996,0,0,0,0,0,0,0,23,0,0
360439,1,1,1996,0,0,0,0,0,0,0,0,0,0
360440,1,1,1996,0,0,0,0,0,0,0,0,0,0
360440,2,1,1996,0,0,0,0,0,0,0,0,0,0
360441,0,1,1996,0,0,0,0,0,0,0,4,0,0
360441,1,1,1996,0,0,0,0,0,9,6,0,0,0
360442,1,1,1996,0,0,0,0,0,0,0,0,0,0
360442,2,1,1996,0,0,0,0,0,0,7,0,0,3