ST_CASE,VEH_NO,PER_NO,YEAR,P1,P2,P3,P4,P5,P6,P7,P8,P9,P10
360443,0,1,1996,14,14,14,14,14,14,14,14,14,14
360443,1,1,1996,0,0,0,0,0,0,0,0,0,0
360444,0,1,1996,0,0,0,0,0,0,0,0,0,0
360444,1,1,1996,0,0,0,0,0,0,0,0,0,0
360445,1,1,1996,0,0,0,23,0,0,0,16,0,0
360446,0,1,1996,21,14,0,0,0,0,0,0,0,0
360446,1,1,1996,0,0,0,0,0,0,0,0,0,0
360447,1,1,1996,0,0,0,0,0,0,0,0,0,0
360448,1,1,1996,0,0,0,0,20,0,0,0,8,0
360449,1,1,1996,0,0,0,0,0,0,0,0,0,0
360450,0,1,1996,0,0,13,0,39,8,0,0,23,0
360450,1,1,1996,0,9,0,0,0,0,0,11,0,0
360451,1,1,1996,0,0,0,0,0,0,0,0,0,0
360451,2,1,1996,0,0,0,0,0,0,0,0,0,0
360452,0,1,1996,0,0,16,0,11,0,8,13,0,0
360452,0,2,1996,0,0,0,0,0,0,0,0,0,0
360452,0,3,1996,0,0,0,0,0,0,0,0,0,0
360452,1,1,1996,0,0,0,0,0,0,0,0,0,0
360453,0,1,1996,0,23,10,18,0,0,13,17,0,0
360453,1,1,1996,0,14,0,27,0,0,0,0,0,0
360454,0,1,1996,0,0,0,0,0,0,0,0,0,0
360454,1,1,1996,0,0,0,0,0,0,0,0,0,0
360454,2,1,1996,0,0,0,0,0,0,0,0,0,0
360455,1,1,1996,0,0,0,0,0,0,0,0,0,0
360455,2,1,1996,7,17,9,12,20,12,7,26,12,14
360456,1,1,1996,0,0,0,0,0,0,0,0,0,0
360456,2,1,1996,0,0,0,0,0,0,0,0,0,0
360457,1,1,1996,5,16,31,14,29,24,20,10,20,23
360458,1,1,1996,0,0,0,0,0,0,0,0,0,0
360459,1,1,1996,0,0,0,0,0,0,0,0,0,0
360460,1,1,1996,0,19,0,0,10,0,39,0,0,0
360460,2,1,1996,7,0,0,12,0,0,0,0,0,0
360461,1,1,1996,0,0,0,0,0,0,0,0,0,0
360461,2,1,1996,0,0,0,0,0,0,0,0,0,0
360462,0,1,1996,0,0,0,0,0,0,0,0,0,0
360462,1,1,1996,0,0,0,0,0,0,0,0,0,18
360463,1,1,1996,0,0,0,0,0,0,0,0,0,0
360463,2,1,1996,0,0,0,20,0,0,0,0,0,0
360464,1,1,1996,20,20,20,20,20,20,20,20,20,20
360465,1,1,1996,0,0,0,0,0,0,0,0,0,0
360465,2,1,1996,0,0,0,0,0,0,0,0,0,0
360466,1,1,1996,0,22,17,8,4,10,7,4,20,7
360467,1,1,1996,9,9,9,9,9,9,9,9,9,9
360468,1,1,1996,0,0,0,0,0,0,0,0,0,0
360468,2,1,1996,0,0,0,0,0,0,0,0,0,0
360469,1,1,1996,8,24,0,0,0,0,0,0,0,0
360470,0,1,1996,0,0,0,0,0,0,0,0,0,0
360470,1,1,1996,0,0,0,0,0,0,10,0,0,0
360471,1,1,1996,18,18,18,18,18,18,18,18,18,18
360472,1,1,1996,0,0,0,0,0,0,0,0,0,0
360473,0,1,1996,8,8,8,8,8,8,8,8,8,8
360473,1,1,1996,21,0,0,0,0,23,0,0,0,0
360474,1,1,1996,0,0,0,0,0,0,0,0,0,0
360474,2,1,1996,0,0,0,0,0,0,0,0,0,0
360475,1,1,1996,0,0,0,0,0,0,0,0,0,0
360475,2,1,1996,0,0,0,0,0,0,0,0,0,0
360476,1,1,1996,8,15,14,14,0,13,14,5,15,18
360477,1,1,1996,0,0,0,0,0,0,0,0,0,0
360477,2,1,1996,4,4,4,4,4,4,4,4,4,4
360478,1,1,1996,18,18,18,18,18,18,18,18,18,18
360479,1,1,1996,0,0,0,0,0,0,0,0,0,0
360479,2,1,1996,8,8,8,8,8,8,8,8,8,8
360480,1,1,1996,0,0,0,0,0,0,0,0,0,0
360480,2,1,1996,0,0,0,0,0,0,0,0,0,0
360481,1,1,1996,0,0,0,0,0,0,0,0,0,0
360481,2,1,1996,0,0,0,0,0,0,0,0,0,0
360482,1,1,1996,0,0,0,0,0,0,0,0,0,0
360482,2,1,1996,5,5,5,5,5,5,5,5,5,5
360483,1,1,1996,0,0,0,0,0,0,0,0,0,7
360483,2,1,1996,0,0,0,0,0,0,0,0,0,0
360484,1,1,1996,0,0,0,0,0,0,0,0,0,0
360484,2,1,1996,0,0,0,0,0,0,0,0,0,0
360485,1,1,1996,0,0,0,0,0,0,0,0,0,0
360485,2,1,1996,0,0,0,0,0,0,0,0,0,0
360486,1,1,1996,12,12,12,12,12,12,12,12,12,12
360487,0,1,1996,7,0,0,0,0,0,0,0,0,0
360487,1,1,1996,0,0,0,0,0,0,0,0,0,0
360488,1,1,1996,0,0,0,0,0,0,0,0,0,0
360488,2,1,1996,0,0,0,0,0,0,0,0,0,0
360489,0,1,1996,0,0,0,0,0,0,0,0,0,0
360489,1,1,1996,0,0,0,0,0,0,0,0,0,0
360490,1,1,1996,28,28,28,28,28,28,28,28,28,28
360491,1,1,1996,8,8,8,8,8,8,8,8,8,8
360492,1,1,1996,0,0,0,0,0,0,0,0,0,0
360493,1,1,1996,0,17,16,0,7,17,28,15,16,22
360494,1,1,1996,13,13,13,13,13,13,13,13,13,13
360495,0,1,1996,0,34,7,0,0,15,0,10,0,0
360495,1,1,1996,0,0,0,0,0,0,0,0,0,0
360495,2,1,1996,0,0,0,0,0,0,0,0,0,15
360496,1,1,1996,0,0,0,0,0,0,0,0,0,0
360497,1,1,1996,11,5,24,3,6,17,7,13,12,12
360497,2,1,1996,10,9,3,12,4,8,8,15,22,0
360497,3,1,1996,0,0,0,0,0,0,22,0,0,6
360498,1,1,1996,0,0,0,0,0,0,0,0,0,0
360498,2,1,1996,0,0,0,0,0,0,0,0,0,0
360499,1,1,1996,0,0,0,0,0,0,0,0,0,0
360500,1,1,1996,0,0,0,0,0,0,0,0,0,0
360501,0,1,1996,0,24,0,35,0,24,0,21,0,44
360501,1,1,1996,0,0,0,0,0,0,0,0,0,0
360502,1,1,1996,0,0,0,0,0,0,0,0,0,0
360502,2,1,1996,0,0,0,0,0,0,0,0,0,0
360503,0,1,1996,0,0,0,0,0,0,0,0,0,0
360503,1,1,1996,0,0,0,0,0,0,0,0,0,0
360504,0,1,1996,0,0,0,0,0,0,0,0,0,0
360504,1,1,1996,0,0,0,0,0,0,0,0,0,16
360505,1,1,1996,0,0,0,0,0,0,0,0,0,0
360505,2,1,1996,0,0,0,0,0,0,0,0,0,0
360506,1,1,1996,0,0,0,0,0,0,0,0,0,0
360506,2,1,1996,0,0,0,0,0,0,0,0,0,0
360507,1,1,1996,0,0,0,0,0,0,0,0,0,0
360508,0,1,1996,0,22,0,22,0,0,0,0,0,0
360508,1,1,1996,20,0,0,0,0,0,0,0,0,0
360509,1,1,1996,36,36,36,36,36,36,36,36,36,36
360510,1,1,1996,21,21,21,21,21,21,21,21,21,21
360511,0,1,1996,0,0,0,0,0,0,0,0,0,0
360511,1,1,1996,0,0,0,0,0,0,0,0,0,0
360512,0,1,1996,0,0,0,0,0,0,0,0,0,0
360512,1,1,1996,3,3,3,3,3,3,3,3,3,3
360513,1,1,1996,12,12,12,12,12,12,12,12,12,12
360514,1,1,1996,0,0,0,0,0,0,0,0,0,0
360514,2,1,1996,0,0,0,0,0,0,0,0,0,0
360514,3,1,1996,0,0,0,0,0,0,0,0,0,0
360514,4,1,1996,0,0,0,0,0,0,0,0,0,0
360515,0,1,1996,0,0,0,14,0,0,0,0,0,0
360515,1,1,1996,0,0,0,0,0,0,0,0,0,0
360516,1,1,1996,8,8,8,8,8,8,8,8,8,8
360517,0,1,1996,0,0,0,0,0,0,0,27,0,20
360517,1,1,1996,0,0,0,0,0,0,0,0,0,0
360518,1,1,1996,0,0,0,0,0,0,0,0,0,0
360518,2,1,1996,0,0,0,0,0,0,0,0,0,0
360519,0,1,1996,0,0,0,0,0,0,0,0,0,0
360519,1,1,1996,0,0,0,0,0,0,0,0,0,0
360520,1,1,1996,0,0,0,0,0,0,0,0,0,0
360520,2,1,1996,0,0,0,0,0,0,0,0,0,0
360521,0,1,1996,0,0,0,0,0,0,0,0,0,0
360521,1,1,1996,0,0,0,0,0,0,0,0,0,0
360522,0,1,1996,0,0,0,0,0,0,0,0,0,0
360522,1,1,1996,14,0,20,0,0,0,0,8,0,0
360523,1,1,1996,0,0,0,0,0,0,0,0,0,0
360524,1,1,1996,0,0,0,0,0,0,0,0,0,0
360525,1,1,1996,0,0,0,0,0,0,0,0,0,0
360525,2,1,1996,0,0,0,0,0,0,0,0,0,0
360526,1,1,1996,0,0,0,0,0,0,0,0,0,0
360527,1,1,1996,0,0,0,0,0,0,0,0,0,0
360527,2,1,1996,0,0,0,0,0,0,0,0,0,0
360528,1,1,1996,0,0,0,0,0,0,0,0,0,0
360528,2,1,1996,0,0,0,0,0,0,0,0,0,0
360529,0,1,1996,0,0,0,0,0,0,0,0,0,0
360529,1,1,1996,0,0,0,0,0,0,0,0,0,0
360530,1,1,1996,25,25,25,25,25,25,25,25,25,25
360532,0,1,1996,0,0,0,0,0,0,0,0,0,0
360532,0,2,1996,0,0,0,0,0,0,0,0,0,0
360532,0,3,1996,0,0,0,0,0,0,0,0,0,0
360532,0,4,1996,0,17,0,0,0,11,0,0,0,0
360532,0,5,1996,0,0,0,0,0,0,0,0,0,0
360532,1,1,1996,0,0,0,0,0,5,4,4,0,12
360533,1,1,1996,0,0,0,0,0,0,0,0,0,0
360533,2,1,1996,0,0,0,0,0,0,0,0,0,0
360534,1,1,1996,0,0,0,27,7,0,0,0,0,0
360535,0,1,1996,0,0,0,0,0,0,0,0,0,0
360535,1,1,1996,0,0,0,0,0,0,0,0,0,0
360536,1,1,1996,0,0,0,0,0,0,0,0,0,0
360536,2,1,1996,0,0,0,0,0,0,0,0,0,0
360537,1,1,1996,18,0,0,0,0,0,0,0,0,0
360537,3,1,1996,0,0,0,0,0,0,0,0,0,0
360538,1,1,1996,0,0,0,0,0,0,0,0,0,0
360538,2,1,1996,0,0,0,0,0,0,0,0,0,0
360539,1,1,1996,0,0,0,0,0,0,0,0,0,0
360539,2,1,1996,0,0,0,0,0,0,0,0,0,0
360540,1,1,1996,0,0,0,0,0,0,0,0,0,0
360540,2,1,1996,0,0,0,0,0,0,0,0,0,0
360541,1,1,1996,0,0,0,0,0,0,0,0,0,0
360541,2,1,1996,0,0,0,0,0,0,0,0,0,0
360542,1,1,1996,0,0,0,0,0,0,0,0,0,0
360543,1,1,1996,0,0,0,0,0,0,0,0,0,0
360544,0,1,1996,0,0,0,0,0,0,0,0,0,0
360544,1,1,1996,0,18,0,9,0,0,17,0,0,0
360545,1,1,1996,0,24,0,0,14,0,0,0,14,0
360546,0,1,1996,29,0,0,0,0,0,0,22,0,0
360546,1,1,1996,0,0,0,0,0,0,11,0,0,0
360547,0,1,1996,0,0,0,0,0,0,0,0,0,24
360547,1,1,1996,0,0,0,0,0,0,0,0,0,0
360548,1,1,1996,0,0,0,0,0,0,0,0,0,0
360549,1,1,1996,13,13,13,13,13,13,13,13,13,13
360549,2,1,1996,0,0,0,10,0,0,0,0,0,0
360550,1,1,1996,0,0,0,0,0,0,12,0,0,0
360550,2,1,1996,0,0,0,0,0,0,0,0,0,0
360551,0,1,1996,0,0,0,0,0,0,0,0,0,0
360551,1,1,1996,0,0,0,0,0,6,0,0,0,0
360552,1,1,1996,0,0,0,0,0,0,0,0,0,0
360552,2,1,1996,0,0,0,0,0,0,0,0,0,0
360553,0,1,1996,0,0,0,0,0,0,0,0,0,0
360553,1,1,1996,0,0,0,0,0,0,0,0,0,0
360554,0,1,1996,0,0,0,0,0,0,0,0,20,0
360554,1,1,1996,0,0,0,0,0,18,0,0,0,0
360555,1,1,1996,0,0,0,0,0,0,0,0,0,0
360556,0,1,1996,0,0,0,0,0,0,0,0,0,0
360556,1,1,1996,14,0,14,13,11,29,7,32,6,13
360557,0,1,1996,0,0,0,0,0,0,0,0,0,0
360557,1,1,1996,0,0,0,0,0,0,0,0,0,0
360558,0,1,1996,0,0,0,0,0,0,0,0,0,0
360558,1,1,1996,0,0,0,0,0,0,0,0,0,0
360559,1,1,1996,0,0,0,0,0,0,0,0,0,0
360559,2,1,1996,0,0,0,0,0,0,0,0,0,0
360560,1,1,1996,7,7,7,7,7,7,7,7,7,7
360560,2,1,1996,0,0,0,0,0,0,0,0,0,0
360561,0,1,1996,0,0,0,0,0,0,0,0,0,0
360561,1,1,1996,0,0,0,0,0,0,0,0,0,0
360562,0,1,1996,0,29,0,0,0,0,0,4,0,0
360562,1,1,1996,10,8,0,0,13,0,11,0,0,2
360563,1,1,1996,0,0,0,0,0,0,0,0,5,0
360563,2,1,1996,0,0,0,0,0,0,0,0,0,0
360564,0,1,1996,0,0,0,0,0,0,0,0,11,0
360564,1,1,1996,0,0,0,0,0,0,0,0,0,0
360565,1,1,1996,0,0,0,0,0,0,0,0,0,0
360565,2,1,1996,0,0,0,0,0,0,0,0,0,0
360565,3,1,1996,0,0,0,0,0,0,0,0,0,0
360566,1,1,1996,0,0,0,0,0,0,0,0,0,0
360566,2,1,1996,0,0,0,0,0,0,0,0,0,0
360567,0,1,1996,38,38,38,38,38,38,38,38,38,38
360567,1,1,1996,0,0,0,0,0,0,0,0,0,0
360568,1,1,1996,0,0,0,0,0,0,0,0,0,0
360568,2,1,1996,0,0,0,0,0,0,0,0,0,0
360569,0,1,1996,0,0,0,15,0,21,0,0,0,0
360569,1,1,1996,0,0,0,0,0,0,0,0,0,0
360570,1,1,1996,0,0,0,0,8,0,0,0,0,0
360571,0,1,1996,0,12,27,20,9,14,14,21,0,19
360571,1,1,1996,0,0,0,0,0,0,0,0,0,0
360572,0,1,1996,0,0,0,0,0,0,0,0,0,0
360572,1,1,1996,0,0,0,0,0,0,0,0,0,0
360573,0,1,1996,0,0,0,0,0,0,0,0,0,0
360573,1,1,1996,0,0,0,0,0,0,0,0,0,0
360574,1,1,1996,0,0,0,0,0,0,0,0,0,0
360575,1,1,1996,0,15,0,0,0,0,0,0,0,23
360576,1,1,1996,0,0,0,0,0,0,0,0,0,0
360577,1,1,1996,6,6,6,6,6,6,6,6,6,6
360578,0,1,1996,0,0,0,0,0,0,0,0,0,0
360578,1,1,1996,0,0,0,0,0,0,0,0,0,0
360579,0,1,1996,0,0,0,0,0,0,0,0,0,0
360579,1,1,1996,4,18,7,31,2,15,13,8,3,29
360579,2,1,1996,0,0,0,0,9,0,0,0,0,0
360580,0,1,1996,0,0,0,0,0,0,0,0,0,0
360580,1,1,1996,0,0,0,0,0,0,0,0,0,0
360581,1,1,1996,0,0,0,0,0,0,0,0,0,0
360581,2,1,1996,0,0,0,0,0,0,0,0,0,0
360582,1,1,1996,6,6,6,6,6,6,6,6,6,6
360583,1,1,1996,0,0,0,0,0,0,0,0,0,0
360584,0,1,1996,0,0,0,0,0,0,0,0,0,0
360584,1,1,1996,0,0,0,0,0,0,16,0,0,0
360585,1,1,1996,0,0,0,0,0,0,0,0,0,0
360585,2,1,1996,0,0,0,0,0,0,0,0,0,0
360586,0,1,1996,0,0,0,0,0,0,0,0,0,0
360586,1,1,1996,0,0,0,0,27,15,0,0,16,0
360587,1,1,1996,0,0,2,0,0,15,0,0,0,30
360588,1,1,1996,23,15,22,16,6,11,31,26,4,14
360588,2,1,1996,0,0,6,0,0,0,0,0,0,0
360589,1,1,1996,0,0,0,0,0,0,0,0,0,0
360590,1,1,1996,0,0,0,0,0,0,0,0,0,0
360590,2,1,1996,0,0,0,0,0,0,0,0,0,0
360591,0,1,1996,0,0,0,0,0,0,0,0,0,0
360591,1,1,1996,0,0,0,0,0,0,0,0,0,0
360592,1,3,1996,0,0,24,30,0,0,29,0,0,0
360593,1,1,1996,16,16,16,16,16,16,16,16,16,16
360594,0,1,1996,0,0,0,0,0,0,0,0,0,0
360594,1,1,1996,19,5,12,28,10,4,30,4,14,16
360595,1,1,1996,0,0,0,0,0,0,0,0,0,0
360596,0,1,1996,34,0,0,0,0,0,0,18,0,0
360596,1,1,1996,0,0,0,0,0,0,0,0,0,0
360597,1,1,1996,0,0,0,0,0,0,0,0,0,0
360597,2,1,1996,0,0,0,0,0,0,0,0,0,0
360598,1,1,1996,14,0,0,0,0,0,0,0,0,10
360599,1,1,1996,0,0,0,0,0,0,0,0,11,0
360599,2,1,1996,0,0,0,0,0,0,0,0,0,10
360600,1,1,1996,0,0,0,0,0,0,0,0,0,0
360601,1,1,1996,0,0,0,0,0,0,0,0,0,0
360602,1,1,1996,18,18,18,18,18,18,18,18,18,18
360603,1,1,1996,0,11,0,0,0,20,23,45,31,0
360604,1,1,1996,0,0,0,0,0,0,0,0,0,0
360605,1,1,1996,17,12,26,19,16,23,21,15,24,18
360606,1,1,1996,0,0,0,0,0,0,0,0,0,0
360606,2,1,1996,0,0,0,0,0,0,0,0,0,0
360607,1,1,1996,0,38,0,0,0,0,0,0,0,0
360607,2,1,1996,0,0,0,0,0,0,0,0,0,0
360609,1,1,1996,0,0,0,0,10,0,0,0,0,0
360610,0,1,1996,0,0,0,0,0,0,0,0,0,0
360610,1,1,1996,0,0,0,0,0,0,0,11,0,19
360611,0,1,1996,40,0,29,33,0,0,0,0,14,0
360611,1,1,1996,0,0,0,19,19,0,0,0,0,0
360612,0,1,1996,0,24,0,28,0,0,0,0,0,31
360612,1,1,1996,0,0,0,0,0,0,14,0,0,8
360613,1,1,1996,0,0,0,0,0,0,0,0,0,0
360613,2,1,1996,0,0,0,0,0,0,0,0,0,0
360614,0,1,1996,0,0,0,0,21,0,23,0,21,0
360614,1,1,1996,0,9,0,0,0,0,0,0,0,0
360615,1,1,1996,0,0,0,0,0,0,0,0,0,0
360615,2,1,1996,0,0,0,0,0,0,0,0,0,0
360616,1,1,1996,0,0,0,0,14,0,0,0,0,8
360616,2,1,1996,3,4,8,0,7,0,0,0,0,0
360617,1,1,1996,0,0,0,0,0,9,0,0,0,0
360617,2,1,1996,0,0,0,10,0,3,0,0,0,0
360618,1,1,1996,0,0,0,0,0,0,0,0,0,0
360618,2,1,1996,0,0,0,0,0,0,0,0,0,0
360619,1,1,1996,0,0,0,0,0,0,0,0,0,0
360619,2,1,1996,0,0,0,0,0,0,0,0,0,0
360619,3,1,1996,0,11,0,0,0,0,0,0,0,0
360620,0,1,1996,4,15,23,7,2,34,21,30,35,26
360620,0,2,1996,0,0,0,0,0,0,0,0,0,0
360620,1,1,1996,16,0,0,0,0,12,0,0,2,33
360621,1,1,1996,0,0,0,0,0,0,0,0,0,0
360621,2,1,1996,0,0,0,0,0,0,0,0,0,0
360622,1,1,1996,0,0,0,0,0,0,0,0,0,0
360623,1,1,1996,0,6,12,19,0,0,20,0,0,0
360624,1,1,1996,8,14,0,0,0,26,21,0,20,9
360625,1,1,1996,0,0,16,24,0,0,13,24,0,0
360626,0,1,1996,0,0,0,0,0,25,0,0,0,6
360626,1,1,1996,0,0,0,0,0,0,0,0,0,0
360627,0,1,1996,0,0,0,0,0,0,0,0,0,0
360627,1,1,1996,0,0,0,0,0,16,18,0,0,0
360628,1,1,1996,0,0,0,0,0,0,0,0,0,0
360629,0,1,1996,0,0,0,0,0,0,0,0,0,0
360629,1,1,1996,0,0,0,0,0,0,0,0,0,0
360630,1,1,1996,0,0,0,0,0,0,0,0,0,0
360631,1,1,1996,0,0,0,0,0,0,0,0,0,0
360632,1,1,1996,0,0,0,0,0,0,0,0,0,0
360633,0,1,1996,6,6,6,6,6,6,6,6,6,6
360633,1,1,1996,0,0,0,0,0,0,0,0,0,0
360634,0,1,1996,0,0,0,0,0,0,0,0,7,0
360634,1,1,1996,0,36,0,14,0,0,18,0,0,27
360635,1,1,1996,0,0,0,0,13,0,0,9,31,7
360636,1,1,1996,31,31,31,31,31,31,31,31,31,31
360637,0,1,1996,19,10,28,0,0,26,0,0,0,0
360637,1,1,1996,24,0,9,0,16,26,12,0,0,0
360638,0,1,1996,0,0,0,0,0,0,0,0,0,0
360638,1,1,1996,0,0,0,0,0,0,0,0,0,0
360639,1,1,1996,0,0,0,0,0,0,4,0,0,0
360639,2,1,1996,0,0,0,0,0,0,0,0,0,0
360640,0,1,1996,20,20,20,20,20,20,20,20,20,20
360640,1,1,1996,6,0,0,0,0,0,0,0,0,0
360641,1,1,1996,0,0,0,0,6,0,0,0,0,0
360641,2,1,1996,0,0,0,0,0,0,0,0,0,0
360642,1,1,1996,0,0,0,0,0,0,0,0,0,0
360642,2,1,1996,0,0,0,0,0,0,0,0,0,18
360643,1,1,1996,0,0,0,0,0,0,0,0,0,0
360643,2,2,1996,0,0,0,0,0,0,0,0,0,0
360643,3,1,1996,0,0,23,0,0,0,0,0,0,0
360644,1,1,1996,12,17,18,9,20,16,12,29,15,9
360645,1,1,1996,32,32,32,32,32,32,32,32,32,32
360645,2,1,1996,0,0,0,0,0,0,0,0,0,0
360646,0,1,1996,0,0,0,0,0,0,0,0,0,0
360646,0,2,1996,18,0,0,10,3,0,0,16,10,18
360646,1,1,1996,0,0,0,0,0,0,0,0,0,0
360646,2,1,1996,0,0,0,35,0,0,0,0,0,5
360647,1,1,1996,0,10,0,0,0,0,0,0,0,0
360647,2,1,1996,15,10,15,18,22,18,22,12,21,26
360648,1,1,1996,0,0,0,0,0,0,0,0,0,0
360648,2,1,1996,0,0,0,0,0,0,0,0,0,0
360649,1,1,1996,0,0,0,0,0,0,0,0,0,0
360649,2,1,1996,0,0,0,0,0,0,0,0,0,0
360650,1,1,1996,0,0,21,0,0,0,0,0,16,0
360651,1,1,1996,0,0,0,0,0,0,0,0,0,0
360651,2,1,1996,0,0,0,0,0,0,0,0,0,0
360652,0,1,1996,0,0,0,0,0,0,0,0,0,24
360652,1,1,1996,0,0,0,0,0,0,0,0,0,0
360653,1,1,1996,0,0,11,6,0,0,0,0,0,0
360653,2,1,1996,0,0,0,0,0,0,9,0,0,0
360654,1,1,1996,0,0,0,0,0,0,0,0,0,0
360654,2,1,1996,0,0,0,0,0,0,0,0,15,0
360655,1,1,1996,0,0,0,0,0,0,0,0,0,0
360655,2,1,1996,0,0,0,0,0,0,0,0,0,0
360655,3,1,1996,0,0,0,0,0,0,0,0,0,0
360655,4,1,1996,0,0,0,0,0,0,0,0,0,0
360656,1,1,1996,0,0,0,0,0,0,0,0,0,0
360656,2,1,1996,0,0,0,0,0,0,0,0,0,0
360657,1,1,1996,0,0,0,0,0,0,0,0,0,0
360658,1,1,1996,0,0,0,0,0,0,0,0,0,0
360658,2,1,1996,0,0,0,0,0,0,0,0,0,0
360659,0,1,1996,0,0,11,0,0,0,0,3,0,0
360659,0,2,1996,0,0,0,0,0,0,0,0,0,0
360659,1,1,1996,21,0,24,13,0,12,0,16,14,6
360660,0,1,1996,5,5,5,5,5,5,5,5,5,5
360660,1,1,1996,0,0,0,0,0,0,0,0,0,0
360661,1,1,1996,0,0,0,0,0,0,0,0,0,0
360662,1,1,1996,0,0,0,5,0,0,0,4,10,0
360663,1,1,1996,0,0,0,0,0,0,0,0,0,0
360663,2,1,1996,0,0,0,0,0,0,0,0,0,0
360664,1,1,1996,4,0,0,0,12,0,0,0,0,0
360665,1,1,1996,0,24,22,25,24,18,10,31,0,0
360666,1,1,1996,0,0,0,0,0,0,0,0,0,0
360667,1,1,1996,23,12,30,0,0,24,22,0,32,17
360668,1,1,1996,0,0,0,0,0,0,0,0,0,0
360669,1,1,1996,17,17,17,17,17,17,17,17,17,17
360670,1,1,1996,9,9,9,9,9,9,9,9,9,9
360671,1,1,1996,0,0,0,0,0,0,0,0,0,0
360671,2,1,1996,0,0,0,0,0,0,0,0,0,0
360672,1,1,1996,0,0,0,0,0,0,0,0,0,0
360672,2,1,1996,0,0,0,0,0,0,0,0,0,0
360673,1,1,1996,25,9,12,32,0,10,19,14,19,6
360674,1,1,1996,7,7,7,7,7,7,7,7,7,7
360675,1,1,1996,0,0,0,0,0,0,0,0,0,0
360675,2,1,1996,0,0,0,0,0,0,0,0,0,0
360676,1,1,1996,1,1,1,1,1,1,1,1,1,1
360677,1,1,1996,0,0,0,0,0,0,0,0,0,0
360677,2,1,1996,0,0,0,0,0,0,0,0,0,0
360677,3,1,1996,0,0,0,0,0,0,0,0,0,0
360678,1,1,1996,0,0,0,0,0,0,0,0,0,0
360679,0,1,1996,0,0,0,0,0,0,0,0,0,0
360679,1,1,1996,0,0,0,0,0,0,0,0,0,0
360680,1,1,1996,1,1,1,1,1,1,1,1,1,1
360681,1,1,1996,21,2,0,0,0,0,4,11,16,9
360682,1,1,1996,0,0,0,0,0,0,0,0,0,0
360683,1,1,1996,0,0,0,0,0,0,0,0,0,0
360684,1,1,1996,0,0,0,0,0,0,0,0,0,0
360684,2,1,1996,7,20,23,21,20,23,0,0,25,0
360685,1,1,1996,0,0,0,0,0,0,0,0,0,0
360685,2,1,1996,0,0,0,0,0,0,0,0,0,0
360686,0,1,1996,0,0,0,0,0,0,0,0,0,0
360686,1,1,1996,0,0,0,0,0,0,0,0,0,0
360687,0,1,1996,2,2,2,2,2,2,2,2,2,2
360687,0,2,1996,0,28,0,0,0,0,0,35,0,0
360687,1,1,1996,0,0,0,0,0,0,8,0,0,0
360688,1,1,1996,0,0,0,0,0,0,0,0,0,0
360688,2,1,1996,0,0,0,0,0,0,0,0,0,0
360689,1,1,1996,0,0,0,0,0,0,0,0,0,0
360689,2,1,1996,0,0,0,0,0,0,0,0,0,0
360690,0,1,1996,12,12,12,12,12,12,12,12,12,12
360690,1,1,1996,0,0,0,0,0,0,0,0,0,0
360691,0,1,1996,0,0,0,0,0,0,0,0,0,0
360691,1,1,1996,0,0,0,0,0,0,0,0,0,0
360692,1,1,1996,23,0,0,0,0,0,0,0,0,15
360693,0,1,1996,0,0,0,38,10,0,4,0,0,31
360693,1,1,1996,0,0,0,0,0,0,0,0,0,0
360694,0,1,1996,27,0,0,0,0,0,0,0,0,0
360694,1,1,1996,0,0,0,0,0,0,0,0,0,0
360694,2,1,1996,0,0,0,0,0,0,0,0,0,0
360695,0,1,1996,0,0,0,0,0,0,0,0,0,0
360695,1,1,1996,0,0,0,0,0,0,0,0,0,0
360696,1,1,1996,0,0,0,0,0,0,0,0,0,12
360696,2,1,1996,0,0,0,0,0,0,0,0,0,0
360697,1,1,1996,20,20,20,20,20,20,20,20,20,20
360698,1,1,1996,0,0,0,0,0,0,0,0,0,0
360698,2,1,1996,0,0,0,0,0,0,0,0,0,0
360699,0,1,1996,0,0,0,27,0,0,0,24,0,0
360699,1,1,1996,0,0,0,0,0,0,0,0,0,0
360700,2,1,1996,0,0,15,0,0,18,20,4,0,0
360701,1,1,1996,0,0,0,0,0,0,8,0,0,0
360703,1,1,1996,0,0,0,0,0,0,0,0,0,0
360703,2,1,1996,0,0,0,21,0,0,8,0,0,0
360704,0,1,1996,33,33,33,33,33,33,33,33,33,33
360704,1,1,1996,0,0,0,0,0,0,0,0,0,0
360705,1,1,1996,0,0,0,0,0,0,0,0,0,0
360705,2,1,1996,0,0,0,0,0,0,0,0,0,0
360706,1,1,1996,0,0,0,0,0,0,0,0,0,0
360706,2,1,1996,0,0,0,0,0,0,0,0,0,0
360706,3,1,1996,0,0,0,0,0,0,0,0,0,0
360706,4,1,1996,0,0,0,0,0,0,0,0,8,0
360706,5,1,1996,0,0,0,0,0,0,0,0,0,0
360707,0,1,1996,0,0,0,0,0,0,0,0,0,0
360707,1,1,1996,0,0,0,0,0,0,0,0,0,0
360707,2,1,1996,0,6,0,0,0,0,0,0,0,0
360708,1,1,1996,0,15,9,10,11,13,12,13,11,0
360709,0,1,1996,0,0,0,0,0,9,0,0,0,0
360709,1,1,1996,0,0,0,0,0,0,0,0,0,0
360710,0,1,1996,0,0,0,0,0,0,0,0,0,0
360710,1,1,1996,0,0,0,0,0,0,0,0,0,0
360711,0,1,1996,0,0,0,0,0,0,0,0,0,0
360711,1,1,1996,21,11,22,0,0,20,17,0,18,1
360712,0,1,1996,0,0,21,0,25,20,0,24,0,15
360712,1,1,1996,0,0,0,0,0,0,0,0,0,0
360713,1,1,1996,0,0,0,0,0,0,0,0,0,0
360713,2,1,1996,0,0,12,0,0,0,0,0,0,0