ST_CASE,VEH_NO,PER_NO,YEAR,P1,P2,P3,P4,P5,P6,P7,P8,P9,P10
360713,3,1,1996,0,0,0,0,0,0,0,0,0,0
360715,1,1,1996,0,0,0,0,0,0,0,0,0,0
360715,2,1,1996,16,0,0,0,0,0,0,0,0,14
360715,3,1,1996,0,0,0,0,0,0,0,0,0,0
360716,1,1,1996,0,0,0,0,0,0,0,18,0,35
360716,2,1,1996,13,13,13,13,13,13,13,13,13,13
360717,1,1,1996,33,12,0,0,18,0,13,0,28,5
360718,1,1,1996,0,0,0,0,0,0,0,0,0,0
360718,2,1,1996,0,0,0,0,17,0,0,0,0,0
360719,1,1,1996,0,0,0,0,0,0,0,0,0,0
360719,2,1,1996,0,0,0,0,0,0,0,0,0,14
360719,3,1,1996,0,0,0,0,0,0,0,0,0,0
360720,1,1,1996,0,0,0,0,0,0,0,0,0,0
360720,2,1,1996,0,0,0,0,0,0,0,0,0,0
360720,3,1,1996,0,0,0,0,0,0,0,0,0,0
360721,1,1,1996,6,23,0,11,0,0,0,17,0,0
360721,2,1,1996,0,0,0,0,0,0,0,0,0,0
360722,1,1,1996,0,0,0,0,0,0,0,0,0,0
360723,0,1,1996,33,0,15,0,0,0,0,0,0,0
360723,1,1,1996,0,0,0,0,0,0,0,0,0,0
360724,0,1,1996,0,0,0,0,19,12,29,0,0,0
360724,1,1,1996,0,0,0,0,0,0,0,0,0,0
360725,1,1,1996,0,23,14,9,42,0,11,23,15,0
360726,1,1,1996,0,0,0,0,0,0,0,0,0,0
360727,1,1,1996,16,16,16,16,16,16,16,16,16,16
360728,1,1,1996,0,0,0,0,0,0,0,0,0,0
360728,2,1,1996,0,12,0,0,9,0,0,0,0,0
360729,1,1,1996,0,0,0,0,0,0,3,0,0,0
360729,2,1,1996,0,22,25,0,0,13,0,0,0,0
360730,1,1,1996,14,5,25,20,15,11,11,0,0,0
360730,2,1,1996,0,0,0,0,0,0,12,0,5,13
360730,3,1,1996,2,0,0,0,0,11,0,0,0,0
360731,1,1,1996,2,2,2,2,2,2,2,2,2,2
360731,2,1,1996,0,0,16,0,19,10,15,0,16,13
360732,1,1,1996,3,15,0,0,0,0,0,0,0,0
360732,2,1,1996,19,8,21,0,10,0,0,20,0,7
360733,1,1,1996,0,0,0,0,0,0,0,0,0,0
360734,0,1,1996,0,0,0,0,0,0,0,0,13,0
360734,1,1,1996,0,0,0,0,0,0,0,0,0,0
360735,1,1,1996,0,0,0,0,0,0,0,0,0,0
360736,1,1,1996,8,8,8,8,8,8,8,8,8,8
360737,1,1,1996,0,0,0,0,0,0,0,0,0,0
360737,2,1,1996,0,0,0,0,0,0,0,0,0,0
360738,1,1,1996,0,0,0,0,0,0,0,0,0,0
360738,2,1,1996,0,0,0,0,0,0,0,0,0,0
360739,1,1,1996,0,0,0,0,0,0,0,0,0,0
360740,1,1,1996,0,0,0,0,0,0,0,0,0,0
360740,2,1,1996,0,0,0,0,0,0,0,0,0,0
360741,0,1,1996,34,12,37,11,11,30,19,48,12,23
360741,1,1,1996,19,0,0,0,0,0,0,0,0,0
360742,0,1,1996,0,0,0,0,0,0,0,0,0,0
360742,1,1,1996,0,0,0,0,0,0,0,0,0,0
360743,1,1,1996,0,0,0,0,0,0,0,0,0,0
360743,2,1,1996,0,0,0,0,0,0,0,0,0,0
360744,0,1,1996,0,0,0,0,0,0,0,43,0,0
360744,1,1,1996,10,11,0,12,19,0,0,0,0,2
360745,1,1,1996,0,0,0,0,0,0,0,0,0,0
360745,2,1,1996,0,0,0,0,0,0,0,0,4,0
360746,1,1,1996,0,0,0,0,0,0,0,0,0,0
360746,2,1,1996,0,0,0,0,0,0,0,0,0,0
360747,1,1,1996,0,0,0,0,0,9,0,0,0,0
360747,2,1,1996,0,0,0,0,0,0,0,0,0,0
360748,1,1,1996,0,0,0,0,0,0,0,0,0,0
360748,2,1,1996,0,0,0,0,0,0,0,0,0,0
360748,3,1,1996,0,0,0,0,0,0,0,0,0,0
360749,0,1,1996,0,0,0,0,0,0,0,0,0,0
360749,1,1,1996,0,0,0,0,0,0,0,0,0,0
360750,1,1,1996,0,0,0,0,0,0,0,0,0,0
360750,2,1,1996,0,0,0,0,0,0,0,0,0,0
360750,3,1,1996,0,0,0,0,0,0,0,0,0,0
360751,1,1,1996,0,0,0,0,0,0,0,0,0,0
360751,2,1,1996,0,0,0,0,0,0,0,0,0,0
360752,0,1,1996,0,0,0,0,0,0,0,0,0,0
360752,1,1,1996,0,0,0,0,0,0,0,0,0,0
360753,1,1,1996,23,12,23,11,20,21,11,18,6,43
360754,1,1,1996,0,0,0,0,0,0,0,0,0,0
360755,1,1,1996,3,3,3,3,3,3,3,3,3,3
360756,1,1,1996,9,19,14,14,10,16,0,21,23,21
360757,1,1,1996,23,23,23,23,23,23,23,23,23,23
360758,1,1,1996,0,0,0,0,0,0,0,0,0,0
360758,2,1,1996,0,0,0,0,0,0,0,0,0,0
360759,1,1,1996,0,0,0,0,0,0,0,0,0,0
360759,2,1,1996,0,0,0,0,0,0,0,0,0,0
360760,1,1,1996,0,0,0,0,4,0,0,8,0,0
360760,2,1,1996,0,0,0,0,0,0,0,0,0,0
360761,1,1,1996,0,0,0,0,0,0,0,0,0,0
360762,0,1,1996,27,27,27,27,27,27,27,27,27,27
360762,1,1,1996,0,0,0,0,0,0,0,0,0,0
360763,0,1,1996,0,0,0,0,0,0,0,0,0,0
360763,1,1,1996,7,7,7,7,7,7,7,7,7,7
360764,1,1,1996,0,0,0,0,0,0,0,0,0,0
360764,2,1,1996,0,0,0,0,0,0,0,0,0,0
360765,1,1,1996,30,30,30,30,30,30,30,30,30,30
360766,1,1,1996,0,5,0,0,7,0,0,0,0,0
360766,2,1,1996,0,0,0,0,0,0,0,0,0,0
360767,1,1,1996,0,0,0,0,0,0,0,0,0,0
360768,1,1,1996,0,27,0,0,0,0,0,0,0,0
360769,0,1,1996,0,0,0,0,0,0,0,0,0,0
360769,1,1,1996,0,0,0,0,0,0,0,0,0,0
360770,1,1,1996,0,0,0,0,0,0,0,0,0,0
360770,2,1,1996,0,0,0,5,0,0,0,0,9,0
360771,0,1,1996,22,22,22,22,22,22,22,22,22,22
360771,0,2,1996,12,12,12,12,12,12,12,12,12,12
360771,0,3,1996,13,13,13,13,13,13,13,13,13,13
360771,0,4,1996,0,0,0,0,0,0,10,0,12,0
360771,1,1,1996,0,0,0,0,0,0,0,0,0,0
360772,1,1,1996,0,0,6,0,0,8,0,0,0,0
360772,2,1,1996,0,0,0,0,0,0,0,0,0,0
360773,1,1,1996,0,0,0,0,0,0,0,0,0,0
360773,2,1,1996,0,0,0,0,0,0,0,0,0,0
360774,1,1,1996,0,0,0,0,0,0,0,0,0,0
360774,2,1,1996,11,11,11,11,11,11,11,11,11,11
360775,1,1,1996,0,0,0,0,0,0,0,0,0,0
360776,1,1,1996,31,31,31,31,31,31,31,31,31,31
360777,0,1,1996,0,0,0,0,0,0,0,0,0,0
360777,1,1,1996,0,0,0,0,0,0,0,0,0,0
360778,1,1,1996,19,19,19,19,19,19,19,19,19,19
360780,1,1,1996,14,8,17,11,6,6,9,0,16,4
360781,1,1,1996,0,0,0,0,0,0,0,0,0,0
360782,0,1,1996,0,0,0,0,0,0,0,0,0,0
360782,1,1,1996,0,0,0,0,0,0,0,0,0,0
360783,1,1,1996,0,0,0,0,0,0,0,0,0,0
360784,1,1,1996,22,22,22,22,22,22,22,22,22,22
360785,0,1,1996,24,24,24,24,24,24,24,24,24,24
360785,1,1,1996,0,0,0,0,0,0,0,0,0,0
360786,1,1,1996,13,0,25,0,0,0,0,0,0,0
360787,1,1,1996,0,0,0,0,17,0,0,0,0,0
360787,2,1,1996,0,0,0,0,0,0,0,0,0,0
360788,0,1,1996,20,0,17,32,0,32,0,0,0,9
360788,1,1,1996,0,0,0,0,0,16,0,0,0,0
360789,1,1,1996,19,0,0,0,0,0,9,0,0,0
360790,1,1,1996,0,0,0,0,10,0,0,0,0,14
360790,2,1,1996,0,0,0,0,0,0,0,0,0,0
360791,0,1,1996,11,11,11,11,11,11,11,11,11,11
360791,1,1,1996,0,15,0,12,0,0,3,11,0,2
360792,0,1,1996,12,24,0,25,0,0,9,0,0,0
360792,1,1,1996,0,22,0,0,0,0,0,0,0,0
360793,1,1,1996,20,0,21,0,16,0,0,0,0,0
360794,1,1,1996,0,0,0,0,0,0,0,0,0,0
360795,1,1,1996,0,22,0,0,18,16,0,0,0,0
360795,2,1,1996,0,0,16,0,0,26,0,24,0,19
360796,0,1,1996,0,0,0,6,0,0,0,0,0,0
360796,1,1,1996,0,0,0,0,24,0,0,0,0,0
360797,0,1,1996,0,25,0,0,0,0,0,0,0,0
360797,1,1,1996,0,0,0,0,0,0,0,0,0,0
360798,1,1,1996,0,0,0,0,0,0,0,0,13,0
360799,1,1,1996,0,28,0,0,0,19,7,0,0,7
360800,1,1,1996,0,0,0,0,0,0,0,0,13,0
360800,2,1,1996,0,0,0,0,0,15,0,0,6,0
360800,3,1,1996,0,0,18,0,6,0,0,0,16,0
360801,1,1,1996,0,0,0,0,0,0,0,0,0,0
360802,1,1,1996,0,0,0,0,0,0,0,0,0,0
360802,2,1,1996,12,0,0,0,0,0,0,0,0,0
360803,1,1,1996,0,0,0,0,0,0,0,0,0,0
360803,2,1,1996,0,0,0,0,0,0,0,0,0,0
360804,1,1,1996,11,6,8,11,35,20,17,9,18,14
360805,1,1,1996,20,20,20,20,20,20,20,20,20,20
360806,0,1,1996,0,0,0,0,0,0,0,0,0,0
360806,1,1,1996,0,0,0,14,0,0,0,0,0,0
360807,1,1,1996,0,0,0,0,0,0,0,0,0,0
360807,2,1,1996,0,0,0,0,0,0,0,0,0,0
360808,1,1,1996,31,0,0,17,10,14,28,0,0,25
360809,1,1,1996,0,0,0,0,0,0,0,0,0,0
360809,2,1,1996,0,7,0,0,19,0,0,20,0,17
360810,0,1,1996,0,0,0,0,0,0,0,0,0,0
360810,1,1,1996,0,0,0,0,11,0,0,0,0,0
360811,1,1,1996,0,0,0,0,0,0,0,0,0,0
360812,1,1,1996,0,0,0,0,0,0,0,0,0,0
360813,1,1,1996,0,0,0,0,0,8,0,0,0,0
360814,1,1,1996,27,27,27,27,27,27,27,27,27,27
360814,2,1,1996,0,0,0,0,0,0,0,0,0,0
360815,1,1,1996,0,0,0,0,0,0,0,0,0,0
360815,2,1,1996,0,0,0,0,0,0,0,0,0,0
360816,1,1,1996,0,0,0,0,0,0,0,0,0,0
360816,2,1,1996,0,0,0,0,0,0,0,0,0,0
360817,0,1,1996,11,27,0,0,0,28,0,0,20,0
360817,1,1,1996,0,0,27,0,0,0,0,0,0,0
360818,1,1,1996,0,0,0,0,9,0,0,0,0,0
360819,0,1,1996,0,0,0,0,0,0,0,0,0,0
360819,1,1,1996,0,0,0,0,0,0,0,0,0,0
360820,0,1,1996,0,0,0,0,0,0,0,0,18,30
360820,1,1,1996,0,0,0,14,0,0,0,0,2,0
360821,1,1,1996,0,0,0,0,0,0,0,0,0,0
360822,1,1,1996,17,17,17,17,17,17,17,17,17,17
360822,2,1,1996,10,11,18,20,21,29,24,5,19,8
360823,0,1,1996,0,0,0,0,0,0,0,0,0,0
360823,1,1,1996,0,11,0,0,0,0,0,0,0,0
360824,0,1,1996,0,0,0,0,0,0,0,0,0,0
360824,1,1,1996,0,0,0,0,0,0,0,0,0,0
360826,0,1,1996,0,0,0,0,0,0,0,0,0,0
360826,1,1,1996,0,0,0,0,0,0,0,0,0,0
360827,1,1,1996,0,0,0,0,0,0,0,0,0,0
360827,2,1,1996,0,0,0,0,0,0,0,0,0,0
360827,3,1,1996,0,0,0,0,0,0,0,0,0,0
360828,1,1,1996,0,0,0,0,8,0,0,0,0,0
360828,2,1,1996,19,30,23,14,16,10,8,3,7,14
360829,1,1,1996,0,0,0,0,0,0,0,0,0,0
360829,2,1,1996,0,0,0,0,0,0,0,0,0,0
360830,1,1,1996,0,0,0,0,0,0,0,0,0,0
360830,2,1,1996,0,0,0,0,0,0,0,0,0,0
360831,1,1,1996,0,0,0,0,0,0,0,0,0,0
360831,2,1,1996,0,0,0,0,0,0,0,0,0,0
360832,1,1,1996,0,0,0,0,0,0,0,0,0,0
360832,2,1,1996,0,0,0,0,0,0,0,0,0,0
360833,1,1,1996,0,0,0,0,0,0,0,0,0,0
360834,0,1,1996,0,0,0,0,9,0,0,0,0,0
360834,1,1,1996,0,0,0,0,0,0,0,0,8,0
360835,0,1,1996,14,13,12,0,6,7,16,9,0,10
360835,3,1,1996,0,0,0,0,0,0,0,0,0,0
360836,0,1,1996,0,0,0,0,0,0,0,0,0,0
360836,1,1,1996,0,0,0,0,0,0,0,0,0,0
360837,0,1,1996,0,0,0,0,0,0,0,0,0,0
360837,1,1,1996,0,0,0,0,0,0,0,0,0,0
360838,1,1,1996,0,10,16,9,20,7,0,0,0,18
360839,1,1,1996,8,0,0,11,0,0,14,17,9,0
360840,1,1,1996,0,0,0,0,0,0,0,0,0,0
360840,2,1,1996,0,0,0,0,0,0,0,0,0,0
360841,1,1,1996,0,0,0,0,0,0,0,0,0,0
360842,0,1,1996,0,0,0,0,0,0,0,0,0,0
360842,1,1,1996,0,0,0,0,0,0,0,0,0,0
360843,0,1,1996,0,0,0,0,0,0,0,0,0,0
360843,1,1,1996,0,0,0,0,0,0,0,0,0,0
360844,1,1,1996,0,15,18,28,0,0,0,0,0,0
360844,2,1,1996,0,0,28,0,0,0,0,0,0,0
360845,0,1,1996,0,0,0,0,0,0,0,0,0,0
360845,1,1,1996,0,0,0,0,0,0,0,0,0,0
360846,0,1,1996,0,0,0,0,0,0,21,0,0,0
360846,1,1,1996,0,0,0,0,0,0,0,0,0,0
360847,1,1,1996,0,0,0,0,12,0,0,0,0,0
360848,0,1,1996,0,0,0,0,0,0,0,0,12,0
360848,1,1,1996,0,0,0,0,0,0,0,0,0,0
360849,1,1,1996,0,0,0,0,0,0,0,0,0,0
360850,1,1,1996,0,0,0,26,0,0,0,0,0,0
360850,2,1,1996,0,0,0,0,0,0,0,0,0,0
360852,1,1,1996,0,21,15,0,16,0,7,0,0,0
360852,2,1,1996,0,22,0,0,36,0,11,20,0,0
360853,1,1,1996,0,0,0,0,9,0,0,0,0,0
360854,0,1,1996,0,0,0,0,0,0,0,0,0,0
360854,1,1,1996,0,0,0,0,0,0,0,0,0,0
360855,1,1,1996,0,0,0,0,0,0,0,0,0,0
360855,2,1,1996,0,0,0,12,12,0,0,0,0,11
360856,1,1,1996,14,14,14,14,14,14,14,14,14,14
360856,2,1,1996,0,0,0,0,0,0,0,0,0,0
360857,1,1,1996,0,0,0,0,0,0,0,0,0,0
360857,2,1,1996,0,0,0,0,0,0,0,0,0,0
360859,1,1,1996,0,0,0,0,0,0,0,0,0,0
360859,2,1,1996,0,14,0,0,0,0,0,0,0,0
360860,0,1,1996,0,7,0,0,0,0,0,0,0,0
360860,1,1,1996,0,0,0,0,0,0,0,12,0,0
360861,1,1,1996,0,0,0,0,0,0,0,0,0,0
360861,2,1,1996,0,0,0,0,0,0,0,0,0,0
360862,0,1,1996,0,0,0,0,0,0,0,0,0,0
360862,1,1,1996,16,0,7,0,20,21,0,9,0,10
360863,1,1,1996,0,0,0,0,0,0,0,0,0,0
360864,1,1,1996,12,12,12,12,12,12,12,12,12,12
360865,1,1,1996,0,0,0,0,0,0,0,0,0,0
360866,1,1,1996,24,24,24,24,24,24,24,24,24,24
360867,1,1,1996,13,12,14,18,12,0,39,0,9,0
360868,1,1,1996,13,0,0,0,0,18,0,0,0,0
360868,2,1,1996,7,7,7,7,7,7,7,7,7,7
360869,1,1,1996,14,7,12,0,2,5,26,15,0,13
360870,1,1,1996,0,0,0,0,0,0,0,0,0,0
360870,2,1,1996,0,0,0,0,0,0,0,0,0,0
360871,0,1,1996,0,0,0,0,0,0,0,0,0,0
360871,1,1,1996,0,0,0,0,0,0,0,0,0,0
360872,0,1,1996,11,0,0,4,0,0,0,0,0,0
360872,1,1,1996,0,0,0,0,0,0,0,0,0,0
360873,0,1,1996,32,32,32,32,32,32,32,32,32,32
360873,1,1,1996,0,0,0,10,0,0,0,0,0,0
360874,1,1,1996,0,0,0,0,0,0,0,0,0,0
360874,2,1,1996,0,0,0,0,0,0,0,0,0,0
360875,1,1,1996,0,0,0,0,0,0,0,0,0,0
360875,2,1,1996,0,0,0,0,0,0,0,0,0,0
360876,1,1,1996,0,8,7,6,23,11,10,7,0,13
360877,1,1,1996,15,17,30,9,15,14,18,19,18,17
360878,1,1,1996,24,0,15,18,19,20,0,21,36,25
360879,1,1,1996,0,0,0,0,0,0,0,0,0,0
360879,2,1,1996,0,0,0,0,0,0,0,0,0,0
360880,1,1,1996,26,26,26,26,26,26,26,26,26,26
360881,1,1,1996,7,7,7,7,7,7,7,7,7,7
360882,1,1,1996,0,0,0,0,0,0,0,0,0,0
360882,2,1,1996,0,0,0,0,0,0,0,0,0,0
360883,1,1,1996,0,0,0,0,0,0,0,0,0,0
360883,2,1,1996,0,0,0,0,0,0,0,0,0,0
360885,1,1,1996,0,0,0,0,0,0,0,0,0,0
360886,0,1,1996,0,0,0,0,0,0,0,0,0,0
360886,1,1,1996,0,0,0,0,0,0,0,0,0,0
360887,1,1,1996,0,0,0,0,0,0,0,0,0,0
360887,2,1,1996,0,0,0,0,0,0,0,0,0,0
360888,1,1,1996,0,0,0,0,0,0,0,0,0,0
360889,1,1,1996,18,18,18,18,18,18,18,18,18,18
360890,1,1,1996,0,0,0,0,7,0,0,0,0,0
360890,2,1,1996,0,19,0,0,0,8,0,10,0,3
360890,3,1,1996,0,0,0,0,0,0,0,0,0,0
360891,1,1,1996,0,0,0,0,0,0,0,0,0,0
360891,2,1,1996,0,0,0,0,0,0,0,0,0,0
360891,3,1,1996,0,0,0,0,0,0,0,0,0,0
360892,0,1,1996,0,0,0,0,0,0,0,0,0,0
360892,1,1,1996,0,0,0,0,0,0,0,0,0,0
360893,0,1,1996,0,0,0,0,0,0,0,0,0,0
360893,1,1,1996,0,0,0,0,0,0,0,0,0,0
360894,1,1,1996,0,0,0,0,0,0,0,0,0,0
360894,2,1,1996,0,0,0,0,0,0,0,0,0,0
360894,3,1,1996,0,0,0,0,0,0,0,0,0,0
360895,1,1,1996,0,0,0,0,0,0,0,0,0,0
360895,2,1,1996,0,0,0,0,0,0,0,0,0,22
360895,3,1,1996,0,0,0,0,0,0,0,0,0,0
360896,0,1,1996,0,0,0,0,0,0,0,0,0,0
360896,0,2,1996,0,0,0,0,0,0,0,0,0,0
360896,1,1,1996,0,0,0,0,0,0,0,0,0,0
360897,0,1,1996,0,0,0,0,0,0,0,0,0,0
360897,1,1,1996,0,0,0,0,0,0,0,0,0,0
360898,0,1,1996,0,0,0,0,0,0,0,0,0,0
360898,1,1,1996,0,0,0,0,0,0,0,0,0,0
360899,1,1,1996,0,0,0,0,0,0,0,0,0,0
360900,1,1,1996,0,0,0,0,0,0,0,0,0,0
360900,2,1,1996,0,0,0,0,0,0,0,0,0,0
360901,0,1,1996,16,16,16,16,16,16,16,16,16,16
360901,1,1,1996,0,0,0,0,0,0,0,0,0,0
360902,1,1,1996,0,0,0,0,0,0,0,0,0,0
360902,2,1,1996,0,0,0,0,0,0,0,0,0,0
360903,0,1,1996,0,0,0,0,0,0,0,0,0,0
360903,1,1,1996,0,7,0,0,0,0,0,0,0,0
360904,1,1,1996,0,0,0,0,0,0,0,0,0,0
360904,2,1,1996,0,0,0,0,0,0,0,0,0,0
360905,1,1,1996,0,0,0,0,0,0,0,0,0,0
360906,1,1,1996,0,0,0,0,0,0,0,0,0,0
360906,2,1,1996,0,0,0,0,0,0,0,0,0,0
360907,1,1,1996,36,14,0,0,0,0,0,0,0,0
360907,2,1,1996,0,0,0,0,0,0,0,0,0,0
360908,0,1,1996,0,0,0,0,0,0,0,0,0,0
360908,1,1,1996,0,0,0,0,0,0,0,0,0,0
360909,1,1,1996,0,0,0,0,0,0,0,0,0,0
360910,1,1,1996,0,0,0,0,0,0,0,0,0,0
360911,1,1,1996,6,0,0,14,0,7,0,21,0,0
360912,1,1,1996,13,7,9,17,23,9,9,10,35,14
360912,2,1,1996,0,0,10,0,0,0,0,0,0,0
360913,0,1,1996,0,0,0,0,0,0,0,0,0,0
360913,1,1,1996,0,0,0,0,0,0,0,0,0,0
360914,1,1,1996,19,19,19,19,19,19,19,19,19,19
360915,1,1,1996,11,11,11,11,11,11,11,11,11,11
360916,1,1,1996,0,0,0,0,0,0,0,0,0,0
360916,2,1,1996,0,0,0,0,0,0,0,0,0,0
360917,0,1,1996,0,0,0,0,0,0,0,0,0,0
360917,1,1,1996,0,0,0,0,0,0,0,0,0,0
360918,1,1,1996,7,7,7,7,7,7,7,7,7,7
360919,1,1,1996,10,10,10,10,10,10,10,10,10,10
360920,1,1,1996,0,0,0,0,0,0,0,0,0,0
360920,2,1,1996,10,0,0,18,0,26,0,10,0,21
360920,3,1,1996,0,0,0,0,0,0,0,0,0,0
360921,1,1,1996,0,0,0,0,0,0,0,0,0,0
360921,2,1,1996,0,0,0,0,0,0,11,8,0,0
360922,0,1,1996,0,0,0,0,0,0,0,0,0,0
360922,1,1,1996,0,0,0,0,0,0,0,0,0,0
360923,1,1,1996,31,16,21,31,5,12,39,6,16,26
360924,1,1,1996,20,12,0,0,0,0,0,18,14,0
360925,1,1,1996,0,0,0,0,0,0,0,0,0,0
360926,1,1,1996,18,18,18,18,18,18,18,18,18,18
360927,0,1,1996,0,0,0,0,0,0,0,0,0,0
360927,1,1,1996,0,0,0,0,11,0,0,0,0,0
360927,2,1,1996,0,0,0,0,0,0,0,0,0,0
360928,0,1,1996,0,22,0,0,20,0,0,0,0,0
360928,1,1,1996,24,0,13,3,0,22,18,0,27,0
360929,1,1,1996,0,0,0,0,0,0,0,0,0,0
360929,2,1,1996,0,0,0,0,0,0,0,0,0,0
360930,1,1,1996,0,0,0,0,0,0,0,0,0,0
360931,1,1,1996,0,0,0,0,0,0,0,0,0,0
360931,2,2,1996,0,0,0,0,0,0,0,13,0,0
360932,0,1,1996,38,38,38,38,38,38,38,38,38,38
360932,1,1,1996,0,0,0,0,0,0,0,0,0,0
360933,1,1,1996,18,8,0,25,17,0,37,0,0,0
360934,1,1,1996,12,12,12,12,12,12,12,12,12,12
360935,1,1,1996,16,16,16,16,16,16,16,16,16,16
360936,1,1,1996,0,0,0,0,0,0,0,0,0,0
360937,1,1,1996,0,0,0,0,0,0,0,0,0,0
360938,1,1,1996,10,12,11,7,0,25,11,21,0,20
360939,1,1,1996,0,0,0,0,0,0,0,0,0,0
360939,2,1,1996,0,0,0,0,0,0,0,0,0,0
360940,1,1,1996,0,0,0,0,0,0,0,0,0,0
360940,2,1,1996,0,0,0,0,0,0,0,0,0,0
360941,0,1,1996,0,0,0,0,0,0,0,0,0,0
360941,0,2,1996,22,11,32,9,13,24,0,10,19,26
360941,1,1,1996,15,0,20,6,8,8,0,0,0,0
360942,1,1,1996,0,0,0,0,0,0,0,0,0,0
360942,2,1,1996,0,0,0,0,0,0,0,0,0,0
360943,1,1,1996,9,32,0,0,0,35,19,11,0,0
360944,1,1,1996,0,0,0,0,0,0,0,0,0,0
360945,1,1,1996,0,12,0,0,0,0,0,0,0,0
360946,1,1,1996,0,25,0,0,0,0,0,0,0,0
360946,2,1,1996,0,0,0,0,0,0,0,0,0,0
360947,1,1,1996,0,0,0,0,0,0,0,0,0,20
360948,1,1,1996,0,0,0,0,0,0,0,0,0,0
360949,0,1,1996,0,0,0,0,0,0,15,0,0,0
360949,1,1,1996,0,0,0,0,0,0,0,0,0,0
360950,1,1,1996,14,16,24,11,0,8,19,31,10,35
360951,1,1,1996,14,24,22,25,12,15,6,0,15,15
360952,0,1,1996,25,0,0,25,0,38,0,39,0,0
360952,1,1,1996,0,0,0,0,0,0,0,0,0,0
360952,2,1,1996,0,0,0,0,0,0,0,0,2,0
360952,3,1,1996,16,0,0,28,0,23,0,14,6,0
360953,1,1,1996,0,0,0,0,0,0,0,0,0,0
360953,2,1,1996,6,0,0,0,0,0,0,0,0,0
360954,0,1,1996,0,0,0,0,0,0,0,0,0,0
360954,1,1,1996,0,0,0,0,0,0,0,0,0,0
360955,1,1,1996,0,0,0,0,0,0,0,0,0,0
360955,2,1,1996,12,23,0,0,0,0,16,0,0,0
360956,1,1,1996,11,17,13,6,21,5,8,19,15,0
360957,1,1,1996,0,0,0,0,0,0,0,0,0,0
360957,2,1,1996,0,0,0,0,0,0,0,0,0,0
360958,0,1,1996,0,0,0,0,0,0,0,0,0,0
360958,1,1,1996,0,0,0,0,0,5,0,0,0,0
360959,1,1,1996,0,0,0,11,0,0,22,0,0,11
360959,2,1,1996,0,0,0,0,0,0,0,0,6,0
360960,1,1,1996,0,0,0,0,0,0,0,0,0,0
360960,2,1,1996,0,0,0,0,0,0,0,0,0,0
360961,0,1,1996,20,20,20,20,20,20,20,20,20,20
360961,1,1,1996,0,0,0,0,0,0,0,6,0,0
360962,1,1,1996,12,0,0,0,0,0,0,0,0,0
360963,1,1,1996,0,0,0,0,0,0,0,0,0,0
360963,2,1,1996,24,0,18,0,5,0,0,0,0,0
360964,0,1,1996,0,0,0,20,0,18,0,0,0,0
360964,1,1,1996,0,0,0,0,0,0,0,0,0,0
360965,0,1,1996,8,8,8,8,8,8,8,8,8,8
360965,1,1,1996,0,0,0,9,0,0,0,0,0,0
360966,0,1,1996,0,0,0,13,0,0,0,0,0,0
360966,1,1,1996,0,0,0,0,0,0,0,0,0,0
360967,0,1,1996,0,0,0,0,0,0,0,0,9,0
360967,1,1,1996,0,0,0,0,0,0,0,0,0,0
360968,0,1,1996,40,0,24,8,3,10,7,0,34,0
360968,1,1,1996,0,0,0,15,0,9,11,0,0,0
360969,0,1,1996,24,24,24,24,24,24,24,24,24,24
360969,1,1,1996,20,29,0,0,0,11,0,0,0,0
360970,1,1,1996,0,0,0,0,0,0,0,0,0,0
360970,2,1,1996,0,0,0,0,0,0,0,0,0,0
360971,1,1,1996,0,0,0,0,0,0,0,0,0,0
360971,2,1,1996,0,0,0,0,0,0,0,0,0,0
360972,0,1,1996,0,0,0,0,0,0,0,0,0,0
360972,1,1,1996,0,0,0,0,0,0,0,0,0,0
360973,0,1,1996,0,7,0,0,0,0,0,0,0,0
360973,1,1,1996,0,0,0,17,0,0,0,0,3,0
360974,1,1,1996,0,0,0,0,0,0,0,0,0,0
360974,2,1,1996,0,0,0,0,0,0,0,0,0,0
360975,1,1,1996,0,0,0,0,0,0,0,0,0,0
360976,1,1,1996,19,0,5,16,2,16,9,10,16,8
360976,2,1,1996,0,19,21,0,12,0,15,0,0,0
360977,1,1,1996,0,0,0,0,28,0,0,0,0,8
360978,1,1,1996,0,22,12,11,16,12,4,16,0,12
360979,1,1,1996,15,13,13,27,10,5,13,28,23,12
360980,1,1,1996,0,0,0,0,0,0,0,0,0,0
360980,2,1,1996,0,0,0,0,0,0,0,0,0,0
360980,3,1,1996,0,0,0,0,0,0,0,0,0,0
360980,4,1,1996,0,0,0,0,0,0,17,0,0,4
360981,0,1,1996,0,0,0,0,0,12,0,0,0,0
360981,1,1,1996,0,0,0,2,0,0,0,0,0,0
360982,1,1,1996,23,0,0,0,0,0,12,0,0,0
360982,2,1,1996,2,2,2,2,2,2,2,2,2,2
360982,3,1,1996,0,11,4,0,0,25,0,0,0,0
360983,1,1,1996,0,0,0,0,0,0,0,0,0,0
360984,1,1,1996,0,0,0,0,0,0,0,0,0,0
360985,1,1,1996,0,0,0,0,0,0,0,0,0,0
360986,0,1,1996,23,25,26,18,13,0,15,0,12,22
360986,1,1,1996,0,0,0,0,0,0,0,0,0,0
360987,1,1,1996,0,0,0,0,0,0,0,0,0,0
360988,1,1,1996,12,12,12,12,12,12,12,12,12,12
360988,2,1,1996,6,0,0,0,0,5,0,8,0,0
360989,1,1,1996,29,0,20,9,39,6,11,12,10,26