ST_CASE,VEH_NO,PER_NO,YEAR,P1,P2,P3,P4,P5,P6,P7,P8,P9,P10
361234,1,1,1996,0,0,0,0,0,0,0,0,0,0
361234,2,1,1996,0,0,0,0,0,0,0,0,0,0
361234,3,1,1996,0,0,0,0,0,0,0,0,0,0
361235,1,1,1996,0,15,0,0,0,13,0,0,7,0
361235,2,1,1996,0,0,0,0,0,0,0,0,28,18
361235,3,1,1996,0,0,0,0,0,16,0,0,0,0
361236,0,1,1996,0,0,0,0,0,0,0,0,0,0
361236,1,1,1996,0,0,0,0,0,0,0,0,0,0
361237,1,1,1996,0,0,0,0,0,0,0,0,0,0
361238,1,1,1996,0,0,0,0,0,0,0,0,0,0
361238,2,1,1996,0,0,0,0,0,0,0,0,0,0
361238,3,1,1996,7,7,7,7,7,7,7,7,7,7
361239,1,1,1996,0,5,0,0,0,0,0,0,0,0
361239,2,1,1996,0,0,0,0,0,0,0,0,0,0
361240,0,1,1996,0,0,0,0,0,0,0,0,0,0
361240,1,1,1996,0,0,0,0,0,0,0,0,0,0
361241,1,1,1996,0,0,0,0,0,0,0,0,0,0
361242,1,1,1996,0,0,0,0,0,0,0,0,0,0
361243,1,1,1996,0,0,0,0,0,0,15,0,0,0
361243,2,1,1996,0,0,0,17,7,0,0,0,0,0
361244,0,1,1996,0,0,0,0,0,0,0,0,0,0
361244,1,1,1996,0,0,0,0,0,0,0,0,0,0
361245,0,1,1996,0,0,0,0,0,0,0,0,0,0
361245,1,1,1996,0,0,0,0,0,0,0,0,0,15
361246,1,1,1996,0,0,0,0,0,0,0,0,0,0
361246,2,1,1996,0,0,6,18,6,4,14,0,0,0
361247,1,1,1996,0,0,0,0,0,0,0,0,0,0
361247,2,1,1996,0,0,0,0,0,0,0,0,0,0
361248,1,1,1996,14,14,14,14,14,14,14,14,14,14
361249,1,1,1996,15,15,15,15,15,15,15,15,15,15
361250,0,1,1996,0,0,0,0,0,0,0,0,0,0
361250,0,2,1996,9,0,0,0,0,8,0,0,0,9
361250,1,1,1996,0,0,0,0,0,0,0,0,0,0
361251,0,1,1996,16,16,16,16,16,16,16,16,16,16
361251,1,1,1996,30,0,0,0,11,28,0,0,0,0
361252,0,1,1996,0,0,0,0,0,0,0,0,0,0
361252,1,1,1996,0,0,0,0,0,20,0,0,0,0
361253,1,1,1996,0,0,11,0,0,0,0,0,14,0
361254,1,1,1996,0,0,0,11,0,0,0,0,18,0
361255,1,1,1996,22,28,19,30,0,11,14,24,14,20
361256,1,1,1996,12,0,0,0,0,0,0,0,0,29
361256,2,1,1996,11,0,0,0,0,0,0,0,0,0
361257,1,1,1996,0,0,0,0,0,0,0,0,0,0
361257,2,1,1996,0,0,0,0,0,0,0,0,0,0
361258,0,1,1996,0,0,0,0,0,0,0,0,0,0
361258,1,1,1996,0,0,0,0,0,4,0,0,0,9
361259,1,1,1996,0,0,0,0,0,0,0,0,0,0
361259,2,1,1996,0,0,11,0,0,0,0,0,0,0
361260,0,1,1996,0,0,19,0,0,0,27,0,26,0
361260,1,1,1996,0,0,0,0,0,7,0,0,0,0
361261,1,1,1996,0,0,0,0,0,0,0,0,0,0
361262,1,1,1996,13,13,13,13,13,13,13,13,13,13
361262,2,1,1996,0,18,11,0,6,0,0,20,13,0
361263,1,1,1996,0,0,0,0,0,0,0,0,0,0
361263,2,1,1996,0,0,0,22,0,0,0,0,0,0
361264,1,1,1996,12,12,12,12,12,12,12,12,12,12
361265,1,1,1996,6,12,18,16,17,12,6,17,24,23
361266,1,1,1996,13,5,24,4,6,7,16,9,8,5
361266,2,1,1996,5,5,5,5,5,5,5,5,5,5
361267,1,1,1996,0,0,8,14,13,28,3,15,9,0
361268,1,1,1996,10,18,0,14,12,4,5,6,21,26
361269,1,1,1996,0,0,0,0,0,0,0,0,0,0
361270,1,1,1996,0,0,0,0,0,0,0,0,0,0
361270,2,1,1996,0,0,0,0,21,0,0,0,0,0
361271,0,1,1996,0,0,27,0,0,0,14,0,0,18
361271,1,1,1996,0,0,0,13,0,0,0,0,3,10
361272,0,1,1996,0,0,0,14,0,0,0,0,0,17
361272,1,1,1996,0,0,0,0,0,0,0,3,0,0
361273,0,1,1996,0,0,0,0,0,0,0,0,0,0
361273,1,1,1996,17,12,0,0,0,23,0,0,0,0
361274,0,1,1996,0,0,0,0,0,0,0,0,0,0
361274,1,1,1996,0,0,0,0,0,0,0,0,0,0
361275,1,1,1996,0,0,0,0,0,0,0,0,0,0
361275,2,1,1996,0,0,0,0,0,0,0,0,0,0
361275,3,1,1996,0,0,0,0,0,0,0,0,0,0
361276,1,1,1996,7,7,33,7,18,1,14,3,9,23
361276,2,1,1996,0,0,0,0,0,0,0,0,0,0
361277,1,1,1996,10,10,10,10,10,10,10,10,10,10
361278,1,1,1996,0,14,0,0,11,0,0,0,0,0
361279,1,1,1996,0,0,0,0,6,0,0,0,0,9
361279,2,1,1996,0,0,0,4,0,0,8,0,0,0
361280,1,1,1996,0,0,0,0,0,0,0,0,0,0
361280,2,1,1996,20,20,20,20,20,20,20,20,20,20
361281,0,1,1996,0,0,0,0,0,0,0,0,0,0
361281,1,1,1996,5,0,6,14,9,18,0,22,0,13
361282,1,1,1996,6,6,6,6,6,6,6,6,6,6
361283,1,1,1996,8,8,8,8,8,8,8,8,8,8
361284,1,1,1996,0,0,0,0,0,0,0,0,0,0
361284,2,1,1996,0,0,0,0,10,0,0,0,0,0
361284,3,1,1996,0,0,0,0,0,0,0,0,0,0
361285,1,1,1996,0,0,0,0,0,0,0,0,0,0
361286,1,1,1996,0,0,0,0,0,0,0,0,0,0
361286,2,1,1996,0,0,0,0,0,0,0,0,0,0
361287,0,1,1996,0,0,0,0,0,0,0,0,0,0
361287,0,2,1996,0,0,6,0,41,6,8,18,19,17
361287,1,1,1996,0,0,0,0,0,0,0,0,0,0
361288,1,1,1996,24,0,9,0,0,0,0,0,0,0
361288,2,1,1996,0,0,0,8,0,0,0,0,0,13
361289,0,1,1996,0,0,0,0,10,20,0,32,0,12
361289,1,1,1996,0,24,0,0,0,0,0,18,0,10
361290,1,1,1996,0,0,0,0,0,16,0,0,0,0
361291,0,1,1996,21,0,28,38,26,23,0,0,0,32
361291,1,1,1996,0,0,0,0,0,0,0,0,0,0
361292,0,1,1996,0,38,11,0,0,0,26,0,0,0
361292,0,2,1996,0,0,30,0,13,0,16,0,0,9
361292,0,3,1996,26,0,20,0,21,27,12,27,5,14
361292,1,1,1996,0,0,0,0,0,0,0,0,0,0
361293,0,1,1996,0,12,24,0,19,0,0,0,0,17
361293,0,2,1996,0,0,0,0,0,0,0,0,0,0
361293,1,1,1996,0,0,0,0,0,0,17,0,0,0
361293,2,1,1996,8,0,6,0,0,4,0,0,0,25
361294,0,1,1996,0,18,0,0,0,0,0,0,0,0
361294,1,1,1996,0,0,0,0,0,0,0,0,0,0
361295,0,1,1996,0,0,0,0,0,0,0,0,0,0
361295,1,1,1996,0,0,0,0,0,0,0,0,0,0
361296,1,1,1996,0,0,0,0,0,0,0,0,0,0
361296,2,1,1996,0,0,0,0,0,0,0,0,0,0
361297,1,1,1996,0,0,0,0,0,0,0,0,0,0
361298,1,1,1996,0,0,0,0,0,0,0,0,0,0
361299,1,1,1996,0,0,0,7,0,0,0,0,0,0
361299,2,1,1996,0,0,0,0,0,0,0,0,0,0
361299,3,1,1996,0,0,0,0,0,12,0,7,0,0
361300,0,1,1996,0,0,0,0,0,0,0,0,0,0
361300,1,1,1996,0,9,0,0,0,0,0,0,0,0
361301,0,1,1996,0,0,0,0,0,0,0,0,0,0
361301,1,1,1996,0,0,19,0,0,0,0,0,0,0
361302,1,1,1996,0,0,0,13,0,0,0,0,0,0
361302,2,1,1996,0,0,0,0,0,0,0,0,0,0
361303,1,1,1996,24,18,0,24,0,14,0,0,5,0
361304,1,1,1996,12,0,0,0,0,0,0,0,0,0
361304,2,1,1996,0,0,0,0,0,0,0,0,0,0
361305,0,1,1996,1,1,1,1,1,1,1,1,1,1
361305,1,1,1996,0,0,0,0,0,12,0,8,0,0
361306,0,1,1996,0,0,0,14,0,0,0,13,13,22
361306,1,1,1996,0,0,0,0,0,0,0,0,0,0
361307,0,1,1996,0,0,18,0,0,0,0,0,0,0
361307,1,1,1996,0,0,0,0,0,0,0,0,0,0
361308,0,1,1996,0,0,0,0,0,0,0,0,0,0
361308,1,1,1996,0,0,0,0,0,0,0,0,0,0
361309,0,1,1996,0,19,12,0,20,38,35,9,41,13
361309,1,1,1996,0,0,0,18,0,7,0,0,0,6
361310,1,1,1996,16,15,15,20,19,32,32,24,18,20
361311,0,1,1996,0,0,18,0,0,0,20,15,0,27
361311,1,1,1996,0,0,0,0,0,0,0,0,0,0
361312,0,1,1996,0,0,0,0,0,0,0,0,0,0
361312,1,1,1996,10,0,0,0,0,0,8,7,0,0
361312,2,1,1996,0,29,0,13,0,0,0,0,0,0
361313,1,1,1996,0,0,0,0,0,0,0,0,2,0
361313,2,1,1996,0,0,0,0,0,0,0,0,0,0
361314,1,1,1996,0,0,0,0,0,0,0,0,0,0
361315,1,1,1996,10,0,19,16,7,0,11,0,0,0
361316,1,1,1996,0,0,0,0,0,0,0,0,0,0
361317,1,1,1996,15,15,15,15,15,15,15,15,15,15
361318,1,1,1996,0,0,0,0,15,0,0,0,0,0
361319,1,1,1996,0,0,0,0,0,0,0,0,0,0
361319,2,1,1996,0,0,0,0,0,0,0,0,0,0
361320,1,1,1996,0,0,0,0,0,0,0,0,0,0
361320,2,1,1996,6,6,6,6,6,6,6,6,6,6
361321,1,1,1996,0,0,0,0,0,0,0,0,0,0
361321,2,1,1996,0,0,0,0,0,0,0,0,0,0
361322,0,1,1996,0,20,0,18,25,0,21,34,17,0
361322,1,1,1996,0,0,0,0,0,0,0,0,0,0
361323,1,1,1996,0,0,0,0,0,0,0,0,0,0
361323,2,1,1996,0,0,0,0,0,0,0,0,0,0
361324,0,1,1996,22,0,0,0,0,0,0,0,0,0
361324,1,1,1996,14,0,0,0,0,0,0,5,0,0
361325,1,1,1996,13,0,16,0,0,0,0,0,0,0
361326,1,1,1996,13,8,0,8,3,24,0,0,11,18
361327,1,1,1996,19,0,0,22,0,0,0,0,0,18
361327,2,1,1996,0,0,0,0,0,0,0,0,0,0
361328,0,1,1996,0,0,0,0,0,0,0,0,0,0
361328,1,1,1996,0,19,0,0,0,0,11,0,8,0
361329,1,1,1996,0,0,0,0,0,0,0,0,0,0
361329,2,1,1996,0,0,0,0,0,0,0,0,0,0
361329,3,1,1996,0,0,0,0,0,0,0,0,0,0
361330,0,1,1996,0,0,0,0,0,0,0,0,0,0
361330,1,1,1996,17,0,6,0,0,8,0,0,0,12
361331,1,1,1996,0,0,0,0,0,0,0,0,0,0
361331,2,1,1996,0,0,0,0,0,0,0,0,0,0
361332,1,1,1996,0,0,21,0,14,7,0,0,0,0
361332,2,1,1996,0,0,0,0,0,0,0,0,0,0
361333,1,1,1996,0,0,0,0,0,0,0,0,0,0
361333,2,1,1996,0,0,0,0,0,0,0,0,0,0
361334,1,1,1996,0,0,0,0,0,0,0,13,0,0
361334,2,1,1996,0,0,0,0,0,0,0,0,0,0
361335,0,1,1996,0,16,29,0,20,24,0,0,36,0
361335,1,1,1996,28,12,0,0,14,9,0,0,0,0
361336,0,1,1996,22,6,0,17,4,0,28,0,16,0
361336,1,1,1996,5,0,0,0,0,0,0,0,0,0
361337,1,1,1996,27,27,27,27,27,27,27,27,27,27
361338,0,1,1996,0,0,0,0,0,0,0,0,0,0
361338,1,1,1996,0,0,0,0,5,0,0,0,0,0
361339,1,1,1996,15,0,0,0,0,0,0,0,14,0
361339,2,1,1996,0,0,0,0,0,0,0,0,0,0
361340,1,1,1996,0,0,0,0,0,0,0,0,0,0
361340,2,1,1996,0,0,0,0,0,0,0,0,0,0
361341,1,1,1996,0,0,0,0,0,0,0,0,0,3
361341,2,1,1996,0,0,0,0,0,0,0,0,0,0
361342,0,1,1996,32,32,32,32,32,32,32,32,32,32
361342,1,1,1996,0,0,0,0,0,0,0,0,0,0
361342,2,1,1996,0,0,0,0,0,0,0,0,0,0
361343,1,1,1996,0,0,0,0,0,0,0,0,0,0
361343,2,1,1996,0,0,0,0,0,0,0,0,0,0
361344,1,1,1996,0,0,0,0,0,0,0,0,0,0
361345,0,1,1996,24,24,24,24,24,24,24,24,24,24
361345,1,1,1996,0,13,6,12,0,10,0,0,0,0
361346,1,1,1996,0,0,0,0,0,0,0,0,0,0
361346,2,1,1996,0,0,0,0,0,0,0,0,0,0
361347,1,1,1996,0,0,0,0,0,0,0,0,0,0
361348,1,1,1996,0,0,0,0,0,0,0,0,0,0
361348,2,1,1996,0,0,0,0,0,0,0,0,0,0
361349,0,1,1996,0,0,0,0,0,0,0,0,0,0
361349,0,2,1996,0,7,0,0,0,4,15,0,23,0
361349,1,1,1996,0,0,0,0,0,0,0,0,0,0
361350,1,1,1996,0,0,0,0,0,0,0,0,0,0
361351,1,1,1996,0,0,0,0,0,0,0,0,12,0
361351,2,1,1996,0,0,0,0,0,0,0,0,0,9
361352,1,1,1996,13,13,13,13,13,13,13,13,13,13
361353,0,1,1996,0,0,0,0,0,0,0,0,0,0
361353,1,1,1996,0,0,0,0,0,22,0,0,0,0
361354,1,1,1996,6,0,0,6,0,0,0,0,0,0
361354,2,1,1996,0,0,0,0,5,0,0,0,0,0
361355,1,1,1996,11,11,11,11,11,11,11,11,11,11
361356,1,1,1996,0,0,0,0,0,0,0,0,0,0
361356,2,1,1996,13,0,11,17,0,0,6,0,0,0
361357,0,1,1996,0,30,21,16,18,0,17,48,15,9
361357,1,1,1996,12,0,0,0,0,0,22,0,0,0
361357,2,1,1996,0,0,0,17,0,0,6,13,0,0
361358,1,1,1996,0,0,0,0,0,0,0,10,14,0
361358,2,1,1996,0,0,0,0,0,0,0,0,0,27
361359,1,1,1996,0,8,32,15,33,27,11,7,10,15
361359,2,1,1996,0,0,0,0,0,14,19,0,0,0
361360,1,1,1996,0,0,0,0,0,0,0,0,0,0
361360,2,1,1996,0,0,8,0,0,0,0,0,0,0
361361,1,1,1996,1,1,1,1,1,1,1,1,1,1
361361,2,1,1996,0,0,0,0,0,6,0,0,0,0
361362,0,1,1996,0,0,0,0,0,0,0,14,0,0
361362,1,1,1996,0,0,0,0,0,0,0,0,0,0
361363,0,1,1996,0,0,0,0,0,0,0,0,0,0
361363,1,1,1996,0,0,25,0,0,0,0,9,0,0
361364,0,1,1996,0,0,0,0,0,0,0,0,5,14
361364,1,1,1996,0,0,0,15,0,0,0,0,0,0
361365,0,1,1996,0,0,0,0,0,0,0,0,0,0
361365,1,1,1996,0,0,0,0,0,0,0,0,0,0
361366,0,1,1996,22,17,0,5,0,12,35,11,0,0
361366,1,1,1996,19,21,14,25,20,11,22,8,12,23
361367,1,1,1996,17,17,17,17,17,17,17,17,17,17
361368,1,1,1996,0,0,8,0,0,11,0,0,0,0
361368,2,1,1996,0,0,0,0,0,0,0,0,0,0
361369,1,1,1996,0,0,0,0,0,17,0,0,0,0
361369,2,1,1996,0,0,0,0,0,0,17,0,11,25
361369,3,1,1996,0,0,0,8,0,0,0,0,0,4
361370,0,1,1996,0,0,6,0,0,0,0,0,0,0
361370,1,1,1996,0,0,0,0,0,0,0,0,0,0
361371,0,1,1996,0,0,10,37,0,0,0,7,0,22
361371,1,1,1996,0,0,0,0,0,0,0,0,0,0
361372,1,1,1996,0,0,0,0,0,0,0,0,0,0
361372,2,1,1996,0,0,0,0,0,0,0,0,0,0
361373,0,1,1996,0,0,0,0,0,0,0,0,0,0
361373,1,1,1996,0,0,0,0,16,15,0,0,9,19
361374,0,1,1996,1,1,1,1,1,1,1,1,1,1
361374,1,1,1996,0,0,0,13,0,0,0,0,0,0
361375,1,1,1996,0,0,0,0,0,0,0,0,0,0
361376,0,1,1996,0,32,20,31,18,0,16,29,0,19
361376,1,1,1996,0,13,0,10,0,14,18,10,0,12
361377,1,1,1996,25,23,14,15,7,0,15,22,16,0
361378,1,1,1996,0,0,0,0,0,0,0,0,0,0
361378,2,1,1996,0,0,0,0,0,0,0,0,0,0
361379,1,1,1996,11,11,11,11,11,11,11,11,11,11
361379,2,1,1996,0,0,0,0,4,7,0,0,0,5
361379,3,1,1996,0,0,0,0,0,8,0,0,0,0
361380,1,1,1996,9,0,24,24,18,9,5,4,25,4
361381,1,1,1996,0,0,0,0,0,8,0,0,0,0
361381,2,1,1996,0,0,0,0,0,0,0,0,0,0
361382,0,1,1996,23,16,23,14,23,15,19,15,17,7
361382,1,1,1996,0,0,0,0,0,0,0,0,0,0
361383,1,1,1996,0,0,0,0,0,0,0,0,0,0
361383,2,1,1996,0,27,0,0,0,0,0,0,0,0
361384,1,1,1996,0,0,6,0,0,12,0,0,16,0
361384,2,1,1996,0,3,0,0,0,0,0,0,0,0
361385,1,1,1996,23,12,20,15,8,0,21,11,14,13
361385,2,1,1996,0,0,0,0,0,0,0,0,0,0
361386,1,1,1996,0,0,0,0,0,0,0,0,0,15
361386,2,1,1996,11,16,0,16,13,20,0,30,18,0
361387,1,1,1996,0,0,0,0,0,0,0,0,0,0
361387,2,1,1996,0,0,0,0,0,0,0,0,0,0
361388,1,1,1996,0,0,0,0,4,0,0,0,0,0
361388,2,1,1996,0,0,0,0,0,0,0,0,0,0
361388,3,1,1996,0,0,0,0,0,0,9,0,0,0
361389,1,1,1996,0,0,0,0,0,0,0,0,17,0
361389,2,1,1996,0,0,0,0,0,0,0,0,0,0
361390,0,1,1996,0,0,35,22,11,10,15,35,0,35
361390,0,2,1996,0,0,37,24,0,0,23,22,22,20
361390,1,1,1996,0,16,18,11,0,0,14,0,0,0
361390,2,1,1996,0,0,0,0,0,0,0,0,0,0
361391,1,1,1996,0,0,0,0,0,0,0,0,0,0
361391,2,1,1996,0,0,0,0,0,13,0,0,0,0
361392,1,1,1996,0,0,0,0,0,0,0,0,0,0
361393,1,1,1996,0,4,14,13,0,34,31,10,0,25
361393,2,2,1996,0,3,0,0,0,0,14,0,22,0
361393,3,1,1996,0,0,0,0,5,0,0,0,0,0
361393,4,1,1996,0,0,0,17,0,0,5,12,0,0
361394,1,1,1996,0,0,0,0,0,0,0,0,0,0
361394,2,1,1996,0,0,0,0,0,0,9,0,0,0
361395,1,1,1996,0,0,0,0,0,0,0,0,0,0
361395,2,1,1996,0,0,0,0,0,0,0,0,0,0
361396,1,1,1996,11,9,16,24,21,0,18,0,11,6
361397,1,1,1996,0,0,0,0,0,0,0,0,0,0
361398,0,1,1996,0,0,0,0,0,0,0,0,0,0
361398,1,1,1996,0,0,0,0,0,0,0,0,0,0
361399,1,1,1996,0,0,0,0,0,0,0,0,0,0
361399,2,1,1996,14,11,9,29,9,19,17,11,6,0
361400,0,1,1996,22,0,25,0,16,0,30,33,4,0
361400,1,1,1996,0,0,0,0,0,0,3,9,31,0
361401,0,1,1996,0,0,21,26,26,0,0,16,44,24
361401,1,1,1996,0,13,0,0,8,0,0,0,0,0
361402,1,1,1996,25,25,25,25,25,25,25,25,25,25
361403,1,1,1996,0,0,0,0,0,0,0,0,0,0
361403,2,1,1996,0,0,0,0,0,0,0,0,0,0
361404,1,1,1996,0,26,25,8,19,19,6,33,0,21
361405,0,1,1996,20,0,0,10,16,0,0,0,0,19
361406,1,1,1996,0,0,0,0,0,0,0,0,0,22
361406,2,1,1996,0,0,0,0,0,0,0,0,0,0
361407,0,1,1996,0,0,0,0,0,0,0,0,0,0
361407,1,1,1996,0,0,12,0,0,0,0,0,0,0
361408,0,1,1996,0,0,0,0,0,0,0,0,0,0
361408,1,1,1996,17,0,25,0,0,4,0,0,0,0
361409,1,1,1996,6,0,14,0,0,0,0,0,0,0
361409,2,1,1996,0,0,0,0,0,0,0,0,0,0
361410,1,1,1996,9,15,14,20,11,0,0,0,15,0
361410,2,1,1996,10,41,0,0,0,0,21,10,2,0
361410,3,1,1996,0,11,0,0,0,0,0,0,0,0
361410,4,1,1996,8,9,0,11,0,27,0,0,0,0
361410,5,1,1996,17,0,17,0,18,0,0,0,0,0
361411,1,1,1996,0,0,7,0,0,0,0,0,0,0
361411,2,1,1996,0,0,28,23,0,0,8,22,17,16
361412,0,1,1996,0,0,0,0,0,0,0,0,0,0
361412,1,1,1996,0,0,0,0,0,0,0,0,0,0
361413,1,1,1996,0,0,0,0,0,0,0,0,0,0
361414,0,1,1996,29,29,29,29,29,29,29,29,29,29
361414,1,1,1996,0,12,0,0,0,0,0,0,0,8
361415,1,1,1996,0,0,9,0,0,15,0,6,14,0
361415,2,1,1996,6,20,38,4,13,24,0,12,18,0
361415,3,1,1996,0,31,20,2,0,8,11,15,0,0
361416,0,1,1996,0,0,0,0,0,0,0,0,0,0
361416,1,1,1996,0,22,0,0,0,24,0,0,0,0
361417,1,1,1996,0,0,0,0,0,0,25,14,0,0
361418,0,1,1996,0,0,0,0,0,0,0,0,0,0
361418,1,1,1996,0,21,0,0,0,0,0,0,0,0
361419,1,1,1996,0,0,0,0,0,0,0,0,0,0
361420,0,1,1996,31,22,4,18,11,6,23,14,22,31
361420,1,1,1996,0,0,7,0,0,12,31,0,10,0
361421,0,1,1996,21,0,0,0,0,14,0,0,0,13
361421,1,1,1996,0,8,0,0,0,13,0,0,0,12
361422,1,1,1996,0,0,0,0,0,0,0,0,0,0
361422,2,1,1996,0,0,0,0,0,8,10,0,0,0
361422,3,1,1996,0,0,0,0,0,0,0,0,0,0
361423,1,1,1996,0,0,8,0,0,0,0,24,0,0
361423,2,1,1996,0,0,0,0,0,0,0,0,0,0
361424,1,1,1996,18,0,0,0,0,0,8,0,0,19
361424,2,1,1996,0,0,0,0,0,0,0,0,0,0
361425,1,1,1996,0,23,0,19,17,0,18,13,14,0
361426,0,1,1996,0,0,10,0,0,0,0,0,0,23
361426,1,1,1996,0,0,0,0,0,0,0,0,0,0
361427,1,1,1996,0,0,0,0,0,0,0,0,0,0
361428,0,1,1996,27,0,0,0,23,0,0,41,31,0
361428,1,1,1996,0,28,0,22,0,22,0,0,0,0
361429,0,1,1996,0,11,13,0,0,0,31,30,0,0
361429,1,1,1996,0,13,0,0,0,0,0,0,0,13
361430,0,1,1996,0,0,0,0,0,0,0,0,0,0
361430,1,1,1996,0,0,0,0,0,0,6,16,0,0
361431,1,1,1996,23,0,18,0,15,0,0,8,24,26
361432,0,1,1996,0,0,0,0,0,0,15,0,0,0
361432,1,1,1996,0,0,0,0,0,0,0,0,0,0
361433,0,1,1996,0,0,35,0,0,7,27,15,0,31
361433,1,1,1996,0,0,6,0,0,0,0,0,0,0
361433,2,1,1996,0,0,0,27,0,0,0,0,0,0
361434,1,1,1996,0,0,0,0,0,0,0,0,0,0
361434,2,1,1996,0,0,0,0,0,0,0,0,0,0
361435,1,1,1996,0,0,0,0,0,0,0,0,0,0
361436,1,1,1996,0,0,0,0,0,0,0,12,0,0
361436,2,1,1996,0,0,0,0,0,0,0,0,0,0
361437,1,1,1996,0,0,0,0,0,0,0,0,0,0
361438,0,1,1996,0,0,0,0,0,0,0,0,0,0
361438,1,1,1996,0,0,0,0,0,0,0,0,0,0
361439,1,1,1996,14,34,11,24,20,13,25,17,8,19
361440,1,1,1996,0,0,0,0,0,0,0,0,0,0
361441,0,1,1996,6,6,6,6,6,6,6,6,6,6
361441,1,1,1996,0,0,0,0,0,0,0,0,0,0
361442,0,1,1996,0,0,0,0,0,0,0,0,0,0
361442,1,1,1996,0,0,15,0,0,0,0,0,0,0
361443,0,1,1996,0,18,0,0,0,0,0,0,0,0
361443,1,1,1996,0,0,0,0,0,0,0,0,0,0
361444,1,1,1996,0,0,0,0,0,0,0,0,0,0
361444,2,1,1996,0,0,15,0,0,0,0,0,0,0
361445,1,1,1996,0,0,0,0,0,0,0,0,0,0
361445,2,1,1996,0,0,0,0,0,0,0,0,0,21
361446,0,1,1996,0,0,0,0,0,0,0,0,0,0
361446,1,1,1996,0,0,0,0,0,0,0,0,0,0
361447,0,1,1996,0,0,0,0,0,0,0,0,0,0
361447,1,1,1996,0,0,0,0,0,0,0,0,0,0
361448,0,1,1996,0,0,15,0,0,0,0,0,0,0
361448,1,1,1996,0,0,0,0,0,0,0,0,0,0
361449,0,1,1996,22,0,0,0,0,0,3,0,0,26
361449,1,1,1996,0,0,0,12,0,0,0,0,0,0
361450,1,1,1996,0,0,0,0,0,0,0,0,0,0
361451,0,1,1996,0,0,0,0,0,0,0,0,0,0
361451,1,1,1996,0,0,0,0,0,0,0,0,0,0
361452,1,1,1996,0,0,0,0,0,0,0,0,0,0
361452,2,1,1996,0,0,0,0,0,0,0,0,0,0
361453,1,1,1996,0,0,0,0,0,0,0,0,0,0
361453,2,1,1996,0,0,0,0,0,0,0,0,0,0
361453,3,1,1996,0,0,0,0,0,0,0,0,0,0
361454,0,1,1996,0,0,0,0,0,0,0,0,0,0
361454,1,1,1996,0,0,0,0,0,0,0,0,0,0
361455,1,1,1996,0,0,0,0,0,0,0,0,0,0
361456,0,1,1996,10,31,17,25,12,19,36,23,19,28
361456,1,1,1996,0,14,0,10,0,10,11,0,0,0
361457,1,1,1996,0,0,0,0,0,0,0,0,0,0
361457,2,1,1996,1,1,1,1,1,1,1,1,1,1
361458,0,1,1996,0,0,0,0,0,21,20,0,0,0
361458,1,1,1996,5,0,23,10,0,0,10,0,0,24
361459,0,1,1996,0,0,0,0,17,0,0,0,0,0
361459,1,1,1996,0,0,0,0,0,0,0,0,0,0
361460,0,1,1996,0,0,0,0,23,0,0,0,0,0
361460,1,1,1996,0,0,0,0,0,0,0,8,0,0
361461,1,1,1996,18,15,17,18,36,7,16,16,15,32
361462,1,1,1996,21,21,12,12,5,35,14,12,27,10
370001,0,1,1996,0,0,0,0,0,0,0,0,0,0
370001,1,1,1996,0,0,0,0,0,0,0,0,0,0
370002,1,1,1996,0,0,0,0,0,0,0,0,0,0
370002,2,1,1996,0,0,0,0,0,0,0,0,0,0
370003,1,1,1996,21,21,21,21,21,21,21,21,21,21
370004,1,1,1996,0,0,0,0,0,0,0,0,0,0
370005,1,1,1996,0,0,0,0,0,0,8,0,0,0
370005,2,1,1996,0,0,0,0,0,0,0,0,0,0
370006,1,1,1996,37,37,37,37,37,37,37,37,37,37
370006,2,1,1996,9,9,9,9,9,9,9,9,9,9
370007,1,1,1996,0,0,0,0,0,0,0,0,0,0
370007,2,1,1996,0,0,0,0,0,0,0,0,0,0
370008,1,1,1996,0,0,0,0,0,0,0,0,0,0
370008,2,1,1996,0,0,0,0,0,0,0,0,0,0
370009,1,1,1996,0,0,0,0,0,0,0,0,0,0
370009,2,1,1996,0,0,0,0,0,0,0,0,0,0
370010,1,1,1996,0,0,0,0,0,0,0,0,0,0
370010,2,1,1996,0,0,0,0,0,0,0,0,0,5
370011,1,1,1996,0,0,0,0,0,0,0,0,0,0
370011,2,1,1996,0,0,0,0,0,0,0,0,0,0
370012,1,1,1996,0,0,0,0,0,0,16,0,0,0
370013,1,1,1996,0,0,0,0,0,0,0,0,0,0
370013,2,1,1996,0,3,0,0,0,0,0,0,0,0
370014,1,1,1996,0,11,0,0,5,0,0,0,5,0
370015,1,1,1996,0,0,0,0,0,0,0,0,0,0
370016,1,1,1996,0,0,0,0,0,0,0,0,0,0
370016,2,1,1996,0,0,0,0,0,0,0,0,0,0
370017,1,1,1996,0,0,0,23,0,0,0,0,0,0
370018,1,1,1996,27,27,27,27,27,27,27,27,27,27
370019,1,1,1996,0,0,0,0,0,0,0,0,0,0
370019,2,1,1996,0,0,0,0,0,0,0,0,0,0
370020,1,1,1996,0,0,0,0,0,0,0,0,0,0
370020,2,1,1996,0,0,0,0,0,0,0,0,0,0
370021,1,1,1996,0,0,0,0,0,0,0,0,0,0
370021,2,1,1996,0,0,0,0,0,0,0,0,0,0
370022,0,1,1996,0,0,0,0,0,0,0,0,0,0
370022,1,1,1996,0,0,0,0,0,0,0,0,0,0
370022,2,1,1996,0,0,0,0,0,0,0,0,0,0