ST_CASE,VEH_NO,PER_NO,YEAR,P1,P2,P3,P4,P5,P6,P7,P8,P9,P10
370022,3,1,1996,0,0,0,0,0,0,0,0,0,0
370022,5,1,1996,0,0,0,0,0,0,0,0,0,0
370023,1,1,1996,0,0,0,0,0,0,0,0,0,0
370024,1,1,1996,0,0,0,0,0,0,0,0,0,0
370024,2,1,1996,0,0,0,0,0,0,0,0,0,0
370025,1,1,1996,28,28,28,28,28,28,28,28,28,28
370026,1,1,1996,0,0,0,0,0,0,0,0,0,0
370026,2,1,1996,0,0,0,0,0,0,0,0,0,0
370027,1,1,1996,0,0,0,0,0,0,0,0,0,0
370027,2,1,1996,4,4,4,4,4,4,4,4,4,4
370028,0,1,1996,10,10,10,10,10,10,10,10,10,10
370028,1,1,1996,0,0,0,0,0,0,0,0,6,0
370029,1,1,1996,0,0,0,0,0,0,0,0,0,0
370029,2,1,1996,0,0,0,0,0,0,0,0,0,0
370030,1,1,1996,13,13,13,13,13,13,13,13,13,13
370030,2,1,1996,0,0,0,0,0,0,0,0,0,0
370031,1,1,1996,0,0,0,0,0,0,0,0,0,0
370031,2,1,1996,0,0,0,0,0,0,0,0,0,0
370032,1,1,1996,0,0,0,0,0,0,0,0,0,0
370032,2,1,1996,0,0,0,0,0,13,0,0,0,13
370033,1,1,1996,0,0,0,0,0,0,0,0,0,0
370033,2,1,1996,0,0,0,0,0,0,0,0,0,0
370033,3,1,1996,0,0,0,0,0,0,0,0,0,0
370034,1,1,1996,0,0,0,0,0,0,0,0,0,0
370035,1,1,1996,0,0,0,0,0,0,0,0,0,0
370036,1,1,1996,0,0,0,0,0,0,0,0,0,0
370037,0,1,1996,0,0,0,0,0,0,0,0,0,0
370037,1,1,1996,0,0,0,0,0,0,0,0,0,0
370038,1,1,1996,0,0,0,0,0,0,0,0,0,0
370038,2,1,1996,0,0,0,0,0,0,0,0,0,0
370039,1,1,1996,22,10,22,21,13,8,4,8,7,12
370040,1,1,1996,0,0,0,0,0,0,0,0,0,0
370041,1,1,1996,0,0,0,0,0,0,0,0,0,0
370041,2,1,1996,0,0,0,0,0,0,0,0,0,0
370042,1,1,1996,12,13,7,16,12,36,25,16,30,7
370042,2,1,1996,0,0,0,0,0,0,0,32,0,0
370043,1,1,1996,0,0,0,0,0,0,0,0,0,0
370043,2,1,1996,0,0,0,0,0,0,0,0,0,0
370043,3,1,1996,0,0,0,0,0,0,0,0,0,0
370043,4,1,1996,0,0,0,0,5,0,0,0,0,0
370043,5,1,1996,0,0,0,0,0,9,0,0,0,0
370044,1,1,1996,0,0,0,0,0,0,0,0,0,0
370044,2,1,1996,0,0,0,0,0,0,0,0,0,0
370044,3,1,1996,0,0,0,0,0,0,0,0,0,0
370045,1,1,1996,0,0,0,0,0,0,0,0,0,0
370045,2,1,1996,0,0,0,0,0,0,0,0,0,0
370046,1,1,1996,0,0,0,0,0,9,0,0,37,0
370047,0,1,1996,22,22,22,22,22,22,22,22,22,22
370047,1,1,1996,0,0,0,0,0,0,0,0,0,0
370048,1,1,1996,6,6,6,6,6,6,6,6,6,6
370049,1,1,1996,12,19,16,16,15,14,15,17,10,21
370050,1,1,1996,0,0,0,0,0,0,0,0,0,0
370050,2,1,1996,0,0,0,0,0,0,0,0,0,0
370051,1,1,1996,0,0,0,0,0,0,0,0,0,0
370051,2,1,1996,0,0,0,0,0,0,0,0,0,0
370051,3,1,1996,0,0,0,0,0,0,0,0,0,0
370052,1,1,1996,0,0,0,0,0,0,0,0,0,0
370053,1,1,1996,10,10,10,10,10,10,10,10,10,10
370054,1,1,1996,21,13,0,9,0,21,27,17,19,0
370055,1,1,1996,0,0,0,0,0,0,7,0,0,0
370055,2,1,1996,0,0,0,0,0,0,0,0,0,0
370056,1,1,1996,0,0,0,0,0,0,0,0,0,0
370056,2,1,1996,0,0,0,0,0,0,0,0,0,0
370056,3,1,1996,0,0,0,0,0,0,0,0,0,0
370057,0,1,1996,0,0,0,0,0,0,0,0,0,0
370057,1,1,1996,0,0,0,13,0,0,5,0,0,0
370058,1,1,1996,0,0,0,0,0,0,0,0,0,0
370059,1,1,1996,0,0,0,0,0,0,0,0,0,0
370059,2,1,1996,0,0,0,0,0,0,0,0,0,0
370060,1,1,1996,0,0,0,0,0,0,0,0,0,0
370060,2,1,1996,0,0,0,0,0,0,0,0,0,0
370061,1,1,1996,0,0,0,0,0,0,0,0,0,0
370061,2,1,1996,0,0,32,16,19,0,0,5,0,0
370062,1,1,1996,0,0,0,0,0,0,0,0,0,0
370062,2,1,1996,13,0,0,0,9,0,0,0,0,0
370063,1,1,1996,11,13,10,27,18,23,25,24,19,37
370063,2,1,1996,0,0,10,0,0,0,4,0,0,0
370063,3,1,1996,0,0,0,0,0,0,0,0,0,0
370064,1,1,1996,7,15,12,8,5,13,17,19,9,8
370065,1,1,1996,17,8,22,9,9,16,24,9,10,3
370066,1,1,1996,0,0,0,0,0,0,0,0,0,0
370067,1,1,1996,14,14,14,14,14,14,14,14,14,14
370068,1,1,1996,0,0,0,0,0,0,0,0,0,0
370068,2,1,1996,0,0,0,0,0,0,0,0,0,0
370069,1,1,1996,0,16,13,16,3,35,27,0,41,27
370070,1,1,1996,0,0,0,0,0,0,0,0,0,0
370070,2,1,1996,0,0,0,0,0,0,0,0,0,0
370071,1,1,1996,17,17,17,17,17,17,17,17,17,17
370072,1,1,1996,0,0,0,0,0,0,0,0,0,0
370073,1,1,1996,0,0,0,0,0,0,0,0,0,0
370074,1,1,1996,0,0,0,0,0,0,0,0,0,0
370074,2,1,1996,0,0,0,0,0,0,0,0,0,0
370075,1,1,1996,0,0,0,0,0,0,0,0,0,0
370075,2,1,1996,0,0,0,0,0,0,0,0,0,0
370075,3,1,1996,0,0,0,0,0,0,0,0,0,0
370075,4,1,1996,0,0,0,0,0,0,0,0,0,0
370076,1,1,1996,25,25,25,25,25,25,25,25,25,25
370077,1,1,1996,0,0,0,0,0,0,0,0,0,0
370077,2,1,1996,2,2,2,2,2,2,2,2,2,2
370078,1,1,1996,2,2,2,2,2,2,2,2,2,2
370078,2,1,1996,0,0,0,0,0,0,0,0,0,0
370079,1,1,1996,0,0,0,0,0,0,0,0,0,0
370080,1,1,1996,18,18,18,18,18,18,18,18,18,18
370081,1,1,1996,0,0,0,0,0,0,0,0,0,0
370081,2,1,1996,0,0,0,0,0,0,0,0,0,0
370082,1,1,1996,0,0,0,0,0,0,0,0,0,0
370082,2,1,1996,0,0,0,0,0,0,0,0,0,0
370082,3,1,1996,0,0,0,0,0,0,0,0,0,0
370082,4,1,1996,0,0,0,0,0,0,0,0,0,0
370083,1,1,1996,0,0,0,0,0,0,0,0,0,0
370083,2,1,1996,0,0,0,0,0,0,0,0,0,0
370084,1,1,1996,0,0,0,0,0,0,0,0,0,0
370085,1,1,1996,0,0,0,0,11,0,0,0,0,0
370086,1,1,1996,0,0,0,0,0,0,0,0,0,0
370086,2,1,1996,0,0,0,0,6,0,0,0,0,0
370086,3,1,1996,0,0,0,0,0,0,0,0,0,0
370087,1,1,1996,0,0,0,0,0,0,0,0,0,0
370088,1,1,1996,0,0,0,0,0,0,0,0,0,0
370088,2,1,1996,0,0,0,0,0,0,0,0,0,0
370088,3,1,1996,0,0,0,0,0,0,0,0,0,0
370089,1,1,1996,0,0,0,0,0,0,0,0,0,0
370089,2,1,1996,12,12,12,12,12,12,12,12,12,12
370090,0,1,1996,15,15,15,15,15,15,15,15,15,15
370090,1,1,1996,0,0,0,0,0,18,0,0,0,0
370091,0,1,1996,21,21,21,21,21,21,21,21,21,21
370091,1,1,1996,0,0,0,0,0,0,0,0,0,0
370092,1,1,1996,0,0,0,0,0,0,0,0,0,0
370092,2,1,1996,12,15,16,15,16,13,22,18,8,6
370093,1,1,1996,19,19,19,19,19,19,19,19,19,19
370094,1,1,1996,0,0,0,0,0,0,0,0,0,0
370094,2,1,1996,0,0,0,0,0,0,0,0,0,0
370095,1,1,1996,0,0,0,0,0,0,0,0,0,5
370096,1,1,1996,0,0,0,0,0,0,0,0,0,0
370096,2,1,1996,0,0,0,0,0,0,0,0,0,0
370097,0,1,1996,0,0,0,0,0,0,0,0,0,0
370097,1,1,1996,0,0,0,0,0,0,0,0,0,0
370098,1,1,1996,0,0,0,0,0,0,0,0,0,0
370099,1,1,1996,0,0,0,0,0,0,0,0,0,0
370099,2,1,1996,0,0,0,0,0,0,0,0,0,0
370100,1,1,1996,0,0,0,0,0,0,0,16,0,0
370101,0,1,1996,0,0,0,0,0,0,0,0,0,0
370101,1,1,1996,0,0,0,0,0,1,0,0,0,0
370102,1,1,1996,0,0,0,0,0,0,0,0,28,0
370103,1,1,1996,21,21,21,21,21,21,21,21,21,21
370103,2,1,1996,0,0,0,0,0,0,0,0,0,0
370104,1,1,1996,17,17,17,17,17,17,17,17,17,17
370105,1,1,1996,0,0,0,0,0,0,0,0,0,0
370105,2,1,1996,0,0,0,0,0,0,0,0,0,0
370106,1,1,1996,4,28,33,28,17,18,16,22,15,23
370107,1,1,1996,0,0,0,0,0,0,0,0,0,0
370108,1,1,1996,0,0,0,0,0,0,0,0,0,6
370108,2,1,1996,0,0,0,0,0,0,0,0,0,0
370109,1,1,1996,0,0,0,0,0,0,0,0,0,0
370109,2,1,1996,0,0,0,0,0,0,0,0,0,0
370110,1,1,1996,20,5,32,13,8,17,20,20,21,26
370111,1,1,1996,0,0,0,0,0,0,0,0,0,0
370111,2,1,1996,0,0,0,0,0,0,0,0,0,0
370112,1,1,1996,0,10,22,0,15,0,0,0,0,29
370113,1,1,1996,0,0,0,0,0,0,0,0,0,0
370113,2,1,1996,0,0,0,0,0,0,0,0,0,0
370114,0,1,1996,25,20,16,29,34,0,0,15,17,0
370114,1,1,1996,14,9,0,0,0,4,0,0,0,15
370115,1,1,1996,11,11,11,11,11,11,11,11,11,11
370116,1,1,1996,51,14,10,20,16,7,15,22,14,0
370116,2,1,1996,0,0,0,0,0,0,0,0,0,0
370116,3,1,1996,0,0,0,0,0,0,0,0,7,0
370116,4,1,1996,0,0,0,0,0,0,0,0,0,0
370117,1,1,1996,14,19,11,19,8,0,0,10,8,24
370117,2,1,1996,0,0,0,0,0,0,0,0,0,0
370117,3,1,1996,0,0,0,0,0,0,0,0,0,0
370117,4,1,1996,0,0,0,0,0,0,0,0,0,0
370117,5,1,1996,0,0,0,0,0,0,0,0,0,0
370118,1,1,1996,0,0,0,16,0,0,0,0,0,0
370118,2,1,1996,0,0,0,0,0,0,0,0,0,0
370119,1,1,1996,0,0,0,0,0,0,0,0,0,0
370120,1,1,1996,0,0,0,0,0,0,0,0,0,0
370121,1,1,1996,0,0,0,0,0,0,0,0,0,0
370121,2,1,1996,0,0,0,0,0,0,0,0,0,0
370122,1,1,1996,22,22,22,22,22,22,22,22,22,22
370123,1,1,1996,0,0,0,0,0,0,0,0,0,0
370124,1,1,1996,0,0,0,0,0,0,0,0,0,0
370125,1,1,1996,0,0,0,0,0,0,0,0,4,0
370125,2,1,1996,0,0,0,0,0,0,0,0,0,0
370126,1,1,1996,0,0,0,0,0,0,0,0,0,0
370126,2,1,1996,0,0,0,0,0,0,0,0,0,0
370127,1,1,1996,0,0,0,0,0,0,0,0,0,0
370127,2,1,1996,0,0,0,0,0,0,0,0,0,0
370128,1,1,1996,5,15,11,0,0,15,0,0,0,0
370129,1,1,1996,0,0,0,0,0,0,0,0,0,0
370129,2,1,1996,0,0,0,0,0,0,0,0,0,0
370130,1,1,1996,0,0,0,0,0,0,0,0,0,0
370130,2,1,1996,0,0,0,8,0,0,0,0,0,0
370131,1,1,1996,0,0,0,0,0,0,0,0,0,0
370132,0,1,1996,0,0,0,0,0,0,0,0,0,0
370132,1,1,1996,0,0,0,0,0,0,0,0,0,0
370133,1,1,1996,0,0,0,0,0,0,0,0,0,0
370134,1,1,1996,21,21,21,21,21,21,21,21,21,21
370135,1,1,1996,7,17,21,11,24,17,8,18,17,7
370136,1,1,1996,18,18,18,18,18,18,18,18,18,18
370137,1,1,1996,22,22,22,22,22,22,22,22,22,22
370138,1,1,1996,22,6,5,17,8,0,0,12,17,8
370138,2,1,1996,4,4,4,4,4,4,4,4,4,4
370139,1,1,1996,0,0,0,0,0,0,0,0,0,0
370139,2,1,1996,0,0,0,0,0,0,0,0,0,0
370140,0,1,1996,0,0,0,0,0,0,0,0,0,0
370140,1,1,1996,0,0,0,0,0,10,0,0,0,0
370141,0,1,1996,0,0,0,0,0,0,0,0,0,0
370141,1,1,1996,0,0,0,0,0,0,0,0,0,0
370142,0,1,1996,21,21,21,21,21,21,21,21,21,21
370142,1,1,1996,0,0,0,0,0,0,0,0,0,0
370143,1,1,1996,28,28,28,28,28,28,28,28,28,28
370144,1,1,1996,0,0,0,0,0,0,0,0,0,0
370144,2,1,1996,0,0,0,0,0,0,0,0,0,0
370145,1,1,1996,12,28,18,0,16,20,9,12,8,14
370145,2,1,1996,0,0,0,0,0,0,0,0,0,0
370146,1,1,1996,15,15,15,15,15,15,15,15,15,15
370147,1,1,1996,14,14,14,14,14,14,14,14,14,14
370148,1,1,1996,16,16,16,16,16,16,16,16,16,16
370149,1,1,1996,0,0,0,0,0,0,0,0,0,0
370150,1,1,1996,12,16,14,13,9,15,20,33,17,12
370151,1,1,1996,7,22,0,19,6,15,7,17,7,0
370152,1,1,1996,0,0,0,0,0,0,0,27,0,0
370153,1,1,1996,25,25,25,25,25,25,25,25,25,25
370154,1,1,1996,0,0,0,0,0,0,0,0,0,0
370155,1,1,1996,0,0,0,0,0,0,0,0,0,0
370155,2,1,1996,0,0,0,0,0,0,0,0,0,0
370156,1,1,1996,0,0,0,0,0,0,0,0,0,0
370157,1,1,1996,0,0,0,0,0,0,0,0,0,0
370158,0,1,1996,13,13,13,13,13,13,13,13,13,13
370158,1,1,1996,0,0,0,0,13,0,0,0,0,0
370159,1,1,1996,0,0,0,0,0,0,0,0,0,0
370159,2,1,1996,0,0,0,0,0,0,0,0,0,0
370160,1,1,1996,11,24,20,19,11,12,8,11,12,11
370161,1,1,1996,0,0,0,0,0,0,0,0,0,0
370161,2,1,1996,0,0,20,0,0,0,0,10,0,0
370162,1,1,1996,0,0,0,0,0,0,0,0,0,0
370162,2,1,1996,0,0,0,0,0,0,0,0,0,0
370163,1,1,1996,0,0,0,0,0,0,0,0,0,0
370163,2,1,1996,0,0,0,0,0,0,0,0,0,0
370164,0,1,1996,0,0,0,0,0,0,0,0,0,0
370164,1,1,1996,0,0,0,0,0,0,0,0,0,0
370165,1,1,1996,0,0,0,0,0,0,0,0,0,0
370166,1,1,1996,0,0,0,0,0,0,0,0,0,0
370167,1,1,1996,0,0,0,0,0,0,0,0,0,0
370168,1,1,1996,0,0,0,0,0,0,0,0,0,0
370168,2,1,1996,0,0,0,0,0,0,0,0,0,0
370169,1,1,1996,21,21,21,21,21,21,21,21,21,21
370169,2,1,1996,0,0,0,0,0,0,0,0,0,10
370170,1,1,1996,0,0,0,0,0,0,0,0,0,0
370170,2,1,1996,0,0,0,0,0,0,0,0,0,0
370171,1,1,1996,0,0,0,0,0,0,0,0,0,0
370171,2,1,1996,0,0,0,0,0,0,0,0,0,0
370171,3,1,1996,0,0,0,0,0,0,0,0,0,0
370172,1,1,1996,6,6,6,6,6,6,6,6,6,6
370173,1,1,1996,0,0,0,0,0,0,0,0,0,0
370173,2,1,1996,0,0,0,0,0,0,0,0,0,0
370174,1,1,1996,0,0,0,0,0,0,0,0,0,0
370174,2,1,1996,0,0,0,0,0,0,0,0,0,0
370175,1,1,1996,0,0,0,0,0,0,0,0,0,0
370175,2,1,1996,19,19,19,19,19,19,19,19,19,19
370175,3,1,1996,0,0,0,0,0,0,5,0,0,0
370176,1,1,1996,0,0,0,0,0,0,0,0,0,0
370177,1,1,1996,26,26,26,26,26,26,26,26,26,26
370178,1,1,1996,16,0,0,0,0,0,37,0,19,0
370178,2,1,1996,0,14,17,11,7,17,41,19,23,4
370179,1,1,1996,0,0,0,0,0,0,0,0,0,0
370180,0,1,1996,0,0,0,0,0,0,0,0,0,0
370180,1,1,1996,0,0,0,0,0,0,0,0,0,0
370181,1,1,1996,9,9,9,9,9,9,9,9,9,9
370182,1,1,1996,0,0,0,0,0,0,0,0,0,0
370183,1,1,1996,0,0,0,0,0,0,0,0,0,0
370183,2,1,1996,0,0,0,0,0,0,0,0,0,0
370184,1,1,1996,0,0,0,0,0,0,0,0,0,0
370184,2,1,1996,0,0,0,0,0,0,0,0,0,0
370184,3,1,1996,0,0,0,0,0,0,0,0,0,0
370184,4,1,1996,0,0,0,0,0,0,0,0,5,0
370185,1,1,1996,17,17,17,17,17,17,17,17,17,17
370185,2,1,1996,0,0,0,0,0,0,0,0,0,0
370185,3,1,1996,0,0,0,0,0,0,0,0,0,0
370186,1,1,1996,0,0,0,0,0,0,0,0,0,0
370187,1,1,1996,0,0,0,0,0,0,0,0,0,0
370187,2,1,1996,0,0,0,0,0,0,0,0,0,0
370188,1,1,1996,0,0,0,0,0,0,0,0,0,0
370188,2,1,1996,0,0,0,0,0,0,0,0,0,0
370189,1,1,1996,0,0,0,0,0,0,0,10,0,0
370189,2,1,1996,0,0,0,0,0,0,0,0,0,0
370190,1,1,1996,0,0,0,0,0,0,0,0,0,0
370190,2,1,1996,0,0,0,0,0,0,0,0,0,0
370191,1,1,1996,21,21,21,21,21,21,21,21,21,21
370192,1,1,1996,7,0,8,0,0,0,0,0,0,0
370192,2,1,1996,0,0,0,0,0,0,0,0,0,0
370193,1,1,1996,0,0,0,19,0,0,0,18,0,0
370194,1,1,1996,7,5,9,12,23,6,17,4,12,10
370195,1,1,1996,12,7,3,0,34,0,0,15,24,13
370196,1,1,1996,0,0,0,0,0,0,0,0,0,0
370196,2,1,1996,0,0,0,0,0,0,0,0,0,0
370197,1,1,1996,6,14,9,8,4,8,0,19,16,14
370197,2,1,1996,0,0,0,0,0,0,0,0,0,0
370198,1,1,1996,0,0,0,0,0,7,9,0,0,0
370198,2,1,1996,0,0,0,0,0,0,0,0,0,0
370199,1,1,1996,0,0,0,0,0,0,0,0,0,0
370200,1,1,1996,0,0,0,0,0,0,0,0,0,0
370201,1,1,1996,0,0,0,0,0,0,0,0,0,0
370202,1,1,1996,0,0,0,0,0,0,0,0,0,0
370202,2,1,1996,0,0,0,0,0,0,0,0,0,0
370202,3,1,1996,0,0,12,0,0,0,0,0,0,0
370202,4,1,1996,0,0,0,0,0,0,0,0,0,0
370203,1,1,1996,0,0,0,0,0,0,0,0,0,0
370204,1,1,1996,0,0,0,0,0,0,0,0,0,0
370204,2,1,1996,0,0,0,0,0,0,0,0,0,0
370205,1,1,1996,0,0,0,0,0,0,0,0,0,0
370205,2,1,1996,0,0,0,0,0,0,0,0,0,0
370206,1,1,1996,0,0,0,0,0,0,0,0,0,0
370207,1,1,1996,0,0,0,0,0,0,0,0,0,0
370207,2,1,1996,0,0,0,0,0,0,23,0,0,0
370208,0,1,1996,0,0,0,0,0,0,0,0,0,0
370208,1,1,1996,0,0,0,0,0,0,0,0,0,0
370209,1,1,1996,0,0,0,0,0,0,0,0,0,0
370210,1,1,1996,21,0,10,20,8,10,9,21,7,12
370211,1,1,1996,0,0,0,0,0,0,0,0,0,0
370211,2,1,1996,0,0,0,0,0,0,0,0,0,0
370212,1,1,1996,0,0,0,0,0,0,0,0,0,0
370212,2,1,1996,0,0,0,0,0,0,12,0,0,0
370212,3,1,1996,0,0,0,0,0,0,0,0,0,0
370213,1,1,1996,5,5,5,5,5,5,5,5,5,5
370214,1,1,1996,0,0,0,0,0,0,0,0,0,0
370214,2,1,1996,0,0,0,0,0,0,0,0,0,0
370215,1,1,1996,0,0,0,0,0,0,0,0,0,0
370215,2,1,1996,0,0,0,0,0,0,0,0,5,0
370216,1,1,1996,31,31,31,31,31,31,31,31,31,31
370217,1,1,1996,0,0,0,0,0,0,0,0,0,0
370218,0,1,1996,15,15,15,15,15,15,15,15,15,15
370218,1,1,1996,2,22,2,15,7,13,20,4,23,2
370219,1,1,1996,0,0,0,0,0,0,0,0,0,0
370220,1,1,1996,24,24,24,24,24,24,24,24,24,24
370221,1,1,1996,0,0,0,0,0,0,0,0,0,0
370221,2,1,1996,0,0,0,0,0,0,0,0,0,0
370222,1,1,1996,26,26,26,26,26,26,26,26,26,26
370223,1,1,1996,0,0,0,0,0,0,0,0,0,0
370223,2,1,1996,0,0,0,0,0,0,0,0,0,0
370224,1,1,1996,0,0,0,0,0,0,0,0,0,0
370224,2,1,1996,0,0,0,0,0,0,0,0,0,0
370225,1,1,1996,0,0,0,0,0,0,0,0,20,0
370226,1,1,1996,16,2,26,8,0,17,8,15,5,0
370226,2,1,1996,0,0,0,0,0,0,6,0,0,0
370227,1,1,1996,0,0,0,0,0,0,0,0,0,0
370228,1,1,1996,0,0,0,0,0,0,0,0,0,0
370229,1,1,1996,0,0,0,0,0,0,0,0,0,0
370229,2,1,1996,0,0,0,0,0,0,0,0,0,0
370230,1,1,1996,12,9,0,10,0,10,0,3,14,16
370230,2,1,1996,0,0,0,0,0,0,0,0,0,0
370231,0,1,1996,0,0,0,0,0,7,0,0,0,0
370231,1,1,1996,0,0,0,0,0,0,0,0,0,0
370232,0,1,1996,0,0,0,0,0,0,0,0,0,0
370232,1,1,1996,0,0,0,0,0,0,0,0,0,0
370233,1,1,1996,0,0,0,0,0,0,0,0,0,0
370234,1,1,1996,0,0,0,0,0,0,0,0,0,0
370234,2,1,1996,0,0,0,0,0,0,7,6,0,0
370235,0,1,1996,17,17,17,17,17,17,17,17,17,17
370235,1,1,1996,0,0,0,0,0,0,0,0,0,0
370236,1,1,1996,10,10,13,26,15,11,36,33,23,19
370237,1,1,1996,14,14,14,14,14,14,14,14,14,14
370237,2,1,1996,0,0,0,0,0,0,0,0,0,0
370238,1,1,1996,0,0,0,0,0,0,0,0,0,0
370239,1,1,1996,0,0,0,0,0,0,0,0,0,0
370240,1,1,1996,21,21,21,21,21,21,21,21,21,21
370241,0,1,1996,0,26,0,0,0,25,0,29,3,14
370241,1,1,1996,0,0,0,0,0,0,0,0,0,0
370242,1,1,1996,0,0,0,0,0,0,0,0,0,0
370242,2,1,1996,0,0,0,0,0,0,0,0,0,0
370243,1,1,1996,0,0,0,0,0,0,0,0,0,0
370244,1,1,1996,0,0,0,0,0,0,0,0,0,0
370244,2,1,1996,0,0,0,0,0,0,0,0,0,0
370245,1,1,1996,12,0,16,10,12,27,15,10,14,13
370246,0,1,1996,27,27,27,27,27,27,27,27,27,27
370246,1,1,1996,0,0,0,0,0,0,0,0,0,0
370247,0,1,1996,2,2,2,2,2,2,2,2,2,2
370247,1,1,1996,0,0,0,0,0,0,0,0,0,0
370248,1,1,1996,29,29,29,29,29,29,29,29,29,29
370249,1,1,1996,0,0,0,0,0,0,0,0,21,0
370249,2,1,1996,0,0,0,0,0,0,0,0,0,0
370250,1,1,1996,6,6,6,6,6,6,6,6,6,6
370251,1,1,1996,0,0,0,0,0,0,0,0,0,0
370252,1,1,1996,13,12,18,31,15,8,15,17,29,25
370253,1,1,1996,0,0,0,0,0,0,0,0,0,0
370253,2,1,1996,16,10,12,10,4,13,23,19,7,17
370254,1,1,1996,0,0,0,0,0,0,0,0,0,0
370254,2,1,1996,0,0,4,0,0,0,0,0,0,0
370255,1,1,1996,0,0,0,0,0,0,0,0,0,0
370256,1,1,1996,0,0,0,0,0,0,0,0,0,0
370257,0,1,1996,0,0,0,0,0,0,0,0,0,0
370257,1,1,1996,0,0,0,0,0,0,0,0,0,0
370258,1,1,1996,0,0,0,0,0,0,0,0,0,0
370258,2,1,1996,0,0,0,0,0,0,0,0,0,0
370259,1,1,1996,0,0,0,0,0,9,0,0,0,3
370259,2,1,1996,0,0,0,0,0,0,0,0,0,0
370259,3,1,1996,0,0,0,0,0,0,0,0,0,0
370260,1,1,1996,0,0,0,0,0,0,0,0,0,0
370260,2,1,1996,0,0,0,0,0,0,0,0,0,0
370261,1,1,1996,20,20,20,20,20,20,20,20,20,20
370262,1,1,1996,20,20,20,20,20,20,20,20,20,20
370263,1,1,1996,22,27,16,7,20,21,19,14,27,15
370263,2,1,1996,0,0,0,0,0,0,0,0,0,0
370264,1,1,1996,0,0,0,0,0,0,0,0,0,0
370265,1,1,1996,0,0,0,0,0,0,0,0,0,0
370265,2,1,1996,0,0,0,0,0,0,0,0,0,0
370266,1,1,1996,0,0,0,0,0,0,0,0,0,0
370267,1,1,1996,0,0,0,0,0,0,0,0,0,0
370267,2,1,1996,0,0,0,0,0,0,0,0,0,0
370267,3,1,1996,0,0,0,0,0,0,0,0,0,0
370267,4,1,1996,0,0,0,0,0,0,0,0,0,0
370268,0,1,1996,12,29,0,8,30,0,0,28,0,3
370268,1,1,1996,0,0,0,0,14,0,0,0,0,0
370269,1,1,1996,0,0,0,0,0,0,0,0,0,0
370270,1,1,1996,15,22,16,7,18,12,23,21,25,38
370271,1,1,1996,0,0,0,0,0,12,13,0,15,0
370272,0,1,1996,18,9,19,36,23,28,16,10,22,33
370272,1,1,1996,0,0,0,0,0,0,0,0,0,0
370273,1,1,1996,0,0,0,0,0,0,0,0,0,0
370274,1,1,1996,0,0,0,0,0,0,0,0,0,0
370275,0,1,1996,30,8,20,24,30,26,0,16,24,0
370275,1,1,1996,0,0,0,0,0,0,0,0,0,0
370276,1,1,1996,0,0,0,0,0,0,0,0,0,0
370276,2,1,1996,0,0,0,0,0,0,0,0,0,0
370277,0,1,1996,0,0,0,0,0,0,0,0,0,0
370277,1,1,1996,0,0,0,0,0,0,0,0,0,0
370278,1,1,1996,10,10,10,10,10,10,10,10,10,10
370279,1,1,1996,0,0,0,0,0,0,0,0,0,0
370279,2,1,1996,0,0,0,0,0,0,0,14,0,0
370279,3,1,1996,0,0,0,0,0,0,0,0,0,0
370280,1,1,1996,0,0,0,0,0,0,0,0,0,0
370280,2,1,1996,0,0,0,0,0,0,0,0,0,0
370281,1,1,1996,8,0,12,0,0,0,0,0,0,0
370281,2,1,1996,0,0,0,0,0,0,0,0,0,0
370282,1,1,1996,0,0,0,0,0,0,0,0,0,0
370282,2,1,1996,15,0,15,9,0,0,15,0,3,13
370283,1,1,1996,13,13,13,13,13,13,13,13,13,13
370284,1,1,1996,0,0,0,0,0,0,0,0,0,0
370284,2,1,1996,0,0,0,0,0,0,0,0,0,0
370285,0,1,1996,0,0,0,0,0,0,0,0,0,0
370285,1,1,1996,0,0,0,0,0,0,0,0,0,0
370286,1,1,1996,0,0,0,0,0,0,0,0,0,0
370286,2,1,1996,0,0,0,0,0,0,0,0,0,0
370287,1,1,1996,11,7,22,24,14,6,13,15,3,10
370288,1,1,1996,0,0,0,0,0,0,0,0,0,0
370288,2,1,1996,26,0,0,0,0,0,0,0,21,0
370289,1,1,1996,0,0,0,0,0,0,0,0,0,0
370289,2,1,1996,0,0,0,17,0,0,0,0,0,0
370290,1,1,1996,16,5,14,5,11,21,11,4,10,9
370291,0,1,1996,18,18,18,18,18,18,18,18,18,18
370291,1,1,1996,0,0,0,0,0,0,0,0,0,0
370292,1,1,1996,0,0,0,0,0,0,0,0,0,0
370292,2,1,1996,0,0,0,0,0,0,0,0,0,0
370293,1,1,1996,0,0,0,0,0,0,0,0,0,0
370293,2,1,1996,0,0,0,0,0,0,0,0,0,0
370294,1,1,1996,0,0,0,0,0,0,0,0,0,0
370294,2,1,1996,0,0,0,0,0,0,0,0,0,0
370294,3,1,1996,0,0,0,0,0,0,0,0,0,0
370295,1,1,1996,11,11,11,11,11,11,11,11,11,11
370296,1,1,1996,24,24,24,24,24,24,24,24,24,24
370297,1,1,1996,0,0,0,0,0,0,0,0,0,0
370297,2,1,1996,0,0,0,0,0,0,0,0,0,0
370298,1,1,1996,0,0,0,0,0,0,0,0,0,0
370298,2,1,1996,0,0,0,0,0,0,0,0,0,0