ST_CASE,VEH_NO,PER_NO,YEAR,P1,P2,P3,P4,P5,P6,P7,P8,P9,P10
370299,1,1,1996,0,0,0,0,0,0,0,0,0,0
370300,1,1,1996,0,0,0,0,0,0,0,0,0,0
370300,2,1,1996,0,0,0,0,0,0,0,0,0,0
370301,0,1,1996,32,0,4,31,27,26,0,0,27,33
370301,1,1,1996,0,0,0,0,0,0,0,0,0,0
370302,0,1,1996,0,0,17,0,0,12,0,6,0,0
370302,1,1,1996,0,0,0,0,0,0,0,0,0,0
370303,0,1,1996,0,0,0,0,0,0,0,0,0,0
370303,1,1,1996,0,0,0,0,0,0,0,0,0,0
370304,1,1,1996,0,0,0,0,0,0,0,0,0,0
370304,2,1,1996,0,0,0,0,0,0,0,0,0,0
370305,1,1,1996,0,0,0,0,0,0,0,0,0,0
370305,2,1,1996,0,0,0,0,0,0,0,0,0,0
370306,1,1,1996,0,0,0,0,0,0,0,0,0,0
370306,2,1,1996,0,0,0,0,0,0,0,0,0,0
370307,1,1,1996,0,0,0,0,0,0,0,0,0,0
370307,2,1,1996,0,0,0,0,0,0,0,0,0,0
370308,1,1,1996,0,0,0,0,0,0,0,0,0,0
370308,2,1,1996,0,21,0,0,9,13,0,27,0,0
370309,1,1,1996,0,0,0,0,0,0,0,0,0,0
370310,1,1,1996,8,18,12,36,0,0,14,14,15,19
370310,2,1,1996,0,0,0,0,0,0,0,22,0,0
370311,1,1,1996,20,20,20,20,20,20,20,20,20,20
370311,2,1,1996,0,0,0,13,0,0,0,0,0,0
370312,1,1,1996,18,18,18,18,18,18,18,18,18,18
370313,1,1,1996,10,11,12,17,9,7,13,20,19,18
370313,2,1,1996,0,0,0,0,0,0,0,0,0,0
370314,1,1,1996,0,0,0,0,0,0,0,0,0,12
370314,2,1,1996,0,0,0,0,0,0,0,0,0,0
370315,0,1,1996,0,0,0,16,0,0,0,0,0,0
370315,1,1,1996,0,0,0,0,0,0,0,0,0,0
370316,1,1,1996,0,0,0,0,0,0,0,0,0,0
370316,2,1,1996,0,0,0,0,0,0,0,0,0,0
370317,1,1,1996,21,31,25,21,21,5,13,22,13,24
370318,1,1,1996,0,0,0,0,0,0,0,0,0,0
370318,2,1,1996,0,0,0,0,0,0,0,0,0,0
370319,0,1,1996,0,0,0,0,0,0,0,0,0,0
370319,1,1,1996,0,0,0,0,0,0,0,0,0,0
370320,0,1,1996,0,0,0,0,0,0,0,0,0,0
370320,1,1,1996,0,0,0,0,0,0,13,0,0,0
370321,1,1,1996,0,0,0,0,0,0,0,0,0,0
370321,2,1,1996,0,0,0,0,0,0,0,0,0,0
370322,1,1,1996,17,17,17,17,17,17,17,17,17,17
370323,1,1,1996,0,0,0,0,0,0,0,0,0,0
370323,2,1,1996,0,0,9,0,0,0,0,0,0,0
370324,1,1,1996,0,0,0,0,0,0,0,0,0,0
370324,2,1,1996,0,0,0,0,0,0,0,0,0,0
370325,1,1,1996,0,0,0,0,0,0,0,0,0,0
370325,2,1,1996,0,0,0,0,0,0,0,0,0,0
370326,1,1,1996,0,0,0,0,0,0,0,0,0,0
370326,2,1,1996,0,0,0,0,0,0,0,0,0,0
370327,1,1,1996,22,0,0,0,0,0,0,8,0,0
370328,1,1,1996,0,0,0,0,0,0,0,0,0,0
370329,1,1,1996,16,20,36,25,11,25,12,26,24,16
370329,2,1,1996,0,0,0,0,0,0,0,0,0,0
370330,1,1,1996,0,0,0,0,0,0,0,0,0,0
370330,2,1,1996,0,0,0,0,0,0,0,0,0,0
370330,3,1,1996,0,0,0,0,0,0,0,0,0,0
370331,1,1,1996,0,0,0,0,0,0,0,0,0,28
370332,1,1,1996,8,8,8,8,8,8,8,8,8,8
370333,1,1,1996,0,0,0,0,0,0,0,0,0,0
370334,1,1,1996,0,0,0,0,0,0,0,0,0,0
370334,2,1,1996,0,0,0,0,0,0,0,0,0,0
370335,1,1,1996,20,20,20,20,20,20,20,20,20,20
370336,1,1,1996,0,0,0,0,0,0,0,0,0,0
370336,2,1,1996,0,23,0,0,0,0,0,0,0,0
370337,1,1,1996,0,0,0,0,0,0,0,0,0,0
370337,2,1,1996,0,0,0,0,0,0,0,0,0,0
370337,3,1,1996,0,0,0,0,0,0,0,0,0,0
370338,1,1,1996,0,0,0,0,0,0,0,0,0,0
370338,2,1,1996,0,0,0,0,0,0,0,0,0,0
370338,3,1,1996,0,0,0,0,0,13,0,0,0,0
370339,1,1,1996,0,0,0,0,0,0,0,0,0,0
370339,2,1,1996,0,0,0,0,0,0,0,0,0,0
370340,1,1,1996,0,0,0,0,0,0,0,0,0,0
370340,2,1,1996,0,0,0,0,0,0,0,0,0,0
370341,1,1,1996,0,20,0,0,0,0,0,0,0,0
370341,2,1,1996,0,0,0,0,0,0,0,0,0,0
370342,1,1,1996,0,0,0,0,0,0,0,0,0,0
370343,0,1,1996,0,0,0,0,0,0,0,0,0,0
370343,1,1,1996,0,0,0,0,0,0,0,0,0,0
370344,1,1,1996,0,0,0,0,0,0,0,0,0,0
370344,2,1,1996,0,0,0,0,0,0,0,0,0,0
370345,1,1,1996,9,27,19,5,16,25,6,15,9,16
370346,1,1,1996,0,0,0,0,0,0,0,0,0,0
370346,2,1,1996,0,0,0,0,0,0,0,0,0,0
370347,0,1,1996,0,0,0,20,0,0,0,0,0,0
370348,1,1,1996,0,0,0,0,0,0,0,0,0,0
370349,1,1,1996,0,0,0,0,0,8,0,0,0,0
370349,2,1,1996,0,0,0,0,0,0,0,0,0,0
370350,1,1,1996,0,0,0,0,0,0,0,0,0,0
370351,1,1,1996,0,0,0,0,0,0,0,0,0,0
370351,2,1,1996,0,0,0,0,0,0,0,0,0,0
370351,3,1,1996,0,0,0,0,0,0,0,0,0,0
370352,1,1,1996,0,0,0,0,0,0,0,0,0,0
370352,2,1,1996,0,0,0,0,0,0,0,0,0,0
370352,3,1,1996,0,0,0,0,0,0,0,0,0,0
370353,1,1,1996,0,0,0,0,0,0,0,0,0,0
370354,1,1,1996,0,0,0,0,0,0,0,0,0,0
370354,2,1,1996,0,0,0,0,0,0,0,0,0,0
370355,1,1,1996,0,0,0,0,0,0,0,0,0,0
370355,2,1,1996,0,0,0,0,0,0,0,0,0,0
370356,1,1,1996,27,27,27,27,27,27,27,27,27,27
370357,0,1,1996,17,17,17,17,17,17,17,17,17,17
370357,1,1,1996,0,0,0,0,0,0,0,0,0,0
370358,1,1,1996,0,0,0,0,0,0,0,0,0,0
370358,2,1,1996,0,0,0,0,0,0,0,0,0,0
370359,1,1,1996,27,16,0,10,24,16,12,11,18,25
370360,1,1,1996,0,0,0,0,0,0,0,0,0,0
370360,2,1,1996,0,0,0,0,0,0,0,0,0,0
370361,0,1,1996,0,0,0,0,0,0,0,0,0,0
370361,1,1,1996,0,11,6,17,16,12,10,21,39,17
370362,1,1,1996,0,8,0,0,0,0,0,0,0,0
370362,2,1,1996,0,0,0,0,0,0,0,0,0,0
370363,1,1,1996,11,11,11,11,11,11,11,11,11,11
370364,0,1,1996,0,0,0,0,0,0,0,0,0,0
370364,1,1,1996,0,0,0,0,0,0,0,0,0,12
370365,1,1,1996,0,0,0,0,0,0,0,0,0,0
370366,1,1,1996,17,17,17,17,17,17,17,17,17,17
370368,1,1,1996,0,0,0,0,0,0,0,0,0,0
370368,2,1,1996,0,0,0,0,0,0,0,0,0,0
370368,3,1,1996,0,0,0,0,0,0,0,0,0,0
370368,4,1,1996,0,0,0,0,0,0,0,0,0,0
370369,1,1,1996,0,0,0,0,0,0,0,0,0,0
370370,1,1,1996,0,0,0,0,0,0,0,0,0,0
370371,1,1,1996,0,0,0,0,0,0,0,0,0,0
370371,2,1,1996,0,0,0,0,0,0,0,0,0,0
370372,1,1,1996,0,0,0,0,0,0,0,0,0,0
370372,2,1,1996,0,0,0,0,0,0,0,0,0,0
370373,1,1,1996,0,0,0,0,0,0,0,0,0,0
370373,2,1,1996,4,11,18,12,7,23,15,19,16,29
370374,0,1,1996,23,23,23,23,23,23,23,23,23,23
370374,1,1,1996,0,0,0,0,0,0,0,0,0,0
370375,1,1,1996,0,0,0,0,0,0,0,0,0,0
370375,2,1,1996,18,3,6,10,0,18,12,6,25,9
370376,1,1,1996,0,0,0,0,0,0,0,0,0,0
370376,2,1,1996,0,0,0,0,0,0,0,9,0,0
370377,0,1,1996,0,0,0,0,0,0,0,0,0,0
370377,1,1,1996,0,0,0,0,0,0,0,0,0,0
370378,1,1,1996,0,0,0,0,0,0,0,0,0,0
370378,2,1,1996,0,0,0,0,0,0,0,0,0,0
370379,1,1,1996,0,0,0,0,0,0,0,0,0,0
370380,1,1,1996,22,22,22,22,22,22,22,22,22,22
370381,1,1,1996,0,0,0,0,0,0,0,0,0,0
370381,2,1,1996,0,0,0,0,0,0,0,0,0,0
370382,1,1,1996,0,0,0,0,17,0,0,0,0,0
370382,2,1,1996,0,0,0,0,0,0,0,0,0,0
370383,1,1,1996,0,0,25,0,0,0,9,0,0,0
370383,2,1,1996,14,12,17,8,0,13,6,5,24,4
370384,1,1,1996,8,8,8,8,8,8,8,8,8,8
370385,1,1,1996,21,21,21,21,21,21,21,21,21,21
370386,1,1,1996,0,0,0,0,0,0,0,0,0,0
370386,2,1,1996,0,0,0,0,0,0,0,0,0,0
370387,1,1,1996,0,0,0,0,0,0,0,0,0,0
370387,2,1,1996,24,6,7,8,9,7,30,0,0,12
370388,1,1,1996,24,19,13,11,23,16,10,4,14,10
370389,1,1,1996,0,0,0,0,0,0,0,0,0,0
370389,2,1,1996,0,0,0,0,0,0,0,0,0,0
370390,1,1,1996,0,0,0,0,0,0,0,0,0,0
370390,2,1,1996,0,0,0,0,0,0,0,0,0,0
370391,1,1,1996,0,0,0,0,0,0,0,19,0,0
370392,1,1,1996,16,0,0,0,0,0,0,0,0,0
370392,2,1,1996,0,0,0,0,0,0,0,0,0,0
370393,0,1,1996,3,3,3,3,3,3,3,3,3,3
370393,1,1,1996,0,0,0,4,0,13,7,0,0,13
370394,1,1,1996,0,0,0,0,0,0,0,0,11,0
370395,1,1,1996,9,9,9,9,9,9,9,9,9,9
370396,1,1,1996,0,0,0,0,0,0,0,0,0,0
370396,2,1,1996,0,0,0,0,0,0,0,0,4,0
370396,3,1,1996,0,0,0,0,0,0,0,0,0,0
370396,4,1,1996,0,0,0,0,0,0,0,0,0,0
370397,1,1,1996,0,0,0,0,0,0,0,0,0,0
370397,2,1,1996,0,0,0,0,0,0,0,0,0,0
370398,1,1,1996,9,9,9,9,9,9,9,9,9,9
370399,1,1,1996,0,0,0,0,0,0,0,0,0,0
370399,2,1,1996,0,0,0,0,0,0,0,0,0,0
370400,0,1,1996,0,0,0,0,0,0,0,0,0,0
370400,1,1,1996,0,0,0,0,0,0,0,0,0,0
370401,0,1,1996,21,17,33,21,20,25,21,30,32,31
370401,1,1,1996,0,0,0,0,0,0,0,0,0,0
370402,1,1,1996,0,0,0,0,0,0,0,0,0,0
370403,1,1,1996,0,0,0,0,0,0,0,0,0,0
370403,2,1,1996,0,0,0,0,0,0,0,0,0,0
370404,0,1,1996,0,0,0,0,0,0,0,0,0,0
370404,1,1,1996,4,9,13,20,3,10,12,12,14,15
370405,1,1,1996,0,0,0,0,0,0,0,0,0,0
370405,2,1,1996,0,0,0,0,0,0,6,0,0,0
370406,1,1,1996,0,0,0,0,0,0,0,0,0,0
370406,2,1,1996,0,0,0,0,0,0,0,0,0,0
370407,1,1,1996,0,0,0,0,0,0,0,0,0,0
370407,2,1,1996,0,0,0,0,0,0,0,0,0,0
370408,1,1,1996,0,0,0,0,0,0,0,0,0,0
370409,0,1,1996,0,50,0,0,12,0,0,0,0,0
370409,1,1,1996,0,0,0,10,5,22,0,0,0,0
370410,1,1,1996,0,0,0,0,0,0,0,0,0,0
370410,2,1,1996,0,0,0,0,0,0,0,0,0,0
370411,1,1,1996,0,0,0,0,0,0,0,0,0,0
370411,2,1,1996,0,0,0,0,0,0,0,0,0,0
370412,1,1,1996,15,13,20,24,17,4,8,15,33,14
370413,1,1,1996,0,0,0,0,0,0,0,0,0,0
370413,2,1,1996,0,6,0,0,0,0,0,0,0,0
370414,0,1,1996,0,0,0,0,0,0,0,0,0,0
370414,1,1,1996,24,15,15,26,8,23,22,7,9,6
370415,0,1,1996,0,0,0,0,0,0,0,0,0,0
370415,1,1,1996,0,0,0,0,0,0,0,0,0,0
370416,1,1,1996,0,0,0,0,0,0,0,0,0,0
370416,2,1,1996,0,0,0,0,0,0,0,0,0,0
370417,1,1,1996,19,11,8,0,27,6,9,30,19,17
370417,2,1,1996,0,0,0,0,0,0,0,0,0,0
370418,1,1,1996,0,0,0,0,0,0,0,0,0,0
370419,1,1,1996,0,0,0,0,0,0,0,0,0,0
370420,1,1,1996,0,0,0,0,0,0,0,0,0,0
370421,1,1,1996,20,0,0,0,0,0,0,0,0,0
370421,2,1,1996,0,0,0,0,0,0,0,0,0,0
370422,0,1,1996,0,0,0,0,0,0,0,0,0,0
370422,1,1,1996,0,0,0,0,0,0,0,0,0,0
370423,1,1,1996,4,4,9,11,14,2,0,0,20,0
370423,2,1,1996,0,0,0,0,0,0,0,0,0,0
370423,3,1,1996,0,0,0,0,0,0,0,0,0,0
370424,1,1,1996,0,0,0,0,0,0,0,0,0,0
370425,1,1,1996,0,11,0,0,0,0,18,12,0,0
370426,0,1,1996,25,36,26,4,15,14,0,37,15,23
370426,1,1,1996,0,0,0,0,0,0,0,0,0,0
370427,1,1,1996,10,10,10,10,10,10,10,10,10,10
370428,1,1,1996,7,7,7,7,7,7,7,7,7,7
370428,2,1,1996,0,0,0,0,0,0,0,0,0,0
370429,1,1,1996,14,0,2,16,25,17,0,13,14,0
370430,1,1,1996,26,26,26,26,26,26,26,26,26,26
370431,1,1,1996,0,0,0,0,0,0,0,0,0,0
370432,0,1,1996,0,20,0,0,0,10,41,39,14,0
370432,1,1,1996,6,17,7,0,0,9,17,15,33,16
370433,1,1,1996,19,19,19,19,19,19,19,19,19,19
370434,1,1,1996,25,25,25,25,25,25,25,25,25,25
370435,1,1,1996,0,0,0,19,0,0,0,0,0,0
370435,2,1,1996,0,0,0,0,0,0,0,0,0,0
370436,1,1,1996,14,14,14,14,14,14,14,14,14,14
370437,1,1,1996,6,6,6,6,6,6,6,6,6,6
370438,1,1,1996,0,0,0,0,0,0,0,0,0,0
370439,1,1,1996,0,0,0,0,0,0,0,0,0,0
370440,1,1,1996,0,0,0,0,0,0,0,0,0,0
370441,1,1,1996,0,0,0,0,0,0,0,0,0,17
370441,2,1,1996,0,0,0,0,0,0,0,0,0,0
370442,1,1,1996,0,0,0,0,0,0,0,0,0,0
370442,2,1,1996,0,0,19,0,0,0,0,0,0,0
370443,1,1,1996,0,0,0,0,0,0,0,0,0,0
370444,1,1,1996,0,0,0,0,0,0,0,0,0,0
370444,2,1,1996,0,0,0,0,0,0,0,0,0,0
370445,1,1,1996,0,0,0,0,0,0,0,0,0,0
370446,1,1,1996,12,12,12,12,12,12,12,12,12,12
370447,1,1,1996,0,0,0,0,0,0,0,0,0,0
370447,2,1,1996,0,0,0,0,0,0,0,0,0,0
370448,1,1,1996,0,0,0,0,0,0,0,0,0,0
370448,2,1,1996,0,0,0,0,0,0,0,0,0,0
370449,1,1,1996,0,0,0,0,0,0,0,0,0,0
370449,2,1,1996,0,0,0,0,0,0,0,0,0,0
370450,1,1,1996,0,0,0,0,0,0,0,0,0,0
370450,2,1,1996,0,0,0,0,0,0,0,0,0,0
370450,3,1,1996,0,0,0,0,0,0,0,0,0,0
370451,0,1,1996,0,0,0,0,0,0,0,0,0,0
370451,1,1,1996,8,18,6,8,24,25,19,21,24,15
370452,1,1,1996,18,18,18,18,18,18,18,18,18,18
370453,1,1,1996,0,0,0,0,0,0,0,0,0,0
370453,2,1,1996,0,0,0,0,0,0,0,0,0,0
370454,1,1,1996,0,0,0,0,0,0,0,0,0,0
370455,1,1,1996,0,0,0,0,0,0,0,0,0,0
370455,2,1,1996,0,0,0,0,0,0,0,0,0,0
370456,1,1,1996,0,0,0,0,0,0,0,0,0,0
370457,0,1,1996,0,0,0,0,0,0,0,0,0,0
370457,1,1,1996,0,0,0,0,0,0,0,15,0,0
370458,1,1,1996,0,0,0,0,0,0,0,0,0,0
370459,1,1,1996,0,0,0,0,0,0,0,0,0,0
370459,2,1,1996,0,0,0,0,0,0,0,0,0,0
370460,1,1,1996,0,0,0,0,0,0,0,0,0,0
370460,2,1,1996,0,0,0,0,0,0,0,0,0,0
370461,0,1,1996,0,0,0,0,0,0,0,0,0,0
370461,1,1,1996,0,0,0,0,0,0,0,0,0,0
370462,1,1,1996,0,0,0,0,0,0,0,0,0,0
370463,1,1,1996,0,0,0,0,0,0,0,0,0,0
370463,2,1,1996,0,0,0,0,0,0,0,0,0,0
370464,1,1,1996,21,21,21,21,21,21,21,21,21,21
370465,1,1,1996,0,0,0,0,0,0,0,0,0,0
370465,2,1,1996,0,0,0,0,0,0,0,0,0,0
370466,1,1,1996,0,0,0,0,0,0,0,0,0,0
370466,2,1,1996,0,0,0,0,0,0,0,0,0,0
370466,3,1,1996,0,0,0,0,0,0,0,0,0,0
370467,0,1,1996,0,0,0,0,0,0,0,0,0,0
370467,1,1,1996,0,0,0,0,0,0,0,0,0,0
370468,1,1,1996,0,0,0,0,0,0,0,0,0,0
370468,2,1,1996,17,0,0,0,0,0,12,0,0,0
370468,3,1,1996,0,0,0,0,0,0,6,0,0,0
370469,1,1,1996,12,12,12,12,12,12,12,12,12,12
370470,1,1,1996,0,0,0,0,0,0,0,0,0,0
370471,1,1,1996,0,0,0,0,0,0,0,0,0,0
370471,2,1,1996,0,0,0,0,0,0,0,0,0,0
370472,1,1,1996,0,0,0,0,0,0,0,0,0,0
370472,2,1,1996,0,0,0,0,0,0,0,0,0,0
370473,1,1,1996,0,0,0,0,0,0,0,0,0,0
370473,2,1,1996,0,0,0,0,0,0,0,0,0,0
370473,3,1,1996,0,0,0,0,0,0,0,0,0,0
370474,1,1,1996,0,0,0,0,0,0,0,0,0,0
370474,2,1,1996,0,0,0,0,0,0,0,0,0,0
370475,0,1,1996,0,0,0,0,0,0,0,0,0,0
370475,1,1,1996,0,4,0,0,0,0,0,0,0,0
370476,0,1,1996,0,0,0,0,0,0,0,0,0,0
370476,1,1,1996,0,0,0,4,7,0,0,0,0,0
370477,0,1,1996,0,0,0,0,0,0,0,0,0,0
370477,1,1,1996,0,0,0,0,0,0,0,0,0,0
370478,1,1,1996,0,0,0,0,0,0,0,0,0,3
370478,2,1,1996,0,0,0,0,0,0,0,0,0,0
370479,0,1,1996,0,0,0,0,0,0,0,0,0,0
370479,1,1,1996,23,13,8,24,19,7,16,11,9,24
370480,1,1,1996,0,0,0,0,0,0,0,0,0,0
370480,2,1,1996,0,0,0,0,0,0,0,0,0,0
370481,1,1,1996,0,0,0,0,0,0,0,0,0,0
370481,2,1,1996,0,0,0,0,0,0,10,0,0,5
370482,1,1,1996,0,0,0,0,0,0,0,0,0,0
370482,2,1,1996,0,0,0,0,0,0,0,0,0,0
370483,1,1,1996,0,0,0,0,0,0,0,0,0,0
370483,2,1,1996,0,0,0,0,0,0,0,0,0,0
370484,1,1,1996,0,0,0,0,0,0,0,0,0,0
370484,2,1,1996,0,0,0,0,0,0,0,0,0,0
370485,0,1,1996,0,0,0,0,0,0,0,0,0,0
370485,1,1,1996,0,0,0,0,0,0,0,0,0,0
370486,1,1,1996,0,0,0,0,0,24,0,13,0,0
370487,1,1,1996,0,0,0,0,0,0,0,0,0,0
370488,1,1,1996,15,17,8,25,17,24,24,15,17,28
370489,1,1,1996,0,0,0,0,0,0,0,0,0,0
370489,2,1,1996,17,17,17,17,17,17,17,17,17,17
370490,1,1,1996,16,16,16,16,16,16,16,16,16,16
370491,0,1,1996,0,0,0,0,15,0,17,0,0,11
370491,1,1,1996,0,0,0,0,0,0,0,0,0,0
370492,1,1,1996,0,0,0,0,0,0,0,0,0,0
370493,0,1,1996,0,0,0,0,0,0,0,0,0,0
370493,1,1,1996,11,0,0,0,0,0,0,0,0,0
370494,1,1,1996,19,19,19,19,19,19,19,19,19,19
370495,0,1,1996,35,35,35,35,35,35,35,35,35,35
370495,1,1,1996,0,0,17,0,0,0,0,0,0,0
370496,1,1,1996,0,0,0,0,0,0,0,0,0,0
370497,1,1,1996,34,34,34,34,34,34,34,34,34,34
370498,0,1,1996,0,0,0,0,0,0,0,0,0,0
370498,1,1,1996,0,0,0,0,0,0,0,0,0,0
370499,1,1,1996,0,0,0,0,0,0,0,0,0,0
370499,2,1,1996,0,0,0,0,0,0,0,0,0,0
370500,1,1,1996,0,0,0,0,0,0,0,0,0,0
370500,2,1,1996,0,0,0,0,0,0,0,0,0,0
370501,1,1,1996,0,0,0,0,0,0,11,0,0,0
370501,2,1,1996,0,0,0,0,0,0,0,0,0,0
370502,0,1,1996,0,0,0,0,0,0,0,0,0,0
370502,1,1,1996,0,0,0,0,0,0,0,0,0,0
370503,1,1,1996,12,12,12,12,12,12,12,12,12,12
370504,1,1,1996,0,0,0,0,0,0,0,0,0,0
370505,1,1,1996,14,29,25,14,8,24,10,11,13,20
370506,1,1,1996,0,0,0,0,0,0,0,0,0,0
370506,2,1,1996,0,0,0,18,0,0,0,0,0,0
370507,1,1,1996,29,29,29,29,29,29,29,29,29,29
370508,1,1,1996,0,0,0,0,0,0,0,0,0,0
370509,0,1,1996,0,0,0,0,0,0,0,0,0,0
370509,1,1,1996,0,0,0,0,0,0,0,0,0,0
370510,1,1,1996,0,0,0,0,0,0,0,0,0,0
370510,2,1,1996,0,0,0,0,0,0,0,0,0,0
370511,1,1,1996,10,10,10,10,10,10,10,10,10,10
370512,1,1,1996,0,0,0,0,0,0,0,0,0,0
370512,2,1,1996,15,15,15,15,15,15,15,15,15,15
370514,1,1,1996,0,0,0,0,0,0,0,5,0,0
370514,2,1,1996,0,0,0,0,0,0,0,0,0,0
370514,3,1,1996,0,0,0,0,0,0,0,0,0,0
370515,1,1,1996,21,21,21,21,21,21,21,21,21,21
370516,0,1,1996,0,0,0,0,0,0,0,0,0,0
370516,1,1,1996,0,0,0,0,0,0,0,0,0,0
370517,1,1,1996,0,0,0,0,0,0,0,0,0,0
370517,2,1,1996,0,0,0,0,0,0,0,0,0,0
370518,1,1,1996,0,0,0,0,5,0,0,23,0,0
370519,1,1,1996,0,0,0,0,0,0,0,0,0,0
370519,2,1,1996,0,0,0,0,0,0,0,0,0,0
370519,3,1,1996,0,0,0,0,0,0,0,0,0,7
370520,1,1,1996,0,0,0,0,0,0,0,0,0,0
370520,2,1,1996,0,0,0,0,0,0,0,0,0,0
370520,3,1,1996,0,0,0,0,0,0,0,0,0,0
370520,4,1,1996,0,0,0,0,0,0,0,0,0,0
370521,1,1,1996,0,0,0,0,0,0,0,0,0,0
370521,2,1,1996,0,28,30,0,0,14,0,0,38,0
370522,1,1,1996,19,19,19,19,19,19,19,19,19,19
370523,0,1,1996,33,33,33,33,33,33,33,33,33,33
370523,1,1,1996,0,0,0,0,0,0,0,0,0,0
370524,1,1,1996,20,20,20,20,20,20,20,20,20,20
370525,1,1,1996,0,0,0,3,0,9,17,29,0,21
370526,1,1,1996,0,0,0,0,0,0,0,0,0,0
370526,2,1,1996,24,24,24,24,24,24,24,24,24,24
370527,1,1,1996,0,0,0,0,0,0,0,0,0,0
370528,1,1,1996,13,13,13,13,13,13,13,13,13,13
370529,1,1,1996,0,0,0,0,0,0,0,0,0,0
370529,2,1,1996,0,0,0,0,0,0,0,0,0,0
370530,1,1,1996,7,7,7,7,7,7,7,7,7,7
370531,1,1,1996,7,7,7,7,7,7,7,7,7,7
370531,2,1,1996,0,0,0,0,0,0,0,0,0,0
370532,1,1,1996,0,0,0,0,0,0,0,0,0,0
370532,2,1,1996,0,0,0,0,0,0,0,0,0,0
370533,1,1,1996,24,24,24,24,24,24,24,24,24,24
370534,1,1,1996,0,0,0,0,0,0,0,0,0,0
370534,2,1,1996,0,0,0,0,0,0,0,0,0,0
370535,1,1,1996,0,0,0,0,0,0,0,0,0,0
370535,2,1,1996,0,0,0,0,0,0,0,0,0,0
370536,1,1,1996,0,0,0,0,0,0,0,0,0,0
370536,2,1,1996,0,0,0,0,0,0,0,0,0,22
370537,1,1,1996,0,0,0,0,0,0,0,0,0,0
370537,2,1,1996,0,0,0,0,0,0,0,0,17,0
370537,3,1,1996,0,0,0,0,0,0,0,0,0,0
370538,1,1,1996,30,30,30,30,30,30,30,30,30,30
370538,2,1,1996,0,0,0,0,0,0,0,0,0,0
370538,3,1,1996,0,0,0,0,0,0,0,0,0,0
370539,1,1,1996,0,0,0,0,0,0,0,0,0,0
370540,1,1,1996,4,4,4,4,4,4,4,4,4,4
370541,1,1,1996,0,0,0,0,0,0,0,0,0,0
370541,2,1,1996,0,0,0,0,0,0,0,0,0,0
370542,1,1,1996,0,0,0,0,0,0,0,0,0,0
370542,2,1,1996,0,0,0,0,0,0,0,0,0,0
370543,1,1,1996,0,0,0,0,0,0,0,0,0,0
370543,2,1,1996,0,0,0,0,0,0,0,13,0,0
370544,1,1,1996,0,0,0,0,0,0,0,0,0,0
370545,1,1,1996,9,9,15,29,7,12,18,18,9,25
370546,1,1,1996,6,0,0,0,0,0,18,14,8,9
370547,1,1,1996,20,20,20,20,20,20,20,20,20,20
370547,2,1,1996,0,0,0,0,0,0,0,0,0,0
370548,1,1,1996,7,7,7,7,7,7,7,7,7,7
370549,1,1,1996,0,0,0,0,0,0,14,0,0,0
370549,2,1,1996,0,0,0,0,0,0,0,0,0,0
370550,1,1,1996,0,0,0,0,0,0,0,0,0,0
370551,1,1,1996,0,0,0,0,0,0,0,0,0,0
370552,1,1,1996,36,36,36,36,36,36,36,36,36,36
370552,2,1,1996,18,22,9,7,13,14,26,17,0,21
370553,1,1,1996,0,0,0,0,0,0,0,0,0,0
370553,2,1,1996,0,0,0,0,0,0,0,0,0,0
370554,1,1,1996,0,0,30,0,0,0,0,0,0,0
370554,2,1,1996,0,0,0,0,0,0,0,0,0,0
370555,0,1,1996,0,0,0,0,0,0,0,0,0,0
370555,1,1,1996,0,0,0,0,0,0,0,0,0,0
370556,1,1,1996,0,0,0,0,0,0,0,0,0,0
370556,2,1,1996,0,0,0,0,0,0,0,0,0,0
370557,1,1,1996,0,0,0,0,0,0,0,0,0,0
370557,2,1,1996,0,0,0,0,0,0,0,0,0,0
370558,1,1,1996,0,0,0,0,0,0,0,0,0,0
370558,2,1,1996,0,0,0,0,0,0,0,0,0,0
370559,1,1,1996,0,0,0,0,0,0,0,0,0,0
370559,2,1,1996,0,0,0,0,0,0,0,0,0,0
370560,1,1,1996,10,10,10,10,10,10,10,10,10,10
370561,1,1,1996,18,18,18,18,18,18,18,18,18,18
370562,1,1,1996,21,21,17,0,16,8,8,12,14,19
370562,2,1,1996,0,0,0,0,0,0,0,0,0,0
370563,1,1,1996,0,0,0,0,0,0,0,0,0,0
370563,2,1,1996,15,15,15,15,15,15,15,15,15,15
370564,1,1,1996,0,0,0,0,0,0,0,0,0,0
370564,2,1,1996,10,10,10,10,10,10,10,10,10,10
370565,1,1,1996,0,0,0,0,0,0,0,0,0,0
370565,2,1,1996,0,0,0,0,0,0,0,0,0,0
370565,3,1,1996,0,0,0,0,0,0,0,0,0,0
370566,0,1,1996,0,0,0,0,0,0,0,0,0,0
370566,1,1,1996,19,0,0,0,0,0,22,0,0,0
370567,0,1,1996,0,0,0,0,0,0,0,0,0,0
370567,1,1,1996,0,0,19,0,0,0,0,0,0,0
370568,1,1,1996,7,18,20,23,21,17,13,20,14,12
370568,2,1,1996,0,0,0,0,3,0,0,0,0,0
370569,1,1,1996,0,0,0,0,0,0,0,0,0,0
370569,2,1,1996,0,0,0,0,0,0,0,0,0,0
370570,1,1,1996,0,0,0,0,0,0,0,0,0,0
370570,2,1,1996,0,0,0,0,0,0,0,0,0,0
370571,1,1,1996,0,0,0,0,0,0,0,0,0,0