ST_CASE,VEH_NO,PER_NO,YEAR,P1,P2,P3,P4,P5,P6,P7,P8,P9,P10
370571,2,1,1996,0,0,0,0,0,0,0,0,0,0
370571,3,1,1996,0,0,0,0,0,0,0,0,0,0
370572,1,1,1996,0,0,0,0,0,0,0,0,0,0
370573,1,1,1996,16,16,16,16,16,16,16,16,16,16
370574,1,1,1996,0,0,0,0,0,0,0,0,0,0
370575,1,1,1996,0,0,0,0,0,0,0,0,0,0
370575,2,1,1996,0,0,0,12,0,0,0,0,0,0
370576,1,1,1996,15,15,15,15,15,15,15,15,15,15
370577,1,1,1996,17,8,11,13,0,0,16,22,6,28
370578,1,1,1996,12,12,12,12,12,12,12,12,12,12
370579,1,1,1996,0,0,0,0,0,0,0,0,0,0
370579,2,1,1996,0,0,0,0,0,0,0,0,0,0
370580,1,1,1996,0,0,0,0,0,0,0,0,0,0
370580,2,1,1996,0,0,0,0,0,0,0,0,0,0
370581,0,1,1996,0,0,0,0,0,0,0,0,0,0
370581,1,1,1996,0,0,0,0,0,0,0,5,0,0
370582,1,1,1996,0,0,0,0,0,0,0,0,0,0
370582,2,1,1996,0,0,0,0,0,0,0,0,0,0
370583,1,1,1996,0,0,0,0,0,0,0,0,0,0
370584,1,1,1996,0,0,0,0,0,0,0,0,0,0
370584,2,1,1996,0,0,0,0,0,0,0,0,0,0
370585,0,1,1996,21,21,21,21,21,21,21,21,21,21
370585,1,1,1996,0,0,0,0,0,0,0,0,0,0
370586,1,1,1996,0,0,0,0,0,0,0,0,0,0
370586,2,1,1996,0,0,0,0,0,0,0,0,0,0
370586,3,1,1996,0,0,0,0,0,0,0,0,0,0
370587,1,1,1996,16,16,16,16,16,16,16,16,16,16
370588,1,1,1996,0,38,9,8,32,16,11,11,33,16
370589,0,1,1996,0,0,0,0,0,0,0,0,0,0
370589,1,1,1996,18,22,20,24,8,24,8,13,12,8
370590,1,1,1996,0,0,0,0,13,0,0,0,0,0
370590,2,1,1996,0,0,0,0,0,0,0,0,0,0
370591,1,1,1996,0,0,0,0,0,0,0,0,0,0
370592,1,1,1996,0,0,0,0,0,0,0,0,0,0
370593,1,1,1996,0,0,0,0,0,0,0,0,0,0
370594,1,1,1996,0,0,14,0,0,0,0,0,0,0
370594,2,1,1996,0,0,0,0,0,0,0,0,0,0
370595,1,1,1996,17,17,17,17,17,17,17,17,17,17
370596,1,1,1996,26,26,26,26,26,26,26,26,26,26
370596,2,1,1996,0,0,0,0,0,0,0,0,0,0
370597,1,1,1996,0,0,0,0,0,0,0,0,0,0
370598,1,1,1996,16,16,16,16,16,16,16,16,16,16
370599,0,1,1996,20,20,20,20,20,20,20,20,20,20
370599,1,1,1996,0,0,0,0,0,0,0,0,0,0
370600,1,1,1996,0,0,0,0,0,0,0,0,0,0
370600,2,1,1996,0,0,0,0,0,0,0,0,0,0
370601,1,1,1996,0,0,0,0,0,0,0,0,0,0
370601,2,1,1996,0,0,0,0,0,0,0,0,0,0
370601,3,1,1996,0,0,0,0,0,0,0,0,0,0
370602,1,1,1996,0,0,0,0,0,0,0,0,0,0
370602,2,1,1996,0,0,0,0,0,0,0,0,0,0
370603,0,1,1996,0,0,0,0,0,0,0,0,0,0
370603,1,1,1996,0,0,0,0,0,0,0,0,0,0
370604,0,1,1996,0,0,0,0,0,0,0,0,0,0
370604,1,1,1996,0,0,0,0,0,0,0,0,0,23
370605,0,1,1996,28,28,28,28,28,28,28,28,28,28
370605,1,1,1996,0,0,0,0,0,0,0,0,0,0
370606,0,1,1996,36,36,36,36,36,36,36,36,36,36
370606,1,1,1996,12,0,0,18,0,0,0,0,0,0
370607,1,1,1996,0,0,0,0,0,0,0,0,0,0
370607,2,1,1996,0,0,0,0,0,0,0,0,0,0
370608,1,1,1996,18,18,18,18,18,18,18,18,18,18
370608,2,1,1996,15,11,31,14,7,29,13,8,23,5
370609,1,1,1996,0,0,0,0,0,0,0,0,0,0
370610,1,1,1996,0,0,0,0,0,0,0,0,0,0
370611,1,1,1996,0,0,0,0,0,0,0,0,0,0
370612,1,1,1996,0,0,0,0,0,0,0,0,0,0
370612,2,1,1996,0,0,0,0,0,0,0,0,0,0
370613,1,1,1996,12,17,12,17,21,23,13,15,17,22
370614,1,1,1996,0,0,0,0,0,0,0,0,0,0
370614,2,1,1996,0,0,0,0,0,0,0,0,0,0
370615,0,1,1996,0,0,26,0,0,0,16,0,23,0
370615,1,1,1996,22,0,0,0,0,0,0,0,0,0
370616,0,1,1996,28,28,28,28,28,28,28,28,28,28
370616,1,1,1996,0,0,0,0,0,0,0,0,0,0
370617,1,1,1996,25,25,25,25,25,25,25,25,25,25
370618,0,1,1996,28,42,8,37,51,16,21,12,26,21
370618,1,1,1996,0,0,0,0,0,0,0,0,0,0
370619,1,1,1996,16,16,16,16,16,16,16,16,16,16
370620,1,1,1996,0,0,0,0,0,0,0,0,0,0
370621,1,1,1996,10,10,10,10,10,10,10,10,10,10
370622,1,1,1996,0,0,0,0,0,0,0,0,0,0
370622,2,1,1996,0,0,0,0,0,0,0,0,0,0
370623,1,1,1996,0,0,0,0,0,0,0,0,0,0
370623,2,1,1996,0,0,17,0,0,0,0,9,0,0
370624,1,1,1996,0,0,0,0,0,0,0,0,0,0
370624,2,1,1996,0,0,0,0,0,0,0,0,0,0
370625,1,1,1996,7,0,20,10,0,40,8,32,5,0
370626,1,1,1996,0,0,0,0,0,0,0,0,0,0
370626,2,1,1996,0,0,0,0,0,0,0,0,0,0
370627,1,1,1996,0,0,0,0,0,0,0,0,0,0
370627,2,1,1996,0,0,0,0,0,0,0,0,0,0
370628,1,1,1996,0,0,0,0,0,0,0,0,0,0
370628,2,1,1996,0,0,0,0,0,0,0,0,0,0
370629,1,1,1996,0,0,0,0,0,0,13,0,22,0
370629,2,1,1996,0,0,0,0,0,0,0,0,0,0
370630,1,1,1996,0,0,0,0,0,0,0,0,0,0
370630,2,1,1996,0,0,0,0,0,0,0,0,0,0
370631,1,1,1996,8,8,8,8,8,8,8,8,8,8
370632,1,1,1996,21,21,21,21,21,21,21,21,21,21
370633,0,1,1996,16,16,16,16,16,16,16,16,16,16
370633,1,1,1996,0,0,0,0,10,0,0,0,0,0
370634,1,1,1996,18,18,18,18,18,18,18,18,18,18
370635,1,1,1996,22,22,22,22,22,22,22,22,22,22
370636,1,1,1996,0,0,0,0,0,0,0,0,0,0
370636,2,1,1996,0,0,0,0,0,0,0,0,0,0
370637,1,1,1996,0,0,0,13,0,0,0,0,0,0
370638,1,1,1996,0,0,0,0,0,0,0,0,0,0
370638,2,1,1996,0,0,0,0,0,0,0,0,0,0
370639,1,1,1996,0,0,0,0,0,0,0,0,0,0
370640,1,1,1996,10,10,10,10,10,10,10,10,10,10
370641,0,1,1996,24,24,24,24,24,24,24,24,24,24
370641,1,1,1996,0,0,0,0,0,0,0,0,0,0
370642,0,1,1996,0,0,0,0,0,0,0,0,0,0
370642,1,1,1996,0,7,0,0,0,0,0,0,0,0
370643,1,1,1996,0,0,0,0,0,0,0,0,0,0
370643,2,1,1996,0,0,0,0,0,0,0,0,0,0
370644,1,1,1996,7,0,19,24,27,15,0,15,11,11
370645,1,1,1996,0,0,0,0,0,0,0,0,0,0
370645,2,1,1996,0,0,0,0,0,0,0,0,0,0
370646,1,1,1996,0,0,0,0,0,0,0,0,0,0
370647,1,1,1996,0,0,0,0,0,0,0,0,0,0
370647,2,1,1996,0,0,0,0,0,0,0,0,0,0
370648,1,1,1996,0,0,0,0,0,0,0,0,0,0
370648,2,1,1996,0,0,0,0,0,0,0,0,0,0
370649,0,1,1996,15,7,19,24,8,33,16,42,21,21
370649,1,1,1996,18,7,5,15,12,20,5,8,11,28
370650,0,1,1996,26,26,26,26,26,26,26,26,26,26
370650,1,1,1996,0,0,0,0,0,0,0,0,0,0
370651,1,1,1996,0,0,0,0,0,0,0,0,0,0
370651,2,1,1996,0,0,0,0,0,0,0,0,0,0
370652,1,1,1996,0,0,0,0,0,0,0,0,0,0
370653,1,1,1996,0,0,0,0,0,0,0,0,0,0
370653,2,1,1996,0,0,0,0,0,0,0,0,0,0
370653,3,1,1996,0,0,0,0,0,0,0,0,0,0
370654,1,1,1996,0,0,0,0,0,0,0,0,0,0
370655,1,1,1996,0,18,0,8,0,0,0,0,0,0
370656,1,1,1996,0,0,0,19,0,4,0,0,0,14
370656,2,1,1996,0,0,0,0,0,0,0,0,0,0
370657,1,1,1996,6,5,18,12,13,11,23,24,15,20
370657,2,1,1996,0,0,0,0,0,0,0,0,0,0
370658,1,1,1996,0,0,0,0,0,0,0,0,0,0
370658,2,1,1996,10,13,12,0,7,0,3,3,5,0
370659,0,1,1996,0,0,0,0,0,0,0,0,0,0
370659,1,1,1996,0,0,22,0,0,4,0,0,0,0
370660,0,1,1996,0,0,0,0,0,0,0,0,0,0
370660,1,1,1996,0,0,0,0,0,0,0,0,0,0
370661,1,1,1996,0,0,0,0,0,0,0,0,0,0
370661,2,1,1996,0,0,0,0,0,0,0,0,0,0
370661,3,1,1996,0,0,0,0,0,0,0,0,0,0
370662,1,1,1996,0,0,0,0,0,0,0,0,0,0
370662,2,1,1996,0,0,0,0,0,0,0,0,0,0
370664,0,1,1996,0,0,0,0,0,0,0,0,0,0
370664,1,1,1996,0,0,0,0,0,0,0,0,0,0
370665,1,1,1996,0,0,0,0,0,0,0,0,0,0
370665,2,1,1996,0,0,0,0,0,0,0,0,0,0
370666,1,1,1996,16,15,12,15,31,14,22,15,21,11
370667,0,1,1996,0,0,0,0,0,0,0,0,0,0
370667,1,1,1996,0,0,0,0,0,0,0,0,0,0
370668,0,1,1996,0,0,0,0,0,0,0,0,0,0
370668,1,1,1996,0,0,0,0,0,0,0,0,0,0
370669,1,1,1996,20,20,20,20,20,20,20,20,20,20
370669,2,1,1996,0,0,0,0,0,0,0,0,0,0
370670,1,1,1996,0,0,0,0,0,0,0,0,0,0
370670,2,1,1996,0,0,0,0,0,0,0,0,0,0
370671,1,1,1996,0,0,0,0,0,0,0,0,0,0
370671,2,1,1996,0,0,0,0,0,0,0,0,0,0
370672,0,1,1996,0,0,0,0,0,0,0,0,0,0
370672,1,1,1996,0,0,0,0,0,0,0,0,0,0
370673,1,1,1996,0,0,0,0,0,0,2,0,0,0
370673,2,1,1996,0,0,0,0,0,0,0,0,0,0
370674,1,1,1996,0,8,11,0,16,18,0,6,15,0
370674,2,1,1996,0,0,0,0,0,0,0,0,0,0
370675,0,1,1996,25,25,25,25,25,25,25,25,25,25
370675,1,1,1996,0,0,0,0,0,0,0,0,0,0
370675,2,1,1996,0,0,0,0,0,0,0,0,0,0
370676,1,1,1996,0,0,0,0,0,3,0,0,0,0
370676,2,1,1996,0,0,0,0,0,0,0,0,0,0
370677,1,1,1996,0,28,32,22,24,20,15,9,35,25
370678,1,1,1996,0,0,0,0,0,0,0,0,0,0
370679,0,1,1996,30,30,30,30,30,30,30,30,30,30
370679,1,1,1996,20,6,13,3,26,7,10,12,8,9
370680,1,1,1996,26,26,26,26,26,26,26,26,26,26
370681,1,1,1996,0,0,0,0,0,0,0,0,0,0
370681,2,1,1996,0,0,0,0,0,0,0,0,0,0
370682,1,1,1996,0,0,0,0,0,0,0,0,0,0
370682,2,1,1996,0,0,0,0,0,0,0,0,0,0
370682,3,1,1996,0,0,0,0,0,0,0,0,0,0
370683,1,1,1996,0,0,0,0,0,0,0,0,0,0
370684,1,1,1996,0,0,0,0,0,0,0,0,0,0
370685,1,1,1996,0,0,0,0,0,0,0,0,0,0
370685,2,1,1996,0,0,0,0,0,0,0,0,0,0
370686,1,1,1996,0,0,0,0,0,0,0,0,0,0
370686,2,1,1996,0,0,0,0,0,0,0,0,0,0
370687,1,1,1996,23,11,5,4,14,24,19,21,17,10
370687,2,1,1996,2,2,2,2,2,2,2,2,2,2
370688,1,1,1996,25,25,25,25,25,25,25,25,25,25
370689,1,1,1996,0,0,0,0,0,0,0,0,0,0
370689,2,1,1996,0,0,0,0,0,0,7,0,0,0
370690,1,1,1996,0,0,0,0,0,0,0,0,0,13
370690,2,1,1996,0,0,0,0,0,0,0,0,0,0
370691,1,1,1996,0,0,0,0,0,0,0,0,0,20
370692,1,1,1996,0,0,0,0,0,0,0,17,0,0
370692,2,1,1996,0,0,0,0,0,0,0,0,0,0
370692,3,1,1996,0,0,0,0,0,0,0,0,0,0
370692,4,1,1996,0,0,3,0,0,0,0,0,0,0
370692,5,1,1996,0,0,0,0,0,0,0,0,0,0
370693,1,1,1996,0,0,0,0,0,0,0,0,0,0
370693,2,1,1996,0,0,0,0,0,0,0,0,0,0
370694,1,1,1996,0,0,0,39,0,0,0,0,0,0
370695,1,1,1996,0,0,0,0,0,0,0,0,0,0
370695,2,1,1996,13,13,13,13,13,13,13,13,13,13
370696,1,1,1996,19,19,19,19,19,19,19,19,19,19
370696,2,1,1996,0,0,0,0,0,0,0,0,0,0
370697,0,1,1996,0,0,0,0,0,0,0,0,0,0
370697,1,1,1996,0,0,0,0,0,0,0,0,0,0
370698,1,1,1996,15,15,15,15,15,15,15,15,15,15
370698,2,1,1996,0,0,0,0,0,0,0,0,0,0
370699,1,1,1996,0,0,0,0,0,0,0,0,0,0
370699,2,1,1996,0,0,0,0,0,0,0,0,0,0
370700,1,1,1996,0,8,0,0,0,0,0,0,0,0
370700,2,1,1996,0,0,0,0,0,0,0,0,0,0
370701,0,1,1996,16,16,16,16,16,16,16,16,16,16
370701,1,1,1996,0,0,0,0,0,0,0,7,0,0
370702,0,1,1996,0,0,0,0,0,0,0,0,0,0
370702,1,1,1996,0,0,0,0,0,0,0,0,0,0
370703,1,1,1996,0,0,0,0,0,0,0,0,0,0
370703,2,1,1996,0,0,0,0,0,0,0,0,0,0
370704,1,1,1996,3,20,0,10,17,10,7,12,17,0
370704,2,1,1996,0,0,0,0,0,0,0,0,0,0
370704,3,1,1996,0,0,0,0,0,0,0,0,6,0
370704,4,1,1996,0,0,0,0,0,0,0,0,0,0
370705,1,1,1996,15,0,8,9,12,0,12,10,0,6
370705,2,1,1996,0,0,0,0,0,0,0,0,0,0
370706,1,1,1996,19,19,19,19,19,19,19,19,19,19
370707,0,1,1996,5,5,5,5,5,5,5,5,5,5
370707,1,1,1996,0,0,0,0,0,0,0,0,0,0
370708,1,1,1996,0,0,0,0,0,0,0,0,0,0
370708,2,1,1996,0,0,15,20,20,14,0,0,0,0
370709,1,1,1996,0,0,0,0,0,0,0,0,0,0
370709,2,1,1996,0,0,0,0,0,0,0,0,0,15
370709,3,1,1996,0,0,0,0,0,0,0,0,0,0
370710,1,1,1996,0,0,0,0,0,0,0,0,0,0
370711,1,1,1996,5,21,12,16,30,29,24,13,18,17
370712,1,1,1996,0,0,0,0,0,0,0,0,0,0
370712,2,1,1996,0,0,0,0,0,0,0,0,0,0
370713,1,1,1996,0,0,0,0,35,0,16,0,0,0
370714,1,1,1996,0,0,0,0,0,0,0,0,0,0
370714,2,1,1996,0,0,0,0,0,0,0,0,0,0
370715,1,1,1996,0,0,17,9,17,0,14,33,8,17
370715,2,1,1996,17,0,10,6,21,10,18,7,16,14
370716,1,1,1996,0,0,0,0,0,0,0,0,0,0
370716,2,1,1996,0,0,0,0,0,0,0,0,0,0
370717,1,1,1996,0,0,0,33,0,0,0,0,0,0
370718,1,1,1996,0,0,0,0,0,10,0,0,0,0
370718,2,1,1996,0,0,0,0,0,0,0,0,0,0
370718,3,1,1996,0,0,0,0,0,0,0,0,0,0
370719,1,1,1996,0,0,0,0,0,0,0,0,0,0
370720,1,1,1996,0,0,0,0,0,0,23,0,0,0
370720,2,1,1996,15,15,15,15,15,15,15,15,15,15
370721,0,1,1996,17,17,17,17,17,17,17,17,17,17
370721,1,1,1996,11,9,8,23,0,13,0,30,10,21
370722,1,1,1996,13,13,13,13,13,13,13,13,13,13
370723,1,1,1996,0,0,0,0,0,0,0,0,0,0
370724,1,1,1996,17,0,0,0,0,0,15,0,0,0
370725,1,1,1996,0,0,0,0,0,0,0,0,0,0
370725,2,1,1996,0,0,0,0,0,0,0,0,0,0
370726,1,1,1996,8,8,8,8,8,8,8,8,8,8
370727,1,1,1996,0,0,0,0,0,0,0,0,0,0
370727,2,1,1996,0,0,0,0,0,0,0,0,0,0
370727,3,1,1996,0,0,0,0,0,0,0,0,0,0
370727,4,1,1996,0,0,0,0,0,0,0,0,0,0
370728,0,1,1996,16,17,19,20,20,12,0,27,15,0
370728,1,1,1996,0,0,0,0,0,0,0,0,0,0
370729,1,1,1996,0,0,0,0,0,0,0,0,0,0
370729,2,1,1996,0,0,0,0,0,0,0,0,0,0
370729,3,1,1996,0,0,0,0,0,0,0,0,0,0
370729,4,1,1996,0,0,0,0,0,0,0,0,0,0
370730,1,1,1996,0,0,0,0,0,0,0,0,0,0
370731,1,1,1996,26,22,18,17,42,10,15,17,9,24
370732,1,1,1996,0,0,0,0,0,0,0,19,0,0
370732,2,1,1996,3,3,3,3,3,3,3,3,3,3
370733,1,1,1996,0,0,0,0,0,0,0,0,4,0
370733,2,1,1996,0,0,0,0,0,0,0,0,0,0
370734,1,1,1996,30,30,30,30,30,30,30,30,30,30
370735,1,1,1996,25,25,25,25,25,25,25,25,25,25
370736,1,1,1996,20,20,20,20,20,20,20,20,20,20
370736,2,1,1996,0,0,29,0,0,0,0,0,8,0
370737,1,1,1996,31,31,31,31,31,31,31,31,31,31
370738,1,1,1996,0,0,0,0,0,0,0,0,0,0
370738,2,1,1996,0,0,0,0,0,0,0,0,0,0
370739,1,1,1996,0,17,23,20,17,10,0,19,17,0
370740,1,1,1996,0,0,0,0,0,0,0,0,0,0
370741,1,1,1996,0,0,0,0,0,0,0,0,0,0
370741,2,1,1996,0,0,0,0,0,0,0,0,0,0
370742,1,1,1996,0,0,0,0,0,0,0,0,0,0
370742,2,1,1996,0,0,0,0,0,0,0,0,0,0
370743,1,1,1996,6,0,0,0,0,0,0,0,0,0
370743,2,1,1996,0,0,0,0,0,0,0,0,0,0
370744,1,1,1996,0,0,0,0,0,0,0,0,9,0
370744,2,1,1996,0,0,0,0,0,0,0,0,0,0
370745,1,1,1996,0,0,0,0,0,0,0,0,0,0
370745,2,1,1996,0,0,0,0,0,0,0,0,0,0
370746,1,1,1996,20,20,20,20,20,20,20,20,20,20
370747,1,1,1996,0,0,0,0,0,0,0,0,0,0
370748,0,1,1996,0,0,0,0,0,0,0,0,0,0
370748,1,1,1996,0,0,17,0,0,0,0,0,0,0
370749,1,1,1996,0,0,0,0,0,0,0,0,0,0
370750,1,1,1996,0,0,0,0,0,0,0,0,0,0
370750,2,1,1996,18,18,18,18,18,18,18,18,18,18
370751,1,1,1996,0,0,0,0,0,0,0,0,0,0
370751,2,1,1996,0,0,0,0,0,0,0,0,0,0
370752,1,1,1996,0,0,0,0,0,0,0,7,14,11
370753,0,1,1996,19,19,19,19,19,19,19,19,19,19
370753,1,1,1996,0,0,0,0,0,0,9,0,0,0
370755,1,1,1996,0,0,0,0,0,0,0,0,0,0
370756,1,1,1996,0,0,0,0,0,0,0,0,0,0
370756,2,1,1996,0,0,0,0,0,0,0,0,0,0
370756,3,1,1996,0,0,0,0,0,0,6,0,0,0
370757,1,1,1996,0,2,0,0,0,14,0,0,0,0
370757,2,1,1996,0,0,0,0,0,0,0,0,0,0
370758,1,1,1996,5,5,5,5,5,5,5,5,5,5
370759,1,1,1996,31,31,31,31,31,31,31,31,31,31
370759,2,1,1996,0,0,0,0,0,0,0,0,0,0
370760,0,1,1996,0,0,0,0,0,0,0,0,0,0
370760,1,1,1996,0,0,0,0,0,0,0,0,0,0
370761,1,1,1996,0,0,0,0,0,0,0,0,0,0
370761,2,1,1996,0,0,0,0,0,0,0,0,0,0
370762,1,1,1996,0,0,0,0,0,0,0,0,0,0
370762,2,1,1996,0,0,0,0,0,0,0,0,0,0
370763,1,1,1996,5,5,5,5,5,5,5,5,5,5
370764,1,1,1996,12,12,12,12,12,12,12,12,12,12
370765,0,1,1996,0,0,0,0,0,0,0,0,31,0
370765,1,1,1996,0,33,0,10,0,0,12,0,0,0
370766,1,1,1996,10,0,9,12,12,4,20,9,17,18
370767,1,1,1996,26,26,26,26,26,26,26,26,26,26
370768,1,1,1996,0,0,0,0,0,0,0,0,0,0
370768,2,1,1996,0,0,0,0,0,0,0,0,0,0
370769,0,1,1996,0,0,0,0,0,0,0,0,0,0
370769,1,1,1996,0,0,0,0,0,0,0,0,0,0
370770,1,1,1996,0,0,0,12,0,0,0,23,0,0
370770,2,1,1996,0,0,0,0,0,0,0,0,0,0
370771,1,1,1996,0,0,18,0,0,0,0,0,0,0
370771,2,1,1996,0,0,0,0,0,0,0,0,0,0
370772,1,1,1996,21,12,12,18,12,14,18,17,16,17
370773,1,1,1996,3,3,3,3,3,3,3,3,3,3
370773,2,1,1996,0,0,0,0,0,0,0,0,0,0
370774,0,1,1996,4,8,23,25,8,21,10,20,13,39
370774,1,1,1996,25,7,10,16,22,14,6,7,31,9
370775,1,1,1996,0,0,0,0,0,0,0,0,0,0
370775,2,1,1996,0,0,0,0,0,0,0,0,0,0
370775,3,1,1996,0,0,0,0,0,0,0,0,0,0
370776,1,1,1996,19,19,19,19,19,19,19,19,19,19
370777,1,1,1996,21,21,21,21,21,21,21,21,21,21
370778,1,1,1996,25,25,18,7,7,12,14,12,11,10
370779,1,1,1996,13,10,19,21,14,13,19,16,5,14
370779,2,1,1996,0,0,0,0,0,0,0,0,0,0
370780,0,1,1996,18,27,20,27,12,17,20,14,30,7
370780,1,1,1996,0,0,0,10,0,0,0,0,0,0
370781,1,1,1996,0,0,0,0,0,0,0,0,0,0
370782,1,1,1996,0,0,0,0,0,0,0,0,0,0
370782,2,1,1996,0,0,0,0,0,0,0,0,0,0
370782,3,1,1996,0,0,0,28,0,0,0,0,0,0
370783,1,1,1996,0,0,0,0,0,0,0,0,0,0
370784,1,1,1996,14,14,14,14,14,14,14,14,14,14
370785,1,1,1996,0,0,0,0,0,0,0,0,0,0
370786,1,1,1996,16,13,18,21,0,17,18,6,14,10
370787,1,1,1996,21,21,21,21,21,21,21,21,21,21
370788,1,1,1996,0,0,0,0,0,0,0,0,0,0
370788,2,1,1996,0,0,0,0,0,0,0,0,0,0
370789,1,1,1996,0,0,0,0,0,0,0,0,0,0
370790,1,1,1996,0,0,0,0,0,0,0,0,0,0
370790,2,1,1996,0,0,0,0,0,0,0,0,0,0
370791,1,1,1996,0,0,0,0,0,0,0,0,0,0
370791,2,1,1996,0,0,0,0,0,0,0,0,0,0
370792,1,1,1996,0,0,0,0,0,0,0,0,0,0
370793,1,1,1996,15,15,15,15,15,15,15,15,15,15
370794,0,1,1996,25,25,25,25,25,25,25,25,25,25
370794,1,1,1996,0,0,0,0,0,0,0,0,0,0
370795,0,1,1996,22,0,0,14,0,0,0,0,0,19
370795,1,1,1996,0,0,0,0,0,0,0,7,0,0
370796,1,1,1996,0,0,0,0,0,0,0,0,0,0
370796,2,1,1996,0,0,0,0,0,0,0,0,0,0
370797,1,1,1996,0,0,0,0,0,0,0,0,0,0
370797,2,1,1996,0,0,0,0,0,0,0,0,0,0
370798,1,1,1996,22,12,11,27,10,8,9,18,22,9
370798,2,1,1996,0,0,0,0,0,0,0,0,0,0
370799,1,1,1996,0,0,0,0,0,0,0,0,0,0
370800,0,1,1996,26,26,26,26,26,26,26,26,26,26
370800,1,1,1996,0,0,0,0,0,0,0,0,0,0
370801,0,1,1996,24,27,45,26,28,16,15,29,19,15
370801,1,1,1996,0,0,0,7,0,0,15,14,10,18
370802,1,1,1996,27,24,42,22,0,33,25,24,21,14
370803,1,1,1996,0,0,0,0,0,0,0,0,0,0
370803,2,1,1996,0,0,0,0,0,0,11,0,0,0
370804,1,1,1996,0,0,0,0,0,0,0,0,0,0
370804,2,1,1996,8,8,8,8,8,8,8,8,8,8
370805,1,1,1996,21,21,21,21,21,21,21,21,21,21
370806,1,1,1996,7,7,7,7,7,7,7,7,7,7
370807,1,1,1996,29,14,27,11,27,19,12,18,32,19
370808,1,1,1996,0,0,0,0,0,0,0,0,0,0
370808,2,1,1996,0,0,0,0,0,0,0,0,0,0
370809,1,1,1996,19,23,18,15,12,11,27,27,9,20
370810,1,1,1996,0,0,0,0,0,0,0,0,0,0
370810,2,1,1996,0,0,0,0,0,0,0,0,0,0
370811,1,1,1996,0,0,0,0,0,0,0,0,0,0
370812,1,1,1996,0,0,0,0,0,0,0,0,0,0
370812,2,1,1996,0,0,0,0,0,0,0,0,0,0
370813,1,1,1996,0,0,0,0,0,0,0,0,0,0
370813,2,1,1996,0,0,0,0,0,0,0,0,0,0
370813,3,1,1996,0,0,0,0,0,0,0,0,0,0
370813,4,1,1996,0,0,0,0,0,0,0,0,0,0
370813,5,1,1996,0,0,0,0,0,0,0,0,0,0
370814,1,1,1996,15,9,23,0,21,28,28,19,22,14
370815,0,1,1996,25,25,25,25,25,25,25,25,25,25
370815,1,1,1996,0,0,0,0,0,0,0,0,0,0
370816,1,1,1996,0,0,0,0,0,0,0,0,0,0
370816,2,1,1996,0,0,0,0,0,0,0,0,0,0
370816,3,1,1996,0,0,0,0,0,0,0,0,0,0
370817,1,1,1996,0,0,0,0,0,0,0,0,0,0
370818,1,1,1996,0,0,0,0,0,0,0,0,0,0
370818,2,1,1996,0,0,0,0,0,0,0,0,0,0
370819,0,1,1996,3,3,3,3,3,3,3,3,3,3
370819,1,1,1996,0,0,0,0,0,0,0,0,0,0
370820,1,1,1996,0,0,0,0,0,0,0,0,0,11
370820,2,1,1996,0,0,0,0,0,0,0,0,0,0
370820,3,1,1996,0,0,0,0,0,0,0,0,0,0
370821,1,1,1996,16,6,11,3,25,16,8,7,17,17
370822,1,1,1996,0,0,0,0,0,0,0,0,0,0
370822,2,1,1996,0,0,0,0,0,0,0,0,0,0
370823,1,1,1996,0,0,0,0,0,0,0,0,0,0
370823,2,1,1996,0,0,0,0,0,0,0,0,0,0
370824,1,1,1996,17,18,17,22,16,18,21,23,10,20
370825,1,1,1996,13,13,13,13,13,13,13,13,13,13
370826,1,1,1996,0,0,0,0,0,0,0,0,0,0
370826,2,1,1996,0,0,0,0,0,0,0,0,0,0
370827,1,1,1996,13,13,13,13,13,13,13,13,13,13
370828,1,1,1996,9,9,9,9,9,9,9,9,9,9
370829,1,1,1996,16,21,14,0,9,0,2,0,14,9
370830,1,1,1996,0,0,0,0,0,0,0,0,0,0
370830,2,1,1996,0,0,0,0,0,0,0,0,0,0
370831,1,1,1996,0,0,0,0,0,0,0,0,0,0
370832,1,1,1996,0,0,0,0,0,0,0,0,0,0
370832,2,1,1996,0,0,0,0,0,0,0,0,0,0
370833,1,1,1996,0,0,0,0,0,0,0,0,0,0
370833,2,1,1996,0,0,0,0,0,0,0,0,0,0
370834,1,1,1996,0,0,0,0,0,0,0,0,0,0
370835,0,1,1996,26,26,26,26,26,26,26,26,26,26
370835,1,1,1996,0,0,9,0,0,17,7,0,0,10
370836,1,1,1996,23,23,23,23,23,23,23,23,23,23
370837,1,1,1996,0,0,24,0,0,0,0,0,0,0
370838,1,1,1996,0,0,0,0,0,0,0,0,0,0
370839,0,1,1996,0,0,0,0,0,0,0,0,0,0
370839,1,1,1996,0,0,0,0,0,0,0,0,0,0
370840,0,1,1996,0,0,0,0,0,0,0,0,0,0
370840,1,1,1996,0,0,0,0,0,0,0,0,0,0
370841,1,1,1996,19,19,19,19,19,19,19,19,19,19
370842,1,1,1996,0,0,0,0,0,0,0,0,27,13
370842,2,1,1996,0,0,0,0,0,0,0,0,0,0