ST_CASE,VEH_NO,PER_NO,YEAR,P1,P2,P3,P4,P5,P6,P7,P8,P9,P10
371117,0,1,1996,0,0,0,0,0,0,0,0,0,0
371117,1,1,1996,0,0,0,0,0,0,0,0,0,0
371118,1,1,1996,0,0,0,0,0,0,0,15,24,0
371119,1,1,1996,11,5,18,0,0,0,5,18,0,0
371119,2,1,1996,0,0,0,0,0,0,0,0,0,0
371120,1,1,1996,9,9,9,9,9,9,9,9,9,9
371121,1,1,1996,17,17,17,17,17,17,17,17,17,17
371121,2,1,1996,0,0,0,0,0,0,0,0,0,0
371122,1,1,1996,0,0,0,0,0,0,0,0,0,0
371122,2,1,1996,0,0,0,0,0,0,0,0,0,0
371123,1,1,1996,0,0,0,0,0,0,0,0,0,0
371123,2,1,1996,0,0,0,0,0,0,0,0,0,0
371124,0,1,1996,0,0,0,0,0,0,0,0,0,0
371124,1,1,1996,0,0,0,0,0,0,0,0,0,0
371125,1,1,1996,0,0,0,0,0,0,0,0,0,0
371125,2,1,1996,0,0,0,0,0,0,0,0,0,0
371126,0,1,1996,27,27,27,27,27,27,27,27,27,27
371126,1,1,1996,0,0,0,0,3,0,5,30,14,0
371127,1,1,1996,0,0,0,0,0,0,0,0,0,0
371128,1,1,1996,9,9,9,9,9,9,9,9,9,9
371129,1,1,1996,0,0,0,0,0,0,0,0,0,0
371130,1,1,1996,11,11,11,11,11,11,11,11,11,11
371130,2,1,1996,0,0,0,0,0,0,0,0,0,0
371130,3,1,1996,0,0,0,0,0,0,0,0,0,0
371131,1,1,1996,0,0,0,0,0,0,0,0,0,0
371131,2,1,1996,0,0,0,0,0,0,0,0,0,0
371132,1,1,1996,0,0,0,0,0,0,0,0,0,0
371133,1,1,1996,0,0,0,0,0,0,0,0,0,0
371133,2,1,1996,0,0,0,0,0,0,0,0,0,0
371134,1,1,1996,0,0,0,0,0,0,0,0,0,0
371134,2,1,1996,0,0,0,0,0,0,0,0,0,0
371135,1,1,1996,23,23,23,23,23,23,23,23,23,23
371136,1,1,1996,26,26,26,26,26,26,26,26,26,26
371136,2,1,1996,0,0,0,0,0,0,0,0,0,0
371137,0,1,1996,28,28,28,28,28,28,28,28,28,28
371137,1,1,1996,0,0,0,0,0,11,0,0,0,0
371137,2,1,1996,0,0,0,0,0,0,0,0,0,0
371138,1,1,1996,0,0,0,0,0,0,0,0,0,0
371139,1,1,1996,0,0,0,0,0,0,0,0,0,0
371139,2,1,1996,0,0,0,0,0,0,0,0,0,0
371140,0,1,1996,31,31,31,31,31,31,31,31,31,31
371140,1,1,1996,0,0,0,0,0,0,0,0,0,0
371141,1,1,1996,26,26,26,26,26,26,26,26,26,26
371142,1,1,1996,11,17,13,0,29,2,20,24,10,20
371143,0,1,1996,0,0,0,0,0,0,0,0,0,0
371143,1,1,1996,0,0,0,0,0,0,0,0,0,0
371144,0,1,1996,0,0,0,0,15,0,0,0,25,0
371144,1,1,1996,0,0,0,0,0,0,0,0,0,0
371145,1,1,1996,0,0,0,0,0,0,0,0,0,0
371145,2,1,1996,0,0,0,0,0,0,0,0,0,0
371146,0,1,1996,0,0,0,0,0,0,0,0,0,0
371147,1,1,1996,0,0,0,0,0,0,0,0,0,0
371147,2,1,1996,0,0,0,0,0,0,0,0,0,0
371148,1,1,1996,7,7,7,7,7,7,7,7,7,7
371148,2,1,1996,0,0,0,15,0,0,0,0,0,0
371149,0,1,1996,0,0,0,0,0,0,0,0,0,0
371149,1,1,1996,0,0,0,0,0,0,0,0,0,0
371149,2,1,1996,0,0,0,0,0,0,0,0,0,0
371150,0,1,1996,0,0,0,0,0,0,0,0,0,0
371150,1,1,1996,0,0,0,0,0,0,0,0,0,0
371151,1,1,1996,0,0,0,0,0,0,0,0,0,0
371151,2,1,1996,0,0,0,0,21,0,0,0,0,0
371152,1,1,1996,0,0,0,0,18,0,0,0,0,6
371152,2,1,1996,0,0,0,0,0,0,0,0,0,0
371152,3,1,1996,0,0,0,0,0,0,0,0,0,0
371153,1,1,1996,0,0,0,0,0,0,0,0,0,0
371153,2,1,1996,0,0,0,0,0,0,0,0,0,0
371154,1,1,1996,0,0,0,0,0,0,0,0,0,0
371154,2,1,1996,0,0,0,0,0,0,0,0,0,0
371155,1,1,1996,0,0,0,0,0,0,0,0,0,0
371155,2,1,1996,28,28,28,28,28,28,28,28,28,28
371156,1,1,1996,0,0,0,0,0,0,0,0,0,0
371156,2,1,1996,0,0,0,0,0,0,0,0,0,0
371157,1,1,1996,16,16,16,16,16,16,16,16,16,16
371158,1,1,1996,25,25,25,25,25,25,25,25,25,25
371158,2,1,1996,0,0,0,0,0,0,0,0,0,0
371159,1,1,1996,0,0,0,0,0,0,0,0,0,0
371160,0,1,1996,11,11,11,11,11,11,11,11,11,11
371160,1,1,1996,0,0,0,0,0,0,0,0,0,0
371161,1,1,1996,23,23,23,23,23,23,23,23,23,23
371162,1,1,1996,6,6,6,6,6,6,6,6,6,6
371162,2,1,1996,18,0,0,0,0,0,0,17,0,0
371163,1,1,1996,16,16,16,16,16,16,16,16,16,16
371164,1,1,1996,0,0,0,0,0,0,0,0,0,0
371165,1,1,1996,12,12,12,12,12,12,12,12,12,12
371166,0,1,1996,11,11,11,11,11,11,11,11,11,11
371166,1,1,1996,0,0,0,0,0,0,0,0,0,0
371166,2,1,1996,0,0,0,0,0,0,0,0,0,0
371167,0,1,1996,29,29,29,29,29,29,29,29,29,29
371167,1,1,1996,0,0,0,0,0,0,0,0,0,0
371168,1,1,1996,0,0,0,0,0,0,0,0,0,0
371168,2,1,1996,0,0,0,0,0,0,0,0,0,0
371169,1,1,1996,0,0,6,9,0,0,12,0,0,13
371170,1,1,1996,0,0,0,0,0,0,0,0,0,23
371170,2,1,1996,0,0,0,0,0,0,0,12,0,0
371170,3,1,1996,0,7,0,0,0,6,0,0,0,0
371171,0,1,1996,0,0,0,0,0,0,0,0,0,0
371171,1,1,1996,0,0,0,0,0,0,0,0,0,0
371172,1,1,1996,0,0,0,0,0,0,0,0,0,0
371172,2,1,1996,0,0,0,0,0,0,0,0,0,0
371173,1,1,1996,0,0,0,0,0,0,0,16,0,0
371174,1,1,1996,0,0,0,0,0,0,0,0,0,0
371174,2,1,1996,24,24,24,24,24,24,24,24,24,24
371175,0,1,1996,0,0,0,0,0,0,0,0,0,0
371175,1,1,1996,0,0,0,0,0,0,0,0,0,0
371175,2,1,1996,0,0,0,0,0,0,0,0,0,0
371176,1,1,1996,0,0,0,0,0,0,0,0,0,0
371176,2,1,1996,0,0,0,0,0,0,0,0,0,0
371177,1,1,1996,12,12,12,12,12,12,12,12,12,12
371177,2,1,1996,0,0,0,0,0,0,0,0,0,0
371178,1,1,1996,0,0,0,0,0,0,0,0,0,0
371178,2,1,1996,0,0,0,0,0,0,0,0,0,0
371179,1,1,1996,0,0,0,0,13,0,0,0,0,0
371179,2,1,1996,0,0,0,0,0,0,0,0,0,0
371180,1,1,1996,0,0,0,0,0,0,0,0,0,0
371181,1,1,1996,23,23,23,23,23,23,23,23,23,23
371182,0,1,1996,16,16,16,16,16,16,16,16,16,16
371182,1,1,1996,0,0,0,0,0,0,0,0,0,17
371183,1,1,1996,0,0,0,0,0,0,0,0,0,0
371183,2,1,1996,0,0,0,0,0,0,0,0,0,0
371184,1,1,1996,23,23,23,23,23,23,23,23,23,23
371185,1,1,1996,17,17,17,17,17,17,17,17,17,17
371186,1,1,1996,3,11,12,4,8,5,16,10,28,0
371186,2,1,1996,0,0,0,24,0,13,0,13,0,14
371187,0,1,1996,36,36,36,36,36,36,36,36,36,36
371187,1,1,1996,0,0,0,12,0,14,0,0,6,0
371188,0,1,1996,0,0,0,0,0,0,0,0,0,0
371188,1,1,1996,0,0,0,0,0,0,0,0,0,9
371189,1,1,1996,12,0,8,19,0,0,29,0,28,10
371190,1,1,1996,0,0,0,0,0,0,0,0,0,0
371190,2,1,1996,0,0,0,0,0,0,0,0,0,0
371191,1,1,1996,0,0,0,0,0,0,0,12,0,0
371191,2,1,1996,0,0,0,0,0,0,0,0,0,0
371192,1,1,1996,0,0,0,0,0,0,0,0,0,0
371192,2,1,1996,0,0,0,23,0,0,0,0,0,0
371193,1,1,1996,0,0,0,0,0,0,0,0,0,0
371193,2,1,1996,0,0,0,0,0,0,0,0,0,0
371194,1,1,1996,0,0,0,0,0,0,0,0,0,0
371195,1,1,1996,35,35,35,35,35,35,35,35,35,35
371196,1,1,1996,0,0,0,0,0,9,0,0,0,0
371196,2,1,1996,0,0,0,0,0,0,0,0,0,0
371197,0,1,1996,0,0,0,0,0,0,0,0,0,0
371197,1,1,1996,0,0,0,0,0,0,0,0,0,0
371198,1,1,1996,13,8,7,18,0,0,11,0,9,3
371198,2,1,1996,0,0,0,0,0,0,0,0,0,0
371198,3,1,1996,0,0,0,0,0,0,0,0,0,0
371199,1,1,1996,0,0,0,0,0,0,0,0,0,0
371199,2,1,1996,2,2,2,2,2,2,2,2,2,2
371200,1,1,1996,0,0,0,0,0,0,0,0,0,0
371201,1,1,1996,0,0,0,0,0,0,0,0,0,0
371201,2,1,1996,0,0,0,0,0,0,0,0,0,0
371202,1,1,1996,10,10,10,10,10,10,10,10,10,10
371203,1,1,1996,5,32,19,11,22,12,14,0,8,5
371203,2,1,1996,12,12,12,12,12,12,12,12,12,12
371204,1,1,1996,25,25,25,25,25,25,25,25,25,25
371204,2,1,1996,0,0,0,0,0,12,0,0,0,0
371205,1,1,1996,0,0,0,0,0,0,0,0,0,15
371205,2,1,1996,0,0,0,0,18,0,0,0,0,0
371206,0,1,1996,0,0,0,0,0,0,0,0,0,0
371206,1,1,1996,0,0,0,0,0,0,0,0,0,0
371207,1,1,1996,22,22,22,22,22,22,22,22,22,22
371208,1,1,1996,0,0,0,0,0,0,0,0,0,0
371208,2,1,1996,0,0,0,0,0,0,0,0,0,0
371209,0,1,1996,0,0,0,0,0,0,0,0,0,0
371209,1,1,1996,0,0,0,0,0,0,0,0,0,0
371210,1,1,1996,0,0,0,0,0,0,0,0,0,0
371210,2,1,1996,0,0,0,0,0,0,0,0,0,0
371211,0,1,1996,2,2,2,2,2,2,2,2,2,2
371211,1,1,1996,0,0,0,0,0,0,0,0,0,0
371212,1,1,1996,0,0,0,0,0,0,0,0,0,0
371212,2,1,1996,0,0,0,0,0,0,0,0,0,0
371213,2,1,1996,5,5,5,5,5,5,5,5,5,5
371214,1,1,1996,0,0,0,0,0,0,10,0,0,0
371214,2,1,1996,0,0,0,0,0,0,0,0,0,0
371215,1,1,1996,0,0,0,0,0,0,0,0,0,0
371215,2,1,1996,0,10,21,23,22,0,20,0,19,3
371216,1,1,1996,0,0,0,0,0,0,0,0,0,0
371216,2,1,1996,0,0,0,0,0,0,0,0,0,0
371217,1,1,1996,0,0,0,0,8,15,0,0,0,0
371218,1,1,1996,0,0,0,0,0,0,0,0,0,0
371218,2,1,1996,0,0,0,0,0,0,0,0,0,0
371219,1,1,1996,0,0,0,0,9,18,19,15,0,0
371220,1,1,1996,0,0,0,0,0,0,0,0,0,0
371220,2,1,1996,0,0,0,0,0,0,0,0,0,0
371221,1,1,1996,16,8,12,19,29,0,19,21,19,11
371222,1,1,1996,0,0,0,0,0,0,0,0,0,0
371222,2,1,1996,0,0,0,0,0,0,0,0,0,0
371223,1,1,1996,0,0,0,0,0,0,0,0,0,0
371223,2,1,1996,0,0,0,0,0,0,0,0,0,0
371224,1,1,1996,0,0,0,0,0,0,0,0,0,0
371224,2,1,1996,0,0,0,0,0,0,0,0,0,0
371225,1,1,1996,27,27,27,27,27,27,27,27,27,27
371226,1,1,1996,0,0,0,0,0,0,0,0,0,0
371226,2,1,1996,0,0,0,0,0,0,0,0,0,0
371227,0,1,1996,24,18,25,19,15,9,19,25,25,14
371227,1,1,1996,0,0,13,0,0,0,0,0,0,0
371228,0,1,1996,0,0,0,0,0,0,0,0,0,0
371228,1,1,1996,0,0,0,0,0,0,0,0,0,9
371229,1,1,1996,0,0,0,0,0,0,0,0,0,0
371229,2,1,1996,0,0,0,0,0,0,0,0,18,0
371229,3,1,1996,0,0,0,0,0,0,0,0,0,0
371230,1,1,1996,25,25,25,25,25,25,25,25,25,25
371230,2,1,1996,0,0,0,0,0,0,0,0,0,0
371231,1,1,1996,0,0,0,0,0,0,0,0,0,0
371232,1,1,1996,0,0,0,0,0,0,0,0,0,0
371232,2,1,1996,0,0,0,0,0,0,0,0,0,0
371233,1,1,1996,22,22,22,22,22,22,22,22,22,22
371234,1,1,1996,13,13,13,13,13,13,13,13,13,13
371234,2,1,1996,7,9,10,13,8,4,32,14,20,18
371235,1,1,1996,14,7,14,13,18,6,8,5,16,8
371235,2,1,1996,0,0,0,0,0,0,0,0,0,0
371236,1,1,1996,10,10,10,10,10,10,10,10,10,10
371236,2,1,1996,0,0,0,0,0,0,0,0,0,0
371237,0,1,1996,25,25,25,25,25,25,25,25,25,25
371237,1,1,1996,0,0,0,0,0,0,0,0,0,0
371237,2,1,1996,0,0,0,0,0,0,0,0,0,0
371237,3,1,1996,0,0,0,12,0,0,0,0,0,0
371238,1,1,1996,0,0,0,0,0,0,0,0,0,0
371238,2,1,1996,0,0,0,0,0,0,0,0,0,0
371239,1,1,1996,0,0,0,0,0,0,0,0,0,0
371239,2,1,1996,0,0,0,0,0,0,0,0,0,0
371239,3,1,1996,0,0,0,0,0,0,0,0,0,0
371239,4,1,1996,0,0,0,0,0,0,0,0,0,0
371239,5,1,1996,0,0,0,0,0,0,0,0,0,0
371240,1,1,1996,13,13,13,13,13,13,13,13,13,13
371240,2,1,1996,0,0,0,0,0,0,0,0,0,0
371241,1,1,1996,0,0,0,0,0,0,0,0,0,0
371241,2,1,1996,0,0,0,0,0,0,0,0,0,0
371242,1,1,1996,0,0,0,0,0,0,0,0,0,0
371242,2,1,1996,0,0,0,0,0,0,0,0,0,0
371242,3,1,1996,0,0,0,0,0,0,0,0,0,0
371243,1,1,1996,0,0,0,0,0,0,0,0,0,0
371243,2,1,1996,0,0,0,0,0,0,0,0,0,0
371244,1,1,1996,0,0,0,0,0,0,0,0,0,0
371244,2,1,1996,0,0,0,0,0,0,0,0,0,0
371245,1,1,1996,17,7,15,10,17,9,9,12,0,15
371246,1,1,1996,13,20,24,17,4,23,12,7,5,7
371247,1,1,1996,0,0,0,0,0,0,0,0,0,0
371247,2,1,1996,2,2,2,2,2,2,2,2,2,2
371248,1,1,1996,0,0,0,0,0,0,0,0,0,0
371248,2,1,1996,0,0,0,0,0,0,0,0,0,0
371249,1,1,1996,0,0,0,0,0,0,0,0,0,0
371249,2,1,1996,0,0,0,0,0,0,0,0,0,0
371250,0,1,1996,0,0,0,0,0,0,0,0,0,0
371250,1,1,1996,0,0,0,0,0,0,0,0,0,0
371251,0,1,1996,0,0,0,0,0,0,0,0,0,0
371251,1,1,1996,0,0,0,0,0,0,0,0,0,0
371252,1,1,1996,0,0,0,0,0,0,0,0,0,0
371252,2,1,1996,0,0,0,0,0,0,0,0,0,0
371253,0,1,1996,36,36,36,36,36,36,36,36,36,36
371253,1,1,1996,0,5,0,0,0,0,0,0,0,0
371253,2,1,1996,0,0,0,0,0,0,0,0,0,0
371254,1,1,1996,0,0,21,0,0,0,0,21,0,0
371254,2,1,1996,20,8,4,19,31,12,2,30,19,6
371255,1,1,1996,0,0,0,0,0,0,0,0,0,0
371255,2,1,1996,18,18,18,18,18,18,18,18,18,18
371256,0,1,1996,0,0,12,0,0,0,0,0,0,0
371256,1,1,1996,0,0,0,0,5,0,0,0,6,17
371257,0,1,1996,16,16,16,16,16,16,16,16,16,16
371257,1,1,1996,0,0,0,0,0,0,0,0,0,0
371258,1,1,1996,0,0,0,0,0,0,27,0,0,0
371258,2,1,1996,0,0,0,0,0,0,0,0,0,0
371259,1,1,1996,0,0,0,0,0,0,0,0,0,0
371259,2,1,1996,0,0,0,0,0,0,0,0,0,0
371260,1,1,1996,0,0,0,0,0,0,0,0,0,0
371261,1,1,1996,0,0,0,0,0,0,0,0,0,22
371262,1,1,1996,15,0,0,0,0,0,0,2,0,4
371262,2,1,1996,0,0,0,0,0,0,0,0,0,0
371263,1,1,1996,13,13,13,13,13,13,13,13,13,13
371264,1,1,1996,0,0,0,0,0,0,0,0,0,0
371264,2,1,1996,0,0,0,0,0,0,0,0,0,0
371265,1,1,1996,0,0,0,0,0,0,0,0,0,0
371265,2,1,1996,13,13,13,13,13,13,13,13,13,13
371266,1,1,1996,0,0,0,0,0,0,0,0,0,0
371266,2,1,1996,0,0,0,0,0,0,0,0,0,0
371267,0,1,1996,0,0,0,0,0,0,0,0,0,0
371267,1,1,1996,0,0,0,0,0,0,0,0,0,0
371268,0,1,1996,0,0,0,0,0,0,0,0,0,0
371268,1,1,1996,0,0,0,0,4,0,0,0,0,0
371269,0,1,1996,8,8,8,8,8,8,8,8,8,8
371269,1,1,1996,0,0,0,0,8,0,0,0,0,0
371270,1,1,1996,25,25,25,25,25,25,25,25,25,25
371270,2,1,1996,0,0,0,0,0,0,0,0,0,0
371270,3,1,1996,0,0,0,0,0,0,0,0,0,0
371271,1,1,1996,0,0,0,0,0,0,0,12,0,12
371271,2,1,1996,24,24,24,24,24,24,24,24,24,24
371272,1,1,1996,0,0,0,0,0,0,0,0,0,0
371272,2,1,1996,0,0,0,0,0,0,0,0,0,0
371273,1,1,1996,0,19,23,5,13,26,16,0,15,26
371274,1,1,1996,25,25,25,25,25,25,25,25,25,25
371275,1,1,1996,0,0,0,0,0,0,0,0,0,0
371276,1,1,1996,19,19,19,19,19,19,19,19,19,19
371277,1,1,1996,35,35,35,35,35,35,35,35,35,35
371278,0,1,1996,10,10,10,10,10,10,10,10,10,10
371278,1,1,1996,0,0,0,0,0,0,0,0,0,0
371280,1,1,1996,0,0,0,0,0,0,0,0,0,0
371280,2,1,1996,0,0,0,0,0,0,6,0,0,0
371280,3,1,1996,0,0,0,0,0,0,0,0,0,0
371281,1,1,1996,18,18,18,18,18,18,18,18,18,18
371282,1,1,1996,3,3,3,3,3,3,3,3,3,3
371283,1,1,1996,0,0,0,0,0,0,0,0,0,0
371284,1,1,1996,0,0,0,0,0,0,0,0,0,0
371284,2,1,1996,0,0,0,0,0,0,0,0,0,0
371285,0,1,1996,20,20,20,20,20,20,20,20,20,20
371285,1,1,1996,0,0,0,0,0,0,0,0,0,0
371286,1,1,1996,0,0,0,0,0,0,0,0,0,0
371286,2,1,1996,2,2,2,2,2,2,2,2,2,2
371287,1,1,1996,0,0,0,0,0,0,0,0,0,0
371287,2,1,1996,18,24,6,24,8,7,0,14,16,5
371288,1,1,1996,0,0,0,0,0,0,0,0,0,0
371288,2,1,1996,0,0,0,5,0,0,0,0,0,0
371289,1,1,1996,0,0,0,0,0,0,0,0,0,0
371290,1,1,1996,0,0,0,0,0,0,0,0,27,0
371290,2,1,1996,0,0,0,0,0,0,0,0,0,0
371291,1,1,1996,0,0,0,0,0,0,0,0,0,0
371291,2,1,1996,0,0,0,0,0,0,0,0,0,0
371292,0,1,1996,0,0,0,0,0,0,0,0,0,0
371292,0,2,1996,0,0,0,0,0,0,0,0,0,0
371292,0,3,1996,0,8,14,0,12,0,10,0,24,20
371292,0,4,1996,0,0,0,10,3,0,5,29,0,7
371292,0,5,1996,18,0,0,17,9,0,19,0,15,18
371292,0,6,1996,0,0,27,17,0,0,26,19,0,15
371292,0,7,1996,0,5,16,30,17,14,0,26,18,6
371292,1,1,1996,0,20,0,0,21,0,0,0,0,0
371293,1,1,1996,0,0,0,0,0,0,0,0,0,0
371293,2,1,1996,0,0,0,0,0,0,0,0,0,0
371294,1,1,1996,20,20,20,20,20,20,20,20,20,20
371295,1,1,1996,0,0,0,0,0,0,7,0,0,21
371296,1,1,1996,23,23,23,23,23,23,23,23,23,23
371296,2,1,1996,0,0,0,0,0,0,0,0,0,0
371297,1,1,1996,0,0,0,0,0,0,0,0,0,0
371298,1,1,1996,0,0,0,0,0,0,0,0,0,0
371298,2,1,1996,0,0,0,0,0,0,0,0,0,0
371299,1,1,1996,28,28,28,28,28,28,28,28,28,28
371300,0,1,1996,26,26,26,26,26,26,26,26,26,26
371300,1,1,1996,0,0,0,7,0,0,14,8,0,0
371301,1,1,1996,23,23,23,23,23,23,23,23,23,23
371302,1,1,1996,0,0,0,0,0,0,0,0,0,0
371302,2,1,1996,0,0,0,0,0,0,0,0,24,0
371303,1,1,1996,0,0,0,0,0,0,0,0,0,0
371303,2,1,1996,0,0,0,0,0,0,0,0,0,0
371304,1,1,1996,13,0,14,0,0,0,0,11,0,0
371305,1,1,1996,18,18,15,19,16,34,7,19,13,21
371306,1,1,1996,7,0,0,0,0,0,0,0,0,0
371306,2,1,1996,0,0,0,0,0,0,0,0,0,0
371307,1,1,1996,0,0,0,0,0,0,0,0,16,0
371308,1,1,1996,0,0,0,0,0,0,0,0,0,3
371308,2,1,1996,0,0,0,0,0,0,0,0,0,0
371309,1,1,1996,0,0,0,0,0,0,0,0,0,0
371309,2,1,1996,0,0,0,0,0,0,0,0,0,0
371310,0,1,1996,0,0,0,0,0,0,0,0,0,0
371310,1,1,1996,0,0,0,0,0,0,0,0,0,0
371311,1,1,1996,0,0,0,0,0,0,0,0,0,0
371311,2,1,1996,0,0,0,0,0,0,0,0,0,0
371312,1,1,1996,24,13,24,14,18,16,41,22,29,26
371313,0,1,1996,0,0,0,0,0,0,0,13,0,0
371313,1,1,1996,0,0,0,0,0,0,0,0,0,0
371314,0,1,1996,0,0,0,13,0,8,0,0,0,0
371314,1,1,1996,0,0,0,0,0,0,0,0,0,0
371314,2,1,1996,0,0,0,0,18,0,0,0,0,0
371315,1,1,1996,0,0,0,0,0,0,0,0,0,0
371315,2,1,1996,0,0,0,0,0,0,0,0,0,0
371316,1,1,1996,0,0,0,0,0,0,0,0,0,0
371316,2,1,1996,0,0,0,0,0,0,0,0,0,0
371317,1,1,1996,0,0,0,0,0,0,0,0,0,0
371317,2,1,1996,0,0,0,0,0,0,0,0,0,0
371318,1,1,1996,15,11,29,6,9,7,2,15,13,6
371319,1,1,1996,0,0,0,0,0,0,0,0,0,0
371319,2,1,1996,0,0,0,0,0,0,0,0,0,0
371320,0,1,1996,19,22,12,18,20,36,26,18,7,21
371320,1,1,1996,0,0,0,0,0,0,0,0,0,0
371321,1,1,1996,22,20,22,15,16,0,0,17,18,21
371322,0,1,1996,0,0,0,0,0,0,0,0,0,0
371322,1,1,1996,11,16,0,0,0,0,0,0,0,0
371323,0,1,1996,0,0,0,0,0,0,0,0,0,0
371323,1,1,1996,0,0,0,0,0,0,0,0,0,0
371324,1,1,1996,17,21,0,16,14,10,11,0,22,18
371325,1,1,1996,20,0,12,0,0,23,14,0,0,12
371326,1,1,1996,7,7,14,13,7,0,9,13,7,21
371326,2,1,1996,0,0,0,0,0,0,0,0,0,0
371327,1,1,1996,0,0,0,0,0,0,0,0,0,0
371327,2,1,1996,0,0,0,0,0,0,0,0,0,0
371328,0,1,1996,0,0,0,0,0,0,0,0,0,0
371328,1,1,1996,0,0,0,0,0,0,0,0,0,0
371329,1,1,1996,0,0,0,0,0,0,0,0,0,0
371329,2,1,1996,15,4,0,15,12,5,4,5,0,14
371330,1,1,1996,0,0,0,0,0,0,0,0,0,0
371330,2,1,1996,0,0,0,0,0,0,0,0,13,0
371331,1,1,1996,0,13,28,0,0,0,21,0,24,10
371332,1,1,1996,0,0,0,0,0,0,0,0,0,0
371332,2,1,1996,0,0,0,0,0,0,0,0,0,0
371333,1,1,1996,0,0,0,0,0,0,0,0,0,0
371333,2,1,1996,0,0,0,0,0,0,0,0,0,0
371334,1,1,1996,0,0,0,0,0,0,0,0,0,0
371335,1,1,1996,0,0,0,0,0,0,0,0,0,0
371336,1,1,1996,0,0,0,0,0,0,0,0,0,0
371336,2,1,1996,0,0,0,0,0,0,0,0,0,0
371336,3,1,1996,0,0,0,0,0,0,0,0,0,0
380001,1,1,1996,16,16,16,16,16,16,16,16,16,16
380002,1,1,1996,0,0,0,0,0,0,0,0,0,0
380002,2,1,1996,0,11,20,6,16,6,9,10,10,0
380003,1,1,1996,0,0,0,0,0,0,0,0,0,0
380003,2,1,1996,0,0,0,0,0,0,0,21,0,0
380003,3,1,1996,0,0,0,0,0,0,0,0,0,0
380004,1,1,1996,0,6,37,0,0,15,19,17,0,19
380005,1,1,1996,5,5,5,5,5,5,5,5,5,5
380006,1,1,1996,11,11,11,11,11,11,11,11,11,11
380007,1,1,1996,0,0,0,0,0,0,0,0,0,0
380007,2,1,1996,0,0,0,0,0,0,0,0,0,0
380008,1,1,1996,0,18,0,0,16,0,0,0,22,0
380009,1,1,1996,0,0,0,0,0,0,0,0,0,0
380009,2,1,1996,4,0,0,0,0,0,0,0,0,0
380010,1,1,1996,19,19,19,19,19,19,19,19,19,19
380011,1,1,1996,13,13,13,13,13,13,13,13,13,13
380012,1,1,1996,5,5,5,5,5,5,5,5,5,5
380013,1,1,1996,7,15,30,0,27,0,0,21,0,0
380014,1,1,1996,0,17,0,0,16,0,0,0,0,0
380014,2,1,1996,0,0,0,0,0,0,0,0,0,0
380015,1,1,1996,18,0,5,0,8,13,19,14,0,18
380016,1,1,1996,9,9,9,9,9,9,9,9,9,9
380017,1,1,1996,17,17,17,17,17,17,17,17,17,17
380018,1,1,1996,0,0,0,0,0,0,0,0,0,0
380018,2,1,1996,0,0,0,0,0,10,0,0,0,0
380019,1,1,1996,0,0,0,0,0,0,0,0,0,0
380020,1,1,1996,31,31,31,31,31,31,31,31,31,31
380021,1,1,1996,16,16,16,16,16,16,16,16,16,16
380022,1,1,1996,0,0,0,0,0,0,0,0,0,0
380022,2,1,1996,0,0,0,0,0,0,0,0,0,0
380023,1,1,1996,12,12,12,12,12,12,12,12,12,12
380024,1,1,1996,0,0,0,0,0,0,0,0,0,0
380025,1,1,1996,0,0,8,0,0,0,0,0,0,0
380026,1,1,1996,0,0,0,0,0,0,0,0,0,0
380026,2,1,1996,0,0,0,0,0,0,0,0,0,0
380027,0,1,1996,38,0,30,0,36,41,33,0,12,9
380027,1,1,1996,14,0,0,0,0,0,0,0,0,0
380028,1,1,1996,0,0,0,0,0,0,0,0,0,0
380028,2,1,1996,19,19,19,19,19,19,19,19,19,19
380029,1,1,1996,20,20,20,20,20,20,20,20,20,20
380030,1,1,1996,0,28,17,0,0,0,0,0,0,0
380030,2,1,1996,0,0,0,6,0,0,0,0,0,0
380031,1,1,1996,0,0,0,0,0,0,0,25,6,0
380032,1,1,1996,0,0,0,0,0,0,0,0,0,0
380032,2,1,1996,0,0,0,0,0,0,0,0,0,0
380033,1,1,1996,0,0,19,0,0,0,0,0,22,16
380034,1,1,1996,30,0,0,0,0,0,0,0,0,0
380034,2,1,1996,0,0,0,0,28,0,0,0,0,0
380035,1,1,1996,0,0,0,0,0,0,0,0,0,0
380035,2,1,1996,0,0,0,0,0,0,0,0,0,0
380036,1,1,1996,18,18,18,18,18,18,18,18,18,18
380036,2,1,1996,18,0,0,0,0,11,0,0,0,0
380037,1,1,1996,14,14,14,14,14,14,14,14,14,14
380037,2,1,1996,0,0,0,0,0,0,0,0,0,0
380038,1,1,1996,13,15,21,24,18,28,17,20,12,32
380039,1,1,1996,0,0,0,0,0,0,0,0,0,0
380040,1,1,1996,20,20,20,20,20,20,20,20,20,20
380040,2,1,1996,16,16,16,16,16,16,16,16,16,16
380041,1,1,1996,0,0,0,0,22,20,0,6,10,9
380042,1,1,1996,0,0,0,0,0,0,0,0,0,0