ST_CASE,VEH_NO,PER_NO,YEAR,P1,P2,P3,P4,P5,P6,P7,P8,P9,P10
380043,1,1,1996,27,27,27,27,27,27,27,27,27,27
380044,0,1,1996,0,0,0,0,0,0,0,0,0,0
380044,1,1,1996,0,0,0,0,0,0,0,0,0,0
380045,1,1,1996,28,28,28,28,28,28,28,28,28,28
380046,1,1,1996,0,0,0,0,0,0,0,0,0,0
380046,2,1,1996,0,0,0,0,0,0,0,0,0,0
380047,1,1,1996,9,9,9,9,9,9,9,9,9,9
380047,2,1,1996,0,0,0,0,0,0,0,0,0,0
380047,3,1,1996,0,0,0,0,0,0,0,0,0,0
380048,1,1,1996,24,28,22,8,27,24,15,32,27,24
380049,0,1,1996,0,0,0,0,0,0,0,0,0,0
380049,1,1,1996,0,0,0,0,0,0,10,0,0,0
380050,1,1,1996,0,0,0,0,0,0,0,0,0,0
380050,2,1,1996,0,0,0,0,0,0,0,0,0,0
380051,1,1,1996,0,0,12,0,0,14,14,0,0,21
380052,0,1,1996,3,3,3,3,3,3,3,3,3,3
380052,1,1,1996,0,0,0,0,0,22,0,0,0,0
380053,1,1,1996,0,13,0,0,20,21,23,14,10,15
380053,2,1,1996,0,0,0,0,0,0,0,0,0,0
380054,1,1,1996,0,0,0,0,0,0,0,0,0,0
380055,1,1,1996,26,26,26,26,26,26,26,26,26,26
380056,1,1,1996,7,10,9,18,15,0,15,4,9,10
380056,2,1,1996,6,6,6,6,6,6,6,6,6,6
380057,1,1,1996,0,0,0,0,0,0,0,0,0,0
380057,2,1,1996,0,0,0,0,0,0,0,0,0,0
380058,1,1,1996,13,13,13,13,13,13,13,13,13,13
380059,1,1,1996,27,37,6,26,14,17,23,25,17,12
380059,2,1,1996,0,0,0,0,0,0,0,0,0,0
380060,1,1,1996,18,18,18,18,18,18,18,18,18,18
380061,1,1,1996,15,15,15,15,15,15,15,15,15,15
380061,2,1,1996,28,28,28,28,28,28,28,28,28,28
380062,1,1,1996,0,0,0,0,0,0,0,0,0,0
380062,2,1,1996,0,0,0,0,0,0,0,0,0,0
380063,1,1,1996,11,11,11,11,11,11,11,11,11,11
380063,2,1,1996,6,7,14,7,18,25,18,37,12,0
380064,1,1,1996,18,18,18,18,18,18,18,18,18,18
380065,1,1,1996,0,0,0,0,0,0,0,0,0,0
380065,2,1,1996,0,8,10,0,0,14,19,0,11,0
380066,1,1,1996,20,20,20,20,20,20,20,20,20,20
380067,1,1,1996,0,0,0,0,0,0,0,0,0,0
380067,2,1,1996,11,11,11,11,11,11,11,11,11,11
380068,1,1,1996,20,9,26,26,0,0,20,21,12,0
380069,1,1,1996,18,18,18,18,18,18,18,18,18,18
380069,2,1,1996,0,0,0,0,0,0,0,0,0,0
380070,1,1,1996,20,20,20,20,20,20,20,20,20,20
380071,1,1,1996,20,0,0,0,0,0,5,0,15,17
380072,1,1,1996,0,0,0,0,0,0,0,0,0,0
380072,2,1,1996,0,7,31,0,0,0,0,0,0,0
380073,1,1,1996,12,0,0,0,0,0,0,0,0,0
380073,2,1,1996,0,0,0,0,0,0,0,0,0,0
380074,1,1,1996,0,0,0,0,0,0,0,0,0,0
380074,2,1,1996,0,0,0,0,0,0,0,0,0,0
380075,1,1,1996,0,0,0,16,0,0,0,0,0,0
380075,2,1,1996,0,0,0,0,0,0,0,0,0,0
380076,1,1,1996,30,30,30,30,30,30,30,30,30,30
380077,1,1,1996,28,28,28,28,28,28,28,28,28,28
380077,2,1,1996,0,0,0,0,0,0,0,0,0,0
380078,1,1,1996,0,0,0,0,0,0,0,0,0,0
380078,2,1,1996,0,0,0,0,0,0,0,0,0,0
380079,1,1,1996,0,0,0,0,0,0,0,0,0,0
380079,2,1,1996,0,0,0,0,0,0,0,0,0,0
380080,1,1,1996,15,15,15,15,15,15,15,15,15,15
390001,1,1,1996,0,0,0,0,0,0,0,0,0,19
390001,2,1,1996,17,17,17,17,17,17,17,17,17,17
390001,3,1,1996,0,0,0,0,0,0,0,0,0,0
390002,1,1,1996,29,24,0,5,0,0,18,0,22,9
390003,1,1,1996,0,0,0,0,0,0,0,0,0,0
390003,2,1,1996,0,0,0,0,0,0,0,0,0,0
390004,1,1,1996,0,0,0,0,0,0,0,0,0,0
390004,2,1,1996,0,0,0,0,0,0,0,0,0,0
390005,1,1,1996,7,7,7,7,7,7,7,7,7,7
390006,1,1,1996,12,12,12,12,12,12,12,12,12,12
390006,2,1,1996,0,0,0,0,0,0,0,0,0,0
390007,1,1,1996,0,0,0,0,0,0,0,0,0,0
390007,2,1,1996,0,0,0,0,0,0,0,0,0,0
390008,1,1,1996,0,0,0,0,0,0,0,0,0,0
390008,2,1,1996,0,0,0,0,0,0,0,0,0,0
390009,1,1,1996,0,0,0,0,0,0,0,0,0,0
390009,2,1,1996,0,0,0,0,0,0,0,0,0,0
390010,1,1,1996,0,0,0,0,0,0,0,0,0,0
390010,2,1,1996,0,0,0,0,0,0,0,0,0,0
390011,1,1,1996,0,0,0,0,0,0,0,0,0,0
390011,2,1,1996,0,0,0,0,0,0,0,0,0,0
390012,1,1,1996,0,0,0,0,0,0,0,0,0,0
390012,2,1,1996,0,0,0,0,0,0,0,0,0,0
390014,1,1,1996,0,0,0,0,0,0,0,0,0,0
390014,2,1,1996,0,0,0,0,0,0,0,0,0,0
390015,1,1,1996,0,0,0,0,0,0,0,0,0,0
390015,2,1,1996,0,0,0,0,0,0,0,0,0,0
390015,3,1,1996,0,0,11,0,0,0,0,0,0,0
390016,1,1,1996,0,0,0,0,0,0,0,0,0,0
390017,1,1,1996,0,0,0,0,0,0,0,0,0,0
390017,2,1,1996,0,0,0,0,0,0,0,0,0,0
390018,1,1,1996,0,0,11,0,0,0,0,0,0,0
390019,1,1,1996,0,12,15,0,0,0,26,0,0,17
390020,1,1,1996,0,0,0,0,0,0,0,0,0,0
390021,1,1,1996,0,0,0,0,0,0,0,0,0,0
390022,1,1,1996,0,17,0,0,0,15,0,0,0,0
390023,1,1,1996,0,0,0,0,0,0,0,0,0,0
390023,2,1,1996,0,0,0,0,0,0,0,0,0,0
390024,1,1,1996,0,0,0,0,0,0,0,0,0,0
390025,1,1,1996,0,0,0,0,0,0,0,0,0,0
390025,2,1,1996,0,0,0,0,0,0,0,0,0,0
390026,1,1,1996,0,0,0,0,0,0,0,0,0,0
390026,2,1,1996,0,34,0,0,0,0,0,0,0,0
390027,0,1,1996,0,0,0,0,0,0,0,0,0,0
390027,1,1,1996,0,0,0,0,0,0,0,0,0,0
390028,0,1,1996,0,0,0,0,34,16,0,26,0,0
390028,1,1,1996,0,0,0,0,0,0,0,0,0,0
390029,1,1,1996,26,26,26,26,26,26,26,26,26,26
390030,0,1,1996,0,0,0,0,0,0,0,0,15,0
390030,1,1,1996,0,0,16,0,0,0,0,5,0,0
390031,1,1,1996,17,17,17,17,17,17,17,17,17,17
390032,1,1,1996,0,16,17,28,18,7,0,14,26,19
390033,1,1,1996,0,0,0,0,0,0,0,0,0,0
390033,2,1,1996,0,0,0,0,0,0,0,0,0,0
390034,1,1,1996,0,0,0,0,0,0,0,0,0,0
390035,1,1,1996,0,0,0,0,0,0,0,0,0,0
390036,1,1,1996,0,0,0,0,0,0,0,0,0,0
390036,2,1,1996,0,0,0,0,0,0,0,0,0,0
390037,1,1,1996,0,0,0,0,0,0,0,0,0,0
390037,2,1,1996,0,0,0,0,0,0,0,0,0,0
390037,3,1,1996,0,0,0,0,0,0,0,0,0,0
390037,4,1,1996,0,0,0,0,0,15,0,0,0,0
390037,5,1,1996,0,0,0,0,0,0,0,0,4,0
390037,6,1,1996,0,0,0,0,0,0,0,0,0,0
390038,1,1,1996,0,0,0,0,0,0,0,0,0,0
390039,1,1,1996,0,0,0,0,0,0,0,0,0,0
390039,2,1,1996,18,18,18,18,18,18,18,18,18,18
390040,0,1,1996,0,0,0,0,0,0,0,0,0,0
390040,1,1,1996,11,11,11,11,11,11,11,11,11,11
390041,1,1,1996,0,0,0,0,0,0,0,0,0,0
390041,2,1,1996,0,0,0,0,0,0,0,0,0,0
390042,1,1,1996,8,0,14,18,16,0,16,24,0,20
390043,1,1,1996,18,18,18,18,18,18,18,18,18,18
390044,1,1,1996,0,0,0,0,14,0,0,0,0,0
390044,2,1,1996,0,0,0,0,0,0,0,0,0,0
390044,3,1,1996,0,0,0,0,0,0,0,0,0,0
390044,4,1,1996,0,0,0,0,0,0,0,0,0,0
390045,1,1,1996,0,0,0,0,0,0,0,0,0,0
390046,1,1,1996,32,32,32,32,32,32,32,32,32,32
390046,2,1,1996,11,11,11,11,11,11,11,11,11,11
390047,1,1,1996,30,30,30,30,30,30,30,30,30,30
390048,1,1,1996,0,0,0,0,0,0,0,0,0,0
390049,1,1,1996,0,23,19,24,18,0,20,0,20,19
390050,1,1,1996,0,0,0,0,0,0,0,0,0,0
390050,2,1,1996,0,0,0,0,0,0,0,0,0,0
390051,1,1,1996,0,0,0,0,0,0,0,0,0,0
390051,2,1,1996,0,0,0,0,0,0,0,0,0,0
390052,1,1,1996,0,0,0,0,0,0,0,0,0,0
390052,2,1,1996,15,17,0,0,0,0,0,0,0,0
390052,3,1,1996,0,0,0,0,0,0,0,0,0,0
390052,4,1,1996,0,0,0,0,0,0,0,0,0,0
390052,5,1,1996,0,0,0,0,0,0,0,0,0,0
390052,6,1,1996,0,0,0,0,0,0,0,0,0,0
390053,1,1,1996,0,0,0,0,0,0,0,0,0,0
390053,2,1,1996,0,0,0,0,0,13,0,0,0,0
390054,1,1,1996,13,13,13,13,13,13,13,13,13,13
390055,1,1,1996,0,0,0,0,0,0,0,0,0,0
390055,2,1,1996,0,0,0,0,0,0,0,0,0,0
390056,1,1,1996,9,9,9,9,9,9,9,9,9,9
390057,1,1,1996,0,0,0,0,0,0,0,0,0,0
390057,2,1,1996,0,0,0,0,0,0,0,0,0,0
390058,1,1,1996,0,0,0,0,0,0,0,0,0,0
390058,2,1,1996,18,0,0,0,0,0,0,0,0,0
390058,3,1,1996,0,0,0,0,0,0,15,0,0,0
390059,1,1,1996,27,27,27,27,27,27,27,27,27,27
390060,1,1,1996,0,0,0,0,0,0,0,0,0,0
390060,2,1,1996,0,0,0,0,0,0,0,0,0,0
390061,1,1,1996,10,10,10,10,10,10,10,10,10,10
390061,2,1,1996,0,0,0,0,0,0,0,0,0,0
390062,1,1,1996,0,0,0,0,0,0,0,0,0,0
390062,2,1,1996,0,0,0,0,0,0,0,0,0,0
390062,3,1,1996,6,6,6,6,6,6,6,6,6,6
390063,1,1,1996,0,0,0,0,0,0,0,0,0,0
390063,2,1,1996,0,0,0,0,0,0,0,0,15,0
390064,1,1,1996,0,0,0,0,0,0,0,0,0,0
390064,2,1,1996,0,0,0,0,0,0,0,0,0,0
390065,1,1,1996,0,7,0,0,0,0,0,0,0,0
390065,2,1,1996,0,0,0,0,0,0,0,0,0,0
390066,0,1,1996,0,0,0,0,18,0,0,0,0,0
390066,1,1,1996,0,0,0,0,0,0,0,0,0,0
390067,1,1,1996,0,0,0,0,0,0,0,0,0,0
390067,2,1,1996,0,0,0,0,0,0,0,0,0,0
390067,3,1,1996,0,0,0,0,0,0,0,0,0,0
390067,4,1,1996,0,0,0,0,0,0,0,0,0,0
390068,1,1,1996,0,0,0,0,0,0,0,0,0,0
390068,2,1,1996,0,0,0,0,0,0,0,0,0,0
390069,1,1,1996,0,0,0,0,0,0,0,0,0,0
390069,2,1,1996,0,0,0,0,0,0,0,0,0,0
390070,1,1,1996,16,16,16,16,16,16,16,16,16,16
390070,2,1,1996,0,0,0,0,0,0,0,0,0,0
390071,1,1,1996,0,0,0,0,0,0,0,0,0,0
390072,0,1,1996,0,0,0,0,0,0,0,0,16,0
390072,1,1,1996,0,0,0,0,0,6,0,0,0,0
390073,1,1,1996,0,23,0,0,13,0,0,11,0,0
390074,1,1,1996,8,8,8,8,8,8,8,8,8,8
390075,1,1,1996,0,0,0,0,0,4,0,0,0,0
390075,2,1,1996,0,0,0,0,0,0,0,0,0,0
390076,1,1,1996,0,0,0,0,0,0,0,0,0,0
390076,2,1,1996,0,0,0,0,0,0,0,0,0,0
390077,1,1,1996,0,0,0,0,0,10,0,20,16,0
390078,1,1,1996,0,0,0,0,0,0,0,0,0,0
390078,2,1,1996,0,0,0,0,0,0,0,0,0,0
390079,1,1,1996,20,20,20,20,20,20,20,20,20,20
390080,1,1,1996,9,0,0,0,0,0,0,0,0,0
390080,2,1,1996,2,2,2,2,2,2,2,2,2,2
390081,1,1,1996,0,0,0,0,0,0,0,0,0,0
390082,1,1,1996,0,0,0,0,0,0,0,0,0,0
390083,0,1,1996,0,0,0,0,0,0,0,0,0,0
390083,1,1,1996,0,0,0,0,0,0,0,0,0,0
390084,1,1,1996,8,0,0,0,6,0,14,14,21,0
390085,1,1,1996,10,0,0,24,6,0,0,10,0,0
390086,1,1,1996,0,0,0,0,0,0,0,0,0,0
390086,2,1,1996,0,0,0,0,0,0,0,0,0,0
390087,1,1,1996,0,0,0,0,0,0,0,0,0,0
390087,2,1,1996,0,0,0,0,0,0,0,0,0,0
390088,1,1,1996,0,0,0,0,0,0,0,0,0,0
390088,2,1,1996,0,0,0,0,0,0,0,0,0,0
390089,1,1,1996,0,0,0,0,0,0,0,17,0,0
390090,1,1,1996,0,0,0,0,0,0,0,0,0,0
390090,2,1,1996,0,0,0,0,0,0,0,0,0,0
390091,1,1,1996,0,0,0,0,0,0,0,0,0,0
390091,2,1,1996,0,0,0,0,0,0,0,0,0,0
390092,1,1,1996,0,0,0,0,0,0,0,0,0,0
390093,1,1,1996,0,0,0,0,0,0,0,0,0,0
390094,1,1,1996,0,0,0,0,0,0,0,0,0,0
390094,2,1,1996,0,0,0,0,0,0,0,0,0,0
390095,1,1,1996,0,0,0,0,0,0,0,0,0,0
390096,1,1,1996,19,19,19,19,19,19,19,19,19,19
390097,1,1,1996,0,0,0,0,8,0,0,0,0,0
390098,1,1,1996,0,0,0,0,0,0,0,0,0,0
390099,0,1,1996,43,0,0,0,0,0,0,0,0,0
390099,1,1,1996,0,0,0,0,0,0,9,0,0,0
390100,1,1,1996,21,21,21,21,21,21,21,21,21,21
390101,1,1,1996,7,0,20,0,13,0,17,0,10,18
390102,1,1,1996,23,23,23,23,23,23,23,23,23,23
390103,0,1,1996,0,0,0,0,0,0,0,0,0,0
390103,1,1,1996,0,0,0,0,0,0,0,0,0,0
390104,1,1,1996,0,0,0,0,0,0,0,0,0,0
390105,1,1,1996,28,0,11,0,0,0,0,0,0,0
390105,2,1,1996,0,0,0,0,0,0,0,0,0,0
390106,0,1,1996,0,0,0,0,0,0,0,0,0,0
390106,1,1,1996,0,0,0,0,0,0,0,0,0,0
390107,0,1,1996,0,0,0,0,0,0,0,0,0,0
390107,1,1,1996,0,0,0,0,0,0,0,0,0,0
390108,1,1,1996,20,20,20,20,20,20,20,20,20,20
390109,1,1,1996,0,0,0,0,0,0,0,0,0,0
390110,1,1,1996,0,0,0,0,0,0,0,0,0,0
390110,2,1,1996,0,0,0,0,0,0,0,0,0,0
390111,1,1,1996,0,0,0,0,0,0,0,0,0,0
390112,1,1,1996,9,9,9,9,9,9,9,9,9,9
390113,1,1,1996,11,11,11,11,11,11,11,11,11,11
390113,2,1,1996,0,0,0,0,0,0,0,0,0,0
390114,1,1,1996,20,20,20,20,20,20,20,20,20,20
390115,0,1,1996,0,0,0,0,0,0,0,0,0,0
390115,1,1,1996,0,0,0,0,0,0,0,0,0,0
390116,1,1,1996,0,0,0,0,0,0,0,0,0,0
390116,2,1,1996,0,0,0,0,0,0,0,0,0,0
390117,1,1,1996,0,0,0,0,0,0,0,0,0,0
390117,2,1,1996,0,0,0,0,0,0,0,0,0,0
390118,1,1,1996,0,0,0,15,0,0,0,0,0,0
390119,1,1,1996,0,0,0,0,0,0,0,0,0,0
390120,0,1,1996,28,0,16,0,21,0,0,0,32,18
390120,1,1,1996,0,20,0,23,0,0,0,0,0,4
390121,0,1,1996,36,36,36,36,36,36,36,36,36,36
390121,1,1,1996,31,31,31,31,31,31,31,31,31,31
390122,1,1,1996,0,0,0,0,0,0,0,0,0,0
390123,1,1,1996,0,0,0,0,0,0,0,0,0,0
390123,2,1,1996,0,0,0,0,0,0,0,0,0,0
390124,1,1,1996,0,0,0,0,0,0,0,0,0,0
390124,2,1,1996,0,0,0,0,0,0,0,0,0,0
390125,1,1,1996,4,4,4,4,4,4,4,4,4,4
390126,1,1,1996,20,20,20,20,20,20,20,20,20,20
390127,1,1,1996,0,0,0,0,0,0,0,0,0,0
390128,1,1,1996,0,0,0,0,0,0,0,0,0,0
390129,1,1,1996,0,0,0,0,0,0,0,0,0,0
390130,1,1,1996,0,0,0,0,0,0,0,0,0,0
390130,2,1,1996,0,17,5,0,0,0,0,0,0,0
390131,1,1,1996,0,20,0,31,20,0,10,0,0,24
390132,0,1,1996,25,0,0,0,0,0,0,0,0,0
390132,1,1,1996,0,0,0,0,0,0,0,0,0,0
390133,1,1,1996,5,5,5,5,5,5,5,5,5,5
390134,1,1,1996,9,9,9,9,9,9,9,9,9,9
390135,1,1,1996,0,0,0,0,0,0,0,0,0,0
390135,2,1,1996,0,0,0,0,0,0,0,0,0,0
390135,3,1,1996,0,0,0,0,0,0,0,0,0,0
390136,1,1,1996,15,15,15,15,15,15,15,15,15,15
390137,1,1,1996,13,20,29,10,5,16,0,14,29,32
390138,1,1,1996,0,0,12,12,0,0,0,0,0,0
390139,1,1,1996,0,0,0,0,0,0,0,0,0,0
390140,1,1,1996,0,0,17,0,0,0,0,7,0,0
390141,1,1,1996,30,30,30,30,30,30,30,30,30,30
390142,1,1,1996,0,0,0,0,0,0,0,0,0,0
390142,2,1,1996,0,0,0,0,0,0,0,0,0,0
390143,1,1,1996,0,0,0,0,0,0,0,0,0,0
390143,2,1,1996,0,0,0,0,0,0,0,0,0,0
390144,1,1,1996,0,0,31,0,0,0,0,0,0,0
390144,2,1,1996,0,0,0,0,0,0,0,0,0,0
390145,1,1,1996,0,0,0,0,11,0,0,0,0,0
390146,1,1,1996,0,0,0,0,0,0,0,0,0,0
390146,2,1,1996,0,0,0,0,0,0,0,0,0,0
390147,1,1,1996,0,0,0,0,0,0,0,0,0,0
390147,2,1,1996,0,0,0,0,0,0,0,0,0,0
390148,1,1,1996,6,6,6,6,6,6,6,6,6,6
390149,1,1,1996,14,14,14,14,14,14,14,14,14,14
390150,1,1,1996,12,12,12,12,12,12,12,12,12,12
390151,0,1,1996,16,0,0,0,0,0,0,0,0,0
390151,1,1,1996,0,0,0,0,0,0,0,0,0,0
390152,1,1,1996,0,0,0,0,0,0,0,0,0,0
390152,2,1,1996,0,0,0,0,0,0,0,0,0,0
390153,1,1,1996,0,0,0,0,0,0,0,0,0,0
390154,1,1,1996,3,3,3,3,3,3,3,3,3,3
390155,1,1,1996,0,0,0,0,0,0,0,0,0,0
390155,2,1,1996,0,0,0,0,0,0,0,0,0,0
390156,1,1,1996,0,0,0,0,0,0,0,0,0,0
390156,2,1,1996,22,22,22,22,22,22,22,22,22,22
390157,1,1,1996,17,17,17,17,17,17,17,17,17,17
390158,1,1,1996,0,0,0,0,0,0,0,0,0,0
390158,2,1,1996,0,0,0,0,0,0,0,0,0,0
390159,1,1,1996,0,0,0,0,0,0,0,0,0,0
390160,1,1,1996,0,0,0,0,0,0,0,0,12,0
390160,2,1,1996,0,0,0,0,0,0,0,0,0,0
390161,1,1,1996,0,0,0,0,0,0,0,0,0,0
390161,2,1,1996,0,0,0,0,0,0,0,0,0,0
390162,1,1,1996,24,19,43,10,27,21,18,32,15,20
390163,1,1,1996,0,0,0,0,0,0,0,0,0,0
390164,0,1,1996,0,0,0,0,0,0,0,0,0,0
390164,1,1,1996,0,0,0,0,0,0,0,0,0,0
390165,1,1,1996,0,0,0,0,0,0,0,0,0,0
390165,2,1,1996,0,0,0,0,0,0,0,0,0,0
390166,1,1,1996,16,16,16,16,16,16,16,16,16,16
390167,1,1,1996,0,0,0,0,0,0,0,0,0,0
390168,1,1,1996,0,0,0,0,0,0,0,0,0,0
390168,2,1,1996,0,0,0,0,0,0,0,0,0,0
390168,3,1,1996,0,0,0,0,0,0,0,0,0,0
390169,1,1,1996,0,0,0,0,0,0,0,0,0,0
390169,2,1,1996,0,0,0,0,0,0,0,0,0,0
390170,1,1,1996,0,0,0,0,0,0,0,0,0,0
390171,0,1,1996,18,18,18,18,18,18,18,18,18,18
390171,0,2,1996,8,17,7,27,0,13,27,0,17,20
390171,1,1,1996,0,0,0,0,0,0,0,0,12,0
390172,1,1,1996,22,22,22,22,22,22,22,22,22,22
390173,1,1,1996,0,0,0,0,8,0,0,0,0,0
390174,0,1,1996,6,6,6,6,6,6,6,6,6,6
390174,1,1,1996,0,40,14,0,13,0,12,16,17,9
390175,1,1,1996,23,23,23,23,23,23,23,23,23,23
390175,2,1,1996,0,0,0,0,0,0,0,0,0,0
390176,1,1,1996,0,26,0,0,10,0,0,0,0,0
390176,2,1,1996,0,0,0,0,0,0,0,0,0,0
390177,1,1,1996,0,0,0,0,0,0,0,0,0,0
390177,2,1,1996,0,0,0,0,0,0,0,0,0,0
390178,1,1,1996,0,0,0,0,0,0,0,0,0,0
390179,1,1,1996,0,0,0,0,0,0,0,0,0,0
390179,2,1,1996,0,0,0,0,0,0,0,0,0,0
390180,0,1,1996,0,0,0,0,0,0,23,0,0,0
390180,1,1,1996,0,0,0,0,0,0,0,0,0,0
390181,1,1,1996,0,0,0,0,0,0,0,0,0,0
390181,2,1,1996,0,0,0,0,0,0,0,0,0,0
390181,3,1,1996,0,0,0,0,0,0,0,0,0,0
390182,1,1,1996,6,0,0,0,0,9,0,0,0,0
390183,1,1,1996,0,0,0,0,0,0,0,0,0,0
390183,2,1,1996,11,11,11,11,11,11,11,11,11,11
390184,0,1,1996,29,29,29,29,29,29,29,29,29,29
390184,1,1,1996,0,0,0,0,0,0,0,0,0,0
390185,1,1,1996,0,0,0,0,0,0,0,0,0,0
390186,0,1,1996,21,21,21,21,21,21,21,21,21,21
390186,1,1,1996,15,13,5,20,13,11,7,16,15,19
390186,2,1,1996,0,0,0,0,0,0,0,0,0,0
390187,1,1,1996,0,0,0,0,0,0,0,0,0,0
390187,2,1,1996,0,0,0,0,0,0,0,0,0,0
390188,1,1,1996,0,0,0,0,0,0,0,0,5,0
390188,2,1,1996,0,0,0,0,0,0,0,0,0,0
390189,1,1,1996,0,0,0,0,0,0,0,0,0,0
390189,2,1,1996,16,0,0,0,0,0,0,15,0,0
390190,1,1,1996,17,17,17,17,17,17,17,17,17,17
390190,2,1,1996,7,0,0,0,0,0,0,0,0,0
390191,1,1,1996,0,0,0,0,0,0,0,0,0,0
390192,1,1,1996,0,0,0,0,0,19,0,0,0,0
390192,2,1,1996,0,0,0,0,0,0,0,0,0,0
390193,1,1,1996,0,0,0,0,0,0,0,0,0,0
390193,2,1,1996,0,0,0,0,0,0,0,0,0,0
390194,1,1,1996,0,0,0,0,0,0,0,0,0,0
390195,1,1,1996,15,15,15,15,15,15,15,15,15,15
390196,1,1,1996,0,0,0,0,0,0,16,0,0,0
390196,2,1,1996,0,0,0,15,10,24,0,21,0,8
390197,1,1,1996,0,0,0,0,0,0,0,0,0,0
390197,2,1,1996,14,14,14,14,14,14,14,14,14,14
390198,1,1,1996,12,12,12,12,12,12,12,12,12,12
390199,1,1,1996,31,31,31,31,31,31,31,31,31,31
390200,0,1,1996,0,0,0,0,0,0,0,0,0,0
390200,1,1,1996,0,0,0,0,0,0,0,0,0,0
390201,1,1,1996,14,8,0,0,0,0,0,0,0,0
390202,1,1,1996,0,0,0,18,11,0,0,0,0,0
390202,2,1,1996,0,0,0,0,0,0,0,0,0,0
390202,3,1,1996,0,0,0,0,0,0,0,0,0,0
390203,1,1,1996,0,0,0,0,0,0,0,0,0,0
390204,1,1,1996,0,0,0,0,0,0,0,0,0,0
390204,2,1,1996,0,0,14,0,0,0,5,0,0,0
390205,1,1,1996,0,0,0,0,0,0,0,0,0,0
390205,2,1,1996,0,0,17,0,0,0,0,0,0,0
390206,1,1,1996,0,0,0,0,0,0,0,0,0,0
390206,2,1,1996,0,0,0,0,0,0,0,0,0,0
390207,1,1,1996,0,0,0,0,0,0,0,0,0,0
390208,1,1,1996,22,0,0,0,0,0,0,0,0,0
390208,2,1,1996,0,0,0,0,0,0,0,0,0,0
390209,1,1,1996,14,14,14,14,14,14,14,14,14,14
390210,1,1,1996,27,0,16,12,0,22,0,0,9,9
390210,2,1,1996,0,11,18,0,6,0,0,0,0,9
390211,1,1,1996,0,0,0,0,0,0,0,0,0,4
390211,2,1,1996,0,0,0,0,0,0,0,0,0,0
390212,1,1,1996,7,6,6,11,19,13,12,13,15,10
390213,1,1,1996,0,0,0,0,0,0,0,0,0,0
390213,2,1,1996,0,0,0,0,0,0,0,0,0,0
390214,1,1,1996,12,20,15,11,18,10,15,0,3,11
390214,2,1,1996,0,10,26,16,28,27,9,20,15,2
390215,1,1,1996,0,0,0,0,0,0,0,0,0,0
390215,2,1,1996,0,0,0,0,0,0,0,0,0,0
390216,1,1,1996,0,0,0,0,0,0,0,0,0,0
390216,2,1,1996,0,0,0,0,0,0,0,0,0,0
390217,1,1,1996,0,9,7,13,10,11,22,0,14,0
390217,2,1,1996,29,11,15,8,22,28,4,19,20,15
390218,0,1,1996,0,0,26,0,0,0,17,0,0,0
390218,1,1,1996,0,0,0,0,0,0,0,0,0,0
390219,1,1,1996,0,0,0,0,0,0,0,0,0,0
390219,2,1,1996,0,0,0,14,0,0,0,0,0,0
390220,1,1,1996,0,0,0,0,0,0,0,0,0,0
390221,1,1,1996,26,26,26,26,26,26,26,26,26,26
390222,0,1,1996,4,4,4,4,4,4,4,4,4,4
390223,1,1,1996,0,0,0,0,0,0,0,0,0,0
390223,2,1,1996,0,0,0,0,0,0,0,0,0,0
390224,0,1,1996,19,19,19,19,19,19,19,19,19,19
390224,1,1,1996,0,0,0,0,0,0,0,0,0,0
390225,1,1,1996,11,11,11,11,11,11,11,11,11,11
390226,1,1,1996,0,0,0,0,0,0,0,0,0,0
390226,2,1,1996,7,7,7,7,7,7,7,7,7,7
390227,1,1,1996,0,0,0,0,0,0,0,0,0,0
390227,2,1,1996,0,0,0,0,0,0,0,0,0,0
390228,1,1,1996,7,7,7,7,7,7,7,7,7,7
390228,2,1,1996,0,0,0,0,0,0,0,0,0,0
390229,0,1,1996,0,0,0,0,0,0,0,0,0,0
390229,1,1,1996,0,0,0,0,0,0,0,0,0,0
390230,1,1,1996,0,24,0,0,0,11,0,0,0,0
390231,1,1,1996,16,16,16,16,16,16,16,16,16,16
390231,2,1,1996,0,0,0,0,0,0,0,0,0,0
390231,3,1,1996,0,0,0,0,7,0,0,0,0,0
390232,1,1,1996,0,0,0,0,0,0,0,0,0,0
390233,1,1,1996,0,0,0,0,0,0,0,0,0,0
390234,1,1,1996,1,1,1,1,1,1,1,1,1,1
390235,1,1,1996,0,0,0,0,0,0,0,0,0,0
390235,2,1,1996,0,0,0,0,0,0,0,0,0,0
390236,1,1,1996,0,0,0,0,0,0,0,0,0,0
390236,2,1,1996,0,0,0,0,0,0,0,0,0,0
390237,1,1,1996,0,0,0,0,0,0,0,0,0,0
390237,2,1,1996,0,0,0,0,0,0,0,0,0,0
390238,1,1,1996,16,16,16,16,16,16,16,16,16,16
390239,1,1,1996,0,11,0,16,17,0,0,18,19,0
390240,1,1,1996,0,0,0,0,0,0,0,0,0,0
390241,1,1,1996,0,0,1,0,0,0,0,8,0,0
390241,2,1,1996,0,0,0,0,0,14,20,0,0,0
390242,1,1,1996,16,16,16,16,16,16,16,16,16,16