ST_CASE,VEH_NO,PER_NO,YEAR,P1,P2,P3,P4,P5,P6,P7,P8,P9,P10
390243,1,1,1996,0,0,0,0,0,0,0,0,0,0
390243,2,1,1996,0,15,0,0,0,0,0,0,0,0
390244,1,1,1996,0,0,0,0,0,0,0,0,0,0
390244,2,1,1996,0,0,0,0,0,0,0,0,0,0
390245,1,1,1996,0,0,0,0,0,0,0,0,0,8
390245,2,1,1996,15,15,15,15,15,15,15,15,15,15
390246,1,1,1996,25,25,25,25,25,25,25,25,25,25
390247,1,1,1996,0,0,0,13,0,0,0,0,0,4
390248,0,1,1996,0,0,0,0,0,0,0,0,0,0
390248,1,1,1996,0,0,12,0,0,0,11,0,0,0
390249,1,1,1996,24,24,24,24,24,24,24,24,24,24
390250,1,1,1996,0,0,0,0,0,0,0,0,0,0
390251,1,1,1996,0,0,0,0,0,0,0,0,0,0
390252,1,1,1996,19,19,19,19,19,19,19,19,19,19
390253,1,1,1996,0,0,0,0,0,0,0,0,0,0
390253,2,1,1996,0,0,0,0,0,0,0,0,0,0
390254,1,1,1996,0,0,0,0,0,0,0,0,0,0
390255,1,1,1996,0,0,0,0,0,0,0,0,0,0
390255,2,1,1996,14,14,14,14,14,14,14,14,14,14
390256,0,1,1996,0,0,0,0,0,0,0,0,0,0
390256,1,1,1996,0,0,0,0,0,0,0,0,0,0
390257,1,1,1996,0,0,0,0,0,0,0,0,0,0
390258,1,1,1996,26,26,26,26,26,26,26,26,26,26
390259,1,1,1996,0,0,0,0,0,0,0,0,0,0
390260,1,1,1996,21,21,21,21,21,21,21,21,21,21
390261,1,1,1996,0,0,0,0,0,0,0,13,0,0
390261,2,1,1996,0,0,25,0,0,0,13,0,0,0
390262,1,1,1996,0,0,0,0,0,0,0,0,0,0
390262,2,1,1996,20,20,20,20,20,20,20,20,20,20
390263,1,1,1996,0,0,0,0,0,0,0,0,0,0
390264,1,1,1996,0,0,0,0,0,0,0,0,0,0
390264,2,1,1996,0,0,0,0,0,0,0,0,0,0
390265,1,1,1996,0,0,0,0,0,0,0,0,0,0
390266,1,1,1996,0,0,0,0,0,0,0,0,7,0
390266,2,1,1996,0,0,0,0,0,0,0,0,0,0
390267,1,1,1996,0,0,0,0,0,0,0,0,0,0
390267,2,1,1996,0,0,0,0,0,0,0,0,0,0
390268,1,1,1996,0,0,0,0,0,0,0,0,0,0
390268,2,1,1996,0,0,0,0,0,0,0,0,0,0
390269,1,1,1996,17,17,17,17,17,17,17,17,17,17
390270,1,1,1996,0,0,0,0,0,0,0,0,0,0
390270,2,1,1996,0,0,0,0,0,0,0,0,0,0
390271,0,1,1996,8,8,8,8,8,8,8,8,8,8
390271,1,1,1996,12,4,0,0,15,0,0,0,0,0
390272,1,1,1996,11,11,11,11,11,11,11,11,11,11
390273,1,1,1996,22,0,0,7,24,0,0,10,17,20
390274,1,1,1996,0,0,0,0,0,0,0,0,0,0
390275,1,1,1996,24,24,24,24,24,24,24,24,24,24
390276,1,1,1996,0,0,0,0,0,0,0,0,0,0
390277,1,1,1996,21,21,21,21,21,21,21,21,21,21
390278,1,1,1996,25,25,25,25,25,25,25,25,25,25
390279,0,1,1996,0,0,0,0,0,0,0,0,0,0
390279,1,1,1996,0,0,0,0,0,0,0,0,0,0
390280,0,1,1996,0,0,0,0,0,0,0,0,0,0
390280,1,1,1996,0,0,0,0,0,0,0,0,0,0
390281,1,1,1996,0,0,0,0,0,0,0,0,0,0
390282,1,1,1996,18,0,0,17,0,0,0,0,4,0
390282,2,1,1996,0,0,0,0,0,0,0,0,0,0
390283,0,2,1996,0,0,0,0,0,0,0,0,0,0
390283,1,1,1996,0,0,0,0,0,0,0,0,0,0
390284,1,1,1996,0,0,0,0,0,0,0,0,0,0
390285,1,1,1996,13,10,19,21,20,11,25,11,9,6
390286,1,1,1996,10,10,10,10,10,10,10,10,10,10
390287,1,1,1996,24,24,24,24,24,24,24,24,24,24
390288,1,1,1996,0,0,0,0,0,0,0,0,0,0
390288,2,1,1996,0,0,0,0,0,0,0,0,0,0
390289,1,1,1996,19,19,19,19,19,19,19,19,19,19
390290,0,1,1996,16,16,16,16,16,16,16,16,16,16
390290,1,1,1996,5,5,5,5,5,5,5,5,5,5
390291,0,1,1996,0,0,0,0,0,0,0,0,0,0
390291,1,1,1996,0,0,0,0,0,21,0,0,0,0
390292,1,1,1996,0,0,0,0,0,0,0,0,0,0
390292,2,1,1996,0,0,0,0,0,0,0,0,0,0
390293,1,1,1996,0,0,0,0,0,0,0,0,0,0
390294,0,1,1996,0,0,0,0,0,0,0,0,0,0
390294,1,1,1996,0,0,0,0,0,18,0,0,9,0
390295,1,1,1996,0,0,0,0,0,0,0,0,0,0
390295,2,1,1996,0,0,0,0,0,0,0,0,0,0
390296,1,1,1996,16,16,16,16,16,16,16,16,16,16
390297,1,1,1996,38,38,38,38,38,38,38,38,38,38
390298,1,1,1996,0,19,13,16,0,0,0,0,9,0
390298,2,1,1996,12,23,20,6,14,18,6,14,15,12
390299,1,1,1996,0,0,0,0,0,0,0,0,12,0
390299,2,1,1996,0,0,0,0,0,0,0,0,0,29
390300,1,1,1996,24,0,16,7,23,21,12,0,0,17
390301,1,1,1996,0,15,0,0,0,0,7,0,0,0
390302,1,1,1996,0,0,0,0,0,0,0,0,0,20
390302,2,1,1996,0,0,0,0,0,0,0,0,0,0
390303,1,1,1996,27,27,27,27,27,27,27,27,27,27
390304,1,1,1996,0,0,0,0,0,0,0,0,0,0
390305,1,1,1996,0,0,0,0,0,0,0,0,0,0
390305,2,1,1996,0,0,13,0,0,0,0,0,0,0
390305,3,1,1996,0,0,0,0,0,0,0,0,0,0
390306,0,1,1996,0,10,0,0,0,0,25,0,0,0
390306,1,1,1996,0,0,0,0,0,0,0,0,0,0
390307,0,1,1996,12,0,20,16,0,0,0,24,24,0
390307,1,1,1996,0,0,0,0,0,0,0,0,0,0
390308,1,1,1996,7,0,0,0,0,0,0,0,0,0
390308,2,1,1996,0,0,0,0,0,0,0,0,0,0
390309,1,1,1996,19,19,19,19,19,19,19,19,19,19
390310,1,1,1996,0,0,0,0,0,0,0,0,0,0
390310,2,1,1996,0,0,0,0,0,0,0,0,0,0
390311,1,1,1996,0,0,0,0,0,0,0,0,0,0
390312,1,1,1996,8,8,8,8,8,8,8,8,8,8
390313,1,1,1996,0,0,0,0,0,0,0,0,0,0
390314,1,1,1996,0,0,0,0,0,0,0,0,0,0
390315,1,1,1996,0,2,0,0,0,0,0,0,0,0
390315,2,1,1996,0,0,0,0,0,0,12,19,27,0
390316,1,1,1996,0,0,0,0,0,0,0,0,0,0
390316,2,1,1996,0,0,0,0,18,0,0,0,0,0
390317,1,1,1996,0,0,0,0,0,0,0,0,0,0
390317,2,1,1996,0,0,0,0,0,0,0,0,0,0
390318,1,1,1996,0,0,0,0,0,0,0,0,0,0
390318,2,1,1996,0,0,0,0,0,0,0,0,0,0
390319,1,1,1996,9,0,0,0,0,0,0,0,0,0
390319,2,1,1996,0,0,11,0,0,0,0,0,0,0
390319,3,1,1996,0,0,0,0,0,0,0,0,0,0
390320,1,1,1996,0,0,0,0,0,0,0,0,0,0
390320,2,1,1996,0,0,0,0,0,0,0,0,0,0
390321,1,1,1996,0,18,17,9,23,24,0,0,0,0
390321,2,1,1996,0,0,0,0,0,0,0,0,0,0
390322,1,1,1996,0,0,0,0,0,0,0,0,0,0
390322,2,1,1996,0,0,0,0,0,0,0,0,0,0
390323,1,1,1996,0,0,0,0,0,0,0,0,0,12
390324,1,1,1996,0,0,0,7,0,0,0,35,0,0
390324,2,1,1996,0,0,14,0,0,0,0,0,12,18
390324,3,1,1996,10,11,5,32,18,14,7,20,5,8
390325,1,1,1996,0,0,0,0,0,0,0,10,0,0
390325,2,1,1996,0,0,0,0,0,0,0,0,0,0
390326,0,1,1996,25,25,25,25,25,25,25,25,25,25
390326,1,1,1996,0,0,0,0,0,0,0,0,0,0
390327,1,1,1996,13,13,13,13,13,13,13,13,13,13
390328,1,1,1996,21,0,0,0,0,0,0,0,0,23
390328,2,1,1996,12,12,12,12,12,12,12,12,12,12
390329,1,1,1996,0,0,0,0,0,0,0,0,0,0
390330,1,1,1996,0,0,0,0,0,0,0,0,0,0
390330,2,1,1996,0,0,0,0,0,0,0,0,0,0
390331,1,1,1996,0,0,0,0,0,0,0,0,0,0
390331,2,1,1996,0,0,0,0,0,0,0,0,0,0
390332,1,1,1996,0,14,0,0,0,0,0,0,0,0
390332,2,1,1996,0,0,0,0,0,0,0,0,0,0
390333,0,1,1996,27,13,35,37,11,12,23,16,12,16
390333,1,1,1996,11,11,11,11,11,11,11,11,11,11
390334,0,1,1996,0,9,0,0,7,0,0,0,0,0
390334,1,1,1996,0,0,0,0,0,0,0,0,0,0
390335,1,1,1996,0,0,0,0,0,0,0,0,0,0
390335,2,1,1996,20,20,20,20,20,20,20,20,20,20
390336,1,1,1996,0,0,0,0,0,0,0,0,0,0
390337,1,1,1996,0,0,0,24,0,0,0,0,9,0
390337,2,1,1996,0,0,0,0,0,0,0,0,0,0
390338,1,1,1996,31,31,31,31,31,31,31,31,31,31
390338,2,1,1996,0,0,0,0,0,0,0,0,0,0
390339,1,1,1996,0,0,0,0,0,0,0,0,0,0
390339,2,1,1996,0,0,0,0,0,0,0,0,0,0
390340,0,1,1996,27,27,27,27,27,27,27,27,27,27
390340,1,1,1996,13,15,11,23,11,21,12,17,9,13
390341,1,1,1996,7,7,7,7,7,7,7,7,7,7
390341,2,1,1996,0,0,0,0,0,0,0,0,0,0
390342,1,1,1996,27,10,31,10,7,0,17,12,20,14
390343,1,1,1996,0,0,0,0,0,0,0,0,0,0
390343,2,1,1996,10,10,10,10,10,10,10,10,10,10
390344,1,1,1996,5,5,5,5,5,5,5,5,5,5
390345,1,1,1996,0,0,0,0,0,0,0,0,0,0
390345,2,1,1996,0,0,21,0,0,0,0,0,0,0
390346,1,1,1996,0,0,0,0,0,0,0,0,0,0
390347,0,1,1996,0,0,12,0,6,38,0,0,16,0
390347,1,1,1996,0,0,0,0,0,0,0,0,0,0
390348,0,1,1996,19,29,29,21,18,11,21,10,21,22
390348,1,1,1996,0,0,0,0,0,0,0,0,0,0
390349,1,1,1996,16,16,16,16,16,16,16,16,16,16
390350,1,1,1996,0,0,0,0,0,0,0,0,0,0
390351,1,1,1996,21,25,11,14,0,28,8,21,16,23
390352,1,1,1996,0,0,0,0,0,0,0,0,0,0
390353,1,1,1996,0,0,0,0,0,0,0,0,0,0
390354,1,1,1996,19,19,19,19,19,19,19,19,19,19
390355,1,1,1996,0,0,0,0,0,0,0,0,0,0
390355,2,1,1996,0,0,0,0,0,0,0,0,0,0
390356,1,1,1996,0,0,0,0,0,0,18,0,0,0
390356,2,1,1996,0,0,0,0,0,0,0,0,0,0
390357,1,1,1996,10,10,10,10,10,10,10,10,10,10
390358,1,1,1996,0,0,0,0,0,0,0,0,0,0
390358,2,1,1996,0,0,0,0,0,0,0,0,0,0
390358,3,1,1996,0,0,0,0,0,0,0,0,0,0
390359,1,1,1996,0,0,0,0,0,0,0,0,0,0
390360,1,1,1996,0,0,0,0,0,0,0,0,0,0
390360,2,1,1996,35,35,35,35,35,35,35,35,35,35
390361,0,1,1996,0,0,0,0,0,0,0,0,0,0
390361,1,1,1996,0,0,0,0,0,0,0,0,0,0
390362,1,1,1996,5,5,5,5,5,5,5,5,5,5
390363,1,1,1996,0,0,0,0,0,0,0,0,0,0
390364,1,1,1996,32,32,32,32,32,32,32,32,32,32
390365,1,1,1996,0,0,0,0,0,0,0,0,0,0
390365,2,1,1996,0,0,0,0,0,0,0,0,0,28
390366,1,1,1996,0,0,0,0,0,0,0,0,0,0
390366,2,1,1996,6,6,6,6,6,6,6,6,6,6
390367,1,1,1996,11,11,11,11,11,11,11,11,11,11
390368,1,1,1996,0,19,0,0,0,0,0,0,0,0
390369,0,1,1996,0,0,0,0,0,0,0,26,0,18
390369,0,2,1996,0,0,0,0,18,0,0,0,0,0
390369,2,1,1996,0,0,0,0,0,0,0,0,0,0
390370,1,1,1996,0,0,0,0,0,0,0,0,0,0
390370,2,1,1996,0,0,0,0,0,0,0,0,0,0
390371,1,1,1996,0,0,0,0,0,0,0,0,0,0
390371,2,1,1996,0,0,0,0,0,0,0,0,0,0
390372,1,1,1996,0,0,0,0,24,0,0,0,12,0
390372,2,1,1996,0,0,0,0,0,0,0,0,0,0
390372,3,1,1996,0,0,0,0,0,0,0,0,0,0
390373,1,1,1996,0,0,0,15,0,0,0,0,0,0
390373,2,1,1996,0,0,0,0,0,0,0,0,0,0
390374,1,1,1996,19,19,19,19,19,19,19,19,19,19
390375,1,1,1996,0,0,0,0,0,0,0,0,0,0
390375,2,1,1996,0,0,0,0,0,0,0,0,0,0
390375,3,1,1996,0,0,0,0,0,0,0,0,0,0
390376,1,1,1996,0,0,0,0,0,0,0,0,0,0
390376,2,1,1996,0,0,0,0,0,0,0,0,0,0
390377,0,1,1996,0,0,0,0,0,0,0,0,0,0
390377,1,1,1996,0,0,0,0,0,0,0,0,0,0
390377,2,1,1996,0,0,23,8,0,0,0,0,0,0
390378,1,1,1996,13,13,13,13,13,13,13,13,13,13
390379,1,1,1996,0,0,0,0,0,0,0,0,0,0
390379,2,1,1996,0,0,0,0,0,0,0,0,0,0
390380,1,1,1996,0,0,0,0,0,0,0,0,0,0
390380,2,1,1996,0,0,0,0,0,0,0,0,0,0
390381,1,1,1996,0,0,20,0,0,0,0,0,16,0
390381,2,1,1996,0,0,0,0,0,0,0,0,0,0
390382,1,1,1996,0,0,12,0,31,0,30,13,0,0
390383,1,1,1996,4,4,4,4,4,4,4,4,4,4
390384,1,1,1996,0,0,0,0,0,0,0,0,0,0
390384,2,1,1996,0,0,0,0,0,0,0,0,0,0
390385,1,1,1996,0,0,0,0,0,0,0,0,0,0
390385,2,1,1996,0,0,0,0,0,0,0,0,0,0
390385,3,1,1996,0,0,0,0,0,0,0,0,0,0
390385,4,1,1996,0,0,0,0,0,0,0,0,0,0
390386,1,1,1996,0,0,0,0,0,0,0,0,0,0
390386,2,1,1996,0,0,0,0,0,0,0,0,0,0
390386,3,1,1996,0,0,0,0,0,0,0,0,0,0
390387,1,1,1996,0,0,0,0,0,0,0,0,0,0
390388,1,1,1996,0,0,0,0,0,0,0,0,0,0
390389,1,1,1996,0,0,0,0,0,0,0,0,0,0
390389,2,1,1996,0,0,0,0,0,0,0,0,0,0
390390,0,1,1996,0,0,0,0,0,0,0,0,0,0
390390,2,1,1996,0,0,0,0,0,0,0,0,0,0
390391,1,1,1996,0,0,0,0,0,16,0,0,0,0
390391,2,1,1996,20,22,29,14,2,23,29,8,26,0
390392,1,1,1996,0,0,0,0,0,0,0,0,0,0
390393,1,1,1996,40,20,10,11,4,17,29,23,22,9
390394,1,1,1996,0,0,0,0,0,0,0,0,0,0
390394,2,1,1996,0,0,0,0,0,0,0,0,0,0
390394,3,1,1996,0,0,0,0,0,4,0,0,0,0
390395,1,1,1996,20,20,20,20,20,20,20,20,20,20
390396,1,1,1996,0,0,0,0,0,0,0,0,0,0
390396,2,1,1996,0,0,0,0,0,0,0,0,0,0
390397,1,1,1996,19,27,37,7,6,23,28,26,10,29
390398,0,1,1996,0,17,0,0,0,0,0,0,0,0
390398,1,1,1996,0,0,0,0,0,0,0,0,0,0
390398,2,1,1996,0,0,0,0,0,0,0,0,0,0
390398,3,1,1996,0,0,0,0,0,0,0,0,0,0
390399,0,1,1996,0,0,0,14,0,0,0,0,0,0
390399,1,1,1996,0,0,0,0,0,0,0,0,0,0
390400,1,1,1996,0,0,0,0,0,0,0,0,0,0
390401,1,1,1996,0,0,0,0,14,0,0,14,12,21
390401,2,1,1996,2,2,2,2,2,2,2,2,2,2
390402,1,1,1996,36,36,36,36,36,36,36,36,36,36
390403,0,1,1996,0,0,0,0,0,0,0,0,0,0
390403,1,1,1996,0,0,0,0,0,0,0,0,0,0
390404,1,1,1996,0,0,0,0,0,0,0,0,8,0
390404,2,1,1996,0,0,0,0,0,0,0,0,0,0
390405,1,1,1996,0,0,0,0,0,0,0,0,0,0
390405,2,1,1996,0,0,0,0,0,0,0,0,0,0
390406,1,1,1996,1,1,1,1,1,1,1,1,1,1
390407,1,1,1996,0,0,0,0,0,0,0,0,0,0
390407,2,1,1996,0,0,0,0,0,9,0,0,0,0
390408,1,1,1996,1,1,1,1,1,1,1,1,1,1
390408,2,1,1996,0,0,0,0,0,0,0,0,0,0
390409,1,1,1996,0,0,0,0,0,0,0,0,0,0
390409,2,1,1996,0,0,0,0,0,0,0,0,0,0
390409,3,1,1996,0,0,0,0,0,0,0,0,18,0
390409,4,1,1996,0,0,0,0,0,0,0,0,0,0
390410,0,1,1996,0,0,0,0,0,0,0,0,0,0
390410,1,1,1996,0,0,0,0,0,0,0,0,0,0
390411,1,1,1996,16,16,16,16,16,16,16,16,16,16
390412,0,1,1996,0,0,0,0,0,0,0,0,0,0
390412,1,1,1996,0,0,0,0,0,0,0,0,0,0
390413,1,1,1996,0,0,0,0,0,0,0,0,0,0
390414,1,1,1996,0,0,0,0,0,0,0,0,0,0
390414,2,1,1996,0,0,0,0,0,0,0,0,0,0
390414,3,1,1996,0,0,0,0,10,0,0,0,0,0
390415,0,1,1996,43,43,43,43,43,43,43,43,43,43
390415,1,1,1996,0,22,0,0,0,0,0,0,0,0
390416,1,1,1996,20,20,20,20,20,20,20,20,20,20
390417,1,1,1996,30,30,30,30,30,30,30,30,30,30
390418,1,1,1996,0,0,0,0,0,0,0,0,0,0
390418,2,1,1996,0,0,0,0,0,0,0,0,0,0
390419,1,1,1996,0,0,0,0,0,0,0,0,0,0
390419,2,1,1996,0,0,0,0,0,0,0,0,0,0
390419,3,1,1996,0,0,0,0,0,0,0,0,0,0
390419,4,1,1996,0,0,0,0,0,0,0,0,0,0
390419,5,1,1996,0,0,0,0,0,0,0,0,0,0
390420,0,1,1996,0,0,0,0,0,0,0,0,0,0
390420,1,1,1996,0,0,0,0,0,0,0,0,0,0
390421,1,1,1996,0,0,0,0,0,0,0,0,0,0
390421,2,1,1996,0,0,0,0,0,0,0,0,0,0
390422,1,1,1996,12,12,12,12,12,12,12,12,12,12
390423,1,1,1996,27,27,27,27,27,27,27,27,27,27
390423,2,1,1996,0,0,0,0,0,0,0,0,0,0
390424,1,1,1996,0,0,0,0,0,0,0,0,0,0
390425,1,1,1996,0,0,0,0,0,0,0,0,0,0
390425,2,1,1996,0,0,0,9,0,0,0,0,0,0
390425,3,1,1996,0,0,0,0,0,0,0,0,0,0
390426,1,1,1996,0,0,0,0,0,0,16,0,0,0
390426,2,1,1996,0,0,0,0,0,0,0,0,0,0
390427,1,1,1996,0,0,0,0,0,0,0,0,0,0
390428,1,1,1996,0,0,0,0,0,0,0,0,0,0
390428,2,1,1996,0,0,0,0,0,0,0,0,0,0
390429,1,1,1996,0,0,0,0,0,0,0,0,0,0
390429,2,1,1996,0,0,0,0,0,0,0,0,0,0
390430,1,1,1996,18,18,18,18,18,18,18,18,18,18
390430,2,1,1996,0,0,0,0,0,0,0,0,0,0
390431,1,1,1996,23,23,23,23,23,23,23,23,23,23
390431,2,1,1996,12,6,6,15,23,8,12,12,11,6
390431,3,1,1996,0,0,0,0,0,0,0,0,0,0
390432,0,1,1996,0,22,0,0,0,0,0,0,0,0
390432,1,1,1996,0,7,0,0,0,0,0,0,0,0
390433,1,1,1996,0,0,0,0,0,0,0,0,0,0
390434,1,1,1996,0,0,0,0,0,0,0,0,0,0
390434,2,1,1996,0,0,0,0,0,0,0,0,0,0
390435,0,1,1996,13,13,13,13,13,13,13,13,13,13
390435,1,1,1996,0,0,0,0,7,0,0,0,32,0
390436,1,1,1996,0,0,0,0,0,0,0,0,0,0
390436,2,1,1996,0,0,0,0,0,0,0,0,0,0
390437,1,1,1996,0,0,0,0,0,0,0,0,0,0
390437,2,1,1996,0,0,0,0,0,0,0,0,0,0
390438,1,1,1996,0,0,0,0,0,0,0,0,0,0
390438,2,1,1996,0,0,0,0,0,0,0,0,0,0
390439,0,1,1996,0,0,0,0,0,0,0,0,0,0
390439,1,1,1996,0,0,22,0,0,0,0,20,30,0
390440,1,1,1996,34,0,0,0,0,0,0,0,0,0
390440,2,1,1996,0,0,0,0,0,0,0,0,0,0
390441,1,1,1996,0,0,0,0,0,17,0,0,0,0
390441,2,1,1996,6,6,6,6,6,6,6,6,6,6
390442,1,1,1996,8,8,8,8,8,8,8,8,8,8
390443,1,1,1996,0,0,0,0,0,0,0,0,0,0
390444,1,1,1996,0,0,0,0,0,0,0,25,0,0
390445,1,1,1996,16,25,22,16,0,0,12,9,12,23
390446,1,1,1996,0,0,0,0,0,0,0,0,0,0
390446,2,1,1996,0,0,0,0,0,0,0,0,0,0
390447,1,1,1996,0,0,0,0,0,0,6,0,0,0
390447,2,1,1996,0,0,0,0,0,0,0,0,0,0
390448,1,1,1996,0,0,0,0,0,0,0,0,0,0
390448,2,1,1996,0,0,0,0,0,0,0,0,0,0
390449,1,1,1996,0,4,0,0,0,0,0,0,0,0
390449,2,1,1996,0,0,0,0,0,0,0,0,0,0
390450,1,1,1996,0,0,0,0,0,0,0,0,0,0
390450,2,1,1996,0,0,0,0,0,0,0,0,0,0
390451,1,1,1996,12,12,12,12,12,12,12,12,12,12
390452,1,1,1996,16,16,16,16,16,16,16,16,16,16
390453,1,1,1996,19,22,26,16,21,24,9,32,8,31
390454,1,1,1996,0,0,0,0,0,0,0,0,0,0
390454,2,1,1996,0,0,0,0,0,0,0,0,0,0
390455,1,1,1996,13,13,13,13,13,13,13,13,13,13
390456,1,1,1996,10,10,10,10,10,10,10,10,10,10
390457,1,1,1996,0,0,0,0,0,0,0,0,0,0
390458,1,1,1996,0,0,0,20,0,0,0,0,0,0
390458,2,1,1996,0,0,0,27,0,0,14,0,18,14
390459,1,1,1996,25,25,25,25,25,25,25,25,25,25
390460,0,1,1996,30,28,16,28,25,9,26,12,38,7
390460,1,1,1996,0,0,0,0,0,0,0,0,0,0
390461,1,1,1996,0,0,0,0,0,0,0,0,0,0
390461,2,1,1996,0,0,0,0,0,0,0,0,0,0
390462,1,1,1996,3,3,3,3,3,3,3,3,3,3
390463,1,1,1996,24,24,24,24,24,24,24,24,24,24
390464,1,1,1996,0,0,0,0,0,0,0,0,0,0
390464,2,1,1996,0,0,0,0,0,0,0,0,0,0
390465,1,1,1996,0,0,0,0,0,0,0,0,0,0
390466,1,1,1996,0,0,0,0,0,0,0,0,0,0
390466,2,1,1996,0,0,0,0,0,0,0,0,0,0
390467,1,1,1996,0,0,0,0,0,0,0,0,0,0
390467,2,1,1996,0,0,0,0,15,0,0,0,0,0
390468,1,1,1996,16,16,16,16,16,16,16,16,16,16
390468,2,1,1996,13,2,0,0,18,0,8,0,0,3
390468,3,1,1996,0,0,0,11,0,0,0,7,0,0
390469,1,1,1996,0,7,6,0,0,0,0,0,0,0
390469,2,1,1996,0,0,0,0,0,0,0,0,0,0
390470,1,1,1996,0,0,0,0,0,0,12,0,0,18
390471,1,1,1996,18,18,18,18,18,18,18,18,18,18
390472,1,1,1996,0,0,0,0,0,0,0,0,0,0
390472,2,1,1996,0,0,0,0,0,0,0,0,0,0
390472,3,1,1996,0,0,0,0,0,0,0,0,0,0
390473,1,1,1996,15,15,15,15,15,15,15,15,15,15
390474,1,1,1996,0,0,0,0,0,0,0,0,0,0
390474,2,1,1996,0,0,0,0,0,0,0,0,0,0
390475,1,1,1996,11,11,11,11,11,11,11,11,11,11
390476,1,1,1996,29,29,29,29,29,29,29,29,29,29
390477,1,1,1996,0,0,0,0,0,0,0,0,0,19
390477,2,1,1996,0,0,0,0,0,0,0,0,0,0
390478,0,1,1996,29,29,29,29,29,29,29,29,29,29
390478,1,1,1996,0,0,0,0,0,0,0,0,0,0
390479,1,1,1996,19,19,19,19,19,19,19,19,19,19
390479,2,1,1996,0,0,0,0,0,0,0,0,0,0
390480,0,1,1996,10,0,5,27,28,0,0,39,0,21
390480,1,1,1996,0,0,0,0,0,0,0,0,0,0
390481,1,1,1996,20,20,20,20,20,20,20,20,20,20
390482,1,1,1996,0,0,0,0,0,0,0,7,0,0
390482,2,1,1996,0,0,0,0,0,0,0,0,0,0
390483,1,1,1996,0,0,0,0,0,0,0,0,0,0
390483,2,1,1996,0,0,0,0,0,0,11,0,0,0
390484,1,1,1996,0,0,0,0,0,0,0,0,0,0
390484,2,1,1996,0,0,0,0,0,0,0,0,0,0
390485,1,1,1996,0,0,0,0,0,0,0,0,0,0
390485,2,1,1996,0,0,0,0,0,0,0,0,0,0
390486,1,1,1996,0,0,0,0,0,20,0,0,0,0
390487,1,1,1996,0,0,0,0,0,17,0,0,0,0
390488,1,1,1996,15,15,15,15,15,15,15,15,15,15
390488,2,1,1996,0,0,0,0,0,0,0,11,0,0
390489,1,1,1996,0,0,0,0,0,0,0,0,0,0
390489,2,1,1996,0,0,0,0,0,0,0,0,0,0
390489,3,1,1996,0,0,0,0,0,0,0,0,0,0
390489,4,1,1996,0,0,0,0,0,0,0,0,0,0
390490,1,1,1996,0,0,0,0,0,0,0,0,0,0
390491,1,1,1996,16,25,0,22,0,0,0,14,21,10
390492,1,1,1996,28,28,28,28,28,28,28,28,28,28
390493,0,1,1996,0,0,0,0,0,0,0,0,0,0
390493,1,1,1996,0,0,0,0,0,0,0,0,0,0
390494,1,1,1996,0,30,0,0,0,0,7,0,0,0
390494,2,1,1996,0,0,0,0,0,0,0,0,0,0
390495,1,1,1996,28,12,21,3,17,10,11,9,13,0
390496,0,1,1996,0,0,0,0,0,0,0,0,0,0
390496,1,1,1996,0,0,0,0,0,0,0,0,0,0
390497,1,1,1996,0,0,0,0,0,0,0,0,0,0
390497,2,1,1996,0,0,0,0,0,0,0,0,0,0
390498,1,1,1996,0,0,0,0,0,0,0,0,0,0
390499,1,1,1996,0,0,0,0,0,0,0,0,0,0
390499,2,1,1996,0,0,0,0,0,0,0,0,0,0
390500,1,1,1996,0,0,0,0,0,0,0,0,0,0
390501,1,1,1996,17,17,17,17,17,17,17,17,17,17
390502,1,1,1996,0,0,0,0,0,0,0,0,0,0
390502,2,1,1996,0,0,0,0,0,0,0,0,0,0
390503,0,1,1996,0,0,0,0,0,0,0,0,0,0
390503,1,1,1996,0,0,0,0,0,0,0,0,0,0
390504,1,1,1996,0,0,0,0,0,0,0,0,0,0
390504,2,1,1996,0,0,0,0,0,0,0,0,0,0
390505,0,1,1996,0,0,0,0,0,0,0,0,0,0
390505,1,1,1996,21,0,0,0,0,0,0,0,14,0
390506,1,1,1996,0,0,0,0,0,0,0,0,0,0
390506,2,1,1996,6,0,0,0,0,18,0,0,0,0
390507,1,1,1996,20,20,20,20,20,20,20,20,20,20
390508,1,1,1996,0,0,0,0,0,0,0,0,0,0
390508,2,1,1996,0,0,0,0,0,0,0,0,0,0
390509,1,1,1996,0,0,0,0,0,0,0,0,0,0
390509,2,1,1996,0,0,0,0,0,0,0,0,0,0
390510,1,1,1996,0,0,0,0,0,0,0,0,0,0
390510,2,1,1996,0,0,0,0,0,0,0,0,0,0
390511,1,1,1996,0,0,0,0,0,0,0,0,0,0
390511,2,1,1996,0,0,0,0,0,0,16,0,0,0
390512,1,1,1996,0,0,0,0,0,0,0,0,0,0
390512,2,1,1996,0,0,0,0,0,0,0,0,0,0
390513,1,1,1996,0,0,0,0,0,0,0,0,0,0
390513,2,1,1996,0,0,0,0,0,0,0,0,0,0
390514,1,1,1996,0,0,0,0,0,0,0,0,0,0
390514,2,1,1996,0,23,11,5,0,0,24,0,22,0
390515,1,1,1996,0,0,0,0,0,0,0,0,0,0