ST_CASE,VEH_NO,PER_NO,YEAR,P1,P2,P3,P4,P5,P6,P7,P8,P9,P10
390515,2,1,1996,6,6,6,6,6,6,6,6,6,6
390516,1,1,1996,28,0,14,8,0,11,39,0,0,0
390517,1,1,1996,0,0,0,0,0,5,0,0,0,0
390517,2,1,1996,0,0,0,0,0,0,0,0,0,0
390518,1,1,1996,20,20,20,20,20,20,20,20,20,20
390519,1,1,1996,0,0,0,0,0,0,0,0,0,0
390519,2,1,1996,0,0,0,0,0,0,0,0,0,0
390519,3,1,1996,0,0,10,0,0,0,0,0,0,0
390519,4,1,1996,0,0,0,0,0,13,0,0,0,0
390520,1,1,1996,14,14,14,14,14,14,14,14,14,14
390521,1,1,1996,0,0,0,0,0,0,0,0,0,0
390521,2,1,1996,0,0,0,0,0,0,0,0,0,0
390522,1,1,1996,0,0,0,0,0,0,0,0,0,0
390523,1,1,1996,20,20,20,20,20,20,20,20,20,20
390524,1,1,1996,0,0,0,0,0,37,8,14,14,14
390525,1,1,1996,0,0,0,0,0,0,0,12,0,0
390525,2,1,1996,0,0,0,0,0,0,0,0,0,0
390526,1,1,1996,0,0,0,0,0,0,0,0,0,0
390526,2,1,1996,0,0,0,0,0,0,0,0,0,0
390527,0,1,1996,0,0,0,0,16,0,0,19,0,30
390528,1,1,1996,0,0,0,0,0,0,0,0,0,7
390529,0,1,1996,23,23,23,23,23,23,23,23,23,23
390529,0,2,1996,0,0,0,0,0,15,0,12,0,0
390529,0,3,1996,0,0,0,0,0,29,27,0,0,0
390529,0,4,1996,0,14,0,0,0,0,7,0,4,0
390529,0,5,1996,0,0,21,0,0,0,5,0,15,18
390529,0,6,1996,0,23,0,7,0,0,23,0,12,11
390529,0,7,1996,0,0,0,0,0,27,0,0,23,0
390529,1,1,1996,7,7,7,7,7,7,7,7,7,7
390530,1,1,1996,0,0,0,0,0,0,0,0,0,0
390530,2,1,1996,0,0,0,0,0,0,0,0,0,0
390531,1,1,1996,0,0,0,0,0,0,0,0,0,0
390531,2,1,1996,14,14,14,14,14,14,14,14,14,14
390532,1,1,1996,0,0,0,0,0,9,9,0,0,0
390533,1,1,1996,0,0,0,12,26,0,0,0,0,0
390534,1,1,1996,16,16,16,16,16,16,16,16,16,16
390535,1,1,1996,23,23,23,23,23,23,23,23,23,23
390536,1,1,1996,0,0,0,0,0,0,0,0,0,0
390536,2,1,1996,0,0,0,0,0,0,0,17,0,0
390537,1,1,1996,0,0,0,0,0,0,0,0,0,0
390537,2,1,1996,0,0,0,0,0,0,0,0,0,0
390538,0,1,1996,0,0,0,0,0,0,0,0,0,0
390538,1,1,1996,0,0,0,0,0,0,0,0,0,0
390539,0,1,1996,0,0,0,0,0,0,0,0,0,0
390539,1,1,1996,0,0,0,0,0,0,0,0,0,0
390540,1,1,1996,0,0,11,0,0,0,0,0,0,0
390541,1,1,1996,0,0,0,0,0,0,0,0,0,0
390542,0,1,1996,22,21,32,13,11,20,14,16,22,18
390542,1,1,1996,0,0,0,0,0,0,0,0,0,0
390543,1,1,1996,0,0,0,0,0,0,0,0,0,0
390544,1,1,1996,0,0,0,0,0,0,0,0,0,0
390544,2,1,1996,10,10,10,10,10,10,10,10,10,10
390545,1,1,1996,17,0,0,0,0,0,0,0,0,0
390545,2,1,1996,0,0,0,0,0,0,0,0,0,0
390546,1,1,1996,0,0,0,0,0,0,0,0,0,0
390546,2,1,1996,0,0,0,0,0,0,0,0,0,0
390547,1,1,1996,0,0,0,0,0,0,0,0,0,0
390547,2,1,1996,0,0,0,0,0,0,0,0,28,0
390548,1,1,1996,0,0,0,0,0,0,0,0,0,0
390548,2,1,1996,0,0,0,0,0,0,0,0,0,0
390549,1,1,1996,0,0,0,0,0,0,0,0,0,0
390549,2,1,1996,0,0,0,0,0,0,0,0,0,0
390549,3,1,1996,0,0,0,0,0,0,0,0,0,0
390549,4,1,1996,0,0,0,0,0,0,0,0,0,0
390550,1,1,1996,0,0,0,0,0,0,0,0,0,0
390550,2,1,1996,0,0,0,0,0,0,0,0,0,0
390550,3,1,1996,0,0,0,0,0,0,0,0,0,0
390550,4,1,1996,0,0,0,0,0,0,0,0,0,0
390550,5,1,1996,0,0,0,0,0,0,8,0,0,0
390550,6,1,1996,0,0,0,0,0,0,0,0,0,0
390551,1,1,1996,0,0,0,0,0,0,0,0,0,0
390551,2,1,1996,0,0,0,0,0,0,0,0,0,0
390552,0,1,1996,0,0,0,0,30,0,21,25,0,22
390552,1,1,1996,6,0,0,0,0,0,0,0,0,16
390552,2,1,1996,0,0,0,0,0,0,0,0,0,0
390553,1,1,1996,0,0,0,0,0,0,0,0,0,6
390554,1,1,1996,0,0,0,0,0,0,0,0,0,0
390555,1,1,1996,24,24,24,24,24,24,24,24,24,24
390556,1,1,1996,10,10,10,10,10,10,10,10,10,10
390557,1,1,1996,0,0,0,0,0,0,14,0,0,0
390557,2,1,1996,0,0,0,0,0,0,0,0,0,0
390558,1,1,1996,20,20,20,20,20,20,20,20,20,20
390559,1,1,1996,0,0,0,0,0,0,0,0,0,0
390559,2,1,1996,0,0,0,0,0,0,0,0,0,0
390560,1,1,1996,0,0,0,0,0,0,0,0,0,0
390561,1,1,1996,12,7,4,10,14,17,6,14,15,10
390562,1,1,1996,27,27,27,27,27,27,27,27,27,27
390563,1,1,1996,13,13,13,13,13,13,13,13,13,13
390564,1,1,1996,0,0,0,0,0,0,0,0,0,0
390564,2,1,1996,0,0,0,0,0,0,0,0,0,0
390565,1,1,1996,0,0,0,0,0,0,0,0,0,0
390565,2,1,1996,0,0,0,0,0,0,0,0,0,0
390565,3,1,1996,0,0,0,0,0,0,0,0,0,0
390566,1,1,1996,0,0,0,0,0,0,11,0,0,0
390566,2,1,1996,0,0,0,0,0,0,0,0,0,0
390567,1,1,1996,0,0,0,0,0,0,0,0,0,0
390567,2,1,1996,0,0,0,0,0,0,0,0,0,0
390568,1,1,1996,21,21,21,21,21,21,21,21,21,21
390569,1,1,1996,0,0,0,0,0,0,0,0,0,0
390569,2,1,1996,0,0,0,0,0,0,0,0,0,0
390570,1,1,1996,18,0,0,0,0,0,0,0,0,0
390571,1,1,1996,0,0,0,0,0,0,0,0,5,12
390571,2,1,1996,15,15,15,15,15,15,15,15,15,15
390572,0,1,1996,0,0,0,0,0,0,0,0,0,0
390572,1,1,1996,0,0,0,0,0,0,0,0,0,0
390573,1,1,1996,37,37,37,37,37,37,37,37,37,37
390574,1,1,1996,0,0,0,0,0,0,0,0,0,0
390576,1,1,1996,0,0,0,0,0,0,0,0,0,0
390577,0,1,1996,0,0,15,0,0,0,0,0,0,0
390577,1,1,1996,0,8,0,0,11,0,0,0,0,0
390578,1,1,1996,0,0,0,0,0,0,0,0,0,0
390579,1,1,1996,0,0,0,0,0,0,0,0,0,0
390579,2,1,1996,0,0,0,0,0,0,0,0,0,0
390580,1,1,1996,0,0,0,0,0,0,0,0,0,0
390580,2,1,1996,0,0,0,0,0,0,0,0,0,0
390581,1,1,1996,0,0,14,0,12,0,0,0,0,0
390581,2,1,1996,17,17,17,17,17,17,17,17,17,17
390582,1,1,1996,0,21,0,24,0,12,0,0,32,0
390583,1,1,1996,0,0,0,0,0,0,17,0,0,0
390583,2,1,1996,0,0,0,0,0,0,0,0,0,0
390584,1,1,1996,7,15,14,25,15,14,23,0,7,12
390584,2,1,1996,0,14,0,0,0,0,0,0,0,0
390585,1,1,1996,15,15,15,15,15,15,15,15,15,15
390585,2,1,1996,0,0,0,0,0,0,0,0,0,0
390586,1,1,1996,0,0,0,0,0,0,0,0,0,0
390587,1,1,1996,0,0,0,0,12,0,0,0,0,0
390588,1,1,1996,16,20,11,33,0,33,25,24,18,27
390589,1,1,1996,0,0,0,0,0,0,0,0,0,0
390590,1,1,1996,0,0,0,0,0,0,0,0,0,0
390591,1,1,1996,29,29,29,29,29,29,29,29,29,29
390592,1,1,1996,0,0,0,0,0,16,0,0,0,0
390593,1,1,1996,6,6,6,6,6,6,6,6,6,6
390593,2,1,1996,11,11,11,11,11,11,11,11,11,11
390594,1,1,1996,0,0,0,0,0,0,0,0,0,0
390595,1,1,1996,0,0,0,0,0,0,0,0,0,0
390596,1,1,1996,0,0,0,0,0,0,0,0,0,0
390596,2,1,1996,0,0,0,0,0,0,0,0,0,0
390597,1,1,1996,0,0,0,0,0,0,0,0,0,0
390597,2,1,1996,9,22,18,2,11,11,12,28,9,17
390598,1,1,1996,0,0,0,0,0,0,0,0,0,0
390599,1,1,1996,0,0,0,0,0,0,0,0,0,0
390599,2,1,1996,0,0,0,0,0,0,0,24,0,0
390600,1,1,1996,0,0,0,0,0,0,0,0,0,0
390600,2,1,1996,24,0,0,0,0,0,0,0,0,0
390601,1,1,1996,18,18,18,18,18,18,18,18,18,18
390602,1,1,1996,0,0,0,0,0,0,0,0,0,0
390602,2,1,1996,5,14,0,11,17,6,0,0,15,0
390603,1,1,1996,0,0,0,0,0,0,0,0,16,0
390603,2,1,1996,0,0,0,0,0,0,0,0,0,0
390604,1,1,1996,0,0,0,0,0,0,0,0,0,0
390604,2,1,1996,0,0,0,0,0,0,0,0,0,0
390605,1,1,1996,29,29,29,29,29,29,29,29,29,29
390606,1,1,1996,12,19,35,24,0,6,18,31,20,16
390607,1,1,1996,18,18,18,18,18,18,18,18,18,18
390607,2,1,1996,0,0,0,0,18,0,0,0,0,20
390608,1,1,1996,26,26,26,26,26,26,26,26,26,26
390609,1,1,1996,0,0,16,0,0,0,0,21,0,0
390610,1,1,1996,0,0,0,0,0,0,0,0,0,0
390610,2,1,1996,0,0,0,0,0,0,0,0,0,0
390611,1,1,1996,5,5,5,5,5,5,5,5,5,5
390612,1,1,1996,17,17,17,17,17,17,17,17,17,17
390613,0,1,1996,0,0,0,0,0,0,0,0,0,0
390613,1,1,1996,0,0,0,0,0,0,0,0,0,0
390614,1,1,1996,0,0,0,0,0,0,0,0,0,0
390614,2,1,1996,32,0,0,0,0,0,0,0,0,0
390615,1,1,1996,0,0,0,0,0,0,0,0,0,0
390616,1,1,1996,0,0,0,0,0,0,0,0,0,0
390616,2,1,1996,0,0,0,0,0,0,0,0,0,0
390616,3,1,1996,0,0,0,0,0,0,0,0,0,0
390616,4,1,1996,0,0,0,5,0,0,0,0,0,0
390617,1,1,1996,0,0,0,0,0,0,0,0,0,0
390617,2,1,1996,0,0,0,0,0,0,0,0,0,0
390618,1,1,1996,0,22,7,9,17,0,11,5,16,11
390618,2,1,1996,19,16,4,11,8,6,24,19,0,20
390619,0,1,1996,0,14,0,0,0,12,0,0,0,0
390619,1,1,1996,0,0,0,0,0,0,0,0,0,0
390620,1,1,1996,0,0,0,0,0,0,0,0,0,0
390620,2,1,1996,0,0,0,0,0,0,0,0,0,0
390621,1,1,1996,0,0,0,0,18,16,0,17,5,13
390622,1,1,1996,10,0,12,6,24,19,4,8,0,14
390622,2,1,1996,0,0,0,0,0,0,0,0,0,0
390623,1,1,1996,0,0,0,0,0,0,0,0,0,0
390623,2,1,1996,0,0,0,0,0,0,0,0,0,0
390624,0,1,1996,0,0,0,0,0,0,0,0,0,0
390624,1,1,1996,0,0,0,0,0,0,0,0,0,0
390625,1,1,1996,21,21,21,21,21,21,21,21,21,21
390626,1,1,1996,0,0,0,0,0,2,0,0,0,0
390626,2,1,1996,22,0,0,0,0,0,0,27,0,0
390627,1,1,1996,0,0,0,0,0,0,0,0,0,0
390627,2,1,1996,11,11,11,11,11,11,11,11,11,11
390628,1,1,1996,12,12,12,12,12,12,12,12,12,12
390628,2,1,1996,4,0,0,0,0,0,0,0,0,0
390629,1,1,1996,0,0,0,0,0,0,0,0,0,0
390629,2,1,1996,0,0,0,0,0,0,0,0,0,0
390630,1,1,1996,0,0,0,0,0,0,0,0,0,0
390630,2,1,1996,0,0,0,0,0,0,0,0,0,30
390631,1,1,1996,0,0,0,0,0,0,0,0,0,0
390631,2,1,1996,0,0,0,0,0,0,3,0,0,0
390631,3,1,1996,0,0,0,2,0,0,0,0,0,0
390632,1,1,1996,12,12,12,12,12,12,12,12,12,12
390633,1,1,1996,0,0,0,0,0,0,0,0,0,0
390633,2,1,1996,0,0,0,0,0,0,0,0,0,0
390633,3,1,1996,0,0,0,0,0,0,0,0,0,0
390633,4,1,1996,0,0,0,0,0,0,0,20,0,0
390634,1,1,1996,28,28,28,28,28,28,28,28,28,28
390635,1,1,1996,0,0,0,0,0,0,0,0,0,0
390635,2,1,1996,0,0,0,0,0,0,0,0,6,0
390636,1,1,1996,0,0,0,0,0,0,0,0,0,0
390636,2,1,1996,0,0,0,0,0,9,0,0,0,11
390637,1,1,1996,11,11,11,11,11,11,11,11,11,11
390637,2,1,1996,0,0,0,0,0,0,0,0,0,0
390638,1,1,1996,24,9,26,0,23,19,26,10,19,15
390638,2,1,1996,10,10,10,10,10,10,10,10,10,10
390639,1,1,1996,0,0,0,0,0,0,24,43,0,0
390640,1,1,1996,0,0,0,0,0,0,0,0,0,0
390640,2,1,1996,0,0,0,0,0,0,0,0,0,0
390640,3,1,1996,0,0,0,0,0,0,0,0,0,0
390641,1,1,1996,0,0,0,0,0,0,0,0,0,0
390641,2,1,1996,0,0,0,0,0,0,0,0,0,0
390642,1,1,1996,26,25,0,6,33,7,19,0,22,0
390642,2,1,1996,0,0,5,8,0,0,0,0,0,0
390643,1,1,1996,0,0,0,0,0,0,0,0,0,0
390643,2,1,1996,0,0,0,0,0,0,0,0,0,0
390644,1,1,1996,0,0,0,0,0,0,0,0,0,0
390645,0,1,1996,0,0,0,5,0,0,0,0,0,0
390645,1,1,1996,0,0,18,0,0,0,0,0,0,0
390646,1,1,1996,0,0,0,0,0,0,0,0,0,0
390646,2,1,1996,0,0,0,0,0,0,0,0,0,0
390646,3,1,1996,0,0,0,0,0,0,0,0,0,0
390647,1,1,1996,0,0,0,0,0,0,0,0,0,0
390647,2,1,1996,0,0,0,0,0,0,0,0,0,0
390648,1,1,1996,0,0,0,0,0,0,0,0,0,0
390649,0,1,1996,0,13,25,0,0,23,16,23,16,0
390649,1,1,1996,0,0,0,3,0,0,0,21,12,17
390650,0,1,1996,20,20,20,20,20,20,20,20,20,20
390650,1,1,1996,0,0,0,22,0,0,0,0,0,0
390651,1,1,1996,0,0,0,0,0,0,0,0,0,0
390652,1,1,1996,17,17,17,17,17,17,17,17,17,17
390653,1,1,1996,0,0,0,0,0,0,0,0,0,0
390654,1,1,1996,0,0,0,0,0,0,0,0,0,0
390655,1,1,1996,0,0,0,0,0,0,0,0,0,0
390655,2,1,1996,0,0,0,0,0,0,0,0,0,0
390656,1,1,1996,0,0,0,0,0,0,0,0,0,0
390656,2,1,1996,0,0,0,0,0,0,0,0,0,0
390657,1,1,1996,0,0,0,0,0,0,0,0,0,0
390658,1,1,1996,8,8,8,8,8,8,8,8,8,8
390659,1,1,1996,10,10,10,10,10,10,10,10,10,10
390660,1,1,1996,0,0,0,0,0,0,0,0,0,0
390660,2,1,1996,0,0,0,0,0,0,0,0,0,0
390662,1,1,1996,5,5,5,5,5,5,5,5,5,5
390663,1,1,1996,20,0,0,27,0,0,0,0,0,0
390663,2,1,1996,0,0,0,0,0,0,0,0,0,0
390664,1,1,1996,0,0,0,0,0,0,0,0,0,0
390665,0,1,1996,0,0,0,0,0,0,0,0,0,0
390665,1,1,1996,7,7,7,7,7,7,7,7,7,7
390666,1,1,1996,0,8,0,0,0,0,0,0,0,0
390667,1,1,1996,7,7,7,7,7,7,7,7,7,7
390668,0,1,1996,0,0,0,0,0,26,0,0,0,13
390668,1,1,1996,0,0,0,0,24,0,0,0,0,0
390669,0,1,1996,2,2,2,2,2,2,2,2,2,2
390669,1,1,1996,0,0,0,0,0,0,0,0,0,0
390670,1,1,1996,0,0,0,0,0,0,0,0,0,34
390670,2,1,1996,0,0,0,0,0,0,0,0,0,0
390671,1,1,1996,0,0,0,0,0,0,0,0,0,0
390672,1,1,1996,15,15,15,15,15,15,15,15,15,15
390672,2,1,1996,0,0,0,0,0,0,0,0,0,0
390673,1,1,1996,23,23,23,23,23,23,23,23,23,23
390674,1,1,1996,0,0,0,0,0,0,0,0,0,0
390674,2,1,1996,0,0,0,0,0,0,0,0,0,0
390674,3,1,1996,0,0,0,0,0,0,0,0,0,0
390674,4,1,1996,0,0,0,0,0,0,0,0,0,0
390675,1,1,1996,46,7,18,25,23,16,11,23,20,3
390676,1,1,1996,12,12,12,12,12,12,12,12,12,12
390677,1,1,1996,0,0,0,0,0,0,0,0,0,0
390677,2,1,1996,0,0,0,0,0,0,15,0,0,0
390678,1,1,1996,0,0,12,0,0,0,0,0,0,0
390679,1,1,1996,0,0,0,0,0,0,0,0,0,0
390680,1,1,1996,0,0,0,0,0,0,0,0,0,0
390680,2,1,1996,0,0,0,0,0,0,0,0,0,0
390681,1,1,1996,0,0,0,0,0,0,0,0,0,0
390681,2,1,1996,0,0,0,0,0,0,0,0,0,0
390681,3,1,1996,0,0,0,0,0,0,12,0,0,0
390682,0,1,1996,22,22,22,22,22,22,22,22,22,22
390682,1,1,1996,0,0,0,12,5,0,0,18,0,0
390683,1,1,1996,4,4,4,4,4,4,4,4,4,4
390684,1,1,1996,22,0,0,0,0,0,0,0,0,0
390685,1,1,1996,9,0,0,0,21,24,0,0,0,0
390685,2,1,1996,0,0,0,0,0,0,0,0,0,0
390686,1,1,1996,14,14,14,14,14,14,14,14,14,14
390687,1,1,1996,21,21,21,21,21,21,21,21,21,21
390687,2,1,1996,0,0,0,0,0,0,0,0,0,0
390688,1,1,1996,0,4,0,0,12,34,22,15,0,25
390689,1,1,1996,0,0,0,0,0,0,0,0,0,0
390689,2,1,1996,0,0,0,0,0,0,0,0,0,0
390690,0,1,1996,0,0,0,0,0,0,0,0,0,0
390690,1,1,1996,0,0,0,0,0,0,0,0,0,0
390691,1,1,1996,8,0,7,0,13,0,0,24,20,14
390692,1,1,1996,0,0,0,0,0,0,0,0,0,0
390692,2,1,1996,0,0,0,0,0,0,0,0,0,0
390693,0,1,1996,0,0,0,0,0,0,0,0,0,0
390693,1,1,1996,0,0,0,0,0,0,0,0,0,0
390694,1,1,1996,20,14,7,6,26,14,35,11,18,17
390695,1,1,1996,0,0,13,0,0,0,0,23,0,0
390696,1,1,1996,15,10,32,17,27,21,15,32,17,12
390697,1,1,1996,0,0,25,0,0,0,0,0,0,0
390698,1,1,1996,0,0,0,0,0,0,0,0,0,0
390698,2,1,1996,0,0,0,0,0,0,0,0,0,0
390699,1,1,1996,0,0,0,14,0,0,18,0,0,9
390700,1,1,1996,0,0,0,0,0,0,0,0,0,0
390700,2,1,1996,0,0,0,0,0,0,0,0,0,0
390701,1,1,1996,0,0,0,0,0,0,0,0,0,0
390701,2,1,1996,0,0,11,0,0,32,11,0,0,0
390702,1,1,1996,0,0,0,0,0,0,0,0,0,0
390702,2,1,1996,0,0,0,0,0,0,0,0,0,0
390703,0,1,1996,0,0,0,0,0,0,0,0,0,0
390703,1,1,1996,0,0,0,4,0,0,0,0,0,0
390704,1,1,1996,0,0,0,0,0,0,0,0,0,0
390704,2,1,1996,0,0,0,0,0,0,0,0,0,0
390705,1,1,1996,0,0,24,0,0,0,0,54,10,24
390706,1,1,1996,20,20,20,20,20,20,20,20,20,20
390707,1,1,1996,0,0,0,0,0,0,6,0,0,0
390707,2,1,1996,0,0,0,0,0,0,0,0,0,0
390707,3,1,1996,0,0,0,0,0,0,0,0,0,0
390708,1,1,1996,0,0,0,0,0,0,9,0,11,0
390708,2,1,1996,0,0,0,0,0,0,0,0,0,0
390709,1,1,1996,0,0,0,0,0,0,17,0,0,0
390709,2,1,1996,0,0,0,19,0,0,0,0,0,0
390710,1,1,1996,0,0,0,0,0,0,0,0,0,0
390710,2,1,1996,0,0,0,0,0,0,0,0,0,11
390711,1,1,1996,0,16,6,0,29,0,0,11,0,8
390711,2,1,1996,0,23,0,0,9,0,0,0,0,0
390712,1,1,1996,6,0,0,0,0,0,0,0,0,0
390712,2,1,1996,0,0,0,0,0,0,0,0,0,0
390713,1,1,1996,18,18,18,18,18,18,18,18,18,18
390714,1,1,1996,0,0,0,0,0,0,0,0,0,0
390714,2,1,1996,0,0,0,0,0,0,0,0,0,0
390715,1,1,1996,0,0,0,0,0,0,0,0,0,0
390715,2,1,1996,0,0,0,0,0,0,0,0,0,0
390715,3,1,1996,0,0,0,0,0,0,0,0,0,0
390716,1,1,1996,0,0,0,0,0,0,0,0,0,0
390717,1,1,1996,0,0,0,0,0,0,0,0,0,0
390718,1,1,1996,0,0,0,0,0,0,0,0,0,0
390719,0,1,1996,0,0,0,0,0,0,0,0,0,0
390719,1,1,1996,0,0,0,0,0,0,0,0,0,0
390720,1,1,1996,25,25,25,25,25,25,25,25,25,25
390721,0,1,1996,0,0,0,0,0,0,0,0,0,0
390721,1,1,1996,0,0,0,0,0,0,0,0,0,0
390722,1,1,1996,0,0,0,0,0,0,0,0,0,0
390722,2,1,1996,6,6,6,6,6,6,6,6,6,6
390723,1,1,1996,0,0,0,0,0,0,0,0,0,0
390723,2,1,1996,0,0,0,0,0,0,0,0,0,0
390724,1,1,1996,11,0,0,0,0,0,0,16,0,0
390725,1,1,1996,31,31,31,31,31,31,31,31,31,31
390726,1,1,1996,0,0,0,0,0,0,0,0,0,0
390726,2,1,1996,0,0,0,0,0,0,0,0,0,0
390727,1,1,1996,24,0,0,13,17,0,0,0,0,0
390728,1,1,1996,0,0,0,0,0,0,0,0,0,0
390728,2,1,1996,17,5,25,17,26,19,21,11,23,26
390729,1,1,1996,39,39,39,39,39,39,39,39,39,39
390730,1,1,1996,10,10,10,10,10,10,10,10,10,10
390731,1,1,1996,0,0,0,0,0,0,0,0,0,0
390731,2,1,1996,0,0,0,13,0,0,0,0,0,0
390732,1,1,1996,16,16,16,16,16,16,16,16,16,16
390733,1,1,1996,0,0,0,0,0,0,0,0,0,0
390733,2,1,1996,0,0,0,0,0,0,0,0,0,0
390734,1,1,1996,18,8,22,17,14,24,24,22,17,6
390735,1,1,1996,0,0,16,0,0,0,0,0,0,0
390736,1,1,1996,0,0,0,0,0,0,0,0,0,0
390736,2,1,1996,0,0,0,0,0,0,0,0,0,0
390737,1,1,1996,27,27,27,27,27,27,27,27,27,27
390737,2,1,1996,0,0,0,0,0,0,0,0,0,0
390738,1,1,1996,0,0,0,0,0,0,0,0,0,0
390738,2,1,1996,0,0,0,0,0,0,0,0,0,0
390739,1,1,1996,0,0,0,0,0,0,0,0,0,0
390739,2,1,1996,0,0,0,0,0,0,0,0,0,0
390740,1,1,1996,0,0,0,0,0,0,0,0,0,0
390740,2,1,1996,0,0,0,0,0,0,0,0,0,0
390741,1,1,1996,0,0,29,0,0,0,0,0,21,0
390742,1,1,1996,37,37,37,37,37,37,37,37,37,37
390743,1,1,1996,0,0,0,0,0,0,0,0,16,0
390743,2,1,1996,0,0,0,0,0,0,0,0,0,0
390744,1,1,1996,0,0,0,0,0,0,0,0,0,0
390744,2,1,1996,0,0,0,0,0,0,0,0,0,0
390745,1,1,1996,0,0,23,0,0,14,0,14,6,0
390746,1,1,1996,0,0,0,0,12,0,0,0,0,0
390747,1,1,1996,0,0,0,0,0,0,0,0,0,0
390747,2,1,1996,0,0,0,0,0,0,0,0,0,0
390748,1,1,1996,0,0,0,0,0,0,0,0,0,0
390749,1,1,1996,0,0,0,0,0,0,0,0,0,0
390749,2,1,1996,0,0,0,0,0,0,0,0,0,0
390750,1,1,1996,0,0,0,0,0,0,0,0,0,0
390750,2,1,1996,0,0,0,0,0,0,0,0,0,0
390751,1,1,1996,0,0,0,0,0,0,9,0,0,0
390752,1,1,1996,0,0,4,0,11,17,0,19,0,0
390753,1,1,1996,0,0,0,0,0,0,0,0,0,0
390753,2,1,1996,0,0,0,0,0,0,0,0,0,0
390754,1,1,1996,0,0,0,0,0,0,0,0,0,0
390754,2,1,1996,0,0,0,0,0,0,0,0,0,0
390755,1,1,1996,0,0,0,0,0,0,0,0,0,0
390755,2,1,1996,0,0,0,0,0,0,0,0,0,0
390756,1,1,1996,0,0,0,0,0,0,0,0,17,0
390757,1,1,1996,12,12,12,12,12,12,12,12,12,12
390758,1,1,1996,0,9,16,7,26,15,3,20,3,19
390759,1,1,1996,0,0,0,0,0,0,0,0,0,0
390759,2,1,1996,0,0,0,0,0,0,0,0,0,0
390760,1,1,1996,29,14,19,7,22,24,12,6,17,15
390760,2,1,1996,0,0,0,0,0,3,0,0,0,0
390760,3,1,1996,0,0,17,0,15,17,18,0,0,23
390761,1,1,1996,0,0,0,0,0,0,0,0,0,0
390761,2,1,1996,0,0,4,0,0,0,0,0,0,0
390762,1,1,1996,8,8,8,8,8,8,8,8,8,8
390762,2,1,1996,0,0,0,0,0,0,0,0,0,0
390763,1,1,1996,0,0,0,9,0,0,0,0,17,0
390764,1,1,1996,0,0,0,0,0,19,4,0,0,0
390764,2,1,1996,0,0,0,0,0,0,0,0,0,0
390765,1,1,1996,25,25,25,25,25,25,25,25,25,25
390766,0,1,1996,23,23,23,23,23,23,23,23,23,23
390766,1,1,1996,0,0,0,0,0,0,0,0,0,0
390767,0,1,1996,7,7,7,7,7,7,7,7,7,7
390767,1,1,1996,0,0,0,0,0,0,0,0,0,0
390768,1,1,1996,0,0,0,0,0,0,0,0,0,0
390768,2,1,1996,0,0,0,0,0,0,0,0,0,0
390768,3,1,1996,0,0,0,0,0,0,0,0,0,0
390769,1,1,1996,0,0,0,0,0,0,0,0,5,0
390769,2,1,1996,0,0,13,0,0,0,0,0,0,0
390770,1,1,1996,0,26,0,36,27,0,0,0,0,36
390770,2,1,1996,0,0,21,0,0,18,0,0,0,0
390771,1,1,1996,0,0,0,0,0,0,0,0,0,0
390771,2,1,1996,0,0,0,0,0,0,0,0,0,0
390772,1,1,1996,31,31,31,31,31,31,31,31,31,31
390772,2,1,1996,0,0,0,0,0,0,0,0,0,0
390773,1,1,1996,0,15,0,0,13,0,24,41,0,32
390774,1,1,1996,13,0,0,0,0,0,0,0,0,0
390774,2,1,1996,0,0,2,0,0,0,0,0,0,0
390775,1,1,1996,0,0,0,0,0,22,0,0,0,0
390775,2,1,1996,0,0,0,0,0,0,0,0,0,0
390776,1,1,1996,0,0,0,0,0,0,0,0,0,0
390776,2,1,1996,0,0,0,0,0,0,0,0,0,0
390777,1,1,1996,0,0,0,0,0,0,0,0,0,0
390777,2,1,1996,0,0,0,0,0,0,0,0,0,23
390778,1,1,1996,0,0,0,0,0,0,0,0,0,0
390778,2,1,1996,0,0,0,0,0,0,0,0,0,0
390779,1,1,1996,15,0,0,0,0,0,0,0,12,0
390779,2,1,1996,7,7,7,7,7,7,7,7,7,7
390780,1,1,1996,0,0,0,0,0,33,0,0,0,0
390781,1,1,1996,18,18,18,18,18,18,18,18,18,18
390782,1,1,1996,30,30,30,30,30,30,30,30,30,30
390782,2,1,1996,0,0,0,0,0,0,0,0,0,0
390783,1,1,1996,0,0,18,0,20,0,0,13,0,30
390783,2,1,1996,0,0,0,8,0,5,0,0,0,0
390784,1,1,1996,18,18,18,18,18,18,18,18,18,18
390784,2,1,1996,1,1,1,1,1,1,1,1,1,1
390785,1,1,1996,0,0,0,0,0,0,0,0,0,0
390785,2,1,1996,0,0,0,0,0,0,0,0,0,0
390786,1,1,1996,0,0,0,0,0,0,0,0,0,0
390787,1,1,1996,0,0,0,0,0,0,0,0,0,17
390787,2,1,1996,0,0,0,0,0,0,0,0,0,0
390788,1,1,1996,0,0,0,19,0,0,24,0,0,0
390789,0,1,1996,39,0,0,0,0,0,0,0,0,0
390789,1,1,1996,0,0,0,0,0,0,0,0,0,0
390790,1,1,1996,0,0,0,0,0,0,0,0,0,0