ST_CASE,VEH_NO,PER_NO,YEAR,P1,P2,P3,P4,P5,P6,P7,P8,P9,P10
391065,1,1,1996,0,0,0,0,0,0,0,0,0,0
391065,2,1,1996,0,0,0,0,0,0,0,0,0,0
391066,1,1,1996,10,10,10,10,10,10,10,10,10,10
391067,1,1,1996,15,15,15,15,15,15,15,15,15,15
391068,1,1,1996,0,0,0,0,0,0,0,0,0,0
391068,2,1,1996,0,0,0,0,0,0,0,0,0,0
391069,0,1,1996,23,11,46,0,4,36,28,5,23,23
391069,1,1,1996,0,0,0,0,0,0,0,0,0,0
391070,1,1,1996,24,10,0,0,0,0,0,0,9,0
391071,0,1,1996,0,0,0,0,0,10,0,0,0,0
391071,1,1,1996,0,0,11,0,0,0,0,0,0,0
391072,0,1,1996,0,24,0,0,0,0,0,0,0,0
391072,1,1,1996,0,0,0,0,0,0,0,0,0,0
391073,1,1,1996,0,0,0,0,0,0,0,0,0,0
391074,1,1,1996,23,23,23,23,23,23,23,23,23,23
391074,2,1,1996,0,0,0,0,0,6,0,0,0,0
391075,1,1,1996,17,12,15,18,0,17,20,17,19,0
391075,2,1,1996,0,0,0,0,0,0,0,0,0,0
391076,1,1,1996,0,0,0,0,0,0,0,0,0,0
391076,2,1,1996,0,0,0,0,0,0,0,0,0,0
391076,3,1,1996,8,23,13,16,13,0,21,12,5,17
391077,1,1,1996,0,0,0,0,0,0,0,0,0,0
391077,2,1,1996,0,0,0,0,0,0,0,0,0,0
391078,1,1,1996,25,0,15,9,5,0,0,0,19,22
391079,1,1,1996,22,22,22,22,22,22,22,22,22,22
391080,1,1,1996,0,12,0,0,0,0,0,0,0,0
391081,1,1,1996,0,0,0,0,0,0,0,0,0,12
391082,1,1,1996,0,0,0,0,9,0,0,0,0,0
391082,2,1,1996,0,0,0,0,0,0,0,0,0,0
391083,1,1,1996,28,28,28,28,28,28,28,28,28,28
391084,1,1,1996,0,0,0,0,0,0,0,0,0,0
391084,2,1,1996,0,0,0,0,0,0,0,0,0,0
391085,1,1,1996,0,17,0,0,0,0,0,0,0,0
391085,2,1,1996,0,0,0,0,0,0,0,0,0,0
391086,1,1,1996,26,26,26,26,26,26,26,26,26,26
391087,1,1,1996,0,0,0,0,0,0,0,0,0,0
391088,1,1,1996,5,5,5,5,5,5,5,5,5,5
391089,1,1,1996,0,0,0,0,0,0,0,7,0,0
391089,2,1,1996,0,0,0,0,0,0,0,0,0,0
391089,3,1,1996,0,0,0,0,0,0,0,0,0,0
391090,1,1,1996,0,0,0,0,0,0,0,0,0,0
391090,2,1,1996,0,0,0,0,0,0,0,0,0,0
391091,0,1,1996,0,0,0,0,0,0,0,23,0,0
391091,1,1,1996,0,0,0,5,0,0,0,0,0,0
391092,1,1,1996,0,0,0,0,0,0,0,0,0,0
391092,2,1,1996,0,0,0,0,0,0,0,0,0,0
391093,0,1,1996,0,0,0,0,0,0,0,0,0,0
391093,1,1,1996,0,0,0,0,0,0,0,0,0,0
391094,1,1,1996,0,0,0,0,0,0,0,0,0,0
391095,1,1,1996,0,0,0,2,14,0,0,0,0,0
391096,1,1,1996,0,0,0,0,0,0,0,0,0,0
391096,2,1,1996,0,0,0,0,0,0,0,0,0,0
391097,1,1,1996,0,0,0,0,0,0,0,0,0,12
391097,2,1,1996,0,0,0,0,0,0,0,0,0,0
391098,1,1,1996,1,1,1,1,1,1,1,1,1,1
391098,2,1,1996,0,0,0,0,0,0,0,0,0,0
391099,1,1,1996,30,30,30,30,30,30,30,30,30,30
391100,1,1,1996,0,0,0,0,0,0,0,0,0,0
391100,2,1,1996,0,0,0,0,0,0,0,0,0,0
391101,1,1,1996,0,0,0,0,0,0,0,0,0,0
391101,2,1,1996,0,0,0,0,0,0,0,0,0,0
391102,1,1,1996,6,6,6,6,6,6,6,6,6,6
391103,1,1,1996,0,0,0,0,0,0,0,0,0,0
391103,2,1,1996,0,0,0,0,0,0,0,0,0,0
391104,1,1,1996,0,0,0,0,0,0,0,0,0,0
391104,2,1,1996,0,0,0,0,0,0,0,0,0,0
391105,1,1,1996,0,11,0,0,0,0,0,20,10,0
391105,2,1,1996,0,0,0,0,0,0,0,0,0,0
391106,1,1,1996,0,0,0,0,0,0,0,0,0,0
391106,2,1,1996,0,0,0,0,0,0,0,0,0,0
391107,1,1,1996,12,23,0,0,20,17,22,31,8,16
391108,1,1,1996,0,0,15,0,0,0,0,0,0,0
391109,1,1,1996,0,0,0,0,0,0,0,0,0,0
391110,1,1,1996,0,0,0,0,0,0,0,0,0,0
391110,2,1,1996,0,0,0,0,0,0,0,0,0,0
391110,3,1,1996,0,0,0,0,0,0,0,0,0,0
391110,4,1,1996,0,7,0,0,0,0,0,0,0,0
391111,1,1,1996,0,0,0,0,0,0,0,0,0,0
391111,2,1,1996,0,0,0,41,0,0,0,0,0,0
391112,1,1,1996,0,0,0,0,0,0,0,0,0,0
391112,2,1,1996,0,0,0,0,0,0,0,0,0,0
391113,1,1,1996,0,0,0,0,0,0,0,0,6,0
391113,2,1,1996,0,0,0,0,0,0,0,0,17,0
391115,0,1,1996,0,0,0,0,0,0,0,0,0,0
391115,1,1,1996,23,0,29,0,15,23,0,18,9,0
391116,1,1,1996,0,0,0,0,0,0,0,0,0,0
391118,1,1,1996,0,0,0,0,0,0,0,0,0,0
391118,2,1,1996,0,0,0,0,0,0,0,0,0,0
391119,1,1,1996,0,0,0,0,0,0,0,0,0,0
391119,2,1,1996,25,25,25,25,25,25,25,25,25,25
391120,1,1,1996,10,15,8,16,0,29,32,6,12,0
391121,1,1,1996,9,9,9,9,9,9,9,9,9,9
391122,1,1,1996,0,0,0,0,0,0,0,0,0,0
391122,2,1,1996,0,0,0,0,0,0,0,0,0,0
391123,1,1,1996,0,0,0,0,0,9,0,0,0,0
391123,2,1,1996,0,0,17,0,0,0,0,0,2,0
391124,1,1,1996,0,0,0,0,0,0,0,0,0,0
391124,2,1,1996,0,0,0,0,0,0,0,0,0,0
391125,1,1,1996,0,0,0,0,0,0,0,0,0,0
391125,2,1,1996,0,0,0,0,0,0,0,0,0,0
391126,1,1,1996,0,0,0,0,0,0,0,0,0,0
391126,2,1,1996,0,0,0,13,0,0,0,0,0,0
391127,1,1,1996,0,0,0,0,0,0,0,0,0,0
391128,1,1,1996,0,0,0,0,0,0,0,0,0,0
391128,2,1,1996,0,0,0,0,0,0,0,0,0,0
391129,1,1,1996,0,14,0,0,0,0,0,0,0,0
391129,2,1,1996,0,0,0,0,0,0,0,0,0,0
391130,0,1,1996,10,10,10,10,10,10,10,10,10,10
391130,1,1,1996,0,0,0,0,0,0,0,0,0,0
391131,1,1,1996,16,0,0,0,6,0,0,37,0,0
391132,0,1,1996,0,0,0,0,0,0,0,0,0,0
391132,1,1,1996,0,0,0,0,0,0,0,0,0,17
391133,1,1,1996,22,22,22,22,22,22,22,22,22,22
391134,0,1,1996,10,0,0,8,0,0,0,0,0,0
391134,1,1,1996,0,0,0,0,0,0,0,0,0,0
391135,1,1,1996,0,0,0,0,0,0,0,0,23,0
391135,2,1,1996,0,0,0,0,0,0,0,0,0,0
391136,1,1,1996,0,0,0,0,0,0,0,0,0,0
391136,2,1,1996,0,0,0,0,0,0,0,0,0,0
391137,1,1,1996,0,0,0,14,0,0,0,0,0,0
391137,2,1,1996,0,13,0,0,0,0,0,0,0,0
391138,0,1,1996,0,0,0,0,0,0,0,0,0,0
391140,0,1,1996,0,0,0,0,0,0,0,0,0,0
391140,1,1,1996,1,1,1,1,1,1,1,1,1,1
391141,1,1,1996,0,0,0,0,0,0,0,0,0,0
391141,2,1,1996,7,7,7,7,7,7,7,7,7,7
391142,1,1,1996,0,0,0,0,0,0,0,0,0,0
391143,1,1,1996,0,9,0,0,0,0,0,0,17,0
391143,2,1,1996,0,0,0,0,0,0,0,0,0,0
391144,1,1,1996,3,3,3,3,3,3,3,3,3,3
391144,2,1,1996,0,0,0,0,0,0,0,0,0,0
391145,1,1,1996,15,15,15,15,15,15,15,15,15,15
391145,2,1,1996,0,0,0,0,0,0,0,0,0,0
391146,1,1,1996,0,0,0,0,0,2,0,0,0,18
391146,2,1,1996,0,4,0,0,0,0,0,0,4,0
391146,3,1,1996,0,0,0,0,0,0,0,0,0,0
391147,1,1,1996,0,17,0,0,0,0,0,0,0,0
391147,2,1,1996,0,0,0,0,0,0,0,0,0,0
391148,1,1,1996,0,0,0,0,0,0,0,0,0,0
391148,2,1,1996,17,17,17,17,17,17,17,17,17,17
391149,1,1,1996,0,0,0,0,0,0,0,0,0,0
391149,2,1,1996,0,0,0,0,0,0,0,0,0,0
391150,1,1,1996,0,0,0,0,0,0,0,18,0,0
391150,2,1,1996,0,0,0,0,6,16,0,10,6,19
391151,1,1,1996,19,19,19,19,19,19,19,19,19,19
391152,1,1,1996,0,0,0,0,0,0,0,0,0,0
391152,2,1,1996,0,0,0,0,0,0,0,0,10,0
391153,1,1,1996,0,0,0,0,0,0,0,0,0,0
391153,2,1,1996,0,0,0,0,0,0,0,0,0,0
391154,1,1,1996,9,9,9,9,9,9,9,9,9,9
391154,2,1,1996,0,0,0,0,0,0,0,0,0,0
391154,3,1,1996,0,0,0,0,0,0,0,0,0,0
391154,4,1,1996,0,0,0,0,0,0,0,0,0,0
391155,1,1,1996,21,17,9,0,0,28,17,14,9,0
391155,2,1,1996,0,0,0,0,0,0,0,0,0,8
391156,1,1,1996,0,0,0,0,0,0,0,0,0,0
391156,2,1,1996,7,0,0,0,0,0,0,0,0,0
391157,1,1,1996,0,0,0,0,0,0,0,0,0,0
391157,2,1,1996,0,0,0,0,0,0,0,0,0,0
391158,1,1,1996,0,0,0,0,0,0,0,0,0,0
391158,2,1,1996,36,36,36,36,36,36,36,36,36,36
391159,1,1,1996,0,0,0,0,0,0,0,0,0,0
391159,2,1,1996,0,0,0,0,0,0,0,0,0,0
391160,1,1,1996,14,0,0,0,0,0,0,0,0,0
391160,2,1,1996,0,0,0,13,0,0,0,14,0,24
391161,1,1,1996,0,0,0,0,0,0,0,0,0,0
391162,1,1,1996,0,0,0,0,0,0,0,0,0,0
391162,2,1,1996,0,0,0,0,0,0,0,0,0,0
391163,1,1,1996,0,0,0,0,0,0,0,0,0,0
391163,2,1,1996,0,0,0,0,0,0,0,0,0,0
391163,3,1,1996,0,0,0,0,0,0,0,0,0,0
391164,1,1,1996,0,0,0,0,0,0,0,0,0,0
391164,2,1,1996,0,0,0,0,0,0,0,0,0,0
391164,3,1,1996,0,0,0,0,0,0,0,0,0,0
391165,1,1,1996,0,0,0,0,0,0,0,0,0,0
391165,2,1,1996,0,0,0,0,0,0,0,0,0,0
391166,1,1,1996,0,0,0,0,0,0,0,0,0,0
391166,2,1,1996,0,0,4,0,0,0,0,0,0,0
391167,1,1,1996,0,33,0,0,0,0,0,0,0,0
391167,2,1,1996,0,0,0,0,0,0,0,0,0,0
391168,1,1,1996,22,22,22,22,22,22,22,22,22,22
391169,1,1,1996,0,0,0,0,0,0,0,0,0,0
391169,2,1,1996,0,0,0,0,0,0,0,0,0,0
391170,1,1,1996,0,0,0,0,0,0,0,0,0,0
391170,2,1,1996,0,0,0,0,0,0,0,0,0,0
391171,1,1,1996,0,0,0,0,0,0,0,0,0,0
391171,2,1,1996,0,0,0,0,0,0,0,0,0,0
391171,3,1,1996,0,0,0,0,0,0,0,0,0,0
391172,1,1,1996,23,23,23,23,23,23,23,23,23,23
391173,1,1,1996,0,0,0,0,0,0,0,0,0,0
391173,2,1,1996,0,0,0,0,0,0,0,0,0,0
391174,1,1,1996,31,18,14,14,24,9,22,16,28,17
391174,2,1,1996,0,0,0,0,0,0,0,0,0,0
391175,1,1,1996,0,0,0,0,0,0,0,0,0,0
391176,1,1,1996,27,27,27,27,27,27,27,27,27,27
391177,0,1,1996,0,0,0,0,0,0,0,0,0,0
391177,1,1,1996,11,0,10,6,0,26,0,17,5,30
391178,1,1,1996,0,0,0,0,0,0,0,0,0,0
391179,1,1,1996,0,0,0,13,0,0,0,0,21,15
391179,2,1,1996,0,0,0,0,0,0,0,0,0,0
391180,1,1,1996,0,0,0,0,0,0,0,0,0,0
391180,2,1,1996,0,0,0,0,0,0,0,0,0,0
391181,1,1,1996,0,0,0,0,0,0,0,0,0,0
391181,2,1,1996,0,0,0,0,0,0,0,0,0,0
391182,1,1,1996,0,0,0,0,0,0,0,0,0,0
391182,2,1,1996,0,0,15,0,0,0,0,0,0,0
391182,3,1,1996,0,0,0,0,0,0,0,0,0,0
391183,0,1,1996,0,0,0,0,0,0,0,0,0,0
391183,1,1,1996,0,0,0,0,0,0,0,0,0,0
391184,1,1,1996,0,0,0,0,0,0,0,0,0,0
391184,2,1,1996,14,14,14,14,14,14,14,14,14,14
391185,1,1,1996,0,0,0,0,0,0,0,0,0,0
391186,1,1,1996,0,0,0,0,0,0,0,0,0,0
391187,0,1,1996,0,0,0,0,22,0,0,0,0,0
391187,1,1,1996,0,0,0,0,0,0,0,0,0,0
391188,0,1,1996,0,0,0,12,19,0,0,0,0,0
391188,1,1,1996,0,0,0,0,0,0,0,0,0,0
391189,1,1,1996,0,0,10,0,0,0,0,0,7,0
391189,2,1,1996,0,0,0,0,0,0,0,0,0,0
391190,1,1,1996,0,0,0,0,0,0,0,0,0,0
391191,1,1,1996,0,0,12,0,0,0,0,25,0,0
391191,2,1,1996,0,0,0,0,0,0,0,0,0,0
391192,1,1,1996,3,3,3,3,3,3,3,3,3,3
391192,2,1,1996,0,0,0,30,0,0,0,0,0,0
391193,1,1,1996,0,0,0,0,0,0,0,0,0,0
391193,2,1,1996,12,12,12,12,12,12,12,12,12,12
391193,3,1,1996,0,0,0,0,0,0,0,0,0,0
391194,1,1,1996,0,0,0,0,0,0,0,0,0,0
391194,2,1,1996,0,0,0,0,0,0,0,0,0,0
391194,3,1,1996,0,0,0,0,0,0,0,0,0,0
391194,4,1,1996,0,0,0,0,0,0,0,0,0,0
391195,1,1,1996,0,0,0,0,0,0,0,0,0,0
391195,2,1,1996,0,0,0,0,0,0,0,0,0,0
391196,1,1,1996,0,0,0,0,0,1,0,0,0,0
391197,0,1,1996,0,0,0,0,0,0,0,0,0,0
391197,1,1,1996,0,0,0,0,0,0,0,0,0,0
391198,1,1,1996,0,0,0,0,0,0,0,0,0,0
391198,2,1,1996,0,0,0,0,0,0,0,0,0,0
391199,1,1,1996,0,0,0,0,0,0,21,0,0,0
391200,1,1,1996,0,0,0,0,0,0,0,0,0,0
391201,1,1,1996,0,0,0,0,0,0,0,0,0,0
391201,2,1,1996,0,0,0,0,0,22,0,0,0,0
391202,1,1,1996,0,0,0,0,0,0,0,0,0,0
391202,2,1,1996,0,0,0,0,0,0,0,0,0,0
391203,1,1,1996,1,1,1,1,1,1,1,1,1,1
391204,1,1,1996,0,7,15,0,7,0,0,0,0,0
391204,2,1,1996,0,0,0,0,0,0,0,0,0,0
391205,1,1,1996,0,0,0,0,0,0,0,0,0,0
391205,2,1,1996,0,0,0,0,0,0,0,0,0,0
391206,1,1,1996,0,0,0,0,0,0,0,0,0,0
391206,2,1,1996,0,0,0,0,0,0,0,0,0,0
391207,1,1,1996,20,20,20,20,20,20,20,20,20,20
391208,1,1,1996,4,4,4,4,4,4,4,4,4,4
391209,0,1,1996,0,0,0,0,0,28,0,0,0,0
391209,1,1,1996,0,0,0,0,0,0,0,0,0,0
391210,1,1,1996,0,0,0,0,0,0,0,0,0,0
391210,2,1,1996,2,2,2,2,2,2,2,2,2,2
391211,1,1,1996,0,0,0,0,12,0,0,0,0,0
391212,1,1,1996,0,0,0,0,0,0,0,0,0,0
391212,2,1,1996,0,0,0,0,0,0,0,0,0,0
391213,0,1,1996,0,0,0,0,0,23,0,0,0,0
391213,1,1,1996,0,0,0,0,0,0,0,0,0,0
391214,1,1,1996,0,0,0,0,0,0,0,0,0,0
391214,2,1,1996,0,0,0,0,0,0,0,0,0,0
391215,1,1,1996,0,0,0,0,0,0,0,0,0,0
391215,2,1,1996,0,0,0,0,0,0,0,0,0,0
391216,1,1,1996,35,20,17,18,11,31,0,0,0,6
391217,1,1,1996,0,0,0,0,0,0,0,0,0,0
391217,2,1,1996,0,0,0,0,0,0,0,0,0,0
391218,1,1,1996,0,0,0,0,22,14,0,0,0,0
391219,1,1,1996,12,12,12,12,12,12,12,12,12,12
391219,2,1,1996,0,0,0,0,0,0,0,0,0,0
391220,0,1,1996,0,0,0,0,0,0,0,0,0,0
391220,1,1,1996,0,0,0,0,0,0,0,0,0,0
391221,1,1,1996,0,0,14,0,0,0,0,0,0,0
391222,1,1,1996,34,34,34,34,34,34,34,34,34,34
391223,1,1,1996,0,0,0,0,0,0,0,0,0,0
391224,1,1,1996,0,11,0,0,0,9,0,14,0,0
391224,2,1,1996,0,0,0,0,0,0,0,0,0,0
391225,1,1,1996,0,0,0,0,0,0,0,0,0,0
391225,2,1,1996,0,0,0,0,0,0,0,0,0,0
391226,1,1,1996,15,9,17,25,23,22,16,8,13,18
391227,1,1,1996,0,0,0,0,0,0,0,0,0,0
391227,2,1,1996,0,0,0,0,0,0,0,0,0,0
391228,1,1,1996,26,26,26,26,26,26,26,26,26,26
391228,2,1,1996,0,0,0,0,0,0,0,0,30,0
391229,0,1,1996,0,0,0,0,0,0,0,0,0,0
391229,1,1,1996,0,0,0,0,0,0,0,0,0,0
391230,1,1,1996,0,0,0,0,0,0,0,0,0,0
391230,2,1,1996,0,0,0,0,0,0,0,0,0,0
391231,1,1,1996,0,0,0,0,0,0,0,0,0,0
391231,2,1,1996,0,0,0,0,0,0,0,0,0,0
391232,1,1,1996,0,0,0,0,0,0,0,0,0,0
391233,1,1,1996,31,0,0,0,0,0,18,0,16,8
391234,1,1,1996,14,0,0,14,0,0,0,0,0,0
391234,2,1,1996,9,17,7,8,17,22,0,12,10,15
391235,1,1,1996,0,0,0,0,25,0,0,0,0,0
391235,2,1,1996,0,0,0,0,0,0,0,0,0,0
391238,1,1,1996,4,4,4,4,4,4,4,4,4,4
391238,2,1,1996,10,13,0,0,12,20,16,0,0,0
391239,1,1,1996,0,0,0,0,0,0,0,0,0,0
391240,1,1,1996,0,15,12,0,0,0,0,0,0,0
391240,2,1,1996,0,0,0,0,0,0,0,0,0,0
391241,1,1,1996,15,0,0,0,0,0,0,0,0,0
391241,2,1,1996,0,0,0,0,27,0,0,20,0,0
391242,0,1,1996,0,0,0,0,0,0,0,0,0,0
391242,1,1,1996,0,0,0,0,0,0,0,0,0,0
391243,1,1,1996,0,0,0,0,0,0,0,0,0,0
391243,2,1,1996,0,0,0,0,0,0,0,0,0,0
391245,0,1,1996,0,12,26,0,0,0,0,38,0,18
391245,1,1,1996,21,0,14,0,0,0,0,0,0,15
391245,2,1,1996,0,0,0,0,0,0,0,0,26,0
391246,1,1,1996,0,0,0,0,0,0,0,0,0,0
391246,2,1,1996,0,0,0,0,0,19,0,0,0,0
391248,1,1,1996,0,0,0,0,0,0,0,0,0,13
391248,2,1,1996,0,0,0,0,0,0,0,0,0,0
391249,1,1,1996,0,0,0,0,0,0,0,0,0,0
391249,2,1,1996,0,0,0,0,0,0,0,0,0,0
391250,1,1,1996,0,0,0,0,0,0,0,0,0,0
391251,1,1,1996,29,29,29,29,29,29,29,29,29,29
391251,2,1,1996,0,0,15,0,12,0,0,13,0,3
391253,1,1,1996,0,0,0,0,0,0,0,0,0,0
391254,0,1,1996,0,0,0,0,0,0,0,0,0,0
391254,1,1,1996,0,0,0,0,0,0,0,0,0,0
391254,2,1,1996,0,0,0,0,0,0,0,0,0,0
391255,1,1,1996,21,0,0,0,0,0,0,0,0,0
391255,2,1,1996,0,0,9,0,0,0,0,0,0,0
391256,1,1,1996,0,0,0,0,5,0,0,0,27,11
391256,2,1,1996,16,16,16,16,16,16,16,16,16,16
391257,0,1,1996,0,0,0,0,22,0,0,8,0,11
391257,1,1,1996,0,0,0,0,0,0,0,0,0,0
391258,1,1,1996,0,0,0,0,0,0,0,0,0,0
391258,2,1,1996,0,10,0,14,0,7,8,0,0,0
391259,1,1,1996,0,0,0,0,0,0,0,0,0,0
391259,2,1,1996,0,0,0,6,0,0,0,0,0,0
391260,1,1,1996,0,0,0,0,0,0,0,0,0,0
391260,2,1,1996,0,0,0,0,0,0,0,0,0,0
400001,1,1,1996,0,0,0,0,0,0,0,0,0,0
400002,1,1,1996,0,0,0,0,0,0,0,0,0,0
400003,1,1,1996,0,0,0,0,0,0,0,0,0,0
400003,2,1,1996,0,0,0,0,0,0,0,0,0,0
400004,1,1,1996,0,0,0,0,0,0,0,0,0,0
400005,1,1,1996,0,0,0,0,0,0,0,0,0,0
400005,2,1,1996,0,0,0,0,0,0,0,0,0,0
400006,1,1,1996,13,17,17,0,0,0,0,11,0,0
400007,1,1,1996,0,0,0,0,0,0,0,0,0,0
400008,1,1,1996,9,27,9,23,19,25,15,9,22,8
400009,1,1,1996,0,0,0,0,0,0,0,0,0,0
400009,2,1,1996,0,0,0,0,0,0,0,0,0,0
400010,1,1,1996,22,22,22,22,22,22,22,22,22,22
400011,1,1,1996,0,0,0,0,0,0,0,0,0,0
400012,1,1,1996,0,0,0,0,0,0,0,0,0,0
400012,2,1,1996,0,0,0,0,0,0,0,0,0,0
400013,1,1,1996,0,0,0,0,0,0,0,0,0,0
400013,2,1,1996,0,0,0,0,0,4,0,0,0,0
400014,1,1,1996,21,21,21,21,21,21,21,21,21,21
400015,1,1,1996,0,0,0,0,10,0,0,0,0,0
400016,0,1,1996,0,0,0,0,0,0,0,0,0,0
400016,0,2,1996,0,0,0,0,0,0,0,0,0,0
400016,0,3,1996,0,0,0,0,28,29,16,0,32,25
400016,1,1,1996,11,28,11,9,26,0,0,0,0,9
400017,0,1,1996,17,17,17,17,17,17,17,17,17,17
400017,1,1,1996,24,24,24,24,24,24,24,24,24,24
400018,1,1,1996,0,0,0,0,0,0,0,0,0,0
400018,2,1,1996,0,0,0,0,0,0,0,0,0,0
400019,0,1,1996,0,0,0,0,0,0,0,0,0,0
400019,0,2,1996,0,0,0,0,0,0,0,0,0,0
400019,1,1,1996,0,0,0,0,0,0,0,0,0,0
400020,0,1,1996,0,0,0,0,0,0,0,0,0,0
400020,1,1,1996,0,0,0,0,0,0,0,0,0,0
400021,1,1,1996,14,14,14,14,14,14,14,14,14,14
400022,1,1,1996,0,0,0,0,0,0,0,0,0,0
400022,2,1,1996,0,0,0,0,0,0,0,0,0,0
400023,1,1,1996,17,17,17,17,17,17,17,17,17,17
400024,1,1,1996,22,22,22,22,22,22,22,22,22,22
400025,1,1,1996,0,0,0,0,0,0,0,0,0,0
400026,1,1,1996,0,0,0,0,0,0,0,0,0,0
400027,1,1,1996,0,0,0,0,0,0,0,0,0,0
400027,2,1,1996,0,0,0,0,0,0,0,0,0,0
400028,1,1,1996,0,0,0,0,0,0,0,0,0,0
400028,2,1,1996,0,0,0,0,0,0,0,0,0,0
400029,1,1,1996,24,24,24,24,24,24,24,24,24,24
400030,0,1,1996,0,0,0,0,0,0,0,0,0,0
400030,2,1,1996,0,0,0,0,0,0,0,0,0,0
400031,0,1,1996,2,2,2,2,2,2,2,2,2,2
400031,1,1,1996,0,0,0,0,0,0,0,0,0,0
400032,1,1,1996,32,32,32,32,32,32,32,32,32,32
400033,1,1,1996,0,0,0,0,0,0,0,0,0,0
400034,0,1,1996,5,5,5,5,5,5,5,5,5,5
400034,1,1,1996,0,0,0,14,20,9,15,0,6,9
400035,1,1,1996,13,13,25,0,29,0,27,34,20,0
400036,1,1,1996,0,0,0,0,0,0,0,0,0,0
400036,2,1,1996,0,0,0,0,0,0,0,0,0,0
400037,1,1,1996,21,21,21,21,21,21,21,21,21,21
400037,2,1,1996,0,0,0,0,0,0,0,0,0,0
400038,1,1,1996,0,0,0,0,0,0,0,0,0,0
400038,2,1,1996,0,0,0,0,0,0,0,0,0,0
400038,3,1,1996,0,0,0,0,0,0,0,0,0,0
400039,1,1,1996,0,0,0,0,0,0,0,0,0,0
400039,2,1,1996,0,0,0,0,0,0,0,0,0,0
400040,1,1,1996,0,0,0,0,0,0,0,0,0,0
400040,2,1,1996,0,0,0,0,0,0,0,0,0,0
400041,1,1,1996,16,30,16,20,0,32,19,10,17,17
400042,1,1,1996,0,0,0,0,0,0,0,0,0,0
400042,2,1,1996,0,0,0,0,0,0,0,0,0,0
400043,1,1,1996,0,0,0,0,0,0,20,0,0,8
400044,1,1,1996,0,0,0,0,0,0,0,0,0,0
400044,2,1,1996,0,0,0,0,0,0,0,0,0,0
400044,3,1,1996,0,0,23,0,4,0,9,0,0,28
400045,1,1,1996,0,0,0,0,0,0,0,0,0,0
400045,2,1,1996,0,0,0,0,0,0,0,0,0,0
400046,0,1,1996,0,0,0,0,0,0,0,0,0,0
400046,1,1,1996,1,1,1,1,1,1,1,1,1,1
400047,1,1,1996,0,0,0,0,0,0,0,0,0,0
400047,2,1,1996,0,0,0,0,0,0,0,0,0,16
400048,1,1,1996,21,21,21,21,21,21,21,21,21,21
400049,1,1,1996,0,0,0,0,0,0,0,0,0,0
400050,1,1,1996,26,26,26,26,26,26,26,26,26,26
400051,1,1,1996,0,0,0,0,0,0,0,0,0,0
400051,2,1,1996,0,0,0,0,0,0,0,0,0,0
400052,1,1,1996,13,32,20,12,25,21,26,16,12,17
400053,1,1,1996,12,12,12,12,12,12,12,12,12,12
400054,0,1,1996,14,14,14,14,14,14,14,14,14,14
400054,1,1,1996,18,22,12,8,6,12,4,11,24,13
400055,1,1,1996,21,21,21,21,21,21,21,21,21,21
400056,1,1,1996,0,0,0,0,0,0,0,0,0,0
400057,1,1,1996,0,0,0,0,0,0,0,0,0,0
400058,1,1,1996,0,0,0,0,0,0,0,0,0,0
400058,2,1,1996,0,0,0,0,0,0,0,0,0,0
400059,1,1,1996,0,0,0,0,0,0,0,0,0,0
400059,2,1,1996,0,0,0,0,0,0,0,0,0,0
400060,1,1,1996,28,28,28,28,28,28,28,28,28,28
400060,2,1,1996,0,0,13,0,0,0,0,0,0,0
400061,1,1,1996,0,0,0,0,0,0,0,0,0,0
400062,1,1,1996,0,0,0,0,0,29,0,0,0,0
400062,2,1,1996,0,0,0,0,0,0,0,0,0,0
400063,1,1,1996,0,0,0,0,0,0,0,0,0,0
400064,1,1,1996,0,0,0,0,0,0,0,0,0,0
400064,2,1,1996,0,0,0,0,0,0,0,0,0,0
400065,1,1,1996,0,0,0,0,0,0,0,0,0,0
400066,1,1,1996,0,0,0,0,0,0,0,0,0,0
400066,2,1,1996,0,0,0,0,0,0,0,0,0,0
400067,1,1,1996,3,3,3,3,3,3,3,3,3,3
400068,1,1,1996,0,0,0,0,0,0,0,0,0,0
400069,1,1,1996,9,9,9,9,9,9,9,9,9,9
400070,1,1,1996,0,0,0,0,0,0,0,0,0,0
400070,2,1,1996,0,0,0,0,0,0,0,0,0,0
400071,1,1,1996,14,27,6,0,0,0,0,0,0,0
400072,1,1,1996,0,0,0,0,0,0,0,0,0,0
400072,2,1,1996,0,0,0,0,0,0,0,0,0,0
400073,1,1,1996,10,10,10,10,10,10,10,10,10,10
400073,2,1,1996,0,0,0,0,0,0,0,0,0,0
400075,1,1,1996,0,0,0,0,0,0,0,0,0,0
400075,2,1,1996,0,0,0,0,0,0,0,0,0,0
400076,1,1,1996,11,11,11,11,11,11,11,11,11,11
400076,2,1,1996,6,27,0,14,12,15,4,18,26,26
400077,1,1,1996,0,0,0,0,0,0,0,0,0,0
400078,1,1,1996,0,0,0,0,0,0,0,0,0,0
400079,1,1,1996,0,0,0,0,0,0,0,0,0,0
400079,2,1,1996,0,0,0,0,0,0,0,0,0,0
400080,1,1,1996,0,0,0,0,0,0,0,0,0,0
400080,2,1,1996,0,0,0,0,0,0,0,0,0,0
400081,1,1,1996,0,0,0,0,0,0,0,0,0,0
400081,2,1,1996,0,0,0,0,0,0,0,0,0,0
400082,1,1,1996,0,0,0,0,0,0,0,0,0,0
400082,2,1,1996,0,0,0,0,0,0,0,0,0,0
400083,1,1,1996,10,8,22,5,10,11,3,7,11,19