ST_CASE,VEH_NO,PER_NO,YEAR,P1,P2,P3,P4,P5,P6,P7,P8,P9,P10
400083,2,1,1996,0,0,0,0,0,0,0,0,0,0
400084,1,1,1996,19,19,19,19,19,19,19,19,19,19
400085,1,1,1996,0,0,0,0,0,0,0,0,0,0
400086,1,1,1996,0,0,10,0,0,0,0,0,0,0
400086,2,1,1996,0,0,0,0,0,0,0,0,0,0
400087,1,1,1996,0,0,0,0,0,0,0,0,0,0
400087,2,1,1996,0,0,0,0,0,0,0,0,0,0
400087,3,1,1996,0,0,0,0,0,0,0,0,0,0
400088,1,1,1996,14,14,14,14,14,14,14,14,14,14
400089,1,1,1996,0,0,0,0,0,0,0,0,0,0
400089,2,1,1996,0,0,0,0,0,0,0,0,0,0
400090,0,1,1996,0,0,0,0,0,0,0,0,0,0
400090,1,1,1996,0,3,0,0,0,0,0,0,0,0
400091,1,1,1996,0,0,0,13,0,14,0,0,0,0
400092,1,1,1996,0,0,0,0,0,0,0,0,0,0
400093,1,1,1996,0,0,0,0,0,0,0,0,0,0
400094,1,1,1996,0,0,0,0,0,0,0,0,0,0
400095,1,1,1996,0,0,0,0,0,0,0,0,0,0
400096,1,1,1996,18,12,13,16,13,18,8,23,29,18
400096,2,1,1996,0,0,0,0,0,0,0,0,0,0
400097,0,1,1996,3,3,3,3,3,3,3,3,3,3
400097,1,1,1996,0,0,0,0,0,0,0,0,0,0
400097,2,1,1996,24,24,24,24,24,24,24,24,24,24
400098,1,1,1996,0,0,0,0,11,0,0,0,0,0
400099,1,1,1996,0,0,0,0,0,0,0,0,0,0
400100,1,1,1996,0,0,0,0,17,0,18,0,27,22
400101,1,1,1996,24,24,24,24,24,24,24,24,24,24
400102,1,1,1996,17,17,17,17,17,17,17,17,17,17
400103,1,1,1996,0,0,0,0,0,0,0,0,0,0
400104,1,1,1996,0,0,0,0,0,0,0,0,0,0
400105,1,1,1996,0,0,21,0,0,0,0,0,0,0
400106,1,1,1996,0,0,0,0,0,0,0,0,0,0
400107,1,1,1996,0,0,0,0,0,4,0,0,0,0
400107,2,1,1996,0,0,0,0,0,0,0,11,0,0
400107,3,1,1996,0,0,0,0,0,0,0,0,0,0
400108,0,1,1996,0,0,0,0,0,0,0,0,0,0
400108,1,1,1996,0,0,0,0,0,0,0,0,0,0
400109,1,1,1996,12,17,8,8,28,22,12,15,22,16
400110,1,1,1996,20,15,8,9,24,26,21,27,14,25
400111,1,1,1996,13,16,9,23,18,16,7,18,7,16
400112,1,1,1996,0,0,0,0,0,0,0,0,0,0
400112,2,1,1996,6,0,0,0,0,0,0,0,0,0
400113,1,1,1996,0,0,0,0,0,0,0,0,0,0
400113,2,1,1996,0,0,0,0,22,0,0,0,0,0
400114,1,1,1996,0,0,0,0,0,0,0,0,0,0
400114,2,1,1996,0,0,0,0,0,0,0,0,0,0
400115,1,1,1996,0,0,0,0,0,0,0,0,0,0
400115,2,1,1996,0,0,0,0,0,0,0,0,0,0
400116,1,1,1996,21,21,21,21,21,21,21,21,21,21
400117,1,1,1996,0,0,0,0,0,0,0,0,0,0
400117,2,1,1996,0,0,0,0,0,0,0,0,0,0
400118,1,1,1996,23,23,23,23,23,23,23,23,23,23
400119,0,1,1996,22,22,22,22,22,22,22,22,22,22
400119,1,1,1996,8,8,8,8,8,8,8,8,8,8
400120,1,1,1996,0,0,0,0,0,0,0,0,0,0
400120,2,1,1996,0,0,0,0,0,0,0,0,0,0
400121,1,1,1996,0,11,0,21,14,0,0,0,0,25
400122,1,1,1996,23,23,23,23,23,23,23,23,23,23
400123,1,1,1996,16,14,0,33,17,9,0,16,19,22
400123,2,1,1996,3,0,0,0,0,0,0,0,0,0
400124,0,1,1996,0,0,35,12,0,11,9,0,0,3
400124,1,1,1996,0,0,0,0,0,0,0,0,0,0
400125,1,1,1996,0,0,0,0,0,0,0,0,0,0
400127,1,1,1996,0,0,0,0,0,0,0,0,14,0
400127,2,1,1996,0,0,0,0,0,0,0,0,0,0
400128,1,1,1996,0,0,0,0,0,0,0,0,0,0
400128,2,1,1996,0,12,0,0,0,0,0,0,0,0
400129,1,1,1996,18,18,18,18,18,18,18,18,18,18
400130,1,1,1996,0,0,0,0,0,0,0,0,0,0
400131,0,1,1996,23,23,23,23,23,23,23,23,23,23
400131,1,1,1996,0,0,0,0,0,0,0,0,0,0
400132,1,1,1996,0,0,0,0,0,0,0,0,0,0
400132,2,1,1996,0,0,16,0,0,0,0,0,0,0
400133,1,1,1996,0,0,0,0,0,0,0,0,0,0
400133,2,1,1996,0,0,0,0,0,0,0,0,0,0
400134,0,1,1996,0,0,0,0,8,0,0,0,0,0
400134,1,1,1996,0,0,0,0,0,0,0,0,0,0
400135,1,1,1996,22,18,0,0,0,0,0,14,0,0
400135,2,1,1996,0,0,0,0,0,0,0,0,0,0
400136,1,1,1996,0,0,0,0,0,0,0,0,0,0
400136,2,1,1996,0,0,0,0,0,0,6,0,0,0
400137,1,1,1996,0,0,0,0,0,0,0,0,0,0
400137,2,1,1996,0,0,0,0,0,0,0,0,0,0
400138,1,1,1996,0,0,0,0,0,0,0,0,0,0
400138,2,1,1996,0,0,0,0,0,0,0,0,0,0
400139,1,1,1996,0,0,0,0,0,0,0,0,0,0
400139,2,1,1996,0,0,0,0,0,0,0,0,0,0
400140,1,1,1996,20,20,20,20,20,20,20,20,20,20
400141,1,1,1996,15,15,15,15,15,15,15,15,15,15
400142,1,1,1996,13,13,13,13,13,13,13,13,13,13
400143,0,1,1996,0,0,0,0,0,0,0,0,0,0
400143,0,2,1996,31,25,2,27,35,22,0,0,18,0
400143,0,3,1996,48,14,16,36,28,26,12,0,4,0
400143,2,1,1996,0,0,0,0,0,0,0,0,10,0
400144,1,1,1996,5,5,5,5,5,5,5,5,5,5
400144,2,1,1996,7,0,0,0,0,0,0,0,0,0
400145,1,1,1996,0,0,0,0,0,0,0,0,0,0
400145,2,1,1996,0,0,0,0,0,0,0,0,0,0
400145,3,1,1996,0,0,0,0,0,0,0,0,0,0
400145,4,1,1996,0,0,0,0,0,0,0,0,0,0
400146,1,1,1996,0,0,0,0,0,0,0,0,0,0
400146,2,1,1996,0,0,0,0,0,0,0,0,0,0
400146,3,1,1996,0,0,0,0,0,0,0,0,0,0
400147,1,1,1996,0,0,0,0,0,0,0,0,0,0
400148,1,1,1996,0,0,0,0,0,0,0,0,0,0
400149,1,1,1996,0,0,0,0,0,0,0,0,0,0
400150,1,1,1996,0,0,0,0,0,0,0,0,0,0
400151,1,1,1996,9,9,9,9,9,9,9,9,9,9
400152,1,1,1996,9,9,9,9,9,9,9,9,9,9
400152,2,1,1996,0,0,0,0,0,0,0,0,0,0
400153,1,1,1996,0,0,0,0,0,1,0,0,0,3
400153,2,1,1996,15,15,15,15,15,15,15,15,15,15
400154,1,1,1996,11,11,11,11,11,11,11,11,11,11
400155,1,1,1996,0,0,0,0,0,0,0,0,0,0
400155,2,1,1996,0,0,0,0,0,0,0,0,0,0
400156,1,1,1996,19,28,13,18,0,13,21,15,15,8
400157,1,1,1996,28,19,21,24,0,30,30,33,7,9
400158,1,1,1996,94,94,94,94,94,94,94,94,94,94
400159,0,1,1996,5,5,5,5,5,5,5,5,5,5
400159,1,1,1996,0,0,0,0,0,0,0,0,0,0
400160,1,1,1996,0,0,0,0,0,0,0,0,0,0
400160,2,1,1996,10,13,0,8,12,7,6,31,0,0
400161,1,1,1996,15,15,15,15,15,15,15,15,15,15
400162,1,1,1996,12,23,15,22,12,4,10,14,20,11
400163,1,1,1996,0,0,0,0,0,0,0,0,0,0
400164,1,1,1996,0,0,10,0,0,0,0,0,0,0
400165,1,1,1996,0,0,0,0,0,0,0,0,0,0
400166,1,1,1996,8,8,8,8,8,8,8,8,8,8
400167,1,1,1996,25,9,0,24,37,31,7,18,10,9
400168,1,1,1996,25,25,25,25,25,25,25,25,25,25
400169,1,1,1996,13,13,13,13,13,13,13,13,13,13
400170,1,1,1996,12,12,12,12,12,12,12,12,12,12
400171,1,1,1996,12,12,22,4,16,14,10,21,6,6
400172,1,1,1996,0,0,0,0,0,0,0,0,0,0
400172,2,1,1996,0,0,0,0,0,0,0,0,0,0
400172,3,1,1996,7,0,0,0,0,0,0,0,0,0
400173,1,1,1996,0,0,0,0,0,0,0,0,0,0
400173,2,1,1996,0,0,0,0,0,0,0,0,0,0
400174,1,1,1996,0,0,0,0,0,0,0,0,0,0
400174,2,1,1996,0,0,0,0,0,0,0,0,0,0
400175,1,1,1996,0,0,0,0,0,0,0,0,0,0
400176,1,1,1996,0,0,0,0,7,0,0,0,17,0
400177,1,1,1996,0,0,0,0,0,0,0,0,0,0
400177,2,1,1996,0,0,0,0,0,0,0,0,0,0
400178,1,1,1996,0,0,0,0,0,0,0,0,0,0
400179,1,1,1996,0,0,0,0,0,0,0,0,0,0
400180,1,1,1996,16,15,0,0,0,0,0,10,0,0
400181,1,1,1996,0,0,0,0,0,0,0,0,0,0
400182,1,1,1996,11,11,11,11,11,11,11,11,11,11
400182,2,1,1996,0,0,0,0,0,0,0,0,0,0
400183,1,1,1996,18,18,18,18,18,18,18,18,18,18
400184,1,1,1996,0,0,0,0,0,0,0,0,0,0
400184,2,1,1996,0,0,0,0,0,0,0,0,0,0
400185,1,1,1996,0,0,0,0,0,0,0,0,0,0
400186,1,1,1996,17,17,17,17,17,17,17,17,17,17
400187,0,1,1996,30,30,30,30,30,30,30,30,30,30
400187,1,1,1996,0,0,0,0,0,0,0,0,0,0
400188,0,1,1996,0,0,0,0,0,0,0,0,0,0
400188,1,1,1996,0,0,0,0,0,0,0,0,0,0
400189,1,1,1996,0,0,0,0,0,0,0,0,0,0
400189,2,1,1996,0,0,0,0,0,0,0,12,11,20
400190,1,1,1996,19,6,27,22,12,31,20,15,0,0
400190,2,1,1996,0,0,0,0,0,0,0,0,0,0
400191,1,1,1996,0,12,0,0,3,0,0,17,0,0
400191,2,1,1996,0,0,0,0,0,0,0,0,0,0
400192,1,1,1996,0,0,0,0,0,0,0,0,0,0
400193,0,1,1996,0,0,0,0,0,0,0,0,0,0
400193,1,1,1996,0,0,0,0,0,0,0,0,0,17
400194,1,1,1996,0,0,0,0,0,0,0,0,0,0
400195,1,1,1996,0,0,0,0,0,0,0,0,0,0
400196,1,1,1996,0,0,0,0,0,0,0,0,0,0
400197,1,1,1996,23,17,5,8,24,10,2,19,18,9
400198,1,1,1996,0,0,0,0,0,0,0,0,0,0
400199,1,1,1996,15,0,14,23,14,23,20,17,19,23
400200,1,1,1996,0,0,0,0,12,0,0,7,0,0
400201,1,1,1996,22,22,22,22,22,22,22,22,22,22
400202,1,1,1996,0,0,0,0,0,0,0,0,0,0
400202,2,1,1996,0,0,0,0,0,0,0,0,0,0
400203,1,1,1996,0,0,0,0,0,0,0,0,0,0
400204,0,1,1996,0,0,0,0,0,0,0,0,21,0
400204,1,1,1996,0,0,0,0,0,0,0,0,0,0
400205,1,1,1996,0,29,0,0,0,0,0,0,0,0
400205,2,1,1996,0,0,0,14,0,0,0,0,0,0
400206,1,1,1996,0,0,0,0,0,0,0,0,0,0
400206,2,1,1996,0,0,0,0,0,0,0,0,0,0
400207,1,1,1996,18,18,18,18,18,18,18,18,18,18
400207,2,1,1996,0,0,0,0,0,0,0,0,0,0
400207,3,1,1996,0,0,0,0,0,0,0,0,0,0
400208,1,1,1996,0,23,0,0,7,0,0,0,0,0
400208,2,1,1996,20,20,20,20,20,20,20,20,20,20
400209,1,1,1996,0,0,0,0,0,0,0,0,0,0
400209,2,1,1996,0,0,0,0,0,0,0,0,0,0
400209,3,1,1996,0,0,0,0,0,0,0,0,0,0
400210,1,1,1996,0,0,0,0,0,0,0,0,0,0
400211,1,1,1996,0,0,0,0,0,0,0,0,0,0
400212,1,1,1996,5,5,5,5,5,5,5,5,5,5
400213,1,1,1996,0,0,0,0,0,0,0,0,0,0
400213,2,1,1996,0,0,0,0,0,0,0,0,0,0
400214,1,1,1996,0,0,0,0,0,0,0,0,0,0
400215,0,1,1996,0,0,0,0,0,0,0,25,0,0
400215,1,1,1996,0,0,0,0,0,0,0,0,0,0
400216,1,1,1996,30,30,30,30,30,30,30,30,30,30
400217,1,1,1996,23,9,30,16,19,9,27,10,34,0
400218,1,1,1996,17,17,17,17,17,17,17,17,17,17
400219,1,1,1996,11,0,0,0,0,0,0,0,0,0
400219,2,1,1996,0,0,0,0,0,0,0,0,0,0
400220,1,1,1996,0,0,0,0,0,0,0,0,0,0
400220,2,1,1996,0,0,0,0,0,0,0,0,0,0
400220,3,1,1996,0,0,0,0,0,0,0,0,0,0
400221,1,1,1996,8,8,8,8,8,8,8,8,8,8
400222,1,1,1996,5,5,5,5,5,5,5,5,5,5
400223,0,1,1996,0,16,0,0,0,0,0,0,0,0
400223,1,1,1996,0,0,0,0,0,0,0,0,0,0
400224,1,1,1996,3,3,3,3,3,3,3,3,3,3
400224,2,1,1996,4,4,4,4,4,4,4,4,4,4
400225,1,1,1996,0,0,0,0,0,0,0,0,0,0
400226,1,1,1996,16,16,16,16,16,16,16,16,16,16
400227,1,1,1996,33,21,7,27,22,18,9,24,24,26
400228,1,1,1996,22,22,22,22,22,22,22,22,22,22
400229,1,1,1996,17,17,17,17,17,17,17,17,17,17
400230,1,1,1996,0,0,0,0,0,0,0,0,0,0
400230,2,1,1996,0,0,0,0,0,0,0,0,0,0
400231,1,1,1996,0,0,0,0,0,0,0,0,0,0
400231,2,1,1996,26,0,0,0,0,0,0,0,0,0
400232,1,1,1996,14,0,0,0,0,0,0,0,0,0
400233,1,1,1996,0,0,0,0,0,0,0,0,0,0
400234,1,1,1996,0,0,0,0,0,0,0,0,0,0
400235,0,1,1996,0,0,0,0,0,0,0,0,0,0
400235,1,1,1996,0,0,0,0,0,0,0,0,0,0
400236,1,1,1996,0,0,0,0,0,0,0,0,0,0
400236,2,1,1996,0,0,0,0,0,0,0,0,0,0
400237,1,1,1996,0,0,4,0,0,0,3,0,15,8
400238,1,1,1996,0,0,0,0,0,0,0,0,0,0
400239,1,1,1996,11,16,33,25,46,21,23,16,36,0
400240,1,1,1996,0,0,0,0,0,0,0,0,0,0
400241,1,1,1996,0,0,0,0,0,0,0,0,0,0
400241,2,1,1996,0,0,0,0,0,0,0,0,0,0
400242,1,1,1996,25,29,41,16,25,22,11,15,11,15
400243,1,1,1996,6,6,6,6,6,6,6,6,6,6
400244,1,1,1996,19,19,19,19,19,19,19,19,19,19
400245,1,1,1996,10,25,9,16,24,9,4,25,9,27
400246,1,1,1996,3,3,3,3,3,3,3,3,3,3
400247,1,1,1996,0,0,0,0,0,0,0,0,0,0
400247,2,1,1996,0,0,0,0,0,0,0,0,0,0
400247,3,1,1996,0,0,0,0,0,0,0,0,0,0
400248,1,1,1996,0,0,0,0,0,0,0,0,0,0
400249,1,1,1996,0,0,0,0,15,17,0,0,0,0
400249,2,1,1996,0,0,0,0,0,0,0,0,0,0
400250,1,1,1996,0,0,0,0,0,0,0,0,0,0
400250,2,1,1996,0,0,0,0,0,0,0,0,0,0
400251,1,1,1996,0,0,0,0,0,0,0,0,0,0
400252,1,1,1996,0,0,0,0,0,0,0,0,0,0
400252,2,1,1996,26,9,22,35,7,17,23,12,18,9
400253,1,1,1996,0,0,0,0,0,0,0,0,0,0
400253,2,1,1996,0,19,0,0,0,0,0,0,0,0
400253,3,1,1996,0,0,0,0,0,0,0,0,0,0
400253,4,1,1996,0,0,0,0,0,0,0,0,0,0
400253,5,1,1996,0,0,0,0,0,0,0,0,0,0
400254,1,1,1996,0,0,0,0,0,0,0,0,0,0
400254,2,1,1996,0,0,0,0,0,0,0,0,0,0
400255,0,1,1996,0,21,0,0,0,31,15,0,17,0
400255,0,2,1996,0,0,0,0,0,0,0,0,0,0
400255,1,1,1996,0,0,0,0,0,0,0,0,0,0
400256,1,1,1996,14,0,0,0,0,0,0,0,0,0
400256,2,1,1996,0,0,0,0,0,0,0,0,0,0
400257,1,1,1996,0,0,0,0,0,0,0,0,0,0
400257,2,1,1996,10,24,17,0,16,7,20,0,0,22
400258,1,1,1996,0,31,18,12,22,0,0,8,19,0
400259,1,1,1996,0,0,8,0,0,0,0,0,0,0
400259,2,1,1996,0,0,0,0,0,0,0,0,0,0
400260,1,1,1996,20,9,17,30,22,20,19,12,19,37
400261,1,1,1996,21,0,0,0,0,0,0,0,0,0
400261,2,1,1996,0,0,0,0,0,0,0,0,0,0
400262,1,1,1996,25,25,25,25,25,25,25,25,25,25
400262,2,1,1996,0,0,0,0,0,0,0,0,0,0
400262,3,1,1996,0,0,0,0,0,0,0,0,0,0
400263,1,1,1996,0,0,0,0,0,0,0,0,0,0
400264,1,1,1996,12,12,12,12,12,12,12,12,12,12
400265,1,1,1996,0,0,0,0,0,0,0,0,0,0
400265,2,1,1996,0,0,0,0,0,0,0,0,0,0
400266,1,1,1996,20,20,20,20,20,20,20,20,20,20
400267,1,1,1996,0,0,7,0,0,0,0,0,0,0
400267,2,1,1996,0,0,0,0,0,0,0,0,0,0
400268,1,1,1996,0,0,0,0,0,0,0,0,0,0
400268,2,1,1996,0,0,0,0,0,0,0,0,0,0
400269,1,1,1996,0,0,0,0,0,0,0,0,0,0
400269,2,1,1996,0,0,0,0,0,0,0,0,0,0
400270,0,1,1996,0,0,0,0,0,0,0,0,0,0
400270,1,1,1996,0,0,0,0,0,0,0,0,0,0
400271,1,1,1996,0,0,0,0,0,0,0,0,0,0
400271,2,1,1996,0,0,0,0,0,0,0,0,0,0
400272,0,1,1996,0,0,0,0,0,0,0,0,0,0
400272,1,1,1996,0,0,0,0,0,0,0,0,0,0
400273,1,1,1996,0,0,0,0,0,0,0,0,0,0
400274,1,1,1996,0,0,0,0,0,0,0,0,0,0
400275,1,1,1996,0,0,0,0,0,0,0,0,0,0
400275,2,1,1996,0,0,0,0,0,0,0,0,0,0
400276,1,1,1996,7,7,7,7,7,7,7,7,7,7
400276,2,1,1996,7,0,0,0,0,0,0,0,0,0
400277,1,1,1996,13,0,2,0,0,26,0,0,0,0
400277,2,1,1996,9,0,18,0,0,0,0,0,0,0
400278,1,1,1996,0,0,0,0,0,0,0,0,0,0
400278,2,1,1996,0,0,0,0,0,0,0,0,0,0
400279,1,1,1996,0,0,0,0,0,0,0,0,0,0
400280,1,1,1996,0,0,17,0,0,0,7,0,9,10
400281,0,1,1996,23,23,23,23,23,23,23,23,23,23
400281,0,2,1996,33,0,41,20,27,0,0,0,38,16
400281,1,1,1996,0,0,0,0,0,0,0,0,0,0
400282,1,1,1996,0,0,0,0,0,0,0,0,0,0
400283,1,1,1996,25,25,25,25,25,25,25,25,25,25
400283,2,1,1996,0,0,0,0,0,0,0,0,0,0
400284,1,1,1996,17,10,18,13,7,23,0,14,17,17
400285,1,1,1996,0,0,0,0,0,0,0,0,0,0
400286,1,1,1996,0,0,22,0,0,0,0,0,0,22
400287,1,1,1996,21,20,12,10,12,11,20,11,15,11
400288,1,1,1996,23,23,23,23,23,23,23,23,23,23
400288,2,1,1996,0,0,0,0,0,0,0,0,0,0
400289,0,1,1996,0,0,6,33,31,24,33,13,25,14
400289,1,1,1996,0,0,0,0,0,0,0,0,0,0
400290,0,1,1996,0,0,0,0,0,0,0,0,0,0
400290,1,1,1996,0,0,0,0,0,0,0,0,0,0
400291,1,1,1996,28,28,28,28,28,28,28,28,28,28
400292,1,1,1996,22,0,0,0,0,0,0,0,0,0
400293,1,1,1996,0,8,8,8,25,21,8,18,8,23
400294,1,1,1996,16,24,4,7,19,15,5,4,8,12
400294,2,1,1996,0,0,0,0,0,0,0,0,0,0
400295,1,1,1996,0,0,0,0,0,0,0,0,0,0
400295,2,1,1996,0,0,0,0,0,0,0,0,0,0
400296,1,1,1996,0,0,0,0,0,0,0,0,0,0
400296,2,1,1996,0,0,0,0,0,0,0,0,0,0
400297,1,1,1996,13,13,13,13,13,13,13,13,13,13
400297,2,1,1996,0,0,0,0,0,0,0,0,0,0
400297,3,1,1996,0,14,0,0,11,0,0,0,0,0
400298,1,1,1996,0,0,0,0,0,0,0,0,0,0
400298,2,1,1996,0,0,0,0,0,0,0,0,0,0
400298,3,1,1996,0,0,0,0,0,0,0,0,13,0
400299,1,1,1996,0,0,0,0,0,0,0,0,0,0
400299,2,1,1996,0,0,0,0,0,0,0,0,0,0
400300,1,1,1996,0,0,0,0,0,0,0,0,0,0
400301,1,1,1996,17,17,17,17,17,17,17,17,17,17
400301,2,1,1996,0,0,0,0,0,0,0,0,0,0
400302,1,1,1996,0,0,0,0,0,0,0,0,0,0
400303,0,1,1996,0,0,0,0,0,0,0,0,0,0
400303,0,2,1996,19,23,15,0,16,10,11,0,7,17
400303,0,3,1996,0,11,0,0,13,7,6,13,0,6
400303,1,1,1996,0,0,0,12,0,13,17,43,0,17
400304,1,1,1996,0,0,0,0,0,0,0,0,0,0
400305,1,1,1996,0,0,0,0,0,0,0,16,0,0
400305,2,1,1996,0,0,0,0,0,0,0,0,0,0
400306,1,1,1996,0,0,0,0,0,0,0,0,0,0
400306,2,1,1996,0,0,0,0,0,0,0,0,0,0
400307,1,1,1996,0,0,0,0,0,0,0,0,0,0
400308,1,1,1996,0,0,0,0,0,0,0,0,0,0
400309,1,1,1996,0,0,0,0,0,29,0,0,11,0
400310,1,1,1996,0,0,0,0,0,0,0,0,0,0
400310,2,1,1996,0,0,0,0,0,0,0,0,0,0
400311,0,1,1996,0,0,0,0,0,0,0,0,0,0
400311,1,1,1996,0,0,0,0,0,0,0,0,0,0
400312,1,1,1996,0,0,0,0,0,0,0,0,0,0
400312,2,1,1996,0,0,0,0,0,0,0,0,0,0
400313,1,1,1996,6,6,6,6,6,6,6,6,6,6
400314,1,1,1996,0,0,0,0,0,0,0,0,0,0
400315,1,1,1996,39,15,11,21,15,36,15,29,20,23
400316,1,1,1996,0,0,0,0,0,0,0,0,0,0
400316,2,1,1996,0,0,0,0,0,0,0,0,0,0
400317,1,1,1996,0,0,0,0,3,0,0,0,0,0
400318,1,1,1996,0,0,0,0,15,0,0,0,0,0
400320,1,1,1996,0,0,0,0,0,0,0,0,0,0
400320,2,1,1996,0,0,0,0,0,0,0,0,0,0
400321,1,1,1996,0,0,0,0,0,0,0,0,0,0
400322,1,1,1996,0,0,0,0,0,0,0,0,0,0
400322,2,1,1996,0,0,0,0,0,0,0,0,0,0
400323,1,1,1996,0,0,0,0,0,0,0,0,0,0
400323,2,1,1996,0,0,0,0,0,0,0,0,0,0
400324,1,1,1996,0,0,0,0,0,0,0,0,0,0
400324,2,1,1996,0,0,0,0,0,0,0,0,0,0
400324,3,1,1996,0,0,0,0,0,0,0,0,0,0
400324,4,1,1996,0,0,0,0,0,0,0,0,0,0
400325,1,1,1996,11,11,11,11,11,11,11,11,11,11
400326,1,1,1996,9,9,9,9,9,9,9,9,9,9
400327,1,1,1996,7,7,7,7,7,7,7,7,7,7
400327,2,1,1996,0,0,0,0,0,0,0,0,0,0
400328,1,1,1996,0,0,0,0,0,0,0,0,0,0
400329,1,1,1996,16,5,9,14,6,14,14,17,13,4
400329,2,1,1996,13,0,11,6,6,4,13,9,5,7
400330,1,1,1996,25,21,4,13,16,15,7,16,0,7
400330,2,1,1996,0,0,0,0,0,0,0,0,0,0
400331,1,1,1996,0,0,0,0,0,0,0,0,0,0
400331,2,1,1996,0,0,0,0,0,0,0,0,0,0
400332,1,1,1996,0,0,0,0,0,0,0,0,0,0
400332,2,1,1996,0,0,0,0,0,0,0,0,0,0
400333,1,1,1996,0,0,0,0,0,0,0,0,0,0
400333,2,1,1996,0,0,0,0,0,0,0,0,0,0
400334,1,1,1996,17,22,44,15,11,22,0,0,0,8
400334,2,1,1996,0,0,0,0,0,0,0,0,0,0
400335,1,1,1996,0,0,0,0,0,0,0,0,0,0
400336,1,1,1996,0,0,0,0,0,0,0,0,0,0
400336,2,1,1996,0,0,0,0,0,0,0,0,0,0
400337,0,1,1996,39,24,27,17,23,19,10,0,19,18
400337,1,1,1996,20,4,15,30,7,16,13,7,4,10
400338,1,1,1996,0,0,0,0,0,0,0,0,8,0
400338,2,1,1996,0,0,0,0,0,0,0,0,0,0
400338,3,1,1996,0,0,0,0,0,0,0,0,0,0
400338,4,1,1996,0,0,0,0,0,0,0,0,0,0
400339,1,1,1996,0,0,0,0,0,0,0,0,0,0
400340,1,1,1996,20,20,20,20,20,20,20,20,20,20
400341,1,1,1996,0,0,0,0,0,0,0,0,0,0
400342,1,1,1996,0,0,0,0,0,0,0,0,0,0
400343,1,1,1996,25,25,25,25,25,25,25,25,25,25
400344,1,1,1996,0,0,0,0,0,0,0,0,0,0
400344,2,1,1996,0,0,0,0,0,0,0,0,0,0
400345,1,1,1996,0,0,0,0,0,0,0,0,0,0
400345,2,1,1996,0,0,0,0,0,0,0,0,0,0
400346,1,1,1996,2,4,3,14,18,16,10,15,16,11
400346,2,1,1996,0,0,0,0,0,0,0,0,0,0
400347,1,1,1996,14,0,0,0,29,0,0,0,0,0
400348,1,1,1996,13,13,13,13,13,13,13,13,13,13
400349,1,1,1996,0,0,0,0,0,0,0,0,0,0
400350,0,1,1996,0,0,0,0,0,0,0,0,0,0
400350,1,1,1996,0,0,0,0,0,0,0,0,0,0
400351,1,1,1996,16,16,16,16,16,16,16,16,16,16
400352,1,1,1996,0,0,0,0,0,0,0,0,0,0
400353,1,1,1996,5,5,5,5,5,5,5,5,5,5
400354,1,1,1996,0,0,0,26,0,0,13,0,23,40
400355,1,1,1996,1,1,1,1,1,1,1,1,1,1
400355,2,1,1996,0,0,0,0,0,0,0,0,0,0
400356,1,1,1996,28,28,28,28,28,28,28,28,28,28
400357,0,1,1996,0,0,0,0,0,0,0,0,0,0
400357,1,1,1996,0,0,0,0,0,0,0,0,0,0
400358,1,1,1996,0,0,0,0,0,0,0,0,0,0
400358,2,1,1996,0,0,0,0,0,0,0,0,0,0
400359,1,1,1996,0,0,0,0,0,0,0,0,0,0
400360,1,1,1996,0,0,0,0,0,0,0,0,0,0
400360,2,1,1996,0,0,0,0,0,0,0,0,0,0
400361,1,1,1996,0,0,0,0,0,0,0,0,0,0
400362,1,1,1996,0,0,0,0,10,0,0,0,0,0
400363,1,1,1996,0,0,0,0,0,0,0,0,0,0
400363,2,1,1996,0,0,0,0,0,0,0,0,0,0
400364,1,1,1996,0,0,0,0,0,0,0,0,0,0
400364,2,1,1996,0,0,0,22,0,0,0,0,0,0
400364,3,1,1996,0,0,0,0,0,0,0,0,0,0
400365,1,1,1996,0,0,9,25,0,0,0,0,10,0
400366,1,1,1996,0,6,0,0,0,0,0,0,0,0
400366,2,1,1996,0,0,0,0,0,0,0,0,0,0
400367,1,1,1996,0,0,0,0,0,0,0,0,0,0
400367,2,1,1996,0,0,0,0,0,0,0,0,0,0
400367,3,1,1996,0,0,0,0,0,0,0,0,0,0
400367,4,1,1996,0,0,0,0,0,0,0,0,0,0
400367,5,1,1996,0,0,0,0,0,0,0,0,0,0
400368,1,1,1996,19,13,3,9,15,17,3,13,8,17
400368,2,1,1996,0,0,0,0,0,0,0,0,0,0
400369,1,1,1996,0,0,0,9,0,0,0,0,0,0
400369,2,1,1996,0,0,0,0,12,0,0,0,0,0
400369,3,1,1996,0,0,0,0,0,0,0,0,0,0
400369,4,1,1996,0,0,0,0,0,0,0,0,0,12
400370,1,1,1996,0,0,0,0,0,0,0,0,0,0
400370,2,1,1996,0,0,0,0,0,0,0,0,0,0
400371,1,1,1996,18,18,18,18,18,18,18,18,18,18
400372,1,1,1996,15,25,6,21,12,11,13,22,7,0
400373,1,1,1996,8,8,8,8,8,8,8,8,8,8
400373,2,1,1996,0,0,0,0,0,0,0,0,0,0
400374,1,1,1996,0,0,0,0,0,0,0,0,0,0