ST_CASE,VEH_NO,PER_NO,YEAR,P1,P2,P3,P4,P5,P6,P7,P8,P9,P10
400374,2,1,1996,27,27,27,27,27,27,27,27,27,27
400375,1,1,1996,0,0,0,0,0,0,0,0,0,0
400375,2,1,1996,0,0,0,0,0,0,0,0,0,0
400376,1,1,1996,0,0,0,0,0,0,0,0,0,0
400377,1,1,1996,13,13,13,13,13,13,13,13,13,13
400378,1,1,1996,15,15,0,12,6,8,8,18,21,10
400378,2,1,1996,8,8,8,8,8,8,8,8,8,8
400379,1,1,1996,0,0,0,0,0,0,0,0,0,0
400380,1,1,1996,17,16,16,32,17,20,11,39,13,21
400381,1,1,1996,0,0,0,0,0,0,0,0,0,0
400382,1,1,1996,11,5,8,19,36,17,19,13,0,18
400382,2,1,1996,0,0,18,0,0,0,0,0,0,0
400383,1,1,1996,0,0,0,0,0,0,0,0,0,0
400384,1,1,1996,0,0,9,0,0,0,0,0,0,0
400385,1,1,1996,0,0,0,0,0,0,0,0,0,0
400385,2,1,1996,0,0,0,0,6,0,0,0,0,0
400386,1,1,1996,0,0,0,0,0,0,0,0,0,0
400387,1,1,1996,0,0,0,0,0,0,0,0,0,0
400387,2,1,1996,0,0,0,0,0,0,0,0,0,0
400388,1,1,1996,0,0,0,0,0,0,0,0,0,0
400389,1,1,1996,26,26,26,26,26,26,26,26,26,26
400390,1,1,1996,15,15,15,15,15,15,15,15,15,15
400391,1,1,1996,21,14,17,23,14,5,17,15,11,13
400392,1,1,1996,27,27,27,27,27,27,27,27,27,27
400392,2,1,1996,0,0,0,0,0,0,0,0,0,0
400393,1,1,1996,0,0,0,0,0,0,0,0,0,0
400393,2,1,1996,0,0,0,0,0,0,0,0,0,0
400394,1,1,1996,0,0,0,0,0,0,0,0,0,0
400394,2,1,1996,0,0,0,0,0,0,0,0,0,0
400395,1,1,1996,32,32,32,32,32,32,32,32,32,32
400395,2,1,1996,0,0,0,0,0,0,0,27,0,0
400396,1,1,1996,20,20,20,20,20,20,20,20,20,20
400396,2,1,1996,0,0,0,0,0,0,0,0,0,0
400397,1,1,1996,0,0,0,0,0,0,0,0,0,0
400398,0,1,1996,0,0,0,0,0,0,0,0,0,0
400398,1,1,1996,0,0,0,0,0,2,0,0,0,0
400399,1,1,1996,0,10,4,2,0,0,15,0,0,12
400399,2,1,1996,0,0,0,0,0,0,0,0,0,0
400399,3,1,1996,17,17,17,17,17,17,17,17,17,17
400400,1,1,1996,14,23,27,3,18,22,26,24,35,30
400401,1,1,1996,0,0,0,0,0,0,0,0,0,0
400402,1,1,1996,0,0,0,0,0,0,0,0,0,0
400402,2,1,1996,0,0,0,0,0,0,0,0,0,0
400403,1,1,1996,0,0,0,0,0,0,0,0,0,0
400404,1,1,1996,18,9,14,4,0,5,6,8,5,6
400404,2,1,1996,0,0,0,0,0,0,0,0,0,0
400405,1,1,1996,12,19,30,9,15,11,10,18,29,13
400406,1,1,1996,0,0,12,0,0,0,26,0,0,0
400408,0,1,1996,0,0,0,0,0,0,0,0,0,0
400408,1,1,1996,0,0,0,0,0,0,0,0,0,5
400409,1,1,1996,0,0,0,0,0,0,0,0,0,0
400409,2,1,1996,0,0,0,0,0,0,0,0,0,0
400410,1,1,1996,14,0,0,0,18,0,0,0,0,17
400411,1,1,1996,0,0,0,0,0,0,15,0,0,0
400412,1,1,1996,29,11,8,15,19,14,25,0,15,3
400412,2,1,1996,28,25,4,8,11,12,7,15,27,12
400413,0,1,1996,0,0,0,18,0,0,0,0,0,0
400413,1,1,1996,0,0,0,0,0,0,0,0,0,0
400414,1,1,1996,0,0,0,0,0,0,0,0,0,0
400414,2,1,1996,0,0,0,0,0,4,0,0,0,0
400415,1,1,1996,0,0,0,0,0,0,0,0,0,0
400415,2,1,1996,0,0,0,0,0,0,0,0,0,0
400416,1,1,1996,18,0,18,0,0,3,0,0,0,11
400417,1,1,1996,10,0,23,21,12,10,19,0,11,18
400418,1,1,1996,0,15,0,0,0,0,0,0,26,0
400419,1,1,1996,22,22,22,22,22,22,22,22,22,22
400420,1,1,1996,0,0,0,0,0,0,0,0,0,0
400420,2,1,1996,10,16,6,12,6,21,0,11,13,0
400421,1,1,1996,0,0,0,0,0,0,0,0,0,0
400421,2,1,1996,2,2,2,2,2,2,2,2,2,2
400421,3,1,1996,0,17,0,0,0,0,17,0,0,0
400421,4,1,1996,0,0,0,0,0,0,0,0,0,0
400422,1,1,1996,0,28,13,27,27,0,0,0,43,22
400423,0,1,1996,11,11,11,11,11,11,11,11,11,11
400423,1,1,1996,0,0,0,0,0,0,0,0,0,0
400424,1,1,1996,17,6,0,10,29,15,21,13,14,20
400425,1,1,1996,0,0,0,0,0,0,0,0,0,0
400426,1,1,1996,0,0,0,0,0,0,0,0,0,0
400426,2,1,1996,0,0,0,12,0,0,0,0,0,0
400427,1,1,1996,0,0,0,0,0,0,0,0,0,0
400427,2,1,1996,0,0,0,0,0,0,0,0,0,0
400428,1,1,1996,0,0,0,0,0,0,0,0,0,0
400428,2,1,1996,0,0,0,0,0,0,0,0,0,0
400429,1,1,1996,0,0,0,0,0,0,0,0,0,0
400429,2,1,1996,0,0,0,0,0,0,0,0,0,0
400430,1,1,1996,26,26,26,26,26,26,26,26,26,26
400431,1,1,1996,0,0,0,0,0,0,0,0,0,0
400431,2,1,1996,0,0,0,0,0,0,0,0,0,0
400432,1,1,1996,0,0,0,0,0,0,0,0,0,0
400432,2,1,1996,0,0,0,0,0,0,0,0,0,0
400434,1,1,1996,0,0,0,0,0,0,0,0,0,0
400435,1,1,1996,0,0,0,0,0,0,0,0,0,0
400435,2,1,1996,0,0,0,0,0,0,0,0,0,0
400436,1,1,1996,9,0,0,12,0,28,0,0,0,13
400437,0,1,1996,0,20,0,31,0,0,0,0,0,0
400437,1,1,1996,0,0,0,20,0,0,0,0,0,0
400438,0,1,1996,0,0,0,0,0,0,0,0,0,0
400438,1,1,1996,12,12,12,12,12,12,12,12,12,12
400439,1,1,1996,0,0,0,17,0,0,0,0,0,0
400439,2,1,1996,0,0,0,0,0,0,0,0,0,0
400440,0,1,1996,33,33,33,33,33,33,33,33,33,33
400440,1,1,1996,5,5,5,5,5,5,5,5,5,5
400441,0,1,1996,22,3,16,11,26,28,13,18,41,21
400441,1,1,1996,0,0,0,0,20,0,0,0,0,0
400442,1,1,1996,0,0,0,0,0,0,0,0,0,0
400442,2,1,1996,0,0,0,0,9,0,0,0,0,0
400443,1,1,1996,22,22,22,22,22,22,22,22,22,22
400444,1,1,1996,0,0,0,0,0,0,0,0,0,0
400444,2,1,1996,0,0,0,0,0,12,0,0,0,0
400445,1,1,1996,0,0,0,0,0,0,0,0,0,0
400445,2,1,1996,0,0,0,0,0,0,0,0,0,0
400446,1,1,1996,0,0,0,0,0,0,0,0,0,5
400446,2,1,1996,0,0,0,11,0,0,0,0,0,0
400447,1,1,1996,0,0,0,0,0,0,0,0,0,0
400447,2,1,1996,18,28,0,0,17,18,0,17,20,17
400448,1,1,1996,19,19,19,19,19,19,19,19,19,19
400450,0,1,1996,20,20,20,20,20,20,20,20,20,20
400450,1,1,1996,30,30,30,30,30,30,30,30,30,30
400451,1,1,1996,0,0,0,0,0,0,0,0,0,0
400451,2,1,1996,0,0,0,0,0,0,0,0,0,0
400452,0,1,1996,0,21,19,29,36,40,17,22,0,0
400452,1,1,1996,0,0,0,0,12,22,0,0,12,0
400452,2,1,1996,0,0,0,0,0,0,0,0,0,0
400452,3,1,1996,0,0,0,0,0,0,0,0,0,0
400453,1,1,1996,0,0,0,0,0,0,0,0,0,0
400453,2,1,1996,0,0,0,0,0,0,0,0,0,0
400454,1,1,1996,0,0,0,0,0,0,0,0,0,0
400454,2,1,1996,0,0,0,0,0,0,0,0,0,0
400455,1,1,1996,0,0,0,0,0,0,0,0,0,0
400455,2,1,1996,0,0,0,0,0,0,0,0,0,0
400456,1,1,1996,0,0,0,0,0,0,0,0,0,0
400456,2,1,1996,0,0,0,0,0,0,0,0,0,0
400457,1,1,1996,18,18,18,18,18,18,18,18,18,18
400458,1,1,1996,0,0,0,0,0,0,0,0,0,0
400458,2,1,1996,0,0,0,0,0,0,0,0,0,0
400459,1,1,1996,16,16,16,16,16,16,16,16,16,16
400459,2,1,1996,0,0,0,0,0,0,0,0,0,0
400460,1,1,1996,0,0,0,0,0,0,0,0,0,0
400461,1,1,1996,0,0,0,0,0,0,0,0,0,0
400461,2,1,1996,0,0,0,0,0,0,0,0,0,0
400462,1,1,1996,0,0,0,0,0,0,0,0,0,0
400463,1,1,1996,0,0,0,0,0,0,0,0,0,0
400463,2,1,1996,0,0,0,0,0,0,0,0,0,0
400464,1,1,1996,0,0,0,0,0,0,0,0,0,0
400465,1,1,1996,21,21,21,21,21,21,21,21,21,21
400466,1,1,1996,17,17,17,17,17,17,17,17,17,17
400467,1,1,1996,10,6,13,17,0,30,13,12,5,20
400467,2,1,1996,0,0,0,0,0,0,0,0,0,0
400468,1,1,1996,0,0,0,0,0,0,0,0,0,0
400468,2,1,1996,0,0,0,0,0,0,0,0,0,0
400469,1,1,1996,0,0,0,0,0,0,0,0,0,0
400470,1,1,1996,0,0,0,0,0,0,0,0,0,0
400471,1,1,1996,18,4,6,10,20,16,0,16,9,12
400472,1,1,1996,0,0,0,0,0,0,0,0,0,0
400473,1,1,1996,0,0,0,0,0,0,0,0,0,0
400474,1,1,1996,26,26,26,26,26,26,26,26,26,26
400475,1,1,1996,0,0,0,0,0,0,0,0,0,0
400475,2,1,1996,0,10,0,0,0,0,0,0,0,0
400475,3,1,1996,0,0,0,0,0,0,0,0,0,0
400475,4,1,1996,0,0,0,0,0,0,0,15,0,0
400476,1,1,1996,0,0,0,0,0,0,0,0,0,0
400476,2,1,1996,0,0,0,0,14,0,0,0,0,0
400477,1,1,1996,0,0,0,0,0,0,0,0,0,0
400477,2,1,1996,0,0,0,0,0,13,0,0,0,0
400478,1,1,1996,0,0,0,0,0,0,0,0,0,0
400479,1,1,1996,0,0,0,0,0,0,0,0,0,0
400479,2,1,1996,0,0,0,0,0,0,0,0,0,0
400480,1,1,1996,6,41,16,28,12,16,30,0,17,27
400481,1,1,1996,0,0,0,0,0,0,0,0,0,0
400482,1,1,1996,7,7,7,7,7,7,7,7,7,7
400483,1,1,1996,0,0,0,0,0,0,0,0,0,0
400484,1,1,1996,0,0,0,0,0,0,0,0,0,0
400484,2,1,1996,0,0,0,0,0,0,0,0,0,0
400485,1,1,1996,0,0,0,0,0,0,0,0,0,0
400486,1,1,1996,5,5,5,5,5,5,5,5,5,5
400486,2,1,1996,0,0,0,0,0,0,0,0,0,0
400487,1,1,1996,14,14,14,14,14,14,14,14,14,14
400488,1,1,1996,23,14,15,26,19,9,15,10,14,15
400488,2,1,1996,0,0,0,0,0,0,0,0,0,10
400489,1,1,1996,0,0,0,0,0,0,0,0,0,0
400489,2,1,1996,0,0,0,0,0,0,0,0,0,0
400490,1,1,1996,0,21,17,7,13,21,0,19,0,0
400491,1,1,1996,32,32,32,32,32,32,32,32,32,32
400492,1,1,1996,0,0,0,0,0,0,0,0,0,0
400492,2,1,1996,0,0,0,0,0,0,0,0,0,0
400493,1,1,1996,0,0,0,0,0,0,0,0,0,0
400493,2,1,1996,0,0,0,0,0,0,0,0,0,0
400494,1,1,1996,11,0,0,0,0,0,0,0,0,0
400495,1,1,1996,0,0,0,0,0,0,0,0,0,0
400496,1,1,1996,0,0,0,0,0,0,0,0,0,0
400496,2,1,1996,0,0,0,0,0,0,0,0,0,0
400497,1,1,1996,20,20,20,20,20,20,20,20,20,20
400498,1,1,1996,6,6,6,6,6,6,6,6,6,6
400499,1,1,1996,28,28,28,28,28,28,28,28,28,28
400500,1,1,1996,28,0,0,0,0,0,0,0,0,0
400500,2,1,1996,11,11,11,11,11,11,11,11,11,11
400501,1,1,1996,0,0,0,0,0,0,0,0,5,0
400501,2,1,1996,0,0,0,0,0,0,0,0,0,0
400502,1,1,1996,14,34,11,44,25,15,37,14,38,9
400503,1,1,1996,28,28,28,28,28,28,28,28,28,28
400504,1,1,1996,0,0,0,0,0,0,0,0,0,0
400504,2,1,1996,0,0,0,0,0,0,0,0,0,0
400505,1,1,1996,0,0,0,0,0,0,0,0,0,0
400506,1,1,1996,0,0,0,0,0,0,0,0,0,0
400506,2,1,1996,0,0,0,0,0,0,0,0,0,0
400507,1,1,1996,26,26,26,26,26,26,26,26,26,26
400508,1,1,1996,0,0,0,0,0,0,0,0,0,0
400508,2,1,1996,0,0,0,0,0,0,0,0,0,0
400509,1,1,1996,0,0,0,0,0,0,0,0,0,0
400510,1,1,1996,24,13,19,0,20,16,18,14,7,13
400511,1,1,1996,0,0,0,0,0,0,0,0,0,0
400513,1,1,1996,0,0,0,0,0,0,0,0,0,0
400514,1,1,1996,15,15,15,15,15,15,15,15,15,15
400515,1,1,1996,0,0,0,0,16,0,0,0,0,0
400516,1,1,1996,0,0,0,0,0,0,0,0,0,0
400517,1,1,1996,4,4,4,4,4,4,4,4,4,4
400517,2,1,1996,0,0,0,0,0,0,0,0,0,0
400518,0,1,1996,0,0,0,0,23,0,0,0,0,0
400518,1,1,1996,0,0,0,0,0,0,0,0,0,0
400519,1,1,1996,0,0,0,0,0,0,0,0,0,0
400519,2,1,1996,0,0,0,0,0,0,0,0,0,0
400520,0,1,1996,22,22,22,22,22,22,22,22,22,22
400520,1,1,1996,0,0,0,0,0,0,0,0,0,0
400521,1,1,1996,0,0,16,12,0,0,0,0,12,0
400522,1,1,1996,0,0,0,0,0,0,0,0,0,0
400522,2,1,1996,0,0,0,0,0,0,0,0,0,0
400522,3,1,1996,0,0,0,0,0,0,19,0,0,0
400523,1,1,1996,0,0,0,0,0,0,0,0,0,0
400523,2,1,1996,0,0,0,0,0,0,0,0,0,0
400524,1,1,1996,10,10,10,10,10,10,10,10,10,10
400525,0,1,1996,17,17,17,17,17,17,17,17,17,17
400525,1,1,1996,0,0,0,0,0,0,0,0,0,0
400526,1,1,1996,0,0,0,0,0,0,0,0,11,0
400527,1,1,1996,0,0,0,0,0,0,0,0,0,0
400527,2,1,1996,3,11,9,26,26,24,9,18,27,19
400528,1,1,1996,0,0,0,0,0,0,0,0,0,0
400529,1,1,1996,0,0,0,0,0,0,13,0,0,0
400529,2,1,1996,0,0,0,15,0,12,0,0,0,0
400530,1,1,1996,0,0,0,0,0,0,0,0,0,0
400530,2,1,1996,0,0,0,0,0,0,0,0,0,0
400531,1,1,1996,11,11,11,24,10,14,42,15,0,0
400531,2,1,1996,32,47,19,4,13,12,13,21,5,16
400532,1,1,1996,3,16,38,20,25,0,23,18,0,26
400533,0,1,1996,31,31,31,31,31,31,31,31,31,31
400533,1,1,1996,0,0,0,0,0,0,0,0,0,0
400535,1,1,1996,0,0,0,0,0,0,0,0,0,0
400535,2,1,1996,0,0,0,0,0,0,0,0,0,0
400535,3,1,1996,0,0,0,0,0,0,0,0,0,0
400536,1,1,1996,2,11,17,0,13,5,23,20,21,9
400536,2,1,1996,0,0,0,0,0,0,0,0,0,0
400537,0,1,1996,24,24,24,24,24,24,24,24,24,24
400537,1,1,1996,0,0,0,0,0,0,0,0,0,0
400538,1,1,1996,0,0,35,0,0,0,0,15,0,0
400538,2,1,1996,6,0,0,5,0,24,17,22,0,23
400539,1,1,1996,2,0,0,0,0,0,0,0,0,0
400540,1,1,1996,22,10,0,13,27,14,6,0,19,6
400541,1,1,1996,0,0,0,0,0,0,0,0,0,0
400541,2,1,1996,0,0,0,0,0,0,0,0,0,0
400542,1,1,1996,0,0,0,0,0,0,0,0,0,0
400543,1,1,1996,22,33,14,13,6,15,15,20,19,20
400544,1,1,1996,0,0,0,0,0,0,0,0,0,0
400545,1,1,1996,19,0,0,0,0,0,12,0,0,0
400545,2,1,1996,0,0,0,0,0,0,0,0,0,0
400546,1,1,1996,0,0,0,0,0,0,0,0,0,0
400546,2,1,1996,0,0,0,0,0,0,0,0,0,0
400547,1,1,1996,30,30,30,30,30,30,30,30,30,30
400548,1,1,1996,0,0,12,0,0,0,0,12,17,0
400549,0,1,1996,0,0,0,0,0,0,0,0,0,0
400549,1,1,1996,0,0,0,0,0,0,0,0,0,0
400550,1,1,1996,6,28,15,16,5,9,0,17,24,0
400550,2,1,1996,22,14,27,0,0,0,22,19,28,16
400551,1,1,1996,0,0,0,0,0,0,0,0,0,0
400553,1,1,1996,0,0,0,0,0,0,0,0,0,0
400553,2,1,1996,0,0,0,0,0,0,0,0,0,0
400554,1,1,1996,0,0,0,0,0,0,0,0,0,0
400554,2,1,1996,0,0,0,0,0,0,0,0,0,0
400555,1,1,1996,0,0,0,0,0,0,0,0,0,0
400556,1,1,1996,0,0,0,0,0,0,0,0,0,0
400556,2,1,1996,0,0,0,0,0,0,0,0,0,0
400557,0,1,1996,0,0,0,0,0,0,0,0,0,0
400557,1,1,1996,0,0,0,0,0,0,0,0,0,0
400558,1,1,1996,10,23,0,14,20,20,14,3,16,18
400559,1,1,1996,0,0,0,0,0,10,0,0,0,0
400559,2,1,1996,0,0,0,0,0,0,0,0,0,0
400560,1,1,1996,0,0,12,0,0,0,0,0,0,0
400561,1,1,1996,23,23,23,23,23,23,23,23,23,23
400562,1,1,1996,0,0,0,0,0,0,0,0,0,0
400562,2,1,1996,0,0,0,0,0,0,0,0,0,0
400563,1,1,1996,0,0,0,0,0,0,0,0,0,0
400563,2,1,1996,0,0,0,0,0,0,0,0,0,0
400563,3,1,1996,0,0,0,0,0,0,0,0,0,0
400564,1,1,1996,0,0,0,0,0,0,0,4,0,0
400564,2,1,1996,0,0,0,0,0,0,0,0,0,0
400565,1,1,1996,0,0,0,0,0,0,0,0,0,0
400565,2,1,1996,0,0,0,0,0,0,0,0,0,0
400566,1,1,1996,21,18,18,0,6,10,22,22,29,4
400566,2,1,1996,0,0,0,0,0,0,0,0,0,0
400567,1,1,1996,18,20,33,24,0,0,0,15,0,22
400567,2,1,1996,0,0,0,0,0,0,0,0,0,0
400568,1,1,1996,0,0,0,0,5,0,0,0,0,0
400568,2,1,1996,0,0,0,0,0,0,0,0,0,0
400569,1,1,1996,0,0,0,0,0,0,0,0,0,0
400569,2,1,1996,26,26,26,26,26,26,26,26,26,26
400570,1,1,1996,0,0,0,0,0,0,0,0,0,0
400570,2,1,1996,0,0,0,0,0,0,0,0,0,0
400571,1,1,1996,0,0,0,0,0,14,13,0,17,29
400572,0,1,1996,25,25,25,25,25,25,25,25,25,25
400572,1,1,1996,0,0,0,0,0,0,0,0,0,0
400573,1,1,1996,0,31,21,19,13,0,36,0,3,0
400574,1,1,1996,0,0,0,0,0,0,0,0,0,0
400574,2,1,1996,0,0,0,0,0,0,0,0,0,0
400575,1,1,1996,0,0,0,0,0,0,0,0,0,0
400575,2,1,1996,0,0,0,0,0,0,0,0,0,0
400576,1,1,1996,13,10,22,21,8,6,16,15,18,22
400577,1,1,1996,0,0,0,0,0,0,0,0,0,0
400577,2,1,1996,0,0,0,0,0,0,16,0,0,0
400578,1,1,1996,0,9,0,0,0,0,0,0,0,0
400579,1,1,1996,18,20,25,15,23,26,19,12,16,11
400580,1,1,1996,0,0,0,0,0,0,0,0,0,0
400581,1,1,1996,9,16,7,23,16,19,10,25,12,11
400582,1,1,1996,0,0,0,0,0,0,0,0,0,0
400582,2,1,1996,0,0,0,0,0,0,0,19,0,0
400583,1,1,1996,0,0,0,0,0,0,0,0,0,0
400583,2,1,1996,0,10,16,0,0,12,0,0,0,0
400583,3,1,1996,0,0,0,0,0,0,0,0,0,0
400584,1,1,1996,0,0,0,0,0,11,0,0,0,0
400585,1,1,1996,0,21,22,15,11,20,23,16,0,23
400586,1,1,1996,0,0,0,0,0,0,0,2,0,0
400586,2,1,1996,0,0,0,0,0,0,0,0,0,0
400587,1,1,1996,0,0,0,0,0,0,0,0,0,0
400587,2,1,1996,0,0,0,0,0,0,0,0,0,0
400588,1,1,1996,0,0,0,0,0,0,0,0,0,0
400588,2,1,1996,0,0,0,0,0,0,0,0,0,0
400589,0,1,1996,5,5,5,5,5,5,5,5,5,5
400589,1,1,1996,20,0,0,0,0,0,11,10,0,0
400590,1,1,1996,16,16,16,16,16,16,16,16,16,16
400591,1,1,1996,0,0,0,0,45,17,0,0,0,0
400592,0,1,1996,29,0,27,10,0,6,10,30,13,31
400592,1,1,1996,0,0,0,0,0,0,0,0,0,0
400593,1,1,1996,16,16,33,6,31,19,21,9,0,28
400594,0,1,1996,24,24,24,24,24,24,24,24,24,24
400594,1,1,1996,13,0,0,0,0,0,0,0,0,0
400595,1,1,1996,0,0,0,0,0,0,0,0,0,0
400595,2,1,1996,0,0,0,0,0,0,0,0,0,0
400596,1,1,1996,0,0,0,0,0,0,0,0,0,0
400596,2,1,1996,0,0,0,0,0,0,0,0,0,0
400596,3,1,1996,0,0,0,0,0,0,0,0,0,0
400596,4,1,1996,0,0,0,0,0,0,0,0,0,0
400597,1,1,1996,0,0,0,0,0,0,0,0,0,0
400597,2,1,1996,0,0,0,0,0,0,0,0,0,0
400597,3,1,1996,0,0,0,0,0,0,0,0,0,0
400598,1,1,1996,0,0,0,0,0,0,0,0,0,0
400598,2,1,1996,0,0,0,0,0,0,0,0,16,0
400599,1,1,1996,0,0,0,0,19,12,0,0,0,0
400600,1,1,1996,8,30,15,17,17,6,23,22,40,18
400601,1,1,1996,31,26,31,0,16,17,14,53,21,29
400602,1,1,1996,0,0,0,0,0,0,0,0,0,0
400603,1,1,1996,18,47,21,27,14,21,32,17,21,35
400604,1,1,1996,20,0,0,0,0,0,0,0,0,0
400605,1,1,1996,0,0,0,0,0,0,3,0,0,0
400605,2,1,1996,0,0,0,9,0,0,0,0,3,0
400606,1,1,1996,16,9,10,22,10,14,9,0,12,15
400606,2,1,1996,0,0,0,0,0,0,0,0,0,0
400607,1,1,1996,0,0,0,0,0,0,0,0,0,0
400608,1,1,1996,0,0,0,0,12,0,7,0,0,0
400608,2,1,1996,0,0,0,0,0,0,0,9,0,0
400609,1,1,1996,0,0,0,0,0,0,0,0,0,0
400609,2,1,1996,0,0,0,0,0,0,0,0,0,0
400610,1,1,1996,0,0,0,0,0,0,0,0,0,0
400610,2,1,1996,0,0,0,0,0,0,0,0,0,0
400611,1,1,1996,0,0,0,0,0,0,0,0,0,0
400612,1,1,1996,10,17,20,19,9,5,0,14,13,3
400613,1,1,1996,0,0,0,0,0,0,0,0,0,0
400614,1,1,1996,0,0,0,0,0,0,0,0,0,0
400614,2,1,1996,0,0,0,0,0,0,0,0,0,0
400615,1,1,1996,0,0,0,0,0,0,0,0,0,0
400616,0,1,1996,15,15,15,15,15,15,15,15,15,15
400616,1,1,1996,0,0,0,0,0,0,0,0,0,0
400617,1,1,1996,23,23,23,23,23,23,23,23,23,23
400618,1,1,1996,0,0,0,0,0,0,0,0,0,0
400618,2,1,1996,0,0,0,0,0,0,0,0,0,0
400619,0,1,1996,0,0,0,0,0,0,0,0,0,0
400619,1,1,1996,0,0,0,0,0,0,0,0,0,0
400620,1,1,1996,28,28,28,28,28,28,28,28,28,28
400621,1,1,1996,0,15,0,0,0,0,0,0,0,0
400622,1,1,1996,8,18,10,11,7,14,21,22,24,4
400623,1,1,1996,7,7,7,7,7,7,7,7,7,7
400623,2,1,1996,0,0,0,0,0,0,0,0,0,0
400624,0,1,1996,28,28,28,28,28,28,28,28,28,28
400624,1,1,1996,0,0,0,0,0,0,0,0,0,0
400625,1,1,1996,0,0,0,0,0,0,0,0,0,0
400625,2,1,1996,0,0,0,0,0,0,0,0,0,0
400626,1,1,1996,0,0,0,0,0,0,0,18,0,0
400627,1,1,1996,0,0,0,0,0,0,0,0,0,0
400627,2,1,1996,0,0,0,0,0,0,0,0,0,0
400628,1,1,1996,0,0,0,0,0,0,0,0,0,0
400628,2,1,1996,0,12,0,10,0,0,0,0,0,0
400628,3,1,1996,0,0,0,0,0,0,0,0,0,0
400629,1,1,1996,25,18,27,14,25,5,21,11,21,5
400631,1,1,1996,0,16,16,16,0,30,1,13,0,14
400632,1,1,1996,0,0,0,0,0,0,18,0,0,0
400633,1,1,1996,0,0,0,0,0,0,0,0,0,0
400633,2,1,1996,0,0,0,0,0,0,0,0,0,0
400634,1,1,1996,13,25,19,16,20,22,0,10,9,0
400635,1,1,1996,0,0,0,0,0,0,0,0,0,0
400635,2,1,1996,0,0,0,0,0,0,0,0,0,0
400636,1,1,1996,0,0,0,0,0,0,0,0,0,0
400637,1,1,1996,15,15,15,15,15,15,15,15,15,15
400638,1,1,1996,0,0,0,0,0,0,0,0,0,0
400639,1,1,1996,0,0,0,0,0,0,0,0,0,0
400639,2,1,1996,0,0,0,29,0,0,0,0,0,0
400641,1,1,1996,0,0,0,0,0,0,0,0,0,0
400641,2,1,1996,0,0,0,0,0,0,0,0,0,0
400642,1,1,1996,0,0,0,0,0,0,0,0,0,0
400643,1,1,1996,0,0,0,0,0,0,0,0,0,0
400643,2,1,1996,0,0,0,0,0,0,0,0,0,0
400644,1,1,1996,14,14,14,14,14,14,14,14,14,14
400645,1,1,1996,6,6,6,6,6,6,6,6,6,6
400645,2,1,1996,0,0,0,10,0,0,0,0,0,0
400646,1,1,1996,0,0,33,6,0,0,16,0,0,0
400647,1,1,1996,0,0,0,0,0,0,0,0,0,0
400647,2,1,1996,0,0,0,0,0,0,0,0,0,0
400648,1,1,1996,0,0,0,0,0,0,0,0,0,0
400648,2,1,1996,0,0,0,0,0,0,0,0,0,0
400649,1,1,1996,18,0,16,24,29,14,0,5,12,9
400649,2,1,1996,0,0,0,17,0,0,0,0,0,0
400650,1,1,1996,0,0,0,0,0,0,0,0,0,0
400650,2,1,1996,0,0,0,0,0,0,0,0,0,15
400651,1,1,1996,0,0,0,0,0,0,0,0,0,0
400651,2,1,1996,0,0,0,0,0,0,0,0,0,0
400652,0,1,1996,0,0,0,0,0,0,0,0,0,0
400652,1,1,1996,0,0,0,0,0,0,0,0,0,0
400653,1,1,1996,0,0,0,0,0,0,0,0,0,0
400653,2,1,1996,18,0,0,0,12,0,0,0,0,0
400654,1,1,1996,30,0,0,0,0,16,23,0,20,0
400655,1,1,1996,22,29,9,9,13,26,11,26,11,32
400656,1,1,1996,0,0,0,0,0,0,0,0,0,0
400656,2,1,1996,10,0,8,0,0,2,0,0,0,0
400657,1,1,1996,15,0,0,0,0,0,0,0,0,0
400657,2,1,1996,3,3,3,3,3,3,3,3,3,3
400658,1,1,1996,0,0,0,0,0,0,0,0,0,0
400658,2,1,1996,0,0,0,0,0,0,0,0,0,0
400659,1,1,1996,17,12,7,15,0,15,7,11,20,17
400659,2,1,1996,0,0,0,0,0,0,0,0,0,0
400660,1,1,1996,0,0,0,0,0,0,0,0,0,0
400660,2,1,1996,0,0,0,0,0,0,0,0,0,0
400661,1,1,1996,0,0,15,0,0,0,0,0,0,0
400662,1,1,1996,0,0,0,0,0,0,0,0,0,0
400662,2,1,1996,0,0,0,0,0,0,0,0,0,0
400663,1,1,1996,0,0,0,0,0,0,0,0,0,0
400663,2,1,1996,0,0,0,0,0,0,0,0,0,0
400664,0,1,1996,0,0,0,0,0,0,0,0,0,0
400664,1,1,1996,0,0,0,0,0,0,0,0,0,0
400665,1,1,1996,0,0,6,0,0,0,0,0,0,0
400665,2,1,1996,0,0,0,0,0,0,0,0,0,0
400666,1,1,1996,0,0,0,0,0,0,0,0,0,0
400667,1,1,1996,10,10,10,10,10,10,10,10,10,10
400668,1,1,1996,0,0,0,0,0,0,0,0,0,0
400668,2,1,1996,0,0,0,0,0,0,0,0,0,0