ST_CASE,VEH_NO,PER_NO,YEAR,P1,P2,P3,P4,P5,P6,P7,P8,P9,P10
410273,2,1,1996,0,0,0,0,0,0,0,0,0,0
410274,1,1,1996,21,21,21,21,21,21,21,21,21,21
410274,2,1,1996,0,0,0,0,0,0,0,0,0,0
410274,3,1,1996,0,0,0,0,0,0,0,0,0,0
410274,4,1,1996,0,0,0,0,0,0,0,0,0,0
410275,1,1,1996,0,0,0,0,0,0,0,0,0,0
410275,2,1,1996,0,0,0,0,0,0,0,0,0,0
410276,1,1,1996,0,0,0,0,0,0,0,0,0,0
410277,1,1,1996,0,0,0,0,0,0,0,0,0,0
410278,1,1,1996,2,2,2,2,2,2,2,2,2,2
410278,2,1,1996,0,0,0,0,0,0,0,0,0,0
410279,1,1,1996,16,16,16,16,16,16,16,16,16,16
410280,1,1,1996,16,16,16,16,16,16,16,16,16,16
410281,1,1,1996,0,0,0,0,0,0,0,0,0,0
410281,2,1,1996,0,0,0,0,0,0,0,0,0,0
410282,1,1,1996,0,0,0,0,0,0,0,0,0,0
410283,1,1,1996,0,0,0,0,0,0,0,0,0,0
410283,2,1,1996,0,0,0,0,0,0,0,0,0,0
410284,1,1,1996,24,24,24,24,24,24,24,24,24,24
410285,0,1,1996,27,0,0,0,0,0,0,0,0,0
410285,1,1,1996,8,0,0,0,0,0,0,0,0,0
410286,1,1,1996,20,20,20,20,20,20,20,20,20,20
410286,2,1,1996,0,0,0,0,0,0,33,0,19,17
410287,0,1,1996,34,34,34,34,34,34,34,34,34,34
410287,1,1,1996,0,0,0,0,0,0,0,0,0,0
410288,1,1,1996,0,0,0,0,0,0,0,0,0,0
410288,2,1,1996,0,0,0,0,0,0,0,0,0,0
410289,1,1,1996,20,20,20,20,20,20,20,20,20,20
410289,2,1,1996,4,4,4,4,4,4,4,4,4,4
410290,1,1,1996,0,0,0,0,0,0,0,0,0,0
410290,2,1,1996,0,0,0,0,0,0,0,0,0,0
410291,1,1,1996,1,1,1,1,1,1,1,1,1,1
410291,2,1,1996,0,0,0,0,0,0,0,0,0,0
410292,1,1,1996,6,6,6,6,6,6,6,6,6,6
410293,0,1,1996,0,0,0,0,0,0,0,0,0,0
410294,1,1,1996,15,15,15,15,15,15,15,15,15,15
410295,1,1,1996,14,14,14,14,14,14,14,14,14,14
410296,1,1,1996,21,19,0,20,13,23,22,18,21,30
410297,1,1,1996,3,3,3,3,3,3,3,3,3,3
410297,2,1,1996,0,0,0,0,0,0,0,0,0,0
410298,1,1,1996,0,0,0,0,0,0,0,2,0,0
410298,2,1,1996,1,1,1,1,1,1,1,1,1,1
410298,3,1,1996,0,0,0,0,0,0,0,0,0,0
410299,1,1,1996,14,14,14,14,14,14,14,14,14,14
410299,2,1,1996,6,7,9,5,10,16,6,8,20,23
410300,1,1,1996,16,16,16,16,16,16,16,16,16,16
410301,1,1,1996,17,17,17,17,17,17,17,17,17,17
410302,1,1,1996,28,28,28,28,28,28,28,28,28,28
410303,0,1,1996,0,0,0,0,0,0,0,0,0,0
410303,1,1,1996,0,0,0,0,0,0,0,0,0,0
410304,0,1,1996,0,0,0,0,0,0,0,0,0,0
410304,1,1,1996,0,0,0,0,0,0,0,0,0,5
410305,1,1,1996,0,0,0,0,0,0,0,0,0,0
410306,1,1,1996,16,16,16,16,16,16,16,16,16,16
410307,1,1,1996,17,17,17,17,17,17,17,17,17,17
410308,1,1,1996,0,0,0,0,0,0,0,0,0,0
410309,1,1,1996,0,0,0,0,0,0,0,0,0,0
410310,1,1,1996,0,0,0,0,0,0,0,0,0,0
410312,1,1,1996,7,7,7,7,7,7,7,7,7,7
410313,1,1,1996,15,15,15,15,15,15,15,15,15,15
410314,1,1,1996,15,15,15,15,15,15,15,15,15,15
410315,1,1,1996,0,0,0,0,0,0,0,0,0,0
410315,2,1,1996,0,0,0,0,0,0,0,0,0,0
410316,1,1,1996,6,6,6,6,6,6,6,6,6,6
410317,1,1,1996,0,0,0,0,0,0,0,0,0,0
410317,2,1,1996,0,0,0,0,0,8,0,0,0,5
410318,1,1,1996,0,0,0,0,0,0,0,0,0,0
410318,2,1,1996,0,0,0,0,0,0,0,0,0,0
410319,1,1,1996,0,0,0,0,0,0,0,0,0,0
410320,1,1,1996,10,10,10,10,10,10,10,10,10,10
410321,1,1,1996,0,0,0,0,0,0,0,0,0,0
410321,2,1,1996,0,0,0,0,0,0,0,0,0,0
410322,1,1,1996,0,0,0,0,0,0,0,0,0,0
410323,0,1,1996,1,1,1,1,1,1,1,1,1,1
410323,1,1,1996,20,20,20,20,20,20,20,20,20,20
410324,1,1,1996,23,23,23,23,23,23,23,23,23,23
410325,1,1,1996,0,0,0,0,0,0,0,0,0,0
410326,1,1,1996,17,17,17,17,17,17,17,17,17,17
410327,1,1,1996,18,14,32,19,31,0,0,16,0,25
410328,1,1,1996,0,0,0,0,0,0,0,0,0,0
410329,1,1,1996,0,0,0,0,0,0,0,0,0,0
410330,1,1,1996,6,6,6,6,6,6,6,6,6,6
410331,1,1,1996,17,17,17,17,17,17,17,17,17,17
410332,1,1,1996,0,0,0,0,0,0,0,0,0,0
410332,2,1,1996,0,0,0,0,0,0,0,0,0,0
410333,0,1,1996,0,0,0,0,0,0,0,0,0,0
410333,1,1,1996,0,0,0,0,0,0,0,0,0,0
410334,1,1,1996,0,0,0,0,0,0,0,0,0,0
410334,2,1,1996,0,0,0,0,0,0,0,0,0,0
410335,1,1,1996,20,20,20,20,20,20,20,20,20,20
410336,1,1,1996,0,0,0,0,0,0,0,0,0,0
410336,2,1,1996,0,0,0,0,0,0,0,0,0,0
410337,1,1,1996,8,8,8,8,8,8,8,8,8,8
410338,1,1,1996,0,0,0,0,0,0,0,0,0,0
410338,2,1,1996,0,0,0,0,0,0,0,0,0,0
410339,1,1,1996,0,0,0,0,0,0,0,0,0,0
410339,2,1,1996,0,0,0,0,0,0,0,0,0,0
410340,1,1,1996,0,0,0,0,0,0,0,0,0,0
410340,2,1,1996,0,0,0,0,0,0,0,0,0,0
410341,1,1,1996,0,0,0,0,0,0,0,0,0,0
410342,1,1,1996,39,39,39,39,39,39,39,39,39,39
410343,1,1,1996,0,0,0,0,0,0,0,0,0,0
410344,1,1,1996,0,0,0,0,0,0,0,0,0,0
410345,1,1,1996,0,0,0,0,0,0,0,0,0,0
410345,2,1,1996,0,7,8,0,0,0,0,0,0,0
410346,1,1,1996,0,0,0,0,0,0,0,0,0,0
410346,2,1,1996,0,0,0,0,0,0,0,0,0,0
410347,1,1,1996,15,15,15,15,15,15,15,15,15,15
410348,0,1,1996,0,0,0,0,0,0,0,0,0,0
410348,1,1,1996,0,0,0,0,0,0,0,0,0,0
410349,1,1,1996,0,0,0,0,0,0,0,0,0,0
410350,1,1,1996,0,0,0,0,0,0,0,0,0,0
410351,1,1,1996,0,0,0,0,0,0,0,0,0,0
410352,1,1,1996,0,0,0,0,0,0,0,0,0,0
410353,1,1,1996,0,0,0,0,0,0,11,0,0,0
410354,1,1,1996,0,0,0,0,0,0,0,0,0,0
410354,2,1,1996,0,0,5,0,0,0,0,0,0,0
410355,1,1,1996,0,0,0,0,0,0,0,0,0,0
410356,1,1,1996,0,0,0,0,0,0,0,0,0,0
410356,2,1,1996,0,0,0,0,0,0,0,0,0,0
410357,1,1,1996,0,0,0,0,0,0,0,0,0,0
410357,2,1,1996,0,0,0,0,0,0,0,0,0,0
410358,1,1,1996,0,0,0,0,0,0,0,0,0,0
410358,2,1,1996,0,0,0,31,0,0,0,0,0,0
410359,1,1,1996,0,0,0,0,0,0,0,0,0,0
410359,2,1,1996,0,0,0,0,0,0,0,0,0,0
410360,1,1,1996,0,0,0,0,0,0,0,0,0,0
410361,1,1,1996,1,1,1,1,1,1,1,1,1,1
410362,1,1,1996,0,0,0,0,0,0,0,0,0,0
410363,1,1,1996,0,0,0,0,0,0,0,0,0,0
410363,2,1,1996,0,0,0,0,0,0,0,0,0,0
410364,1,1,1996,0,0,0,0,0,0,0,0,0,0
410364,2,1,1996,0,0,0,0,0,0,0,0,0,0
410364,3,1,1996,0,0,0,0,0,0,0,0,0,0
410365,0,1,1996,0,0,0,0,0,0,0,0,0,0
410365,1,1,1996,0,0,0,0,0,0,0,0,0,0
410366,1,1,1996,0,0,0,0,0,0,0,0,0,0
410366,2,1,1996,0,0,0,0,0,0,0,0,0,0
410366,3,1,1996,0,0,0,0,0,0,0,0,0,0
410367,1,1,1996,23,23,23,23,23,23,23,23,23,23
410368,1,1,1996,0,0,0,0,0,0,0,0,0,0
410368,2,1,1996,0,0,0,0,0,0,0,0,0,0
410369,1,1,1996,13,13,13,13,13,13,13,13,13,13
410369,2,1,1996,0,0,0,0,0,0,0,0,0,0
410370,1,1,1996,0,0,0,0,0,0,0,0,0,0
410370,2,1,1996,0,0,0,0,0,0,0,0,0,0
410370,3,1,1996,0,0,0,0,0,0,0,0,0,0
410371,0,1,1996,0,0,0,0,0,0,0,0,0,0
410371,1,1,1996,0,0,3,0,0,0,0,0,0,0
410372,1,1,1996,21,21,21,21,21,21,21,21,21,21
410373,1,1,1996,23,23,23,23,23,23,23,23,23,23
410374,1,1,1996,0,0,0,0,0,0,0,0,0,0
410375,0,1,1996,0,0,0,0,0,0,0,0,0,0
410375,0,2,1996,21,27,0,15,29,0,0,0,25,0
410375,1,1,1996,0,0,0,0,0,0,0,0,0,0
410376,0,1,1996,0,0,0,0,0,0,0,0,0,0
410376,1,1,1996,0,0,0,0,0,0,0,0,0,0
410377,0,1,1996,0,0,0,0,0,0,0,0,0,0
410377,1,1,1996,0,0,0,0,0,0,0,0,0,0
410378,0,1,1996,6,6,6,6,6,6,6,6,6,6
410378,1,1,1996,0,0,0,0,0,0,0,0,0,0
410379,1,1,1996,0,0,0,0,0,0,0,0,0,0
410379,2,1,1996,0,0,0,0,0,0,0,0,0,0
410380,1,1,1996,31,31,31,31,31,31,31,31,31,31
410381,1,1,1996,0,0,0,0,0,0,0,0,0,0
410382,1,1,1996,0,0,0,0,0,0,0,0,0,0
410383,1,1,1996,0,0,0,0,0,0,0,0,0,0
410384,1,1,1996,0,0,0,0,0,0,0,0,0,0
410384,2,1,1996,0,0,0,0,0,0,0,0,0,0
410385,1,1,1996,0,0,0,0,0,0,0,0,0,0
410385,2,1,1996,0,0,0,0,0,0,0,0,0,0
410386,1,1,1996,0,0,0,0,0,0,0,0,0,0
410386,2,1,1996,0,0,0,0,0,0,0,0,0,0
410387,1,1,1996,0,0,0,0,0,0,0,0,0,0
410388,1,1,1996,13,13,13,13,13,13,13,13,13,13
410388,2,1,1996,0,0,0,0,0,0,0,0,0,0
410389,1,1,1996,0,0,0,0,0,0,0,0,0,0
410389,2,1,1996,0,0,0,0,0,0,0,0,0,0
410391,0,1,1996,20,20,20,20,20,20,20,20,20,20
410391,1,1,1996,0,0,0,0,0,0,0,0,0,0
410392,0,1,1996,23,23,23,23,23,23,23,23,23,23
410392,1,1,1996,0,0,0,0,0,0,0,0,0,0
410393,1,1,1996,1,1,1,1,1,1,1,1,1,1
410393,2,1,1996,0,0,0,0,0,0,0,0,0,0
410394,1,1,1996,0,0,0,0,0,0,0,0,0,0
410395,1,1,1996,0,0,0,0,0,0,0,0,0,0
410395,2,1,1996,0,0,0,0,0,0,0,0,0,0
410396,0,1,1996,0,0,0,0,0,0,0,0,0,0
410396,1,1,1996,0,0,0,0,0,0,0,10,0,0
410397,1,1,1996,0,0,0,0,0,0,0,0,0,0
410398,1,1,1996,0,0,0,0,0,0,0,0,0,0
410399,1,1,1996,0,0,0,0,0,0,0,0,0,0
410400,0,1,1996,0,0,0,0,0,0,0,0,0,0
410400,1,1,1996,0,4,14,6,16,16,20,12,0,8
410401,1,1,1996,0,0,0,0,0,0,0,0,0,0
410401,2,1,1996,0,0,0,0,0,0,0,0,0,0
410402,0,1,1996,5,5,5,5,5,5,5,5,5,5
410402,0,2,1996,10,10,10,10,10,10,10,10,10,10
410402,1,1,1996,0,0,0,0,0,0,0,0,0,0
410403,1,1,1996,0,0,0,0,0,0,0,0,0,0
410404,1,1,1996,0,0,0,0,0,0,0,0,0,0
410405,1,1,1996,0,0,0,0,0,0,0,0,0,0
410406,1,1,1996,24,24,24,24,24,24,24,24,24,24
410406,2,1,1996,0,0,0,0,0,0,0,0,0,0
410407,1,1,1996,0,0,0,0,0,0,0,0,0,0
410408,0,1,1996,0,0,22,0,0,0,0,0,0,0
410408,1,1,1996,0,0,0,0,0,0,0,0,0,0
410409,1,1,1996,0,0,0,0,0,0,0,0,0,0
410410,1,1,1996,0,21,0,0,0,0,8,0,12,0
410411,1,1,1996,0,0,0,0,0,0,0,0,0,0
410411,2,1,1996,0,0,0,0,0,0,0,0,0,0
410412,1,1,1996,0,0,0,0,0,0,0,0,0,0
410412,2,1,1996,0,0,0,0,0,0,0,0,0,0
410413,1,1,1996,16,16,16,16,16,16,16,16,16,16
410414,1,1,1996,21,21,21,21,21,21,21,21,21,21
410415,1,1,1996,23,23,23,23,23,23,23,23,23,23
410416,0,1,1996,0,0,0,0,0,0,0,0,0,0
410416,1,1,1996,0,0,0,0,0,0,0,0,0,0
410417,1,1,1996,0,0,0,0,0,18,0,0,0,25
410418,1,1,1996,0,9,0,0,0,0,0,0,0,0
410419,0,1,1996,0,0,0,0,0,0,0,0,0,0
410419,1,1,1996,0,0,0,0,0,0,0,0,0,0
410420,1,1,1996,0,0,0,0,9,0,24,0,18,0
410421,1,1,1996,0,0,0,0,0,0,0,0,0,0
410422,0,1,1996,0,0,0,0,0,0,0,0,0,0
410422,1,1,1996,0,0,0,0,0,0,0,0,0,0
410423,1,1,1996,0,0,0,0,0,0,0,0,0,0
410424,1,1,1996,14,14,14,14,14,14,14,14,14,14
410425,0,1,1996,12,12,12,12,12,12,12,12,12,12
410425,0,2,1996,24,24,24,24,24,24,24,24,24,24
410425,1,1,1996,16,16,16,16,16,16,16,16,16,16
410426,1,1,1996,12,12,12,12,12,12,12,12,12,12
410426,2,1,1996,0,0,0,0,0,0,0,0,0,0
410427,1,1,1996,0,0,0,0,0,0,0,0,0,0
410428,1,1,1996,26,26,26,26,26,26,26,26,26,26
410429,1,1,1996,0,0,0,0,0,0,0,0,0,0
410429,2,1,1996,0,0,0,0,0,0,0,0,0,0
410430,1,1,1996,0,0,0,0,0,0,0,0,0,0
410430,2,1,1996,0,0,0,0,0,0,0,4,0,0
410430,3,1,1996,0,0,0,0,0,0,0,0,0,0
410431,1,1,1996,0,29,0,0,0,0,0,0,0,0
410432,1,1,1996,0,0,0,0,0,0,0,0,0,0
410433,0,1,1996,2,2,2,2,2,2,2,2,2,2
410433,1,1,1996,0,0,0,0,0,0,0,0,0,0
410434,1,1,1996,0,0,0,0,0,0,0,0,0,0
410434,2,1,1996,0,0,0,0,0,0,0,0,0,0
410435,1,1,1996,0,0,0,0,0,0,0,0,0,0
410435,2,1,1996,0,0,0,0,0,0,0,0,0,0
410436,1,1,1996,0,0,0,0,0,0,0,0,0,0
410437,1,1,1996,8,8,8,8,8,8,8,8,8,8
410437,2,1,1996,0,0,0,0,17,0,9,0,8,0
410437,3,1,1996,15,7,21,9,10,0,24,20,5,0
410438,1,1,1996,0,0,0,0,0,0,0,0,0,0
410438,2,1,1996,0,0,0,0,0,0,0,0,0,0
410439,1,1,1996,0,0,0,0,0,0,0,0,0,0
410439,2,1,1996,0,0,0,0,0,0,0,0,0,0
410440,1,1,1996,0,0,0,0,0,0,0,0,0,0
410441,1,1,1996,24,24,24,24,24,24,24,24,24,24
410441,2,1,1996,0,0,0,0,0,0,0,0,0,0
410442,1,1,1996,0,0,0,0,0,0,0,0,0,0
410442,2,1,1996,0,0,0,0,0,0,0,0,0,0
410443,1,1,1996,0,0,0,0,0,0,0,0,0,0
410443,2,1,1996,0,0,0,0,0,0,0,0,0,0
410444,1,1,1996,0,0,0,0,0,0,0,0,0,0
410445,1,1,1996,0,0,0,0,0,0,0,0,0,0
410445,2,1,1996,0,0,0,0,0,0,0,0,0,0
410446,1,1,1996,30,30,30,30,30,30,30,30,30,30
410447,1,1,1996,0,0,0,0,0,0,0,0,0,0
410447,2,1,1996,0,0,0,0,0,0,0,0,0,0
410448,1,1,1996,0,0,0,0,0,0,0,0,0,0
410448,2,1,1996,0,0,0,0,0,0,0,0,0,0
410449,1,1,1996,0,0,0,0,0,0,0,0,0,0
410450,1,1,1996,0,0,0,2,0,0,0,0,0,0
410450,2,1,1996,0,0,0,0,0,0,0,0,0,0
410451,1,1,1996,0,0,0,0,0,0,0,0,0,0
410452,1,1,1996,0,0,0,0,0,0,0,0,0,0
410452,2,1,1996,0,0,0,0,0,0,0,0,0,0
410452,3,1,1996,0,0,0,0,0,0,0,0,0,0
410453,1,1,1996,0,0,0,0,0,0,0,0,0,0
410453,2,1,1996,0,0,0,0,0,0,0,0,0,0
410454,1,1,1996,6,16,0,16,0,7,20,13,0,25
410456,1,1,1996,0,0,0,0,0,0,0,0,0,0
410457,1,1,1996,0,0,0,0,0,18,0,0,0,4
410457,2,1,1996,24,0,9,18,0,0,12,9,0,0
410458,0,1,1996,23,23,23,23,23,23,23,23,23,23
410458,1,1,1996,0,13,0,0,0,0,0,0,12,0
410459,0,1,1996,0,0,0,0,0,0,0,0,0,0
410459,1,1,1996,0,0,0,0,0,0,0,0,0,0
410460,1,1,1996,0,0,0,0,0,0,0,0,0,0
410460,2,1,1996,0,0,0,0,0,0,0,0,0,0
410461,1,1,1996,19,19,19,19,19,19,19,19,19,19
410462,1,1,1996,0,0,0,0,8,0,0,0,0,0
410462,2,1,1996,0,0,0,0,0,0,0,0,0,0
410463,1,1,1996,17,17,17,17,17,17,17,17,17,17
410463,2,1,1996,0,0,0,0,0,0,0,0,0,0
410464,1,1,1996,7,7,7,7,7,7,7,7,7,7
410464,2,1,1996,0,0,0,0,0,0,0,0,0,0
410465,0,1,1996,11,11,11,11,11,11,11,11,11,11
410465,1,1,1996,0,0,0,0,0,0,0,0,9,0
410465,2,1,1996,10,19,21,6,24,20,8,15,31,0
410466,0,1,1996,4,4,4,4,4,4,4,4,4,4
410466,0,2,1996,0,16,19,22,33,4,0,0,0,31
410466,1,1,1996,0,0,0,0,0,0,0,0,0,0
410467,1,1,1996,0,0,0,0,0,0,0,0,0,0
410467,2,1,1996,0,0,0,0,0,14,0,0,0,0
410468,1,1,1996,0,0,0,0,0,0,0,0,0,0
410468,2,1,1996,0,0,0,0,0,0,0,0,0,0
410469,1,1,1996,0,0,0,0,0,0,0,0,0,0
410469,2,1,1996,27,0,0,0,0,0,0,0,0,0
410469,3,1,1996,0,0,0,0,0,0,0,0,0,0
410470,1,1,1996,1,1,1,1,1,1,1,1,1,1
410471,1,1,1996,0,0,0,0,0,0,0,0,0,0
410471,2,1,1996,0,0,0,0,0,0,0,0,0,0
410472,0,1,1996,0,0,18,0,0,0,0,0,0,0
410472,1,1,1996,0,0,0,0,0,0,0,0,27,0
410473,1,1,1996,15,15,15,15,15,15,15,15,15,15
410474,0,1,1996,0,29,21,9,20,20,0,0,14,23
410474,1,1,1996,0,0,0,0,0,0,0,0,0,0
410475,1,1,1996,11,11,11,11,11,11,11,11,11,11
410476,1,1,1996,0,0,0,6,0,0,0,0,0,0
410476,2,1,1996,0,0,0,0,0,0,7,0,0,10
410476,3,1,1996,0,0,0,0,0,0,0,0,0,0
420001,1,1,1996,25,25,25,25,25,25,25,25,25,25
420001,2,1,1996,0,0,0,0,0,0,0,0,0,0
420002,1,1,1996,0,0,0,0,0,0,0,0,0,0
420003,1,1,1996,0,0,0,0,0,0,0,0,0,0
420003,2,1,1996,0,0,0,0,0,14,0,0,0,0
420004,1,1,1996,0,0,0,0,0,0,0,0,0,0
420004,2,1,1996,0,0,0,0,0,0,0,0,0,0
420005,1,1,1996,0,0,0,0,0,0,0,0,0,0
420005,2,1,1996,0,0,0,0,0,0,0,0,0,0
420006,0,1,1996,18,18,18,18,18,18,18,18,18,18
420006,1,1,1996,0,0,0,0,0,0,0,0,0,0
420007,1,1,1996,0,0,0,0,0,0,0,0,0,0
420007,2,1,1996,0,0,0,0,0,0,0,0,0,0
420008,1,1,1996,10,0,0,12,15,10,0,0,0,0
420009,1,1,1996,0,0,0,0,12,0,0,0,0,0
420009,2,1,1996,0,19,0,0,0,0,0,0,0,0
420010,1,1,1996,0,0,0,0,0,0,0,0,0,0
420010,2,1,1996,0,0,0,0,0,0,0,0,0,0
420011,1,1,1996,18,18,18,18,18,18,18,18,18,18
420011,2,1,1996,13,0,0,0,0,0,0,0,0,0
420012,1,1,1996,13,13,13,13,13,13,13,13,13,13
420013,0,1,1996,15,0,0,0,0,0,0,0,0,0
420013,1,1,1996,0,0,0,0,0,0,3,0,0,0
420014,1,1,1996,0,0,0,0,0,0,0,0,0,0
420015,1,1,1996,0,0,0,0,0,0,0,0,0,0
420016,1,1,1996,0,0,0,0,0,0,0,0,0,0
420017,1,1,1996,0,0,0,0,0,0,0,0,0,0
420018,1,1,1996,0,0,0,0,0,0,0,0,0,0
420018,2,1,1996,0,0,0,0,0,0,0,0,0,0
420019,1,1,1996,0,0,0,0,0,0,0,0,0,0
420020,1,1,1996,0,0,0,0,0,0,0,0,0,0
420020,2,1,1996,0,0,0,0,0,0,0,0,0,0
420021,1,1,1996,0,0,0,0,0,0,0,0,0,0
420021,2,1,1996,0,0,0,0,0,0,0,0,0,0
420022,0,1,1996,0,35,0,0,12,0,30,0,26,17
420022,0,2,1996,24,17,19,0,21,9,0,10,13,55
420022,1,1,1996,0,0,0,0,0,0,0,0,0,0
420023,1,1,1996,0,0,0,0,0,0,0,0,0,0
420023,2,1,1996,0,0,0,0,0,0,0,0,0,0
420024,0,1,1996,0,0,0,0,0,0,0,0,0,0
420024,1,1,1996,7,7,7,7,7,7,7,7,7,7
420025,0,1,1996,0,0,0,0,0,0,0,0,0,0
420025,1,1,1996,0,0,0,0,0,0,0,0,0,0
420026,1,1,1996,0,0,0,0,11,0,0,0,0,0
420026,2,1,1996,0,0,0,0,0,0,0,0,0,0
420027,1,1,1996,0,0,0,0,0,0,0,0,0,0
420027,2,1,1996,0,36,0,0,0,0,0,0,0,0
420028,0,1,1996,0,0,0,16,0,0,0,0,0,0
420028,1,1,1996,0,0,0,0,0,0,0,0,0,0
420028,2,1,1996,0,0,0,0,0,7,0,0,0,0
420029,0,1,1996,21,21,21,21,21,21,21,21,21,21
420029,1,1,1996,0,0,0,0,0,0,0,0,0,0
420030,1,1,1996,8,0,0,0,0,0,0,0,0,5
420030,2,1,1996,0,0,0,0,0,0,0,0,0,0
420031,1,1,1996,0,0,0,0,0,0,0,0,0,0
420032,1,1,1996,0,0,0,0,0,0,0,0,0,0
420032,2,1,1996,0,0,11,0,0,0,0,0,0,0
420033,1,1,1996,10,10,10,10,10,10,10,10,10,10
420034,1,1,1996,25,25,25,25,25,25,25,25,25,25
420034,2,1,1996,0,0,0,0,0,0,0,0,0,0
420034,3,1,1996,0,0,0,0,0,0,0,0,0,0
420035,0,1,1996,9,9,9,9,9,9,9,9,9,9
420035,0,2,1996,12,19,0,23,14,17,24,21,8,27
420035,1,1,1996,11,11,11,11,11,11,11,11,11,11
420036,1,1,1996,27,27,27,27,27,27,27,27,27,27
420036,2,1,1996,17,17,17,17,17,17,17,17,17,17
420037,1,1,1996,0,0,0,0,0,0,0,0,0,0
420038,0,1,1996,0,0,0,0,0,0,0,0,0,0
420038,2,1,1996,0,0,0,0,0,0,0,0,0,0
420039,1,1,1996,0,0,0,0,0,0,0,0,0,0
420039,2,1,1996,0,0,0,0,0,0,0,0,0,0
420040,1,1,1996,18,18,18,18,18,18,18,18,18,18
420041,1,1,1996,10,10,10,10,10,10,10,10,10,10
420042,0,1,1996,0,0,0,0,0,0,0,0,0,0
420042,1,1,1996,0,0,0,0,16,0,0,0,20,3
420043,1,1,1996,0,0,0,0,0,0,0,0,0,0
420044,1,1,1996,16,16,16,16,16,16,16,16,16,16
420045,1,1,1996,0,0,0,0,0,0,0,0,0,0
420045,2,1,1996,0,0,0,0,0,0,0,0,0,0
420046,1,1,1996,0,0,0,0,0,0,0,0,0,0
420046,2,1,1996,0,0,0,0,0,0,0,0,0,0
420046,3,1,1996,15,0,0,0,0,0,0,0,3,0
420047,1,1,1996,0,0,0,0,0,0,0,0,0,0
420048,1,1,1996,21,21,21,21,21,21,21,21,21,21
420049,1,1,1996,11,11,11,11,11,11,11,11,11,11
420050,1,1,1996,0,0,0,0,0,0,0,0,0,0
420050,2,1,1996,0,0,0,0,0,0,0,0,0,0
420051,1,1,1996,0,0,0,0,0,0,0,0,0,0
420052,1,1,1996,0,0,0,0,0,0,0,0,0,0
420053,1,1,1996,0,0,0,0,0,0,0,0,0,0
420053,2,1,1996,0,0,0,0,0,0,0,0,0,0
420054,0,1,1996,0,0,0,0,0,0,0,0,0,0
420054,1,1,1996,0,0,0,0,0,0,0,0,0,0
420055,0,1,1996,26,26,26,26,26,26,26,26,26,26
420055,1,1,1996,0,0,0,0,0,0,0,0,0,0
420056,1,1,1996,0,0,0,0,0,0,0,0,0,0
420057,1,1,1996,0,0,0,0,0,0,0,0,0,0
420057,2,1,1996,0,0,0,0,0,0,0,0,0,0
420058,1,1,1996,0,0,0,0,0,0,0,0,0,0
420058,2,1,1996,0,0,0,0,0,0,0,0,0,0
420059,1,1,1996,0,0,0,0,0,0,0,0,0,0
420059,2,1,1996,0,0,0,0,0,0,0,0,0,0
420060,1,1,1996,23,23,23,23,23,23,23,23,23,23
420061,1,1,1996,27,6,0,3,11,11,13,0,0,0
420061,2,1,1996,0,0,0,0,5,0,0,0,0,0
420062,1,1,1996,7,0,8,0,0,0,0,0,0,0
420062,2,1,1996,0,0,0,0,0,0,0,0,0,0
420063,0,1,1996,0,0,0,0,0,0,0,0,0,0
420063,1,1,1996,20,0,0,0,0,0,0,0,0,0
420064,0,1,1996,0,0,0,0,0,0,0,0,0,0
420064,1,1,1996,0,0,0,0,0,0,0,0,0,0
420065,1,1,1996,16,16,16,16,16,16,16,16,16,16
420066,1,1,1996,0,0,0,0,0,0,0,9,0,0
420066,2,1,1996,0,0,0,0,0,0,0,0,22,0
420067,1,1,1996,0,0,0,0,0,0,0,0,0,0
420068,1,1,1996,0,0,0,0,0,0,0,0,0,0
420069,0,1,1996,12,19,6,37,12,35,16,9,30,40
420069,1,1,1996,33,33,33,33,33,33,33,33,33,33
420070,1,1,1996,0,0,0,0,0,0,0,0,0,0
420071,1,1,1996,15,15,15,15,15,15,15,15,15,15
420072,1,1,1996,0,0,0,0,0,0,0,0,0,0
420072,2,1,1996,0,0,0,0,0,0,0,0,0,0
420073,1,1,1996,20,20,20,20,20,20,20,20,20,20
420074,1,1,1996,16,16,16,16,16,16,16,16,16,16
420075,1,1,1996,0,0,0,0,0,0,0,0,0,0
420075,2,1,1996,0,0,0,0,0,0,0,0,0,0
420076,1,1,1996,0,0,0,0,0,0,0,0,0,0
420076,2,1,1996,0,0,0,8,0,0,0,0,0,0
420077,1,1,1996,0,0,0,0,12,0,0,0,0,0
420077,2,1,1996,0,0,0,0,0,0,0,0,0,0
420078,1,1,1996,0,0,0,0,0,0,0,0,0,0
420078,2,1,1996,0,0,0,0,0,0,0,0,0,0
420079,1,1,1996,11,11,11,11,11,11,11,11,11,11
420080,1,1,1996,0,0,0,0,0,0,0,0,0,0
420081,1,1,1996,31,31,31,31,31,31,31,31,31,31
420082,1,1,1996,0,0,0,0,0,0,0,0,0,0
420082,2,1,1996,15,0,0,0,0,0,0,0,0,0
420083,0,1,1996,0,0,0,0,0,0,0,0,0,0
420083,1,1,1996,0,0,0,0,0,0,0,0,0,0