ST_CASE,VEH_NO,PER_NO,YEAR,P1,P2,P3,P4,P5,P6,P7,P8,P9,P10
420084,1,1,1996,0,0,0,0,0,0,0,0,0,0
420084,2,1,1996,0,0,0,0,0,0,0,0,0,0
420084,3,1,1996,0,0,0,0,0,0,0,0,0,0
420085,1,1,1996,5,10,9,12,11,12,0,19,0,6
420085,2,1,1996,36,36,36,36,36,36,36,36,36,36
420086,1,1,1996,0,0,0,0,0,0,0,0,0,0
420087,1,1,1996,8,8,8,8,8,8,8,8,8,8
420088,1,1,1996,0,0,0,0,0,0,0,0,0,0
420088,2,1,1996,0,0,0,0,0,0,0,0,0,0
420089,1,1,1996,0,0,0,0,0,0,0,0,0,0
420089,2,1,1996,0,0,0,0,0,0,0,0,0,0
420089,3,1,1996,0,0,0,0,0,0,0,0,0,0
420089,4,1,1996,0,0,0,0,0,0,0,18,0,0
420090,1,1,1996,0,0,0,0,0,0,0,0,0,0
420090,2,1,1996,0,0,0,0,0,0,0,0,0,0
420091,1,1,1996,0,0,0,0,0,0,0,0,0,0
420091,2,1,1996,0,0,0,0,0,0,0,0,0,0
420091,3,1,1996,0,0,0,0,0,0,0,0,0,0
420092,1,1,1996,0,0,0,0,0,0,0,0,0,0
420092,2,1,1996,0,0,0,0,0,0,0,0,0,0
420093,1,1,1996,0,0,0,0,0,0,0,0,0,0
420093,2,1,1996,0,0,0,0,0,0,0,0,0,0
420093,3,1,1996,0,0,0,0,0,0,0,0,0,0
420093,4,1,1996,0,0,0,0,0,0,0,0,0,0
420094,1,1,1996,0,0,0,0,0,0,0,0,0,0
420095,0,1,1996,0,0,0,0,0,0,0,0,0,0
420095,1,1,1996,0,0,0,0,0,0,0,0,0,0
420096,0,1,1996,28,18,26,8,20,0,8,21,21,10
420096,1,1,1996,0,0,0,0,0,0,0,0,0,0
420097,0,1,1996,0,0,0,0,0,0,0,0,0,0
420097,1,1,1996,0,0,0,0,0,0,0,0,0,0
420098,1,1,1996,9,9,9,9,9,9,9,9,9,9
420099,1,1,1996,7,31,25,29,22,11,15,3,13,22
420099,2,1,1996,0,0,0,0,0,0,0,0,0,0
420100,1,1,1996,0,0,0,0,0,0,0,0,0,0
420100,2,1,1996,0,0,0,0,0,0,0,0,0,0
420101,0,1,1996,0,0,0,0,0,0,0,0,0,0
420101,1,1,1996,4,0,0,0,0,0,0,0,0,0
420102,1,1,1996,1,1,1,1,1,1,1,1,1,1
420103,1,1,1996,0,0,0,0,0,0,0,0,0,0
420104,1,1,1996,0,0,0,0,0,0,0,0,0,0
420104,2,1,1996,0,0,0,0,0,0,0,0,0,0
420105,0,1,1996,15,0,17,0,29,0,38,21,0,25
420105,1,1,1996,0,0,0,0,0,0,0,0,0,0
420106,1,1,1996,0,0,0,0,0,0,0,0,0,0
420106,2,1,1996,0,0,0,0,0,0,0,0,0,0
420107,1,1,1996,0,0,0,0,0,0,0,0,0,0
420107,2,1,1996,0,0,0,0,0,0,0,0,0,0
420108,1,1,1996,23,23,23,23,23,23,23,23,23,23
420109,1,1,1996,0,0,0,0,0,0,0,0,0,0
420109,2,1,1996,0,0,0,0,0,0,0,0,0,0
420110,1,1,1996,0,0,0,0,0,0,0,0,0,0
420110,2,1,1996,0,0,0,0,0,0,0,0,0,0
420110,3,1,1996,0,0,0,0,0,0,0,0,0,0
420110,4,1,1996,0,0,20,0,0,0,0,0,0,0
420111,1,1,1996,0,0,0,0,0,0,0,0,0,0
420111,2,1,1996,0,0,0,0,0,0,0,0,0,0
420112,1,1,1996,0,0,0,0,0,0,0,0,0,0
420112,2,1,1996,0,0,0,0,0,0,0,0,0,0
420112,3,1,1996,0,0,0,0,0,0,0,0,0,0
420113,0,1,1996,20,20,20,20,20,20,20,20,20,20
420113,1,1,1996,0,0,0,0,0,0,0,0,0,0
420114,0,1,1996,0,0,0,0,0,0,0,0,0,0
420114,1,1,1996,0,0,0,0,0,0,0,0,0,0
420115,1,1,1996,20,20,20,20,20,20,20,20,20,20
420115,2,1,1996,9,9,9,9,9,9,9,9,9,9
420116,1,1,1996,17,17,17,17,17,17,17,17,17,17
420116,2,1,1996,0,0,0,0,0,0,0,0,0,0
420117,1,1,1996,20,20,20,20,20,20,20,20,20,20
420118,1,1,1996,0,0,0,0,0,0,0,0,0,0
420118,2,1,1996,0,0,0,0,0,0,0,0,0,0
420119,1,1,1996,14,14,14,14,14,14,14,14,14,14
420119,2,1,1996,17,17,17,17,17,17,17,17,17,17
420120,0,1,1996,0,0,0,0,0,0,0,0,0,0
420120,1,1,1996,5,9,8,9,14,5,18,29,13,0
420121,0,1,1996,0,0,0,0,0,0,0,0,0,0
420121,1,1,1996,0,0,0,0,0,0,0,0,0,0
420122,1,1,1996,26,26,26,26,26,26,26,26,26,26
420122,2,1,1996,0,0,0,0,0,0,0,0,0,0
420123,1,1,1996,0,0,0,0,0,0,0,0,0,0
420123,2,1,1996,0,0,0,0,0,0,0,0,0,0
420124,1,1,1996,0,0,0,0,0,0,0,0,0,0
420125,1,1,1996,0,0,0,0,0,0,0,0,0,0
420125,2,1,1996,0,0,0,0,0,0,0,0,0,0
420126,0,1,1996,0,0,0,0,22,0,0,27,0,0
420126,1,1,1996,0,0,0,24,0,0,0,0,18,0
420127,1,1,1996,0,30,14,0,30,0,20,0,0,19
420128,1,1,1996,0,0,0,0,0,0,0,0,0,0
420129,1,1,1996,0,0,0,0,0,0,0,0,0,0
420129,2,1,1996,0,0,0,0,0,0,0,0,0,0
420130,0,1,1996,0,0,0,0,0,0,0,0,0,0
420130,1,1,1996,0,0,0,0,0,0,0,0,0,6
420131,1,1,1996,0,0,0,0,0,0,0,0,0,0
420131,2,1,1996,0,0,0,0,0,0,0,0,0,0
420132,1,1,1996,16,16,16,16,16,16,16,16,16,16
420133,1,1,1996,0,0,0,0,0,0,0,0,0,0
420133,2,1,1996,0,0,0,0,0,0,0,0,0,0
420133,3,1,1996,0,0,0,0,0,0,0,0,0,0
420134,0,1,1996,0,0,0,0,0,0,0,0,0,0
420134,1,1,1996,18,18,18,18,18,18,18,18,18,18
420135,1,1,1996,27,27,27,27,27,27,27,27,27,27
420136,0,1,1996,0,0,0,0,0,0,0,0,0,0
420136,0,2,1996,0,0,46,0,0,0,16,0,0,0
420136,1,1,1996,0,0,0,0,0,0,0,0,0,0
420137,1,1,1996,0,0,0,0,0,0,0,13,0,0
420138,1,1,1996,0,22,0,0,0,0,0,0,0,0
420138,2,1,1996,0,0,0,0,0,0,0,0,0,0
420139,1,1,1996,10,10,10,10,10,10,10,10,10,10
420140,1,1,1996,0,0,0,0,0,0,0,0,0,0
420140,2,1,1996,0,0,0,0,0,0,0,0,0,0
420141,1,1,1996,6,0,0,0,14,0,3,0,0,0
420141,2,1,1996,0,0,0,0,0,0,0,0,0,0
420142,1,1,1996,30,19,27,11,14,32,0,15,17,15
420143,1,1,1996,10,9,0,0,0,0,0,0,5,2
420144,1,1,1996,15,15,15,15,15,15,15,15,15,15
420145,1,1,1996,14,14,14,14,14,14,14,14,14,14
420146,1,1,1996,15,15,15,15,15,15,15,15,15,15
420147,1,1,1996,0,0,0,0,0,0,0,0,0,0
420147,2,1,1996,0,0,0,0,0,0,0,0,0,0
420147,3,1,1996,5,0,0,0,0,0,0,0,0,0
420148,1,1,1996,10,10,10,10,10,10,10,10,10,10
420148,2,1,1996,20,11,19,13,7,14,16,13,15,12
420149,1,1,1996,0,0,0,0,0,0,0,0,0,0
420150,1,1,1996,22,22,22,22,22,22,22,22,22,22
420151,1,1,1996,0,0,0,0,0,0,0,0,0,0
420152,1,1,1996,0,0,0,0,0,0,0,0,0,0
420153,1,1,1996,0,0,0,0,0,0,0,0,0,0
420153,2,1,1996,0,0,0,0,0,0,0,0,0,0
420154,0,1,1996,0,0,0,0,0,6,0,0,0,0
420154,1,1,1996,0,0,0,0,0,0,0,0,0,18
420155,1,1,1996,11,11,11,11,11,11,11,11,11,11
420155,2,1,1996,0,0,0,0,0,0,0,0,0,0
420156,0,1,1996,44,44,44,44,44,44,44,44,44,44
420156,1,1,1996,15,15,15,15,15,15,15,15,15,15
420157,1,1,1996,0,0,0,0,0,0,0,0,0,0
420158,1,1,1996,0,0,0,0,0,0,5,0,0,0
420158,2,1,1996,0,0,0,0,0,0,0,0,0,18
420159,1,1,1996,0,0,0,0,0,0,0,0,0,0
420160,1,1,1996,18,18,18,18,18,18,18,18,18,18
420161,1,1,1996,0,0,0,0,0,0,0,0,0,0
420162,1,1,1996,9,6,18,19,18,20,34,4,5,9
420162,2,1,1996,9,9,9,9,9,9,9,9,9,9
420163,1,1,1996,0,0,0,0,0,0,0,0,0,0
420164,1,1,1996,11,11,11,11,11,11,11,11,11,11
420165,0,1,1996,0,0,0,0,0,0,0,0,0,0
420165,1,1,1996,0,0,0,0,0,0,0,0,0,0
420166,1,1,1996,21,21,21,21,21,21,21,21,21,21
420166,2,1,1996,0,0,0,0,0,0,0,0,0,0
420167,1,1,1996,17,17,17,17,17,17,17,17,17,17
420168,1,1,1996,21,21,21,21,21,21,21,21,21,21
420169,1,1,1996,0,0,0,0,0,0,0,0,0,0
420169,2,1,1996,0,0,0,36,0,0,0,0,0,0
420170,1,1,1996,12,12,12,12,12,12,12,12,12,12
420171,1,1,1996,0,0,0,9,0,0,0,0,0,0
420171,2,1,1996,0,0,0,0,0,0,0,0,0,0
420172,0,1,1996,0,0,0,0,0,0,0,0,0,0
420172,1,1,1996,0,0,0,0,0,0,0,0,0,0
420173,1,1,1996,0,0,0,0,0,0,0,0,0,26
420174,0,1,1996,0,0,0,0,0,0,0,0,0,0
420174,1,1,1996,0,0,0,0,0,0,0,0,0,0
420175,1,1,1996,24,24,24,24,24,24,24,24,24,24
420175,2,1,1996,0,0,0,0,0,0,0,0,0,0
420176,0,1,1996,0,0,0,0,0,7,0,0,0,0
420176,1,1,1996,0,0,0,0,0,0,0,0,0,0
420177,0,1,1996,0,0,0,0,0,0,0,0,0,0
420177,1,1,1996,0,0,0,0,0,0,0,0,0,0
420178,1,1,1996,0,0,0,0,0,13,0,0,0,0
420178,2,1,1996,0,0,0,0,0,0,0,0,0,9
420179,0,1,1996,14,14,14,14,14,14,14,14,14,14
420179,1,1,1996,0,0,0,0,0,0,0,0,0,0
420180,1,1,1996,0,0,0,0,0,0,0,0,0,0
420180,2,1,1996,0,0,0,0,0,0,0,0,0,0
420181,1,1,1996,13,13,13,13,13,13,13,13,13,13
420182,1,1,1996,0,0,0,0,0,0,0,0,0,0
420182,2,1,1996,0,0,0,0,0,0,0,0,0,0
420183,1,1,1996,30,30,30,30,30,30,30,30,30,30
420183,2,1,1996,0,0,0,0,0,0,0,0,0,0
420184,1,1,1996,14,14,14,14,14,14,14,14,14,14
420185,1,1,1996,0,0,0,0,0,0,0,0,16,0
420186,1,1,1996,13,13,13,13,13,13,13,13,13,13
420187,1,1,1996,0,0,0,0,0,0,0,0,0,0
420187,2,1,1996,0,0,0,0,0,0,0,0,0,0
420188,1,1,1996,0,0,0,0,0,0,0,0,0,0
420189,1,1,1996,0,0,0,0,0,0,0,0,0,0
420190,1,1,1996,0,0,0,0,0,0,0,0,0,0
420191,1,1,1996,21,21,21,21,21,21,21,21,21,21
420191,2,1,1996,0,23,0,0,0,0,0,0,0,0
420192,1,1,1996,0,0,0,0,0,0,0,0,0,0
420193,1,1,1996,33,33,33,33,33,33,33,33,33,33
420194,1,1,1996,0,0,0,0,0,0,0,0,0,0
420195,1,1,1996,0,0,0,0,0,0,0,0,0,0
420196,1,1,1996,24,0,0,0,0,0,0,0,0,7
420197,1,1,1996,0,0,0,0,0,0,0,0,0,25
420198,0,1,1996,0,0,0,0,0,0,0,0,0,0
420198,1,1,1996,0,0,0,0,15,0,0,0,0,0
420198,2,1,1996,0,0,0,14,0,0,0,0,11,0
420198,3,1,1996,0,0,0,0,0,0,0,0,0,0
420198,4,1,1996,0,0,0,0,0,0,0,0,0,0
420198,5,1,1996,0,0,0,0,0,0,7,0,0,0
420198,6,1,1996,0,0,0,0,0,0,13,0,0,0
420198,7,1,1996,0,0,0,0,0,0,0,0,0,0
420198,8,1,1996,0,0,0,0,0,0,0,0,0,0
420199,0,1,1996,0,0,0,0,0,0,0,0,0,0
420199,1,1,1996,0,0,0,0,0,0,0,0,0,0
420200,1,1,1996,0,0,0,0,0,0,0,0,0,0
420201,1,1,1996,0,0,0,0,0,0,0,0,0,0
420202,1,1,1996,0,0,0,0,0,0,0,0,0,0
420202,2,1,1996,0,0,0,0,0,0,0,0,0,0
420203,1,1,1996,10,10,10,10,10,10,10,10,10,10
420204,0,1,1996,0,0,0,0,0,0,0,0,0,0
420204,1,1,1996,0,0,0,0,0,0,11,0,0,0
420205,1,1,1996,20,22,0,18,12,0,21,18,5,28
420206,1,1,1996,5,5,5,5,5,5,5,5,5,5
420207,1,1,1996,18,18,18,18,18,18,18,18,18,18
420208,1,1,1996,0,0,0,0,0,0,0,0,0,0
420208,2,1,1996,0,0,0,0,0,0,0,0,0,0
420209,1,1,1996,0,0,0,0,0,0,0,0,0,0
420209,2,1,1996,0,0,0,0,0,0,0,0,0,0
420210,1,1,1996,0,0,0,0,0,0,0,0,0,0
420211,1,1,1996,0,0,0,0,0,0,0,0,0,0
420212,1,1,1996,11,11,11,11,11,11,11,11,11,11
420213,1,1,1996,20,20,20,20,20,20,20,20,20,20
420214,1,1,1996,0,0,0,0,0,0,0,0,0,0
420214,2,1,1996,0,0,0,0,0,0,0,0,0,0
420214,3,1,1996,0,0,0,0,0,0,0,0,0,0
420215,0,1,1996,0,0,0,0,0,0,0,0,0,0
420215,1,1,1996,0,0,0,0,0,0,0,0,0,0
420216,0,1,1996,0,0,0,0,0,0,0,0,0,0
420216,1,1,1996,0,0,0,0,0,0,0,0,0,0
420217,1,1,1996,0,0,0,0,0,0,0,0,0,0
420218,0,1,1996,0,0,0,0,0,0,0,0,0,0
420218,1,1,1996,0,0,0,0,0,10,0,18,0,0
420219,1,1,1996,15,15,15,15,15,15,15,15,15,15
420220,1,1,1996,0,0,0,0,0,0,0,0,0,0
420220,2,1,1996,0,23,0,0,0,0,0,0,0,0
420220,3,1,1996,0,0,0,0,0,0,0,0,0,0
420221,1,1,1996,0,0,0,0,0,0,0,0,0,0
420222,1,1,1996,22,22,22,22,22,22,22,22,22,22
420222,2,1,1996,0,0,0,0,0,0,0,0,0,0
420222,3,1,1996,0,0,0,0,0,0,0,0,0,19
420223,1,1,1996,16,16,16,16,16,16,16,16,16,16
420224,1,1,1996,10,10,10,10,10,10,10,10,10,10
420225,1,1,1996,25,25,25,25,25,25,25,25,25,25
420225,2,1,1996,0,0,0,0,0,0,0,0,0,0
420226,1,1,1996,0,0,0,0,0,0,0,0,0,0
420226,2,1,1996,0,0,0,0,0,0,0,0,0,0
420226,3,1,1996,0,0,0,0,0,0,0,0,0,0
420227,1,1,1996,0,0,0,0,0,0,0,0,0,0
420228,1,1,1996,0,0,0,0,0,0,0,0,0,20
420228,2,1,1996,0,0,0,0,0,0,0,0,0,0
420229,1,1,1996,0,0,0,0,0,0,0,0,0,0
420230,1,1,1996,0,0,16,0,0,0,0,0,0,0
420231,0,1,1996,21,0,36,4,0,13,26,0,30,29
420231,1,1,1996,0,0,0,0,0,0,0,0,0,0
420231,2,1,1996,0,24,0,14,11,0,0,0,12,0
420232,1,1,1996,29,29,29,29,29,29,29,29,29,29
420233,1,1,1996,0,0,0,0,0,0,0,0,0,0
420233,2,1,1996,0,0,0,0,0,0,0,0,0,0
420233,3,1,1996,0,0,0,0,0,0,0,0,0,0
420234,0,1,1996,0,0,0,0,0,0,0,0,0,0
420234,1,1,1996,0,0,0,0,0,0,0,0,0,0
420235,1,1,1996,22,22,22,22,22,22,22,22,22,22
420236,0,1,1996,0,0,0,0,0,0,0,0,0,0
420236,1,1,1996,0,0,0,0,0,0,0,0,0,0
420237,1,1,1996,23,23,23,23,23,23,23,23,23,23
420238,1,1,1996,19,19,19,19,19,19,19,19,19,19
420239,1,1,1996,0,33,25,0,0,12,16,0,13,17
420240,0,1,1996,0,0,0,0,0,0,0,0,0,0
420240,1,1,1996,0,0,0,0,0,0,0,15,0,0
420241,1,1,1996,0,0,0,0,0,0,0,0,0,0
420242,0,1,1996,0,0,0,0,0,0,0,0,0,0
420242,1,1,1996,0,0,0,0,0,0,0,0,0,0
420243,1,1,1996,0,0,0,0,0,0,0,0,0,0
420243,2,1,1996,0,0,0,0,0,0,0,0,0,0
420243,3,1,1996,0,0,0,0,0,0,0,0,0,0
420243,4,1,1996,0,0,0,0,0,0,0,0,0,0
420243,5,1,1996,0,0,0,0,0,0,0,0,0,0
420244,1,1,1996,0,0,0,0,0,0,0,0,0,0
420245,1,1,1996,0,0,0,0,0,0,0,0,0,0
420246,1,1,1996,26,26,26,26,26,26,26,26,26,26
420246,2,1,1996,11,11,11,11,11,11,11,11,11,11
420247,1,1,1996,22,22,22,22,22,22,22,22,22,22
420248,1,1,1996,16,0,0,0,0,0,0,0,0,0
420249,1,1,1996,0,0,0,0,0,0,0,0,0,0
420250,1,1,1996,0,0,0,0,0,0,0,0,9,0
420251,0,1,1996,26,26,26,26,26,26,26,26,26,26
420251,1,1,1996,4,4,4,4,4,4,4,4,4,4
420252,1,1,1996,0,0,0,0,0,0,0,0,0,0
420253,1,1,1996,0,0,0,0,0,0,0,0,0,0
420254,1,1,1996,15,15,15,15,15,15,15,15,15,15
420254,2,1,1996,12,12,12,12,12,12,12,12,12,12
420255,1,1,1996,0,0,0,0,0,0,0,0,0,0
420256,1,1,1996,0,0,0,0,0,0,0,0,0,0
420256,2,1,1996,0,10,0,0,0,0,0,0,0,0
420257,0,1,1996,13,13,13,13,13,13,13,13,13,13
420257,1,1,1996,0,0,0,0,0,0,0,0,0,0
420258,1,1,1996,0,0,0,0,0,0,0,0,0,0
420258,2,1,1996,0,0,0,0,0,0,0,0,0,0
420258,3,1,1996,0,0,0,0,0,0,0,0,0,0
420258,4,1,1996,0,0,0,0,0,0,0,0,0,0
420259,0,1,1996,0,0,34,0,15,0,13,26,11,41
420259,1,1,1996,7,0,0,0,0,0,0,0,0,0
420259,2,1,1996,0,0,0,14,0,0,0,0,0,0
420260,1,1,1996,0,0,0,0,0,0,0,0,0,0
420261,0,1,1996,0,0,0,0,0,0,0,0,0,0
420261,1,1,1996,0,0,0,0,0,0,0,0,0,0
420262,1,1,1996,0,0,0,0,0,0,0,0,0,0
420262,2,1,1996,0,0,0,0,0,0,0,0,0,0
420263,1,1,1996,0,0,0,0,0,0,0,0,0,0
420263,2,1,1996,0,0,0,0,17,0,0,0,0,0
420264,1,1,1996,0,0,0,0,0,0,0,0,0,7
420265,1,1,1996,27,27,27,27,27,27,27,27,27,27
420266,1,1,1996,0,0,0,0,0,0,0,0,0,0
420266,2,1,1996,0,0,0,0,0,0,0,0,0,0
420267,1,1,1996,0,0,0,0,0,0,0,0,0,0
420267,2,1,1996,0,0,0,0,0,0,0,0,0,0
420268,1,1,1996,24,24,24,24,24,24,24,24,24,24
420269,1,1,1996,0,0,0,0,0,0,0,0,0,0
420269,2,1,1996,0,0,0,0,0,0,0,0,0,0
420270,1,1,1996,0,0,0,0,0,0,0,0,0,0
420271,1,1,1996,24,24,24,24,24,24,24,24,24,24
420271,2,1,1996,0,0,0,0,0,0,0,0,0,0
420272,0,1,1996,0,0,0,0,0,0,0,0,0,0
420272,1,1,1996,4,4,4,4,4,4,4,4,4,4
420273,1,1,1996,0,0,0,0,0,0,0,0,0,0
420274,1,1,1996,0,0,0,0,0,0,0,0,0,0
420274,2,1,1996,0,0,0,0,0,0,0,0,0,0
420275,1,1,1996,0,0,0,0,0,0,0,0,0,0
420275,2,1,1996,0,0,0,0,0,0,0,0,0,0
420276,1,1,1996,14,14,14,14,14,14,14,14,14,14
420277,1,1,1996,30,0,0,0,0,0,15,0,0,0
420278,1,1,1996,0,0,0,0,0,0,0,0,0,0
420278,2,1,1996,0,0,0,0,0,0,0,0,0,0
420279,1,1,1996,0,0,0,0,0,0,0,0,0,0
420279,2,1,1996,0,0,0,0,0,0,0,0,0,0
420280,1,1,1996,27,27,27,27,27,27,27,27,27,27
420281,1,1,1996,0,0,0,0,0,0,0,0,0,0
420282,1,1,1996,0,0,0,0,0,0,0,0,0,0
420282,2,1,1996,0,0,0,0,0,0,15,0,0,0
420283,1,1,1996,0,0,0,0,0,0,25,0,0,0
420284,1,1,1996,0,0,0,0,0,0,0,0,0,0
420284,2,1,1996,0,0,0,0,0,0,0,0,0,0
420284,3,1,1996,0,0,0,0,0,0,0,0,0,0
420285,1,1,1996,8,8,8,8,8,8,8,8,8,8
420285,2,1,1996,0,0,0,0,20,0,0,0,0,0
420286,1,1,1996,0,0,0,0,0,0,0,0,0,0
420286,2,1,1996,5,0,0,0,0,0,0,0,0,0
420287,1,1,1996,0,0,0,0,0,0,0,0,0,0
420287,2,1,1996,0,0,0,0,0,0,0,0,0,0
420288,0,1,1996,22,22,22,22,22,22,22,22,22,22
420288,1,1,1996,0,0,0,0,0,0,0,0,0,0
420289,1,1,1996,12,12,12,12,12,12,12,12,12,12
420289,2,1,1996,0,0,0,0,0,10,0,0,0,21
420290,0,1,1996,0,0,24,0,0,0,0,0,0,0
420290,1,1,1996,0,0,0,0,0,0,0,0,0,8
420291,0,1,1996,0,0,10,0,0,0,0,0,0,0
420291,1,1,1996,0,0,0,0,0,0,0,0,0,0
420292,0,1,1996,0,0,0,0,0,0,0,0,0,0
420292,1,1,1996,0,0,0,0,0,0,0,0,0,0
420293,1,1,1996,24,24,24,24,24,24,24,24,24,24
420293,2,1,1996,26,26,26,26,26,26,26,26,26,26
420294,1,1,1996,8,8,8,8,8,8,8,8,8,8
420295,0,1,1996,0,0,0,0,0,0,0,0,0,0
420295,1,1,1996,0,0,0,0,0,0,0,0,0,0
420296,1,1,1996,0,0,0,0,0,0,0,0,0,0
420296,2,1,1996,0,0,0,0,0,0,0,0,0,0
420297,1,1,1996,12,12,12,12,12,12,12,12,12,12
420297,2,1,1996,0,0,0,0,0,0,0,0,0,0
420298,0,1,1996,11,11,11,11,11,11,11,11,11,11
420298,1,1,1996,17,0,0,0,13,14,0,0,0,0
420299,0,1,1996,0,0,0,0,0,0,19,0,0,0
420299,0,2,1996,0,0,4,0,0,0,0,0,25,11
420299,1,1,1996,0,0,0,0,0,0,0,0,0,0
420299,2,1,1996,0,0,0,0,0,0,0,0,0,0
420300,0,1,1996,20,27,1,19,20,31,25,13,38,35
420300,1,1,1996,0,0,0,0,0,0,0,0,0,9
420301,0,1,1996,0,0,0,10,0,18,16,0,0,23
420301,1,1,1996,4,13,8,0,22,0,3,9,12,19
420302,1,1,1996,20,20,20,20,20,20,20,20,20,20
420303,1,1,1996,0,10,0,0,0,0,0,0,0,7
420304,1,1,1996,11,0,15,25,0,27,0,17,12,16
420304,2,1,1996,0,0,0,0,0,0,0,0,0,0
420305,1,1,1996,0,0,0,0,0,0,0,0,0,0
420305,2,1,1996,0,0,0,0,0,0,0,0,0,0
420306,1,1,1996,0,0,0,0,0,0,0,0,0,0
420307,1,1,1996,0,0,0,0,0,0,0,0,0,0
420307,2,1,1996,0,0,0,0,0,0,0,0,0,0
420308,0,1,1996,0,0,0,0,0,0,0,0,0,0
420308,1,1,1996,0,4,0,0,17,0,0,0,0,0
420309,0,1,1996,0,0,0,0,0,0,0,0,0,0
420309,1,1,1996,0,0,0,0,0,0,4,0,0,0
420310,0,1,1996,0,0,0,0,0,0,0,0,0,0
420310,1,1,1996,0,0,0,0,0,0,0,0,0,0
420311,0,1,1996,0,0,0,0,0,0,0,0,0,0
420311,1,1,1996,0,10,0,0,0,0,0,0,0,0
420312,1,1,1996,9,9,9,9,9,9,9,9,9,9
420313,1,1,1996,0,0,0,0,0,0,0,0,0,0
420314,0,1,1996,0,0,0,0,0,22,0,0,0,0
420314,1,1,1996,0,0,0,0,0,0,0,0,0,0
420315,1,1,1996,0,0,0,0,0,0,0,0,0,0
420316,0,1,1996,0,0,0,0,0,0,0,0,0,0
420316,1,1,1996,0,0,0,0,0,0,0,0,0,0
420317,1,1,1996,12,13,8,0,14,0,30,25,24,7
420317,2,1,1996,17,0,0,12,0,0,0,32,0,0
420318,0,1,1996,0,0,0,0,0,0,0,0,0,0
420318,1,1,1996,0,0,0,0,0,0,0,0,0,0
420319,1,1,1996,0,0,0,0,0,0,0,0,0,0
420320,0,1,1996,0,0,0,0,0,0,0,0,0,0
420320,1,1,1996,0,0,0,0,0,0,0,0,0,0
420321,0,1,1996,0,0,0,0,0,0,0,0,0,0
420321,1,1,1996,0,10,9,13,6,0,0,6,0,0
420322,1,1,1996,0,0,0,0,0,0,0,0,19,0
420322,2,1,1996,0,0,0,0,0,0,0,0,0,0
420322,3,1,1996,0,17,0,0,15,0,44,0,0,0
420322,4,1,1996,0,0,0,0,0,0,0,0,0,0
420323,1,1,1996,16,16,16,16,16,16,16,16,16,16
420324,1,1,1996,0,0,0,0,0,0,0,0,0,0
420324,2,1,1996,8,8,8,8,8,8,8,8,8,8
420325,1,1,1996,0,0,0,0,0,0,0,0,0,0
420325,2,1,1996,0,13,0,16,10,0,0,0,0,0
420326,1,1,1996,10,10,10,10,10,10,10,10,10,10
420327,1,1,1996,0,0,0,0,0,0,0,0,0,0
420328,1,1,1996,0,0,0,0,0,0,0,0,0,0
420329,1,1,1996,0,0,0,0,0,0,0,0,0,0
420329,2,1,1996,0,0,0,0,0,0,0,0,0,0
420330,1,1,1996,0,0,0,0,0,0,0,0,0,0
420331,1,1,1996,12,12,12,12,12,12,12,12,12,12
420332,1,1,1996,13,13,13,13,13,13,13,13,13,13
420333,1,1,1996,8,8,8,8,8,8,8,8,8,8
420333,2,1,1996,0,0,0,0,0,0,0,0,0,13
420334,1,1,1996,26,26,26,26,26,26,26,26,26,26
420334,2,1,1996,0,0,0,0,0,0,0,0,0,0
420335,1,1,1996,0,0,0,0,0,0,0,0,0,0
420335,2,1,1996,0,0,0,0,0,0,0,0,0,0
420336,1,1,1996,15,15,15,15,15,15,15,15,15,15
420337,1,1,1996,0,0,0,0,0,0,0,0,0,0
420337,2,1,1996,0,0,0,0,0,0,0,0,0,0
420338,1,1,1996,0,0,15,18,19,0,0,0,19,0
420339,1,1,1996,9,9,9,9,9,9,9,9,9,9
420340,1,1,1996,10,0,0,0,0,0,0,0,0,0
420340,2,1,1996,0,0,0,0,0,0,0,0,0,0
420341,0,1,1996,0,0,0,0,0,0,0,0,0,0
420341,1,1,1996,0,0,0,0,0,0,0,0,0,0
420341,2,1,1996,0,0,0,0,0,0,0,0,0,0
420342,1,1,1996,0,0,0,0,0,0,0,0,0,0
420342,2,1,1996,0,0,0,0,0,0,0,0,0,0
420342,3,1,1996,0,0,0,0,0,0,0,0,0,0
420343,1,1,1996,0,0,0,0,0,0,0,0,0,0
420343,2,1,1996,0,0,0,0,0,0,0,0,0,0
420343,3,1,1996,0,0,0,0,0,0,0,0,0,0
420344,1,1,1996,0,0,0,0,0,0,0,0,0,0
420344,2,1,1996,0,0,0,0,0,0,0,0,0,0
420345,0,1,1996,15,15,15,15,15,15,15,15,15,15
420345,1,1,1996,0,0,0,0,0,0,0,0,0,0
420346,1,1,1996,0,0,0,0,0,0,0,0,0,0
420346,2,1,1996,0,0,0,0,0,0,0,0,0,0
420347,1,1,1996,0,0,0,0,0,0,0,0,0,0
420347,2,1,1996,0,0,0,0,0,0,0,0,0,0
420348,1,1,1996,0,0,0,0,0,0,0,0,0,0
420349,1,1,1996,0,0,0,0,0,0,0,0,0,0
420349,2,1,1996,0,0,0,0,0,0,0,0,0,0