ST_CASE,VEH_NO,PER_NO,YEAR,P1,P2,P3,P4,P5,P6,P7,P8,P9,P10
420892,1,1,1996,0,0,0,0,0,0,0,0,0,0
420892,2,1,1996,0,0,0,0,0,0,0,0,0,0
420893,1,1,1996,0,0,0,0,0,0,0,0,0,0
420893,2,1,1996,0,0,0,0,0,0,0,0,0,0
420894,1,1,1996,13,13,13,13,13,13,13,13,13,13
420895,1,1,1996,21,21,21,21,21,21,21,21,21,21
420896,1,1,1996,34,34,34,34,34,34,34,34,34,34
420897,0,1,1996,21,0,0,0,0,0,0,16,0,0
420897,1,1,1996,0,0,6,0,0,0,0,0,0,0
420898,0,1,1996,0,0,0,0,0,0,0,0,0,0
420898,0,2,1996,0,0,0,0,0,0,0,0,0,0
420898,1,1,1996,0,0,0,0,0,0,0,0,0,0
420899,1,1,1996,0,0,0,0,0,0,0,0,0,0
420900,0,1,1996,23,23,23,23,23,23,23,23,23,23
420900,1,1,1996,0,0,0,0,0,0,0,0,0,0
420901,1,1,1996,0,0,0,0,0,0,0,0,0,0
420902,1,1,1996,0,0,0,0,0,0,0,0,0,6
420903,1,1,1996,0,17,3,0,12,8,0,0,0,23
420904,0,1,1996,0,0,0,0,0,0,0,0,0,0
420904,0,2,1996,0,0,0,0,0,0,0,0,0,0
420904,1,1,1996,0,0,0,0,0,0,0,0,0,0
420905,0,1,1996,0,30,0,0,0,0,14,21,14,26
420905,1,1,1996,0,0,0,0,0,0,0,0,0,0
420906,1,1,1996,18,18,18,18,18,18,18,18,18,18
420907,0,1,1996,0,0,0,24,0,0,0,0,0,0
420907,1,1,1996,0,0,0,0,0,0,0,0,0,0
420908,0,1,1996,0,0,0,0,0,0,0,0,0,0
420908,1,1,1996,0,0,0,0,0,0,0,0,0,0
420909,1,1,1996,0,0,0,0,0,0,0,0,0,0
420909,2,1,1996,0,0,0,0,0,0,0,0,0,0
420910,1,1,1996,11,11,11,11,11,11,11,11,11,11
420910,2,1,1996,0,19,0,0,0,28,0,0,0,0
420911,1,1,1996,8,8,8,8,8,8,8,8,8,8
420911,2,1,1996,0,0,0,0,0,0,0,0,0,0
420912,1,1,1996,3,8,18,23,10,16,13,6,9,11
420913,1,1,1996,0,0,0,0,0,0,0,0,0,0
420913,2,1,1996,0,0,0,0,0,0,0,0,0,0
420914,1,1,1996,0,0,0,0,0,0,0,0,0,0
420914,2,1,1996,31,31,31,31,31,31,31,31,31,31
420915,1,1,1996,41,41,41,41,41,41,41,41,41,41
420915,2,1,1996,0,0,0,0,0,0,0,0,0,0
420916,1,1,1996,19,19,19,19,19,19,19,19,19,19
420917,1,1,1996,11,11,11,11,11,11,11,11,11,11
420917,2,1,1996,0,0,0,0,0,0,0,0,0,0
420917,3,1,1996,0,0,0,0,0,0,0,0,0,0
420918,1,1,1996,0,0,0,0,0,0,0,0,0,0
420919,1,1,1996,0,0,0,8,0,0,0,0,0,12
420919,2,1,1996,0,0,0,0,0,0,11,0,0,0
420920,1,1,1996,0,0,0,0,0,0,0,0,0,0
420920,2,1,1996,0,0,0,0,0,0,0,0,0,0
420920,3,1,1996,0,0,0,0,0,0,0,0,0,0
420921,1,1,1996,12,12,12,12,12,12,12,12,12,12
420922,1,1,1996,14,13,12,9,20,8,15,7,15,12
420923,1,1,1996,0,0,0,0,0,0,0,0,0,0
420923,2,1,1996,0,0,0,0,0,0,0,0,0,0
420924,1,1,1996,12,12,12,12,12,12,12,12,12,12
420925,1,1,1996,0,0,0,0,0,0,0,0,0,0
420926,1,1,1996,14,14,14,14,14,14,14,14,14,14
420926,2,1,1996,0,0,0,0,0,0,0,0,0,0
420927,1,1,1996,24,24,24,24,24,24,24,24,24,24
420928,1,1,1996,0,0,0,0,0,0,0,0,0,0
420929,0,1,1996,0,0,0,0,0,0,20,0,0,0
420929,1,1,1996,0,0,0,0,0,0,0,0,0,0
420930,0,1,1996,0,0,0,0,0,0,0,0,0,0
420930,1,1,1996,4,4,4,4,4,4,4,4,4,4
420931,1,1,1996,17,17,17,17,17,17,17,17,17,17
420931,2,1,1996,9,9,9,9,9,9,9,9,9,9
420932,1,1,1996,20,20,20,20,20,20,20,20,20,20
420933,1,1,1996,6,6,6,6,6,6,6,6,6,6
420934,1,1,1996,8,8,8,8,8,8,8,8,8,8
420935,1,1,1996,0,0,0,0,0,0,0,0,0,0
420935,2,1,1996,0,0,0,0,0,0,0,0,0,0
420936,1,1,1996,0,0,0,0,0,0,0,0,0,0
420936,2,1,1996,0,0,0,0,0,0,0,0,0,0
420937,1,1,1996,0,0,0,0,0,0,0,0,0,0
420937,2,1,1996,0,0,0,0,0,0,0,0,0,0
420938,0,1,1996,0,0,0,0,0,0,0,0,0,0
420938,1,1,1996,0,0,0,0,0,0,0,0,0,0
420939,1,1,1996,23,23,23,23,23,23,23,23,23,23
420940,1,1,1996,0,0,0,0,0,0,0,0,0,0
420940,2,1,1996,0,0,0,0,0,0,0,0,0,0
420941,1,1,1996,0,0,0,0,19,0,0,0,0,0
420941,2,1,1996,0,0,0,0,0,0,0,0,0,0
420942,1,1,1996,16,16,16,16,16,16,16,16,16,16
420943,1,1,1996,0,0,0,0,0,0,0,0,0,0
420943,2,1,1996,0,0,0,0,0,0,0,0,0,0
420944,1,1,1996,0,0,0,0,0,0,0,0,0,0
420945,1,1,1996,0,0,0,0,0,0,0,0,0,0
420945,2,1,1996,0,0,0,0,0,0,0,0,0,0
420946,1,1,1996,0,0,0,0,0,0,0,0,0,0
420946,2,1,1996,0,0,0,0,0,0,0,0,0,15
420947,0,1,1996,11,11,11,11,11,11,11,11,11,11
420947,1,1,1996,0,0,0,0,0,0,0,0,0,0
420948,1,1,1996,20,20,20,20,20,20,20,20,20,20
420949,1,1,1996,0,0,0,0,0,0,0,0,0,0
420949,2,1,1996,0,0,0,0,0,0,0,0,0,0
420949,3,1,1996,0,0,0,0,0,0,0,0,0,0
420950,1,1,1996,23,25,0,22,11,10,13,0,22,0
420951,1,1,1996,0,0,0,0,0,0,0,0,0,0
420952,1,1,1996,0,0,0,0,0,0,0,0,0,0
420952,2,1,1996,0,0,0,0,0,0,0,0,0,0
420953,1,1,1996,3,3,3,3,3,3,3,3,3,3
420954,1,1,1996,0,0,0,0,0,0,0,0,0,0
420954,2,1,1996,0,0,0,0,0,0,0,0,0,0
420955,1,1,1996,0,0,0,0,0,0,0,0,0,0
420955,2,1,1996,0,0,0,0,0,0,0,0,0,0
420956,1,1,1996,21,0,21,28,16,34,0,12,16,15
420957,1,1,1996,37,37,37,37,37,37,37,37,37,37
420958,1,1,1996,0,0,0,0,0,0,0,0,0,0
420958,2,1,1996,0,0,0,0,0,0,0,0,0,0
420959,1,1,1996,8,8,22,15,0,9,0,17,17,20
420960,0,1,1996,0,0,0,0,0,0,0,0,0,0
420960,1,1,1996,0,0,0,0,0,0,0,0,0,0
420961,1,1,1996,0,0,0,0,0,0,0,0,0,0
420961,2,1,1996,0,0,0,0,0,0,0,0,0,0
420962,1,1,1996,0,0,0,0,0,0,0,0,0,0
420962,2,1,1996,0,0,0,0,0,0,0,0,0,0
420963,1,1,1996,0,4,0,0,0,0,0,0,0,0
420963,2,1,1996,0,7,0,0,0,0,0,0,0,0
420964,1,1,1996,0,0,0,0,0,0,0,0,0,0
420964,2,1,1996,0,0,0,0,0,0,0,0,0,0
420964,3,1,1996,0,0,0,0,0,0,0,0,0,0
420965,1,1,1996,0,0,0,0,0,0,0,0,0,0
420965,2,1,1996,0,0,0,0,0,0,0,0,0,8
420966,1,1,1996,0,0,0,0,0,0,0,0,0,0
420966,2,1,1996,0,0,0,0,0,0,0,0,0,0
420967,1,1,1996,0,0,0,0,0,0,0,0,0,0
420968,1,1,1996,0,0,0,0,0,0,0,0,0,0
420969,1,1,1996,0,0,0,0,0,0,0,0,0,0
420969,2,1,1996,0,0,0,0,0,0,0,0,0,0
420969,3,1,1996,0,0,0,0,0,0,0,0,0,0
420970,1,1,1996,10,10,10,10,10,10,10,10,10,10
420971,1,1,1996,18,18,18,18,18,18,18,18,18,18
420972,1,1,1996,0,0,33,0,0,0,0,0,14,0
420972,2,1,1996,0,0,0,0,0,0,0,0,0,0
420973,1,1,1996,0,0,0,0,0,0,0,0,0,0
420973,2,1,1996,0,0,0,0,0,0,0,0,0,0
420974,1,1,1996,30,30,30,30,30,30,30,30,30,30
420974,2,1,1996,0,0,0,0,0,0,0,0,0,0
420974,3,1,1996,0,0,0,0,18,0,0,0,0,0
420975,1,1,1996,0,0,0,0,0,0,0,0,0,0
420976,1,1,1996,8,0,0,26,0,0,0,0,0,0
420976,2,1,1996,0,0,0,0,0,0,0,0,0,0
420977,1,1,1996,0,0,0,0,0,0,0,0,0,0
420978,1,1,1996,0,0,0,0,0,0,0,0,0,0
420978,2,1,1996,0,0,0,0,0,0,0,0,0,0
420979,1,1,1996,0,13,0,0,0,0,0,0,18,13
420980,1,1,1996,0,0,0,0,0,0,0,0,0,0
420981,1,1,1996,18,18,18,18,18,18,18,18,18,18
420982,1,1,1996,0,0,0,0,0,0,0,0,0,0
420982,2,1,1996,0,0,0,0,0,0,0,0,0,0
420983,0,1,1996,9,9,9,9,9,9,9,9,9,9
420983,1,1,1996,8,8,8,8,8,8,8,8,8,8
420984,1,1,1996,22,22,22,22,22,22,22,22,22,22
420985,0,1,1996,0,0,0,0,0,0,0,0,0,0
420985,1,1,1996,0,0,0,0,0,0,0,0,0,0
420986,1,1,1996,13,13,13,13,13,13,13,13,13,13
420986,2,1,1996,0,0,0,0,0,0,0,0,0,0
420987,1,1,1996,0,0,0,0,0,0,0,0,0,0
420987,2,1,1996,0,0,0,0,0,0,0,0,0,0
420988,0,1,1996,18,18,18,18,18,18,18,18,18,18
420988,1,1,1996,6,6,6,6,6,6,6,6,6,6
420989,1,1,1996,7,7,7,7,7,7,7,7,7,7
420989,2,1,1996,0,0,0,0,0,0,0,0,0,0
420990,1,1,1996,0,0,0,0,0,0,0,0,0,0
420991,1,1,1996,25,0,0,0,36,7,15,25,0,3
420992,1,1,1996,0,0,0,0,0,0,0,0,0,0
420992,2,1,1996,0,0,0,0,0,0,0,0,0,0
420992,3,1,1996,0,0,0,0,0,0,0,0,0,0
420992,4,1,1996,0,0,0,0,0,0,0,0,0,0
420992,5,1,1996,0,0,0,0,0,0,0,0,0,16
420993,1,1,1996,0,0,0,0,0,0,0,0,0,0
420993,2,1,1996,0,0,0,0,0,0,0,0,0,25
420993,3,1,1996,0,0,0,0,0,0,0,0,0,0
420994,0,1,1996,0,0,0,0,0,0,0,0,0,0
420994,1,1,1996,0,0,0,0,0,0,0,0,0,0
420995,1,1,1996,0,0,0,0,0,0,0,0,0,0
420995,2,1,1996,0,0,0,6,0,0,0,0,0,0
420996,1,1,1996,0,0,0,0,0,0,0,0,0,0
420996,2,1,1996,0,0,0,0,0,0,0,0,0,0
420997,0,1,1996,0,0,0,0,0,10,25,0,0,26
420997,1,1,1996,0,0,0,0,0,0,0,0,0,0
420998,1,1,1996,14,14,14,14,14,14,14,14,14,14
420999,1,1,1996,0,0,0,0,0,0,0,0,0,0
420999,2,1,1996,0,0,0,0,0,0,18,0,0,0
421000,0,1,1996,31,31,31,31,31,31,31,31,31,31
421000,1,1,1996,5,5,5,5,5,5,5,5,5,5
421001,1,1,1996,19,19,19,19,19,19,19,19,19,19
421001,2,1,1996,0,0,0,0,0,0,0,0,0,0
421002,1,1,1996,0,0,0,0,0,0,0,0,0,0
421002,2,1,1996,0,0,0,0,0,0,0,0,0,0
421003,0,1,1996,0,0,0,0,0,0,0,0,0,0
421004,1,1,1996,10,10,10,10,10,10,10,10,10,10
421005,1,1,1996,19,19,19,19,19,19,19,19,19,19
421005,2,1,1996,0,0,0,0,0,0,0,0,0,0
421006,0,1,1996,0,0,0,0,0,0,0,0,0,0
421006,0,2,1996,0,25,29,17,16,17,0,20,0,28
421006,1,1,1996,17,17,17,17,17,17,17,17,17,17
421007,1,1,1996,12,12,12,12,12,12,12,12,12,12
421007,2,1,1996,10,10,10,10,10,10,10,10,10,10
421008,0,1,1996,0,0,0,0,0,0,0,0,0,0
421008,1,1,1996,0,0,0,0,0,0,0,0,0,0
421009,1,1,1996,0,0,0,0,0,0,0,0,0,0
421009,2,1,1996,0,0,0,0,0,0,0,0,0,0
421010,1,1,1996,13,13,13,13,13,13,13,13,13,13
421010,2,1,1996,0,0,0,0,0,0,0,0,0,0
421010,3,1,1996,0,43,0,0,0,0,0,0,0,0
421011,1,1,1996,0,0,0,0,0,0,0,0,0,0
421011,2,1,1996,5,5,5,5,5,5,5,5,5,5
421012,1,1,1996,0,0,0,0,0,0,0,0,0,0
421013,0,1,1996,26,26,26,26,26,26,26,26,26,26
421013,1,1,1996,0,0,0,0,0,0,0,0,0,0
421014,1,1,1996,0,0,0,0,0,0,0,0,0,0
421014,2,1,1996,0,0,0,0,0,12,0,0,0,0
421014,3,1,1996,0,0,0,0,0,0,0,0,0,0
421014,4,1,1996,0,0,0,16,0,0,0,0,0,0
421015,1,1,1996,18,18,18,18,18,18,18,18,18,18
421016,1,1,1996,0,0,0,0,0,0,0,0,0,0
421017,1,1,1996,0,0,0,0,0,0,0,0,0,0
421018,1,1,1996,0,0,0,0,0,0,0,0,0,0
421018,2,1,1996,0,0,0,0,0,0,0,0,0,0
421019,1,1,1996,0,0,0,0,0,0,0,0,0,0
421019,2,1,1996,0,0,0,0,0,0,0,0,0,0
421020,1,1,1996,0,0,0,0,0,0,0,0,0,0
421020,2,1,1996,0,0,0,0,0,0,0,0,0,0
421021,0,1,1996,0,0,0,22,42,0,0,0,0,0
421021,1,1,1996,0,0,0,0,0,0,0,0,19,0
421022,1,1,1996,0,0,0,0,0,0,0,0,0,0
421022,2,1,1996,0,0,0,0,0,0,0,0,0,0
421023,1,1,1996,0,0,8,0,0,0,0,0,0,0
421023,2,1,1996,0,0,0,0,0,0,0,0,0,0
421024,0,1,1996,19,19,19,19,19,19,19,19,19,19
421024,1,1,1996,16,26,12,17,12,6,12,9,10,7
421025,0,1,1996,13,19,0,0,0,17,28,0,0,26
421025,1,1,1996,0,0,0,0,0,0,0,0,0,0
421026,1,1,1996,8,8,8,8,8,8,8,8,8,8
421026,2,1,1996,0,0,0,0,0,0,0,0,0,0
421027,1,1,1996,0,0,0,0,0,0,0,0,0,0
421027,2,1,1996,0,0,0,0,0,0,0,0,0,0
421028,1,1,1996,11,12,6,0,16,20,0,23,25,0
421028,2,1,1996,0,0,35,0,0,0,0,0,0,17
421029,1,1,1996,26,26,26,26,26,26,26,26,26,26
421029,2,1,1996,0,6,11,26,0,0,29,0,0,0
421030,1,1,1996,0,0,0,0,0,0,0,0,0,0
421030,2,1,1996,0,0,0,0,0,0,0,0,0,0
421031,1,1,1996,10,27,0,0,0,30,0,0,14,12
421031,2,1,1996,0,7,0,12,0,0,0,0,0,0
421031,3,1,1996,7,0,0,0,0,0,0,0,0,0
421032,1,1,1996,22,22,22,22,22,22,22,22,22,22
421032,2,1,1996,0,2,0,0,0,0,0,0,0,0
421033,1,1,1996,0,0,0,0,14,0,0,0,0,0
421034,1,1,1996,21,21,21,21,21,21,21,21,21,21
421034,2,1,1996,0,0,0,0,0,0,0,0,0,0
421035,1,1,1996,16,16,16,16,16,16,16,16,16,16
421036,0,1,1996,0,0,0,0,0,0,0,0,0,0
421036,1,1,1996,0,0,0,0,0,0,0,0,0,0
421037,1,1,1996,0,0,0,0,0,12,0,0,0,0
421037,2,1,1996,0,0,0,0,0,0,0,0,0,0
421038,1,1,1996,16,16,16,16,16,16,16,16,16,16
421038,2,1,1996,12,2,11,7,8,17,11,10,0,20
421039,1,1,1996,0,0,0,0,0,0,0,0,0,0
421040,1,1,1996,15,15,15,15,15,15,15,15,15,15
421041,1,1,1996,14,14,14,14,14,14,14,14,14,14
421042,1,1,1996,29,29,29,29,29,29,29,29,29,29
421043,1,1,1996,7,7,7,7,7,7,7,7,7,7
421044,1,1,1996,0,0,0,0,0,0,0,0,0,0
421044,2,1,1996,0,0,0,0,0,0,0,0,0,0
421044,3,1,1996,0,0,0,0,0,0,0,0,0,0
421045,1,1,1996,0,0,0,0,0,0,0,0,0,0
421046,1,1,1996,0,0,0,0,0,0,0,0,0,0
421046,2,1,1996,0,0,0,0,0,0,0,0,0,0
421047,1,1,1996,0,0,0,0,0,0,0,0,0,0
421047,2,1,1996,0,0,0,0,0,0,0,0,0,0
421048,1,1,1996,19,19,19,19,19,19,19,19,19,19
421048,2,1,1996,0,0,0,0,0,0,0,0,0,0
421048,3,1,1996,0,0,0,0,0,0,0,0,0,0
421049,1,1,1996,0,0,0,0,0,0,0,0,0,0
421050,1,1,1996,19,19,19,19,19,19,19,19,19,19
421051,1,1,1996,0,0,0,0,0,0,0,0,0,0
421052,1,1,1996,0,0,0,0,0,0,0,17,0,0
421052,2,1,1996,0,0,0,0,0,0,0,0,0,0
421052,3,1,1996,0,0,0,0,0,0,0,3,17,0
421053,1,1,1996,0,0,0,0,0,0,0,0,0,0
421053,2,1,1996,0,0,0,0,0,0,0,0,0,0
421054,1,1,1996,19,18,23,28,13,13,7,38,14,8
421055,0,1,1996,0,0,0,0,0,0,0,15,0,0
421055,1,1,1996,0,0,0,19,0,0,0,0,0,0
421056,0,1,1996,0,0,0,0,0,0,0,0,0,0
421056,1,1,1996,0,0,0,0,0,0,0,0,0,0
421056,2,1,1996,0,0,0,0,0,0,0,0,0,0
421057,0,1,1996,0,0,0,0,0,10,0,0,0,0
421057,1,1,1996,0,0,0,0,0,0,0,0,0,0
421058,1,1,1996,0,0,0,0,0,0,0,0,0,0
421059,1,1,1996,16,16,16,16,16,16,16,16,16,16
421060,0,1,1996,0,0,0,0,0,19,0,0,0,18
421060,1,1,1996,0,14,7,0,0,0,0,0,0,0
421061,1,1,1996,1,1,1,1,1,1,1,1,1,1
421062,1,1,1996,15,15,15,15,15,15,15,15,15,15
421063,0,1,1996,0,0,0,0,15,22,0,23,21,0
421063,1,1,1996,0,0,0,0,0,0,0,0,0,0
421064,1,1,1996,0,0,0,0,0,0,0,0,0,0
421064,2,1,1996,0,0,0,16,10,0,0,0,0,0
421065,1,1,1996,0,0,0,0,0,0,0,0,0,0
421065,2,1,1996,0,0,0,0,0,0,0,0,0,0
421065,3,1,1996,0,0,0,0,0,0,0,0,0,0
421065,4,1,1996,0,0,0,0,0,0,0,0,0,0
421066,1,1,1996,0,0,0,0,0,0,0,0,0,0
421066,2,1,1996,0,0,0,0,0,0,0,0,0,0
421067,0,1,1996,0,0,0,0,0,0,0,0,0,0
421067,1,1,1996,0,0,0,0,0,0,0,0,0,0
421068,1,1,1996,0,0,0,0,0,0,0,0,16,0
421069,0,1,1996,0,0,0,0,0,0,0,0,0,0
421069,1,1,1996,0,0,0,0,0,0,0,0,0,0
421070,0,1,1996,8,0,17,0,0,29,0,22,11,26
421070,1,1,1996,0,0,0,0,0,0,12,0,0,0
421071,1,1,1996,0,0,0,0,0,0,0,0,0,0
421071,2,1,1996,14,0,0,0,0,0,0,0,0,0
421072,0,1,1996,12,12,12,12,12,12,12,12,12,12
421072,1,1,1996,0,0,0,0,0,0,0,0,0,0
421073,1,1,1996,0,0,0,0,0,0,0,0,0,0
421074,1,1,1996,16,16,16,16,16,16,16,16,16,16
421074,2,1,1996,0,0,0,0,0,0,0,0,0,0
421075,0,1,1996,0,0,0,0,0,0,0,0,0,0
421075,1,1,1996,0,0,0,0,0,0,0,0,0,0
421076,1,1,1996,4,4,4,4,4,4,4,4,4,4
421076,2,1,1996,0,0,0,0,0,0,0,0,0,0
421077,0,1,1996,0,0,17,0,0,39,0,0,0,0
421077,1,1,1996,0,0,0,0,0,0,0,0,0,0
421078,1,1,1996,19,19,19,19,19,19,19,19,19,19
421078,2,1,1996,15,15,15,15,15,15,15,15,15,15
421079,1,1,1996,0,0,0,0,0,0,0,0,0,0
421079,2,1,1996,0,0,0,0,0,0,0,0,0,0
421080,1,1,1996,0,0,0,0,0,0,0,0,0,0
421081,1,1,1996,0,0,0,0,0,0,0,0,0,0
421082,1,1,1996,18,18,18,18,18,18,18,18,18,18
421082,2,1,1996,0,0,0,0,0,0,0,0,0,0
421083,1,1,1996,0,0,0,0,0,0,0,0,0,0
421083,2,1,1996,1,1,1,1,1,1,1,1,1,1
421084,0,1,1996,19,15,17,16,24,23,19,27,20,18
421084,1,1,1996,0,0,0,0,0,0,0,0,0,0
421085,1,1,1996,0,0,0,0,0,0,0,0,0,0
421086,0,1,1996,0,0,0,0,0,0,0,0,0,0
421086,1,1,1996,0,0,0,0,0,0,0,0,0,0
421087,1,1,1996,0,0,0,0,0,0,0,0,0,0
421087,2,1,1996,0,0,0,0,0,0,0,0,0,0
421088,1,1,1996,15,15,15,15,15,15,15,15,15,15
421088,2,1,1996,0,0,0,0,0,0,0,0,0,0
421089,1,1,1996,0,0,0,7,0,0,0,0,32,16
421090,1,1,1996,15,15,15,15,15,15,15,15,15,15
421091,1,1,1996,0,0,0,0,0,0,0,0,0,0
421091,2,1,1996,0,0,0,0,0,0,0,0,0,0
421091,3,1,1996,0,0,0,0,0,0,0,0,0,0
421091,4,1,1996,0,0,8,0,0,0,0,0,0,0
421092,1,1,1996,0,0,0,0,0,0,0,0,0,0
421093,1,1,1996,8,8,8,8,8,8,8,8,8,8
421094,1,1,1996,10,10,10,10,10,10,10,10,10,10
421095,0,1,1996,0,0,0,0,0,0,0,8,0,0
421095,1,1,1996,0,0,0,0,0,0,0,0,0,0
421096,1,1,1996,0,0,0,0,0,0,0,0,0,0
421096,2,1,1996,0,0,0,0,0,0,0,0,0,0
421096,3,1,1996,0,0,0,0,0,0,0,0,0,0
421097,0,1,1996,0,0,0,0,0,0,0,0,0,0
421097,1,1,1996,0,0,0,0,0,0,0,0,0,0
421098,1,1,1996,6,6,6,6,6,6,6,6,6,6
421099,1,1,1996,0,0,0,0,0,0,0,0,0,0
421099,2,1,1996,0,0,0,0,0,0,0,0,0,0
421100,1,1,1996,0,0,0,0,0,0,0,0,0,0
421100,2,1,1996,0,0,0,0,0,0,0,0,0,0
421101,1,1,1996,0,0,0,0,0,0,0,0,0,0
421102,1,1,1996,6,6,6,6,6,6,6,6,6,6
421103,1,1,1996,0,0,0,0,0,0,0,0,0,0
421104,1,1,1996,0,0,0,0,0,0,0,0,0,0
421104,2,1,1996,0,0,0,0,0,0,16,0,16,0
421105,1,1,1996,7,7,7,7,7,7,7,7,7,7
421106,1,1,1996,0,0,0,0,0,11,0,0,0,0
421107,0,1,1996,14,14,14,14,14,14,14,14,14,14
421107,1,1,1996,0,0,0,0,0,10,0,0,0,0
421108,1,1,1996,11,11,11,11,11,11,11,11,11,11
421108,2,1,1996,0,12,0,0,0,0,0,0,11,0
421109,1,1,1996,28,28,28,28,28,28,28,28,28,28
421110,1,1,1996,25,25,25,25,25,25,25,25,25,25
421111,1,1,1996,14,7,0,0,0,10,12,17,14,0
421112,1,1,1996,0,0,0,0,0,0,0,0,0,0
421112,2,1,1996,0,0,0,0,0,0,0,0,0,0
421113,1,1,1996,20,20,20,20,20,20,20,20,20,20
421114,1,1,1996,0,0,0,0,0,0,0,0,0,0
421115,1,1,1996,0,18,22,12,0,12,22,12,24,28
421116,1,1,1996,0,0,0,0,0,0,0,0,0,0
421116,2,1,1996,0,0,0,0,0,0,0,0,0,0
421117,1,1,1996,0,0,0,0,0,0,0,0,0,0
421117,2,1,1996,0,0,0,0,0,0,0,5,0,0
421118,1,1,1996,0,0,0,0,0,0,0,0,0,0
421118,2,1,1996,0,0,0,0,0,0,0,0,0,0
421119,1,1,1996,0,0,0,0,0,0,0,0,0,0
421119,2,1,1996,0,0,0,0,0,0,0,0,0,0
421120,1,1,1996,0,0,0,0,0,0,0,0,0,0
421120,2,1,1996,0,0,0,0,0,0,0,0,0,0
421121,1,1,1996,0,0,0,0,0,0,0,0,0,0
421122,1,1,1996,31,31,31,31,31,31,31,31,31,31
421123,1,1,1996,0,0,0,0,0,0,0,0,0,0
421123,2,1,1996,0,0,0,0,0,0,0,0,0,0
421124,1,1,1996,0,0,0,0,0,0,0,0,0,0
421125,1,1,1996,0,0,0,0,0,0,0,0,0,0
421125,2,1,1996,0,0,0,0,0,0,0,0,0,0
421126,1,1,1996,0,0,0,0,0,0,0,0,0,6
421126,2,1,1996,0,0,0,0,0,0,0,0,0,0
421127,1,1,1996,0,0,0,0,0,0,0,0,0,0
421128,0,1,1996,0,0,0,0,0,0,0,0,0,0
421128,1,1,1996,0,0,0,0,12,0,0,0,0,0
421129,1,1,1996,0,0,0,0,0,0,0,0,0,0
421129,2,1,1996,0,0,0,0,0,0,0,0,0,0
421130,1,1,1996,0,0,0,0,0,0,0,0,0,0
421130,2,1,1996,0,0,0,0,0,0,0,0,0,0
421130,3,1,1996,0,0,0,0,0,0,0,0,0,0
421131,1,1,1996,0,0,0,0,0,0,0,0,0,0
421131,2,1,1996,0,0,0,0,7,0,0,0,0,0
421132,0,1,1996,0,0,0,0,0,0,0,0,0,0
421132,1,1,1996,0,0,0,0,0,0,0,0,0,0
421133,1,1,1996,0,0,0,0,0,0,0,0,0,0
421133,2,1,1996,0,0,0,0,0,0,0,0,0,0
421134,1,1,1996,0,0,0,0,0,0,0,0,0,0
421134,2,1,1996,0,0,0,0,0,0,0,0,0,0
421135,1,1,1996,0,0,0,0,0,0,0,0,0,0
421135,2,1,1996,0,0,0,0,0,0,0,0,0,0
421136,1,1,1996,0,0,0,0,0,0,0,0,0,0
421137,1,1,1996,22,22,22,22,22,22,22,22,22,22
421137,2,1,1996,0,0,0,0,0,0,0,0,0,0
421138,0,1,1996,16,0,0,0,0,0,0,0,0,18
421138,1,1,1996,0,0,0,0,0,0,0,0,0,0
421139,1,1,1996,12,24,9,4,22,17,20,14,27,10
421139,2,1,1996,0,0,18,0,0,0,0,0,0,0
421140,1,1,1996,22,22,22,22,22,22,22,22,22,22
421140,2,1,1996,0,0,0,0,0,0,0,0,0,0
421141,1,1,1996,22,22,22,22,22,22,22,22,22,22
421142,1,1,1996,0,0,0,0,0,27,0,0,0,0
421143,1,1,1996,11,8,3,7,13,19,5,5,18,11
421143,2,1,1996,0,0,0,0,0,0,0,0,0,0
421144,1,1,1996,0,0,0,0,0,0,0,0,0,0
421144,2,1,1996,0,0,0,0,0,0,0,0,0,0
421145,1,1,1996,0,0,0,0,0,0,0,0,0,0
421145,2,1,1996,0,0,0,0,0,0,0,0,0,0
421146,1,1,1996,0,0,0,0,0,0,0,0,0,0
421146,2,1,1996,0,0,0,0,0,0,0,0,0,0
421147,1,1,1996,0,0,0,0,0,0,0,0,0,0
421147,2,1,1996,0,0,0,0,0,0,0,0,0,0
421148,1,1,1996,0,0,0,0,0,0,0,0,0,0
421149,1,1,1996,0,0,0,0,13,0,0,0,0,0
421150,1,1,1996,14,14,14,14,14,14,14,14,14,14
421150,2,1,1996,0,0,0,0,0,0,0,0,0,0
421151,1,1,1996,18,14,0,19,0,14,13,23,5,17
421151,2,1,1996,0,0,0,0,0,0,0,0,0,0
421152,1,1,1996,8,8,8,8,8,8,8,8,8,8
421153,0,1,1996,0,0,0,0,0,0,0,0,0,0
421153,1,1,1996,0,0,0,0,0,0,0,0,0,0
421154,1,1,1996,0,0,0,0,0,0,0,0,0,0
421155,0,1,1996,16,16,16,16,16,16,16,16,16,16
421155,0,2,1996,26,0,30,13,7,0,21,17,0,18
421155,1,1,1996,0,0,0,0,0,0,0,0,0,0
421156,1,1,1996,0,0,0,0,0,0,0,0,10,0
421157,1,1,1996,29,29,29,29,29,29,29,29,29,29