ST_CASE,VEH_NO,PER_NO,YEAR,P1,P2,P3,P4,P5,P6,P7,P8,P9,P10
421157,2,1,1996,0,0,0,0,0,0,0,0,0,0
421158,1,1,1996,20,20,20,20,20,20,20,20,20,20
421159,1,1,1996,23,23,23,23,23,23,23,23,23,23
421160,1,1,1996,0,0,0,0,0,0,0,0,0,0
421160,2,1,1996,0,0,0,0,0,0,0,0,0,0
421161,1,1,1996,10,11,19,18,7,6,13,12,31,13
421162,1,1,1996,19,19,19,19,19,19,19,19,19,19
421163,1,1,1996,22,0,11,22,16,15,32,26,15,14
421164,0,1,1996,0,0,0,0,0,0,0,0,0,0
421164,1,1,1996,0,0,0,0,0,0,0,0,0,0
421165,1,1,1996,10,10,10,10,10,10,10,10,10,10
421166,1,1,1996,0,0,0,0,0,0,0,0,0,0
421167,1,1,1996,32,32,32,32,32,32,32,32,32,32
421167,2,1,1996,0,0,0,0,0,0,0,0,0,0
421168,1,1,1996,0,0,0,0,0,0,0,0,0,0
421168,2,1,1996,0,0,0,0,0,0,0,0,0,0
421169,1,1,1996,37,37,37,37,37,37,37,37,37,37
421170,1,1,1996,17,17,17,17,17,17,17,17,17,17
421170,2,1,1996,0,0,0,0,0,0,0,0,0,0
421171,1,1,1996,21,21,21,21,21,21,21,21,21,21
421172,1,1,1996,0,0,0,0,0,0,0,0,0,0
421172,2,1,1996,0,0,0,0,0,0,0,0,0,0
421173,0,1,1996,0,0,0,0,0,0,0,0,0,18
421173,1,1,1996,0,0,0,0,0,0,0,0,0,0
421174,1,1,1996,0,0,0,0,0,0,0,0,0,0
421175,1,1,1996,0,0,0,0,0,0,0,0,0,0
421175,2,1,1996,0,0,0,0,0,0,0,0,0,0
421176,1,1,1996,0,0,0,0,0,0,0,8,0,0
421177,1,1,1996,0,0,0,0,0,0,0,0,0,0
421178,1,1,1996,0,0,0,0,0,0,0,0,0,0
421178,2,1,1996,0,0,0,0,0,0,0,0,0,0
421179,1,1,1996,0,0,0,0,0,0,0,0,0,0
421179,2,1,1996,0,0,0,0,0,0,0,0,0,0
421180,1,1,1996,15,15,15,15,15,15,15,15,15,15
421181,1,1,1996,0,0,0,0,0,0,0,0,0,0
421181,2,1,1996,0,0,0,0,0,0,0,0,0,0
421182,0,1,1996,0,0,0,0,0,22,0,0,0,0
421182,0,2,1996,0,0,0,16,0,0,0,28,0,0
421182,1,1,1996,0,0,0,0,0,0,0,0,0,0
421183,0,1,1996,0,0,0,0,0,0,0,0,0,0
421183,3,1,1996,0,0,0,0,0,0,0,0,0,0
421183,4,1,1996,0,0,0,0,0,0,0,0,0,0
421183,5,1,1996,0,0,0,0,0,0,0,0,22,0
421183,6,1,1996,0,0,0,0,0,0,0,0,0,0
421183,7,1,1996,0,0,0,0,0,0,0,0,0,0
421183,9,1,1996,0,0,0,0,0,0,0,0,0,0
421183,10,1,1996,0,0,0,0,0,0,0,0,0,0
421183,11,1,1996,0,0,0,0,0,0,0,0,0,0
421183,12,1,1996,0,0,0,0,0,0,0,0,0,0
421183,13,1,1996,0,0,0,0,0,0,0,0,0,0
421183,14,1,1996,0,0,0,0,0,0,0,0,0,0
421184,1,1,1996,0,0,0,0,0,0,0,0,0,0
421185,1,1,1996,0,0,28,0,0,0,0,0,0,0
421186,1,1,1996,7,20,6,7,2,11,15,5,6,12
421187,1,1,1996,11,0,33,22,17,16,13,16,0,0
421188,1,1,1996,6,16,0,0,18,21,19,43,29,0
421188,2,1,1996,0,0,0,0,0,0,0,0,0,0
421189,1,1,1996,18,18,18,18,18,18,18,18,18,18
421190,1,1,1996,0,0,0,0,0,0,0,0,0,0
421190,2,1,1996,0,0,0,0,0,0,0,0,0,0
421190,3,1,1996,0,0,0,0,0,0,0,0,0,0
421190,4,1,1996,0,0,0,6,0,0,0,0,0,0
421191,0,1,1996,0,0,0,28,0,0,23,0,0,6
421191,1,1,1996,0,0,0,0,0,0,0,0,0,0
421192,1,1,1996,0,0,0,0,0,0,0,0,0,0
421192,2,1,1996,0,0,0,0,0,0,0,0,0,0
421193,1,1,1996,0,0,0,0,0,0,0,0,0,0
421193,2,1,1996,0,0,0,0,0,0,0,0,0,0
421193,3,1,1996,0,0,0,0,0,0,0,0,0,0
421194,1,1,1996,0,0,0,0,0,0,0,0,0,0
421195,1,1,1996,14,14,14,14,14,14,14,14,14,14
421195,2,1,1996,0,0,0,0,6,0,0,0,0,0
421196,1,1,1996,0,0,0,0,0,0,0,0,0,0
421197,1,1,1996,0,0,0,0,0,0,0,0,0,0
421197,2,1,1996,0,0,0,0,0,0,0,0,0,0
421198,1,1,1996,0,0,0,0,0,0,0,0,0,0
421198,2,1,1996,0,0,0,0,0,0,0,0,0,0
421199,1,1,1996,33,33,33,33,33,33,33,33,33,33
421200,1,1,1996,34,23,23,26,20,31,20,23,16,29
421201,1,1,1996,0,0,0,0,0,0,0,0,0,0
421202,1,1,1996,17,17,17,17,17,17,17,17,17,17
421203,1,1,1996,0,0,0,0,0,0,0,0,0,0
421203,2,1,1996,0,0,0,0,0,0,0,0,0,0
421204,1,1,1996,17,17,17,17,17,17,17,17,17,17
421205,1,1,1996,0,0,0,0,0,0,0,0,0,0
421205,2,1,1996,0,0,0,0,0,0,0,0,0,0
421206,1,1,1996,0,0,0,0,0,0,0,0,0,0
421206,2,1,1996,0,0,0,0,0,0,0,0,0,0
421206,3,1,1996,0,0,0,0,0,0,0,0,0,0
421207,1,1,1996,12,0,0,0,0,0,0,0,0,8
421207,2,1,1996,0,0,0,0,0,0,0,0,0,0
421208,1,1,1996,21,21,21,21,21,21,21,21,21,21
421209,1,1,1996,25,25,25,25,25,25,25,25,25,25
421210,1,1,1996,30,30,30,30,30,30,30,30,30,30
421211,1,1,1996,0,0,0,0,0,0,12,0,0,0
421212,1,1,1996,0,0,0,0,0,0,0,0,0,0
421213,1,1,1996,0,0,0,0,0,0,0,0,0,0
421214,1,1,1996,17,17,17,17,17,17,17,17,17,17
421214,2,1,1996,0,0,0,0,0,0,0,0,0,0
421215,1,1,1996,0,0,0,0,0,0,0,0,0,0
421215,2,1,1996,0,0,0,0,0,0,0,0,0,0
421215,3,1,1996,0,0,0,0,0,0,0,0,0,0
421216,1,1,1996,0,0,0,13,0,0,0,0,0,8
421217,1,1,1996,0,0,0,0,0,0,0,0,0,0
421218,0,1,1996,0,18,0,26,18,13,27,0,0,11
421218,1,1,1996,0,0,0,0,15,0,0,0,0,0
421219,1,1,1996,21,21,21,21,21,21,21,21,21,21
421219,2,1,1996,0,0,0,0,0,0,0,0,0,0
421220,0,1,1996,0,0,0,0,0,0,0,0,0,0
421220,1,1,1996,3,3,3,3,3,3,3,3,3,3
421221,1,1,1996,18,18,27,0,29,0,19,0,33,0
421222,1,1,1996,0,0,0,0,12,0,0,0,0,0
421222,2,1,1996,0,0,0,0,0,0,0,0,0,0
421223,1,1,1996,0,0,0,0,0,0,0,0,0,0
421224,1,1,1996,0,0,0,0,0,0,0,0,0,0
421224,2,1,1996,0,0,0,0,0,0,0,0,0,0
421225,0,1,1996,0,22,0,13,14,0,26,27,0,0
421225,1,1,1996,0,0,0,0,0,0,0,0,0,0
421226,0,1,1996,0,0,0,0,0,18,0,0,0,0
421226,1,1,1996,0,0,0,0,0,0,0,0,0,0
421227,1,1,1996,0,0,0,10,0,0,0,0,12,0
421228,0,1,1996,0,0,0,0,0,0,0,0,0,0
421228,1,1,1996,0,0,0,0,0,0,0,0,0,0
421229,1,1,1996,0,0,0,0,0,0,0,0,0,0
421229,2,1,1996,0,0,0,0,0,0,0,13,0,0
421230,0,1,1996,0,0,0,0,0,0,0,0,0,16
421230,1,1,1996,0,0,0,0,0,0,0,0,0,0
421231,1,1,1996,0,0,0,0,0,0,0,0,0,0
421231,2,1,1996,0,13,0,10,18,0,16,0,0,6
421232,1,1,1996,0,0,0,0,0,0,0,0,0,0
421232,2,1,1996,0,0,0,0,0,0,0,0,0,0
421233,1,1,1996,0,0,0,0,0,0,0,0,0,0
421234,1,1,1996,0,0,0,0,0,0,0,0,0,0
421235,1,1,1996,8,8,8,8,8,8,8,8,8,8
421236,1,1,1996,0,0,0,0,0,0,0,0,0,0
421236,2,1,1996,0,0,0,0,0,0,0,0,0,0
421237,1,1,1996,5,5,5,5,5,5,5,5,5,5
421237,2,1,1996,11,0,0,0,0,0,0,0,0,0
421238,1,1,1996,20,20,20,20,20,20,20,20,20,20
421239,1,1,1996,0,0,0,0,0,0,0,0,0,0
421239,2,1,1996,0,0,0,0,0,0,0,0,0,0
421240,1,1,1996,38,38,38,38,38,38,38,38,38,38
421241,1,1,1996,24,24,24,24,24,24,24,24,24,24
421242,0,1,1996,0,0,0,0,0,0,0,0,0,0
421242,1,1,1996,0,0,0,0,0,0,0,0,0,0
421243,1,1,1996,0,0,0,0,0,0,0,0,0,0
421243,2,1,1996,0,0,0,0,0,0,0,0,0,0
421243,3,1,1996,0,0,0,0,0,0,0,0,0,0
421244,1,1,1996,37,37,37,37,37,37,37,37,37,37
421244,2,1,1996,0,0,0,0,0,0,0,0,0,0
421244,3,1,1996,0,0,0,0,0,0,0,0,0,0
421245,1,1,1996,0,0,0,0,0,0,0,0,0,0
421245,2,1,1996,0,0,0,0,0,0,0,0,0,0
421246,1,1,1996,0,0,0,0,0,0,0,0,0,0
421246,2,1,1996,0,0,0,0,0,0,0,0,0,0
421247,1,1,1996,0,0,0,0,0,0,0,0,0,0
421247,2,1,1996,0,0,0,0,0,0,0,0,19,0
421247,3,1,1996,0,0,0,0,0,0,0,0,0,0
421248,1,1,1996,12,12,12,12,12,12,12,12,12,12
421248,2,1,1996,0,0,0,0,0,0,0,0,0,0
421249,1,1,1996,0,0,0,0,0,0,0,0,17,0
421249,2,1,1996,17,17,17,17,17,17,17,17,17,17
421250,1,1,1996,0,0,0,0,0,0,0,0,0,0
421251,1,1,1996,0,0,0,0,0,0,0,0,0,0
421251,2,1,1996,0,0,0,15,0,0,0,0,0,0
421252,1,1,1996,0,0,0,0,0,0,0,0,0,0
421253,1,1,1996,0,0,0,0,0,0,0,0,0,0
421253,2,1,1996,0,0,0,0,0,0,0,0,0,0
421254,0,1,1996,0,14,0,27,0,0,0,0,0,21
421254,0,2,1996,25,0,0,0,0,20,0,0,0,0
421254,1,1,1996,0,0,0,0,0,0,0,0,10,0
421254,2,1,1996,0,0,0,0,0,0,0,0,0,0
421255,1,1,1996,0,0,0,0,0,0,0,0,0,0
421255,2,1,1996,0,0,0,0,0,0,0,0,0,0
421255,3,1,1996,0,0,0,0,0,0,0,0,0,0
421255,4,1,1996,0,0,0,0,0,0,0,0,0,0
421256,1,1,1996,0,0,0,0,0,0,0,0,0,0
421256,2,1,1996,0,0,0,0,0,0,0,0,0,0
421257,1,1,1996,0,0,0,0,0,0,0,0,0,0
421258,1,1,1996,0,0,0,0,0,0,0,0,0,0
421258,2,1,1996,0,0,0,0,0,0,0,0,0,0
421259,1,1,1996,0,0,0,0,0,0,0,0,0,0
421259,2,1,1996,0,0,0,0,3,0,0,0,8,16
421260,0,1,1996,0,0,0,0,0,0,0,0,0,0
421260,1,1,1996,0,0,0,0,0,0,0,0,0,0
421261,1,1,1996,0,0,0,0,0,0,0,0,0,0
421262,1,1,1996,30,30,30,30,30,30,30,30,30,30
421263,1,1,1996,0,0,0,0,0,0,0,0,0,0
421264,1,1,1996,0,0,0,0,0,0,0,0,0,0
421264,2,1,1996,0,0,0,0,0,0,0,0,0,0
421265,1,1,1996,0,0,0,0,0,0,0,0,0,0
421265,2,1,1996,0,0,0,0,0,0,0,0,0,0
421266,1,1,1996,29,29,29,29,29,29,29,29,29,29
421267,1,1,1996,24,24,24,24,24,24,24,24,24,24
421268,1,1,1996,4,4,4,4,4,4,4,4,4,4
421269,1,1,1996,0,0,0,0,0,0,0,0,0,0
421269,2,1,1996,0,0,0,0,0,0,0,0,0,0
421270,1,1,1996,19,19,19,19,19,19,19,19,19,19
421270,2,1,1996,0,0,0,0,0,0,0,0,0,0
421271,1,1,1996,0,0,0,0,0,0,0,0,0,0
421272,1,1,1996,0,0,0,0,0,0,0,0,0,0
421272,2,1,1996,0,0,0,0,0,0,0,0,0,0
421273,1,1,1996,0,0,0,0,0,0,0,0,0,0
421274,1,1,1996,0,0,0,0,0,0,0,0,0,0
421274,2,1,1996,0,0,0,0,0,0,0,0,0,0
421275,1,1,1996,14,14,14,14,14,14,14,14,14,14
421276,0,1,1996,0,0,0,0,0,0,0,0,0,0
421276,1,1,1996,0,0,0,0,0,0,0,0,0,0
421277,1,1,1996,0,0,0,0,0,0,0,0,0,0
421277,2,1,1996,0,0,0,0,0,0,0,0,0,0
421278,0,1,1996,9,9,9,9,9,9,9,9,9,9
421278,1,1,1996,0,0,0,0,0,5,0,0,0,7
421279,1,1,1996,0,0,21,0,0,0,19,0,4,0
421279,2,1,1996,0,0,0,0,0,0,0,0,0,0
421280,0,1,1996,0,0,0,0,28,0,0,8,0,0
421280,1,1,1996,21,0,0,0,0,0,0,0,0,0
421280,2,1,1996,0,0,0,0,0,0,0,0,0,0
421281,0,1,1996,0,0,0,0,0,0,0,18,0,0
421281,1,1,1996,0,0,0,0,0,0,0,0,0,0
421282,1,1,1996,14,0,0,14,0,0,0,14,17,9
421283,0,1,1996,0,0,0,0,0,0,0,0,0,0
421283,1,1,1996,0,0,0,17,0,0,24,0,0,18
421284,0,1,1996,0,0,0,0,0,0,0,0,0,0
421284,1,1,1996,0,0,0,0,0,0,0,0,0,0
421285,1,1,1996,14,0,17,19,0,0,0,0,24,0
421286,1,1,1996,0,0,16,10,0,28,0,0,0,0
421287,0,1,1996,0,0,0,0,0,0,0,0,0,0
421287,1,1,1996,0,0,0,0,0,0,0,0,0,0
421288,1,1,1996,13,0,8,0,4,0,6,18,19,0
421289,0,1,1996,19,0,13,0,0,0,0,28,0,22
421289,1,1,1996,0,0,0,0,6,0,0,5,9,0
421290,1,1,1996,25,9,11,31,15,7,17,11,11,11
421290,2,1,1996,25,25,25,25,25,25,25,25,25,25
421291,0,1,1996,17,19,30,22,0,26,22,21,7,32
421291,0,2,1996,12,13,4,10,23,21,42,48,20,20
421291,1,1,1996,7,0,0,0,0,10,16,7,0,0
421292,0,1,1996,11,30,6,14,0,26,32,27,0,0
421292,1,1,1996,0,19,0,30,0,31,0,25,0,0
421293,1,1,1996,0,0,0,0,0,0,0,0,0,0
421293,2,1,1996,0,0,0,0,0,0,0,0,0,0
421294,1,1,1996,8,0,0,0,0,0,0,0,0,0
421294,2,1,1996,0,0,0,0,0,0,0,0,0,0
421295,1,1,1996,0,0,0,0,0,0,0,0,0,0
421296,1,1,1996,0,0,0,0,33,0,24,0,0,0
421296,2,1,1996,0,0,0,0,0,0,0,0,0,0
421296,3,1,1996,0,0,0,0,0,0,0,0,0,0
421297,0,1,1996,0,0,0,0,0,0,0,0,0,0
421297,1,1,1996,0,0,0,0,0,0,0,0,8,0
421298,0,1,1996,0,0,18,0,7,0,0,0,0,31
421298,1,1,1996,13,0,0,0,0,0,0,0,0,0
421299,1,1,1996,0,7,0,0,0,0,0,0,0,0
421299,2,1,1996,0,0,0,0,0,0,0,0,0,0
421299,3,1,1996,0,0,0,0,0,0,0,0,0,0
421300,1,1,1996,0,0,0,0,0,0,0,0,0,0
421300,2,1,1996,0,0,0,0,0,0,0,0,0,0
421301,1,1,1996,0,0,0,0,0,0,0,0,0,0
421301,2,1,1996,0,0,0,0,0,0,0,0,0,0
421302,1,1,1996,0,0,0,0,0,0,0,0,0,0
421302,2,1,1996,0,0,0,0,0,0,0,0,0,0
421303,1,1,1996,0,0,0,0,0,0,0,0,0,0
421303,2,1,1996,0,0,0,0,0,0,0,0,0,0
421304,0,1,1996,0,0,0,0,20,0,0,0,0,0
421304,1,1,1996,0,0,0,0,0,0,0,0,0,0
421305,1,1,1996,11,11,11,11,11,11,11,11,11,11
421305,2,1,1996,6,0,0,0,0,0,0,0,0,6
421306,0,1,1996,22,22,22,22,22,22,22,22,22,22
421306,1,1,1996,0,0,0,0,0,0,0,0,0,0
421306,2,1,1996,6,0,0,0,0,8,0,0,0,0
421307,0,1,1996,0,0,0,0,0,0,0,0,0,0
421307,1,1,1996,21,21,21,21,21,21,21,21,21,21
421308,0,1,1996,34,34,34,34,34,34,34,34,34,34
421308,1,1,1996,0,0,0,0,0,0,0,9,0,0
421308,2,1,1996,0,0,0,0,0,0,0,0,0,0
421309,1,1,1996,18,18,18,18,18,18,18,18,18,18
421310,1,1,1996,0,0,0,0,0,0,0,0,0,0
421310,2,1,1996,0,0,0,0,0,0,0,0,0,0
421311,0,1,1996,0,0,0,0,0,0,0,0,0,0
421311,1,1,1996,17,0,0,0,0,0,0,0,0,0
421312,0,1,1996,0,0,0,0,0,0,0,0,0,0
421312,1,1,1996,0,0,0,0,0,0,0,0,0,0
421313,0,1,1996,0,0,0,0,0,0,0,0,0,18
421313,1,1,1996,9,0,15,7,10,12,19,0,20,13
421314,1,1,1996,0,0,0,0,0,0,0,21,0,0
421315,1,1,1996,0,0,0,0,0,0,0,0,0,0
421316,1,1,1996,0,0,0,0,0,0,0,0,0,0
421316,2,1,1996,0,4,0,0,0,0,0,0,0,0
421317,1,1,1996,0,0,0,0,0,0,0,0,0,0
421317,2,1,1996,0,0,0,0,0,0,0,0,0,0
421318,1,1,1996,0,0,0,0,0,0,0,0,0,0
421318,2,1,1996,0,0,0,0,0,0,0,0,0,0
421318,3,1,1996,0,8,5,5,9,0,9,0,6,23
421319,1,1,1996,0,0,22,0,0,0,0,0,0,0
421319,2,1,1996,0,0,0,0,0,0,6,0,0,0
421320,1,1,1996,0,0,0,14,0,0,0,17,31,0
421321,1,1,1996,19,0,13,0,0,0,0,21,0,0
421322,1,1,1996,0,0,0,0,0,0,0,0,0,0
421322,2,1,1996,0,0,0,0,0,0,0,0,0,0
421322,3,1,1996,0,0,0,0,0,0,0,0,0,0
421323,0,1,1996,0,0,0,0,0,0,0,0,0,0
421323,1,1,1996,13,13,13,13,13,13,13,13,13,13
421324,1,1,1996,28,33,15,11,15,27,13,11,8,12
421324,2,1,1996,0,0,0,0,0,0,0,0,0,0
421324,3,1,1996,15,19,7,7,16,10,0,23,9,8
421325,1,1,1996,0,0,0,0,0,0,0,0,0,0
421325,2,1,1996,0,0,0,0,0,0,0,0,0,0
421326,0,1,1996,0,0,0,0,0,0,0,0,0,18
421326,1,1,1996,0,0,0,0,0,0,0,0,0,0
421327,1,1,1996,23,23,23,23,23,23,23,23,23,23
421328,1,1,1996,0,0,0,10,0,0,0,0,0,0
421328,2,1,1996,0,0,0,0,0,0,0,0,0,0
421329,1,1,1996,21,21,21,21,21,21,21,21,21,21
421329,2,1,1996,0,0,8,0,0,19,0,0,0,0
421330,1,1,1996,0,0,0,0,0,0,0,0,0,0
421330,2,1,1996,0,0,0,0,0,0,0,0,0,0
421331,1,1,1996,0,0,0,0,0,0,0,0,0,0
421331,2,1,1996,0,0,0,0,0,0,0,0,0,0
421332,1,1,1996,19,17,0,20,11,0,24,32,12,25
421333,1,1,1996,0,0,0,0,0,0,0,0,0,0
421333,2,1,1996,0,0,0,0,0,0,0,0,0,0
421334,1,1,1996,17,0,0,14,0,21,0,11,0,14
421334,2,1,1996,10,0,10,0,5,24,21,10,0,0
421335,0,1,1996,0,0,0,0,0,0,0,0,0,0
421335,1,1,1996,0,0,0,0,0,0,0,0,0,0
421336,0,1,1996,0,0,0,0,0,0,0,0,0,0
421336,1,1,1996,0,0,0,0,0,0,0,0,0,0
421337,1,1,1996,16,16,16,16,16,16,16,16,16,16
421338,1,1,1996,0,0,0,0,0,0,0,0,0,0
421338,2,1,1996,0,0,0,0,0,0,0,0,0,0
421339,1,1,1996,17,23,22,15,17,14,30,23,11,10
421341,1,1,1996,0,0,0,0,0,0,0,0,0,0
421341,2,1,1996,0,0,0,0,0,0,0,0,0,0
421342,1,1,1996,0,0,0,0,0,0,0,0,0,0
421342,2,1,1996,0,0,0,0,0,0,0,0,0,0
421343,1,1,1996,26,24,21,17,12,58,18,25,21,25
421343,2,1,1996,0,0,0,0,0,0,0,0,0,0
421344,1,1,1996,0,0,0,0,0,0,0,0,0,0
421344,2,1,1996,0,0,0,0,0,0,0,0,0,0
421345,1,1,1996,0,0,0,0,0,0,13,0,0,7
421345,2,1,1996,0,0,0,0,0,0,0,0,0,0
421346,0,1,1996,0,0,0,0,0,0,0,0,0,0
421346,1,1,1996,25,0,0,0,0,0,9,0,0,0
421347,0,1,1996,0,0,0,0,0,0,0,0,0,0
421347,1,1,1996,0,0,0,0,0,0,0,0,0,0
421348,1,1,1996,0,0,0,0,0,0,0,0,0,0
421349,0,1,1996,0,0,0,0,0,0,0,0,0,0
421349,1,1,1996,0,0,0,0,0,0,0,0,0,0
421350,0,1,1996,0,0,0,0,0,0,0,0,0,0
421350,1,1,1996,0,0,0,0,0,0,0,0,0,0
421351,1,1,1996,13,13,13,13,13,13,13,13,13,13
421352,0,1,1996,0,0,0,0,0,0,0,0,0,0
421352,1,1,1996,0,0,0,0,0,0,0,0,0,0
421353,1,1,1996,0,0,0,0,0,0,0,0,0,0
421353,2,1,1996,0,0,0,0,0,0,0,0,0,0
421354,1,1,1996,2,14,9,6,20,16,14,7,6,9
421354,2,1,1996,0,0,11,0,10,0,9,22,0,24
421355,1,1,1996,0,18,0,0,0,0,0,0,0,0
421355,2,1,1996,0,0,0,0,0,0,0,0,0,0
421356,0,1,1996,0,0,0,0,0,0,0,0,0,0
421356,1,1,1996,0,0,0,0,0,0,0,0,0,0
440001,1,1,1996,0,0,0,0,0,0,0,0,0,0
440002,1,2,1996,0,0,0,0,0,0,0,0,0,0
440003,1,1,1996,20,20,20,20,20,20,20,20,20,20
440004,0,1,1996,0,0,0,0,0,0,0,0,0,0
440004,1,1,1996,0,0,0,0,0,0,0,0,0,0
440005,0,1,1996,0,0,0,0,0,0,0,0,0,0
440005,1,1,1996,0,0,0,0,0,0,0,0,0,0
440006,1,1,1996,0,0,0,0,0,0,0,0,0,0
440006,2,1,1996,0,0,0,0,0,0,0,0,0,0
440007,1,1,1996,0,0,0,0,0,0,0,0,0,0
440007,2,1,1996,17,13,16,12,8,7,0,14,11,4
440008,1,1,1996,0,0,0,0,0,0,0,0,0,0
440009,1,2,1996,10,0,0,0,0,0,0,0,0,7
440009,2,1,1996,0,0,0,0,0,0,0,0,0,0
440010,0,1,1996,0,0,0,0,0,0,0,0,0,0
440010,1,1,1996,9,0,0,0,0,36,0,0,0,0
440011,1,1,1996,12,12,12,12,12,12,12,12,12,12
440012,0,1,1996,30,30,30,30,30,30,30,30,30,30
440012,1,1,1996,0,0,0,17,10,0,0,16,16,17
440013,1,1,1996,0,0,0,0,0,0,0,0,0,0
440013,2,1,1996,0,0,0,0,0,0,0,0,0,0
440014,1,1,1996,0,0,0,0,0,0,0,0,0,0
440014,2,1,1996,0,0,0,0,0,0,0,0,0,7
440015,0,1,1996,34,34,34,34,34,34,34,34,34,34
440015,1,1,1996,0,0,0,0,0,0,0,0,0,0
440016,1,2,1996,19,19,19,19,19,19,19,19,19,19
440017,1,1,1996,14,14,14,14,14,14,14,14,14,14
440018,1,1,1996,1,1,1,1,1,1,1,1,1,1
440019,0,1,1996,0,0,0,0,0,0,0,0,0,0
440019,1,1,1996,0,0,0,0,0,0,0,0,0,0
440020,0,1,1996,0,0,0,0,0,0,0,0,0,0
440020,1,1,1996,25,0,6,0,0,0,13,0,0,0
440021,1,1,1996,17,17,17,17,17,17,17,17,17,17
440022,1,1,1996,0,0,0,0,0,0,0,0,0,0
440023,1,2,1996,0,0,0,0,0,0,0,0,0,0
440024,1,1,1996,12,12,12,12,12,12,12,12,12,12
440025,1,1,1996,0,0,0,0,0,0,0,0,0,0
440026,0,1,1996,0,0,0,0,0,0,0,0,0,0
440026,0,2,1996,13,6,19,13,31,18,7,26,15,3
440026,1,1,1996,18,14,20,15,9,3,19,13,8,7
440027,1,1,1996,0,31,0,0,0,0,0,0,0,0
440028,1,2,1996,0,0,0,0,0,0,0,0,0,0
440028,2,1,1996,0,0,0,0,0,0,0,0,0,0
440029,1,2,1996,28,28,28,28,28,28,28,28,28,28
440030,1,1,1996,28,28,28,28,28,28,28,28,28,28
440031,0,1,1996,30,30,30,30,30,30,30,30,30,30
440031,1,1,1996,0,0,0,0,0,0,0,0,0,0
440031,2,1,1996,0,0,0,0,0,0,0,0,0,0
440032,0,1,1996,13,13,13,13,13,13,13,13,13,13
440032,1,1,1996,0,0,13,0,0,0,0,18,0,0
440033,1,1,1996,21,21,21,21,21,21,21,21,21,21
440034,1,2,1996,0,0,0,0,0,0,0,0,0,0
440034,2,1,1996,23,23,23,23,23,23,23,23,23,23
440034,3,1,1996,0,0,0,0,0,0,33,0,0,0
440035,0,1,1996,8,8,8,8,8,8,8,8,8,8
440035,1,1,1996,0,0,0,0,0,0,0,0,0,0
440036,1,1,1996,0,0,0,0,0,0,0,0,0,0
440037,0,1,1996,0,0,0,0,0,0,0,0,0,0
440037,0,2,1996,0,0,0,0,0,0,0,0,9,0
440037,1,1,1996,0,0,0,0,0,0,0,0,0,0
440038,1,2,1996,0,0,0,0,0,0,0,0,0,0
440038,2,1,1996,0,0,0,0,0,0,0,0,0,0
440039,1,1,1996,0,0,0,0,0,0,0,0,0,0
440039,2,1,1996,0,0,0,0,0,0,0,0,0,0
440040,0,2,1996,8,8,0,8,0,10,0,26,0,9
440040,1,1,1996,20,20,20,20,20,20,20,20,20,20
440041,1,1,1996,0,0,0,0,0,0,0,0,0,0
440041,2,1,1996,0,6,0,0,0,0,0,0,0,0
440042,1,1,1996,0,0,0,0,0,0,0,0,0,0
440042,2,1,1996,0,0,0,0,0,0,0,0,0,0
440043,0,1,1996,24,24,24,24,24,24,24,24,24,24
440043,1,1,1996,0,0,0,0,0,0,0,0,0,0
440044,0,1,1996,34,34,34,34,34,34,34,34,34,34
440044,1,1,1996,0,0,0,0,0,0,0,0,0,0
440045,0,1,1996,3,3,3,3,3,3,3,3,3,3
440045,1,1,1996,0,0,0,0,0,16,0,0,0,0
440046,0,1,1996,0,0,0,0,0,0,0,0,0,0
440046,1,1,1996,0,0,0,0,0,0,0,0,0,0
440047,0,1,1996,0,0,0,0,0,0,0,0,0,0
440047,1,1,1996,12,16,24,5,25,0,14,0,40,16
440048,1,2,1996,0,0,0,0,0,0,0,0,18,0
440049,1,2,1996,2,0,0,0,22,0,28,0,0,0
440050,1,2,1996,2,28,17,10,19,15,21,6,16,8
440051,1,1,1996,0,0,0,0,0,0,0,0,0,0
440051,2,1,1996,0,0,0,0,0,0,0,0,0,0
440052,1,1,1996,0,0,0,0,0,0,0,0,0,0
440052,2,1,1996,0,0,0,0,0,0,0,0,0,0
440053,1,1,1996,0,0,0,0,0,0,0,0,0,0
440054,1,1,1996,6,6,6,6,6,6,6,6,6,6
440055,1,3,1996,0,0,5,16,0,34,10,18,21,15
440056,1,1,1996,29,29,29,29,29,29,29,29,29,29
440056,2,1,1996,8,0,11,17,31,23,26,22,22,0
440057,1,1,1996,0,0,0,0,0,0,0,0,0,0
440058,1,1,1996,0,0,0,0,0,0,0,0,0,0
440058,2,1,1996,0,0,4,0,0,0,0,0,0,0
440059,1,1,1996,0,0,0,0,0,0,0,0,0,0
440059,2,1,1996,0,0,0,0,0,0,0,0,0,0
440060,1,1,1996,16,16,16,16,16,16,16,16,16,16
440061,1,1,1996,0,0,0,0,0,0,0,0,0,0
440061,2,1,1996,0,0,0,0,0,0,0,0,0,0
440062,1,1,1996,31,31,31,31,31,31,31,31,31,31