ST_CASE,VEH_NO,PER_NO,YEAR,P1,P2,P3,P4,P5,P6,P7,P8,P9,P10
440062,2,1,1996,17,21,13,21,12,8,6,4,0,8
440063,1,2,1996,0,0,0,0,5,0,5,0,0,0
440064,0,1,1996,1,1,1,1,1,1,1,1,1,1
440065,1,1,1996,0,0,0,0,0,0,0,0,0,0
440065,2,1,1996,0,0,0,0,0,0,0,0,0,0
450001,0,1,1996,0,0,0,0,0,0,0,0,0,0
450001,1,1,1996,0,0,0,0,0,0,0,0,0,0
450002,1,1,1996,0,0,0,0,0,0,0,0,0,0
450003,1,1,1996,15,15,15,15,15,15,15,15,15,15
450003,2,1,1996,0,0,0,0,0,0,0,0,0,0
450004,1,1,1996,0,0,0,0,0,0,18,0,0,0
450004,2,1,1996,2,0,0,0,0,0,0,0,0,0
450005,1,1,1996,0,0,0,0,0,0,0,0,11,0
450005,2,1,1996,0,0,0,0,0,0,0,0,0,0
450006,1,1,1996,0,0,0,0,0,0,0,0,0,0
450006,2,1,1996,11,11,11,11,11,11,11,11,11,11
450007,1,1,1996,0,0,0,0,0,0,0,0,0,0
450007,2,1,1996,0,0,0,0,0,0,0,0,0,0
450008,1,1,1996,0,0,0,0,0,0,0,0,0,0
450008,2,1,1996,0,0,0,0,0,0,0,0,0,0
450009,1,1,1996,16,20,32,25,16,8,0,15,12,15
450010,1,1,1996,21,21,21,21,21,21,21,21,21,21
450011,1,1,1996,4,4,4,4,4,4,4,4,4,4
450012,0,1,1996,0,0,0,27,0,21,0,0,0,0
450012,1,1,1996,8,6,33,20,0,0,8,12,0,21
450013,0,1,1996,0,0,0,0,0,0,0,0,0,0
450013,1,1,1996,0,0,9,0,0,0,0,0,0,0
450014,1,1,1996,0,0,0,0,0,0,0,0,0,0
450014,2,1,1996,0,0,0,0,0,0,0,0,0,0
450015,0,1,1996,20,0,0,0,0,0,0,0,0,0
450015,1,1,1996,0,0,0,0,0,0,0,0,0,0
450016,1,1,1996,17,8,20,21,10,31,21,11,9,9
450017,1,1,1996,0,0,0,0,0,0,0,0,0,0
450017,2,1,1996,0,0,0,0,0,0,0,0,0,0
450018,1,1,1996,21,20,23,0,20,15,32,14,19,0
450019,1,1,1996,0,0,0,0,24,0,0,0,0,0
450020,1,1,1996,0,0,0,0,0,0,0,0,0,0
450020,2,1,1996,15,27,5,16,13,12,22,17,22,22
450021,1,1,1996,10,10,10,10,10,10,10,10,10,10
450022,1,1,1996,0,0,0,0,0,0,0,0,0,0
450022,2,1,1996,0,0,0,0,0,0,0,0,0,0
450023,1,1,1996,10,10,10,10,10,10,10,10,10,10
450024,1,1,1996,27,27,27,27,27,27,27,27,27,27
450025,1,1,1996,0,0,0,0,0,0,0,0,0,0
450025,2,1,1996,29,29,29,29,29,29,29,29,29,29
450026,0,1,1996,10,10,10,10,10,10,10,10,10,10
450026,1,1,1996,0,0,0,0,0,0,0,0,0,0
450027,1,1,1996,0,0,0,0,0,0,0,0,0,0
450028,1,1,1996,19,16,18,47,35,14,12,22,32,29
450029,0,1,1996,11,11,11,11,11,11,11,11,11,11
450029,1,1,1996,0,0,0,0,0,0,0,0,0,0
450030,1,1,1996,0,0,26,0,0,0,0,13,0,12
450032,1,1,1996,0,21,0,15,0,0,0,0,0,26
450033,0,1,1996,31,0,0,0,0,0,0,0,32,0
450033,1,1,1996,0,0,0,0,0,0,0,0,0,0
450034,1,1,1996,5,0,0,14,0,0,0,0,0,0
450035,1,1,1996,0,0,0,0,0,0,0,0,0,0
450035,2,1,1996,0,0,0,0,0,0,0,0,0,0
450037,1,1,1996,10,0,0,0,11,0,0,0,0,0
450038,1,1,1996,0,0,0,0,0,0,0,0,0,0
450038,2,1,1996,10,10,10,10,10,10,10,10,10,10
450039,1,1,1996,14,14,14,14,14,14,14,14,14,14
450040,0,1,1996,15,0,18,21,31,17,39,11,21,16
450040,1,1,1996,0,0,0,0,0,0,0,0,0,0
450041,1,1,1996,0,0,0,0,0,0,0,0,16,0
450041,2,1,1996,0,0,0,0,0,0,0,0,0,0
450041,3,1,1996,0,0,0,0,0,0,0,0,0,0
450042,1,1,1996,0,0,0,0,0,0,0,0,0,0
450043,1,1,1996,0,0,0,0,0,0,0,0,0,0
450043,2,1,1996,0,0,0,0,0,0,0,0,0,0
450044,1,1,1996,0,0,0,0,0,0,0,0,0,0
450044,2,1,1996,0,0,0,0,0,0,0,0,0,0
450046,1,1,1996,0,8,0,0,0,0,0,0,0,0
450046,2,1,1996,0,0,0,0,0,0,0,0,0,0
450047,1,1,1996,6,6,6,6,6,6,6,6,6,6
450048,1,1,1996,0,0,0,0,0,9,16,0,0,0
450049,1,1,1996,29,29,29,29,29,29,29,29,29,29
450050,1,1,1996,0,0,0,0,0,0,0,0,0,0
450051,1,1,1996,30,30,30,30,30,30,30,30,30,30
450052,1,1,1996,0,0,0,0,0,0,0,0,0,0
450053,1,1,1996,7,5,0,8,20,19,0,27,0,0
450053,2,1,1996,0,0,0,0,0,0,0,0,20,0
450053,3,1,1996,0,0,0,0,0,0,0,0,0,0
450053,4,1,1996,0,0,0,0,0,0,0,0,0,17
450054,1,1,1996,27,27,27,27,27,27,27,27,27,27
450055,1,1,1996,1,1,1,1,1,1,1,1,1,1
450056,1,1,1996,24,18,26,15,10,12,0,32,6,0
450056,2,1,1996,8,9,0,0,5,7,7,7,21,9
450057,1,1,1996,17,16,9,8,7,6,12,5,14,0
450058,1,1,1996,20,20,20,20,20,20,20,20,20,20
450059,1,1,1996,19,19,19,19,19,19,19,19,19,19
450060,1,1,1996,6,6,6,6,6,6,6,6,6,6
450061,1,1,1996,0,0,0,0,0,0,0,0,0,0
450061,2,1,1996,0,0,0,0,0,0,0,0,0,0
450062,1,1,1996,0,0,0,0,0,0,0,0,0,0
450062,2,1,1996,0,0,0,0,0,0,0,0,0,0
450062,3,1,1996,29,29,29,29,29,29,29,29,29,29
450063,0,1,1996,0,16,24,18,0,0,9,35,0,9
450063,1,1,1996,26,26,26,26,26,26,26,26,26,26
450064,0,1,1996,0,0,0,0,0,0,0,0,0,0
450064,1,1,1996,0,0,0,0,0,0,0,0,0,0
450065,1,1,1996,19,19,19,19,19,19,19,19,19,19
450065,2,1,1996,0,0,0,0,0,0,0,0,0,0
450066,1,1,1996,0,0,0,0,0,0,0,0,0,0
450066,2,1,1996,0,0,0,0,0,0,0,0,0,0
450067,1,1,1996,0,0,0,0,0,0,0,0,0,0
450067,2,1,1996,0,0,0,0,0,0,0,0,0,0
450068,0,1,1996,0,0,0,0,0,0,0,0,0,0
450068,1,1,1996,0,0,0,0,0,0,0,0,0,0
450069,0,1,1996,28,28,28,28,28,28,28,28,28,28
450069,1,1,1996,0,0,0,0,0,0,0,0,0,0
450070,0,1,1996,0,0,0,0,0,0,0,0,0,27
450070,1,1,1996,15,12,0,0,0,0,20,9,0,0
450071,1,1,1996,28,28,28,28,28,28,28,28,28,28
450072,1,1,1996,16,16,16,16,16,16,16,16,16,16
450073,1,1,1996,0,0,0,0,0,0,0,0,0,0
450074,1,1,1996,0,0,0,0,0,0,0,0,0,0
450074,2,1,1996,0,0,0,0,0,0,0,0,0,0
450075,1,1,1996,0,0,0,0,0,0,0,0,0,0
450075,2,1,1996,0,0,0,0,0,9,0,6,0,0
450076,1,1,1996,30,0,0,0,0,0,0,0,0,0
450077,1,1,1996,15,15,15,15,15,15,15,15,15,15
450078,0,1,1996,12,12,12,12,12,12,12,12,12,12
450078,1,1,1996,0,0,0,0,14,4,0,0,0,0
450079,0,1,1996,12,15,16,12,13,23,29,8,0,15
450079,1,1,1996,0,0,0,0,0,0,0,0,0,0
450080,1,1,1996,0,0,0,0,0,0,0,0,0,0
450080,2,1,1996,0,0,0,0,6,0,0,0,13,0
450081,1,1,1996,0,0,0,0,0,10,12,15,0,22
450082,1,1,1996,16,16,16,16,16,16,16,16,16,16
450083,1,1,1996,12,12,12,12,12,12,12,12,12,12
450084,1,1,1996,0,0,0,0,0,0,0,0,0,0
450084,2,1,1996,0,0,0,0,0,0,0,0,0,0
450084,3,1,1996,0,5,0,0,0,0,0,0,0,0
450085,1,1,1996,0,0,0,0,8,0,0,0,0,0
450085,2,3,1996,16,0,0,0,0,0,0,0,0,0
450086,1,1,1996,14,14,14,14,14,14,14,14,14,14
450087,1,1,1996,17,17,17,17,17,17,17,17,17,17
450087,2,1,1996,0,26,0,0,0,0,0,0,0,0
450088,1,1,1996,22,0,0,7,22,9,0,16,0,0
450089,1,1,1996,0,0,0,0,0,0,0,0,0,0
450089,2,1,1996,0,0,0,0,0,0,0,0,0,0
450090,1,1,1996,0,11,11,23,13,18,13,27,13,12
450091,1,1,1996,19,9,10,21,26,11,22,31,20,10
450092,1,1,1996,4,28,14,12,6,7,13,16,17,15
450092,2,1,1996,32,0,0,0,0,0,0,35,0,48
450093,1,1,1996,31,31,31,31,31,31,31,31,31,31
450095,1,1,1996,0,0,0,0,0,0,0,0,0,0
450096,0,1,1996,0,0,0,0,0,0,0,0,0,0
450096,1,1,1996,0,0,0,0,0,0,0,0,0,0
450097,1,1,1996,0,0,0,0,0,0,0,0,0,0
450097,2,1,1996,0,0,0,0,0,0,0,0,0,0
450098,1,1,1996,0,0,0,0,0,0,0,0,0,0
450098,2,1,1996,31,31,31,31,31,31,31,31,31,31
450099,1,1,1996,7,7,7,7,7,7,7,7,7,7
450100,1,1,1996,29,7,19,0,26,0,17,4,12,19
450100,2,1,1996,0,0,0,0,0,0,0,18,0,0
450101,0,1,1996,35,35,35,35,35,35,35,35,35,35
450101,1,1,1996,9,0,0,0,0,13,8,0,0,0
450102,1,1,1996,20,8,7,26,19,22,9,15,13,10
450103,1,1,1996,14,14,14,14,14,14,14,14,14,14
450106,1,1,1996,14,14,14,14,14,14,14,14,14,14
450107,1,1,1996,0,0,0,0,0,0,0,0,0,0
450107,2,1,1996,0,0,0,0,0,0,0,0,0,0
450108,1,1,1996,26,26,26,26,26,26,26,26,26,26
450109,1,1,1996,26,26,26,26,26,26,26,26,26,26
450111,1,1,1996,0,21,0,0,0,0,0,0,0,25
450111,2,1,1996,0,0,0,0,0,0,0,0,0,0
450112,0,1,1996,28,0,0,0,0,0,0,0,0,0
450112,1,1,1996,0,0,0,0,0,0,0,0,0,0
450113,1,1,1996,0,0,0,0,6,0,0,7,9,0
450113,2,1,1996,1,1,1,1,1,1,1,1,1,1
450114,1,1,1996,0,0,0,0,0,10,0,0,0,0
450115,0,1,1996,32,32,32,32,32,32,32,32,32,32
450115,1,1,1996,0,0,0,0,0,0,0,0,0,0
450116,1,1,1996,0,0,0,0,7,0,0,0,0,0
450116,2,1,1996,0,0,0,0,0,0,0,0,0,0
450117,1,1,1996,15,15,15,15,15,15,15,15,15,15
450118,0,1,1996,0,16,0,0,0,27,0,0,0,0
450118,1,1,1996,8,0,0,0,0,0,0,0,0,0
450119,0,1,1996,1,1,1,1,1,1,1,1,1,1
450119,1,1,1996,0,0,0,0,0,0,0,0,0,0
450120,1,1,1996,0,0,0,0,0,0,0,0,0,0
450120,2,1,1996,0,0,0,0,0,0,0,0,0,0
450120,3,1,1996,0,0,0,0,0,0,0,0,0,0
450121,1,1,1996,13,0,9,1,9,14,2,19,11,9
450122,1,1,1996,0,0,11,0,16,0,5,0,0,0
450122,2,1,1996,0,0,0,0,0,0,0,0,0,0
450123,1,1,1996,0,0,0,0,0,0,0,0,0,0
450123,2,1,1996,0,0,0,0,0,0,0,0,0,0
450124,1,1,1996,23,23,23,23,23,23,23,23,23,23
450125,1,1,1996,26,26,26,26,26,26,26,26,26,26
450127,1,1,1996,0,0,0,0,0,0,0,0,0,0
450127,2,1,1996,0,0,18,0,0,0,0,0,0,0
450128,1,1,1996,0,0,0,0,0,0,0,0,0,0
450128,2,1,1996,0,0,0,0,0,0,0,0,0,0
450129,1,1,1996,0,0,0,0,0,0,0,0,0,0
450130,1,1,1996,29,29,29,29,29,29,29,29,29,29
450131,1,1,1996,0,0,11,0,0,0,0,0,0,0
450132,1,1,1996,26,26,26,26,26,26,26,26,26,26
450133,1,1,1996,0,0,0,0,0,0,0,0,0,0
450133,2,1,1996,0,0,0,0,0,0,0,0,0,0
450134,0,1,1996,14,0,15,9,16,27,0,34,0,0
450134,1,1,1996,0,0,0,0,0,0,0,0,0,0
450135,1,1,1996,24,24,24,24,24,24,24,24,24,24
450136,1,1,1996,0,0,0,0,0,0,0,0,0,0
450136,2,1,1996,0,0,0,0,9,0,0,0,0,0
450137,1,1,1996,17,17,17,17,17,17,17,17,17,17
450138,1,1,1996,0,0,0,0,0,0,0,0,0,0
450139,1,1,1996,1,1,1,1,1,1,1,1,1,1
450140,1,1,1996,10,10,10,10,10,10,10,10,10,10
450141,1,1,1996,7,7,7,7,7,7,7,7,7,7
450142,1,1,1996,23,23,23,23,23,23,23,23,23,23
450143,1,1,1996,10,10,10,10,10,10,10,10,10,10
450143,2,1,1996,0,0,0,0,0,0,0,0,0,0
450144,1,1,1996,0,17,8,17,7,9,20,11,16,5
450144,2,1,1996,0,0,0,23,0,0,0,0,0,0
450144,3,1,1996,0,0,0,0,0,0,0,0,0,0
450145,1,1,1996,0,0,0,0,0,0,0,0,0,0
450145,2,1,1996,0,0,0,0,0,0,0,0,0,0
450146,1,1,1996,18,18,18,18,18,18,18,18,18,18
450147,1,1,1996,23,23,23,23,23,23,23,23,23,23
450148,1,1,1996,0,0,0,0,0,0,0,0,0,0
450149,1,2,1996,0,0,0,0,0,0,0,0,0,0
450149,2,1,1996,0,0,31,18,0,14,0,0,0,12
450150,0,1,1996,20,20,20,20,20,20,20,20,20,20
450150,1,1,1996,0,0,0,0,0,0,0,0,0,0
450151,1,1,1996,21,18,11,5,22,7,18,19,13,0
450152,0,1,1996,0,0,0,0,0,0,0,15,0,20
450152,0,2,1996,19,3,0,0,31,0,23,0,44,23
450152,1,1,1996,0,0,0,0,0,9,5,0,0,0
450153,1,1,1996,0,0,0,0,0,0,0,0,0,0
450153,2,1,1996,0,0,16,0,0,0,0,0,0,0
450154,0,1,1996,0,13,8,0,0,0,0,0,32,24
450154,1,1,1996,0,0,0,0,0,0,0,0,6,13
450155,1,1,1996,0,12,0,0,0,0,0,21,0,0
450156,1,1,1996,0,0,14,0,0,0,0,0,0,0
450157,1,1,1996,0,0,0,0,0,0,0,0,0,0
450157,2,1,1996,0,0,0,0,0,0,23,0,0,0
450158,1,1,1996,10,10,10,10,10,10,10,10,10,10
450159,1,1,1996,0,0,0,0,0,0,0,0,0,0
450160,0,1,1996,0,0,0,0,0,0,0,0,0,0
450160,1,1,1996,0,0,0,0,0,0,0,0,0,0
450161,0,1,1996,0,0,0,0,0,0,0,0,0,0
450161,1,1,1996,0,0,0,0,0,0,0,0,0,0
450162,1,1,1996,0,0,0,0,0,0,0,0,0,0
450163,1,1,1996,0,0,0,0,0,0,0,0,0,0
450163,2,1,1996,0,0,0,0,0,0,0,0,0,0
450163,3,1,1996,0,0,0,0,0,0,0,0,0,0
450163,4,1,1996,0,0,0,0,0,0,0,0,0,0
450164,1,1,1996,0,0,0,17,0,0,0,1,0,24
450165,1,1,1996,16,16,16,16,16,16,16,16,16,16
450166,0,1,1996,8,8,8,8,8,8,8,8,8,8
450166,1,1,1996,0,0,0,0,0,0,0,0,0,0
450167,1,1,1996,17,0,0,0,0,0,0,0,14,0
450167,2,1,1996,0,0,0,0,0,0,0,0,0,0
450167,3,1,1996,0,0,0,0,0,0,0,0,0,0
450168,1,1,1996,0,0,0,0,0,0,0,0,0,0
450169,1,1,1996,32,32,32,32,32,32,32,32,32,32
450169,2,1,1996,0,0,0,0,0,0,0,0,0,0
450170,0,1,1996,41,41,41,41,41,41,41,41,41,41
450170,1,1,1996,0,0,0,0,0,0,0,0,0,0
450172,0,1,1996,18,18,3,13,6,6,9,0,15,15
450172,1,1,1996,17,23,7,18,17,19,19,24,6,33
450173,1,1,1996,14,14,14,14,14,14,14,14,14,14
450174,1,1,1996,0,0,0,0,0,0,0,0,0,0
450174,2,1,1996,0,0,0,0,0,0,0,0,0,0
450174,3,1,1996,0,0,0,0,0,0,0,0,0,0
450175,0,1,1996,37,0,17,8,19,0,30,10,23,13
450175,1,1,1996,0,0,0,0,0,0,0,0,0,0
450176,1,1,1996,0,0,0,0,0,0,0,0,0,0
450176,2,1,1996,16,0,0,0,0,0,0,0,0,0
450177,1,1,1996,0,0,0,0,0,0,0,0,0,0
450177,2,1,1996,0,0,0,0,0,0,0,0,0,0
450178,0,1,1996,17,17,17,17,17,17,17,17,17,17
450178,1,1,1996,0,0,0,0,0,0,0,0,0,0
450179,1,1,1996,0,0,0,0,0,0,0,0,0,0
450180,1,1,1996,0,17,0,0,18,16,0,11,18,0
450181,1,1,1996,5,5,5,5,5,5,5,5,5,5
450181,2,1,1996,0,0,0,0,0,0,0,0,18,0
450182,1,1,1996,17,17,17,17,17,17,17,17,17,17
450183,1,1,1996,0,0,0,0,0,0,0,0,0,0
450183,2,1,1996,0,0,0,0,0,0,0,0,0,0
450184,1,1,1996,0,0,0,0,0,0,0,0,0,0
450184,2,1,1996,26,26,26,26,26,26,26,26,26,26
450185,1,1,1996,24,24,24,24,24,24,24,24,24,24
450186,1,1,1996,0,0,0,0,0,0,0,0,0,0
450186,2,1,1996,0,0,0,0,0,0,0,0,0,0
450187,1,1,1996,0,0,0,0,0,0,0,0,0,0
450187,2,1,1996,0,0,0,0,0,0,0,0,0,0
450187,3,1,1996,0,0,0,0,0,0,0,0,0,0
450188,1,1,1996,31,31,31,31,31,31,31,31,31,31
450189,1,1,1996,0,0,0,0,0,0,0,0,0,0
450189,2,1,1996,0,0,0,0,0,0,0,0,0,0
450190,1,1,1996,0,0,0,0,0,0,0,0,0,0
450190,2,1,1996,12,0,0,19,3,0,6,0,0,26
450190,3,1,1996,0,0,0,0,0,0,0,0,0,0
450190,4,1,1996,0,0,0,0,0,0,0,0,0,0
450191,0,1,1996,27,27,27,27,27,27,27,27,27,27
450191,1,1,1996,0,0,0,16,0,0,0,0,0,0
450192,1,1,1996,0,0,0,0,0,0,0,0,0,0
450192,2,1,1996,0,0,0,0,0,0,0,0,0,0
450193,1,1,1996,0,0,0,0,0,0,0,0,0,15
450193,2,1,1996,0,0,0,0,0,0,0,0,0,0
450194,0,1,1996,38,44,7,22,0,0,0,0,15,43
450194,1,1,1996,0,0,0,0,0,0,0,0,0,0
450195,1,1,1996,0,0,0,0,0,0,17,0,0,0
450196,1,1,1996,14,14,14,14,14,14,14,14,14,14
450197,1,1,1996,0,0,0,0,0,0,0,0,0,0
450197,2,1,1996,0,0,0,0,0,0,0,0,0,0
450198,1,1,1996,0,0,0,0,0,0,0,0,0,0
450198,2,1,1996,0,0,0,0,0,0,0,0,0,0
450199,1,1,1996,0,0,0,0,0,0,0,0,0,0
450199,2,1,1996,0,0,0,0,0,0,0,0,0,0
450200,1,1,1996,0,0,0,0,0,0,0,0,0,0
450201,1,1,1996,0,0,5,0,0,0,0,0,0,0
450201,2,1,1996,0,0,0,0,0,0,0,0,0,0
450202,1,1,1996,0,0,0,0,0,0,0,0,0,0
450202,2,1,1996,0,0,0,0,0,0,0,0,0,0
450203,1,1,1996,9,9,9,9,9,9,9,9,9,9
450203,2,1,1996,0,0,0,0,0,0,0,0,0,0
450204,1,1,1996,34,0,0,0,0,0,0,0,0,0
450205,0,1,1996,9,9,9,9,9,9,9,9,9,9
450205,0,2,1996,0,10,0,9,14,25,0,18,20,0
450205,1,1,1996,4,0,0,0,0,0,0,0,0,0
450206,1,1,1996,14,14,14,14,14,14,14,14,14,14
450207,0,1,1996,0,0,0,0,0,0,0,0,0,0
450207,1,1,1996,0,0,0,0,0,0,0,0,0,0
450207,2,1,1996,0,0,0,0,0,0,0,0,0,0
450208,1,1,1996,10,10,10,10,10,10,10,10,10,10
450209,1,1,1996,0,0,0,0,0,0,0,0,0,0
450209,2,1,1996,0,0,0,0,7,0,6,5,0,0
450210,1,1,1996,17,27,27,31,17,7,0,30,3,10
450210,2,1,1996,0,0,0,0,0,0,0,0,0,0
450211,0,1,1996,0,0,0,0,0,0,0,0,0,0
450211,1,1,1996,0,0,0,0,0,0,0,0,0,0
450212,1,1,1996,0,0,0,0,0,14,0,0,0,0
450212,2,1,1996,0,0,0,0,0,0,0,0,0,0
450213,1,1,1996,16,16,16,16,16,16,16,16,16,16
450214,1,1,1996,15,0,0,4,0,0,7,0,0,19
450215,1,1,1996,0,0,0,0,0,0,0,0,0,0
450215,2,1,1996,0,0,0,0,0,0,0,0,0,0
450216,0,1,1996,26,26,26,26,26,26,26,26,26,26
450216,1,1,1996,0,0,0,0,0,0,0,0,0,0
450217,1,1,1996,0,0,0,12,0,0,0,0,0,0
450217,2,1,1996,0,11,0,5,10,13,7,30,0,10
450218,1,1,1996,29,29,29,29,29,29,29,29,29,29
450219,1,1,1996,0,0,0,0,0,0,0,0,0,0
450219,2,1,1996,0,0,0,0,0,0,0,0,0,0
450220,1,1,1996,0,0,0,0,0,0,0,0,0,0
450220,2,1,1996,0,0,0,0,0,0,0,0,0,0
450221,1,1,1996,0,0,0,0,0,0,0,0,0,0
450222,1,1,1996,0,0,0,0,0,0,0,0,0,0
450222,2,1,1996,0,0,0,0,0,0,0,0,0,0
450223,1,1,1996,0,0,0,0,0,0,0,0,0,0
450223,2,1,1996,0,0,0,0,0,0,0,0,0,0
450224,1,1,1996,14,14,14,14,14,14,14,14,14,14
450225,1,1,1996,0,0,0,0,0,0,0,0,0,0
450226,0,1,1996,15,0,0,0,0,0,20,26,0,0
450226,1,1,1996,0,0,23,0,0,0,0,29,0,0
450227,1,1,1996,0,0,0,0,0,0,0,0,0,0
450227,2,1,1996,0,0,0,0,0,0,0,0,33,0
450228,1,1,1996,0,0,0,0,0,0,0,0,0,0
450229,1,1,1996,13,13,13,13,13,13,13,13,13,13
450229,2,1,1996,0,0,0,0,0,0,0,0,0,0
450230,0,1,1996,0,0,0,0,0,0,0,0,0,0
450230,1,1,1996,0,0,0,0,0,0,0,0,0,0
450231,0,1,1996,0,0,0,0,0,0,0,0,0,0
450231,1,1,1996,0,0,0,0,0,0,0,0,0,0
450232,1,1,1996,5,5,5,5,5,5,5,5,5,5
450233,1,1,1996,0,0,0,0,0,0,0,0,0,0
450233,2,1,1996,0,0,0,0,0,0,0,0,0,0
450234,1,1,1996,0,0,0,0,0,0,0,11,0,0
450235,0,1,1996,25,25,25,25,25,25,25,25,25,25
450235,1,1,1996,11,7,0,24,0,0,0,0,0,0
450236,1,1,1996,0,0,0,0,0,0,0,0,0,0
450237,1,1,1996,0,0,0,8,18,23,16,0,12,17
450238,1,1,1996,0,0,0,0,8,0,0,0,22,16
450239,1,1,1996,0,28,0,0,0,0,18,0,0,0
450240,1,1,1996,17,17,17,17,17,17,17,17,17,17
450241,1,1,1996,0,0,0,0,0,8,0,4,23,0
450241,2,1,1996,0,0,0,0,0,0,0,0,0,0
450242,0,1,1996,30,27,22,25,15,10,20,12,31,26
450242,1,1,1996,13,13,13,13,13,13,13,13,13,13
450243,1,1,1996,0,0,0,0,0,0,0,0,0,0
450244,1,1,1996,0,0,0,0,0,0,0,0,0,0
450244,2,1,1996,0,0,0,0,0,0,0,0,0,0
450244,3,1,1996,0,0,0,0,0,0,0,0,0,0
450245,1,1,1996,22,22,22,22,22,22,22,22,22,22
450246,1,1,1996,0,0,0,0,0,0,0,0,0,0
450246,2,1,1996,0,0,0,0,0,0,0,0,0,0
450247,1,1,1996,0,0,0,0,0,0,0,0,0,0
450248,0,1,1996,8,4,11,13,32,33,42,5,27,15
450248,1,1,1996,0,0,0,0,0,0,0,0,0,0
450249,0,1,1996,0,0,12,9,37,0,25,18,10,11
450249,1,1,1996,0,0,0,0,0,0,0,0,0,0
450250,1,1,1996,0,0,0,0,0,0,0,0,0,0
450250,2,1,1996,0,0,0,0,0,0,0,0,0,0
450251,1,1,1996,0,0,0,0,0,0,0,0,0,0
450251,2,1,1996,0,0,0,0,0,0,0,0,0,0
450251,3,1,1996,0,0,0,0,0,0,0,0,0,0
450252,1,1,1996,17,17,17,17,17,17,17,17,17,17
450253,0,1,1996,0,0,0,0,0,0,0,0,0,0
450253,1,1,1996,0,0,0,0,0,0,0,0,0,0
450254,1,1,1996,8,8,8,8,8,8,8,8,8,8
450255,1,2,1996,0,0,0,0,0,0,0,0,0,0
450256,1,1,1996,10,10,10,10,10,10,10,10,10,10
450256,2,1,1996,0,0,0,0,0,0,0,0,0,0
450257,1,1,1996,0,0,0,0,0,0,0,0,0,0
450258,0,1,1996,0,0,0,0,0,0,0,0,0,0
450258,1,1,1996,0,0,0,0,0,0,24,0,0,13
450259,1,1,1996,0,0,0,0,0,0,0,28,0,0
450260,1,1,1996,0,0,0,14,0,0,0,0,0,31
450260,2,1,1996,0,0,0,0,0,0,0,0,0,0
450261,1,1,1996,8,8,8,8,8,8,8,8,8,8
450261,2,1,1996,0,0,0,0,0,0,0,0,0,0
450262,1,1,1996,6,6,6,6,6,6,6,6,6,6
450262,2,1,1996,6,6,6,6,6,6,6,6,6,6
450263,1,1,1996,12,12,12,12,12,12,12,12,12,12
450263,2,1,1996,0,0,0,0,0,0,0,0,0,0
450264,1,1,1996,0,0,0,0,0,0,0,0,0,0
450265,1,1,1996,0,0,0,0,0,0,0,0,0,0
450265,2,1,1996,0,0,0,0,0,0,0,0,0,0
450266,1,1,1996,0,0,0,0,0,0,0,0,0,0
450267,1,1,1996,0,0,0,0,0,0,0,0,0,0
450267,2,1,1996,0,0,0,0,0,0,0,0,0,0
450268,1,1,1996,0,0,0,0,0,0,0,0,0,0
450268,2,1,1996,1,1,1,1,1,1,1,1,1,1
450269,1,1,1996,0,0,0,0,0,0,0,0,0,0
450269,2,1,1996,16,0,0,0,0,0,0,0,0,0
450269,3,1,1996,0,0,0,0,0,0,0,0,0,0
450270,1,1,1996,0,0,0,0,8,0,19,0,0,0
450271,1,1,1996,18,18,18,18,18,18,18,18,18,18
450272,1,1,1996,0,0,0,0,0,0,0,0,0,0
450272,2,1,1996,0,0,0,0,0,0,0,0,0,0
450273,1,1,1996,0,0,0,0,0,0,0,0,0,0
450273,2,1,1996,0,0,0,0,0,0,0,0,0,0
450274,1,1,1996,0,0,0,0,0,0,0,0,0,0
450274,2,1,1996,0,0,0,0,0,0,0,0,0,0
450275,1,1,1996,0,0,0,0,14,0,0,0,16,0
450276,1,1,1996,26,26,26,26,26,26,26,26,26,26
450277,0,1,1996,0,23,24,22,32,13,25,26,22,16
450277,1,1,1996,0,0,0,0,0,0,0,0,0,0
450278,1,1,1996,0,0,0,0,0,0,0,0,0,0
450278,2,1,1996,5,5,5,5,5,5,5,5,5,5
450280,1,1,1996,0,0,0,0,0,0,0,0,0,0
450280,2,1,1996,27,27,27,27,27,27,27,27,27,27
450281,1,1,1996,0,0,0,0,0,0,0,0,0,0
450281,2,1,1996,0,0,0,0,0,0,0,0,0,0
450282,0,1,1996,0,0,0,24,0,0,13,0,0,0
450282,1,1,1996,0,0,0,0,0,0,0,0,0,0
450283,0,1,1996,23,23,23,23,23,23,23,23,23,23
450283,1,1,1996,0,0,0,0,0,0,0,0,0,0
450284,1,1,1996,14,14,14,14,14,14,14,14,14,14