ST_CASE,VEH_NO,PER_NO,YEAR,P1,P2,P3,P4,P5,P6,P7,P8,P9,P10
450285,1,1,1996,23,23,23,23,23,23,23,23,23,23
450286,1,1,1996,0,0,0,0,0,0,0,0,0,0
450286,2,1,1996,0,0,0,0,0,0,0,0,0,0
450287,1,1,1996,0,0,0,0,0,0,0,0,0,0
450287,2,1,1996,0,0,0,0,0,8,0,0,0,0
450288,1,1,1996,0,0,0,0,0,0,0,0,0,0
450289,1,1,1996,0,0,0,0,0,0,0,0,0,0
450290,1,1,1996,0,0,0,0,0,0,0,0,25,0
450291,1,1,1996,0,0,0,0,0,0,0,0,0,0
450291,2,1,1996,0,0,0,0,0,0,0,0,0,0
450292,1,1,1996,0,0,0,0,0,0,0,0,0,0
450292,2,1,1996,0,0,0,0,0,0,0,0,0,0
450293,1,1,1996,11,11,11,11,11,11,11,11,11,11
450294,1,1,1996,1,1,1,1,1,1,1,1,1,1
450295,1,1,1996,10,10,10,10,10,10,10,10,10,10
450295,2,1,1996,0,0,0,0,0,0,0,0,0,0
450296,1,1,1996,0,0,0,0,0,0,0,0,0,0
450297,0,1,1996,0,0,0,0,0,0,0,0,0,0
450297,1,1,1996,0,0,0,0,0,0,0,0,0,0
450298,1,1,1996,14,14,14,14,14,14,14,14,14,14
450299,0,1,1996,0,0,0,0,0,0,0,0,0,0
450299,1,1,1996,15,15,15,15,15,15,15,15,15,15
450300,1,1,1996,0,0,0,0,0,0,0,0,0,0
450300,2,1,1996,0,0,0,0,0,0,0,0,0,0
450301,1,1,1996,0,0,0,0,0,0,16,0,0,0
450302,1,1,1996,0,0,0,0,0,0,0,0,0,0
450302,2,1,1996,32,32,32,32,32,32,32,32,32,32
450303,0,1,1996,22,13,47,0,19,25,29,26,13,26
450303,1,1,1996,0,0,0,0,0,0,0,0,0,0
450304,1,1,1996,11,11,11,11,11,11,11,11,11,11
450305,0,1,1996,0,0,0,0,0,0,0,0,0,0
450305,1,1,1996,0,0,0,0,0,0,0,0,0,0
450306,1,1,1996,13,13,13,13,13,13,13,13,13,13
450307,0,1,1996,0,20,27,0,0,9,0,0,12,0
450307,1,1,1996,0,0,0,0,0,0,0,0,0,0
450308,1,1,1996,0,0,0,0,0,0,0,0,0,0
450308,2,1,1996,0,0,0,0,0,0,0,0,0,0
450309,1,1,1996,25,25,25,25,25,25,25,25,25,25
450310,1,1,1996,0,0,0,0,17,0,0,11,18,0
450311,1,1,1996,0,0,0,0,0,0,0,0,0,0
450311,2,1,1996,0,0,0,0,0,0,0,0,12,0
450312,0,1,1996,6,6,6,6,6,6,6,6,6,6
450312,1,1,1996,0,0,0,0,0,0,0,0,0,0
450313,1,1,1996,11,11,11,11,11,11,11,11,11,11
450314,1,1,1996,0,0,16,24,0,15,28,19,0,12
450315,1,1,1996,16,16,16,16,16,16,16,16,16,16
450316,1,1,1996,0,0,0,0,0,0,0,0,0,0
450316,2,1,1996,0,0,0,0,0,0,0,0,0,0
450317,1,1,1996,0,0,0,0,0,0,0,0,0,0
450319,0,1,1996,0,26,0,0,0,0,0,0,0,0
450319,1,1,1996,0,0,0,0,0,0,0,0,0,0
450320,1,1,1996,0,0,0,0,0,0,0,0,0,0
450320,2,1,1996,0,0,0,0,0,0,0,0,0,0
450321,1,1,1996,33,24,12,5,22,19,50,36,24,23
450322,1,1,1996,15,15,15,15,15,15,15,15,15,15
450323,0,1,1996,12,12,12,12,12,12,12,12,12,12
450323,1,1,1996,22,0,0,0,0,0,0,0,0,0
450324,1,1,1996,24,24,24,24,24,24,24,24,24,24
450325,0,1,1996,10,10,10,10,10,10,10,10,10,10
450325,1,1,1996,0,0,0,0,0,0,0,0,0,0
450326,1,1,1996,0,0,0,0,0,0,0,0,0,0
450327,1,1,1996,0,0,0,0,0,0,0,0,0,0
450327,2,1,1996,0,0,0,0,0,0,0,0,0,0
450328,1,1,1996,15,0,0,0,0,0,0,0,0,0
450328,2,1,1996,0,0,0,0,0,0,0,0,0,0
450330,1,1,1996,0,0,0,0,0,0,0,0,0,0
450331,1,1,1996,0,0,0,0,0,0,0,0,0,0
450331,2,1,1996,0,0,0,0,0,0,0,0,0,24
450332,1,1,1996,14,10,12,0,13,6,0,0,0,0
450333,1,1,1996,0,0,0,0,0,0,0,0,0,0
450334,1,1,1996,0,0,0,0,0,0,0,0,0,0
450335,1,1,1996,0,11,0,6,0,0,0,20,0,0
450336,1,1,1996,11,11,11,11,11,11,11,11,11,11
450337,1,1,1996,7,7,7,7,7,7,7,7,7,7
450338,1,1,1996,24,24,24,24,24,24,24,24,24,24
450338,2,1,1996,0,0,0,0,0,0,0,0,0,0
450339,0,1,1996,0,0,0,0,0,4,0,22,0,0
450339,0,3,1996,0,0,18,0,8,0,10,0,13,0
450339,0,4,1996,0,0,0,0,0,0,0,0,0,0
450339,1,1,1996,0,0,0,0,0,0,0,0,0,0
450340,1,1,1996,0,0,0,0,0,0,0,0,0,0
450341,1,1,1996,0,0,0,0,0,0,0,0,0,0
450341,2,1,1996,0,0,0,0,0,0,0,0,0,0
450342,1,1,1996,29,29,29,29,29,29,29,29,29,29
450343,1,1,1996,0,12,0,0,30,17,0,0,0,0
450343,2,1,1996,14,14,14,14,14,14,14,14,14,14
450344,1,1,1996,22,0,25,37,26,0,12,17,28,0
450345,1,1,1996,0,0,13,19,0,0,29,0,26,28
450345,2,1,1996,40,17,0,16,0,25,18,0,5,0
450346,1,1,1996,0,8,3,16,16,6,8,7,14,15
450346,2,1,1996,0,0,0,0,0,0,0,0,0,0
450347,1,1,1996,0,0,0,0,0,0,0,0,0,0
450347,2,1,1996,0,0,0,0,0,0,0,0,0,0
450348,1,1,1996,18,18,18,18,18,18,18,18,18,18
450349,1,1,1996,0,0,0,0,0,0,0,0,0,0
450350,1,1,1996,0,0,0,0,0,0,0,0,0,0
450351,1,1,1996,0,0,0,0,0,0,0,0,0,0
450351,2,1,1996,0,0,0,0,0,0,0,0,0,0
450351,3,1,1996,0,0,0,0,0,0,0,0,0,0
450352,1,1,1996,12,25,30,0,27,16,10,3,29,19
450353,1,1,1996,4,4,4,4,4,4,4,4,4,4
450353,2,1,1996,0,0,0,0,0,0,0,0,0,0
450354,1,1,1996,0,0,0,0,0,0,0,0,0,0
450355,1,1,1996,18,18,18,18,18,18,18,18,18,18
450356,1,1,1996,0,0,0,0,0,0,0,0,0,0
450356,2,1,1996,0,0,0,0,0,0,0,0,0,0
450357,1,1,1996,0,0,0,0,0,0,27,10,9,0
450358,1,1,1996,0,0,0,0,0,0,0,0,0,0
450358,2,1,1996,0,0,0,0,0,0,0,0,0,0
450358,3,1,1996,0,0,0,0,0,0,0,0,0,0
450358,4,1,1996,0,0,0,0,0,0,0,0,0,0
450359,1,1,1996,0,20,0,0,0,0,11,10,13,10
450360,1,1,1996,0,0,0,0,0,0,0,0,0,0
450360,2,1,1996,0,0,0,0,0,0,0,0,0,0
450361,1,1,1996,0,0,0,0,0,0,0,0,0,0
450362,1,1,1996,20,20,20,20,20,20,20,20,20,20
450363,1,1,1996,21,19,15,32,0,0,0,14,22,11
450364,1,1,1996,12,12,12,12,12,12,12,12,12,12
450365,1,1,1996,0,0,0,0,0,0,0,0,0,0
450365,2,1,1996,0,0,0,0,0,0,0,0,0,0
450366,1,1,1996,0,0,0,0,0,0,0,0,0,0
450366,2,1,1996,0,0,0,0,0,0,0,0,0,0
450367,0,1,1996,23,24,27,40,15,11,26,17,5,20
450367,1,1,1996,3,3,3,3,3,3,3,3,3,3
450368,1,1,1996,0,0,0,0,0,0,0,0,0,0
450368,2,1,1996,0,0,0,0,0,0,0,0,0,0
450369,1,1,1996,0,0,0,0,0,0,0,0,0,0
450370,1,1,1996,21,21,21,21,21,21,21,21,21,21
450370,2,1,1996,0,0,0,0,0,0,0,0,0,0
450371,0,1,1996,30,30,30,30,30,30,30,30,30,30
450371,1,1,1996,0,0,0,0,0,0,0,0,0,0
450372,1,1,1996,0,15,9,4,0,0,23,0,33,0
450373,1,1,1996,22,22,22,22,22,22,22,22,22,22
450374,1,1,1996,0,0,5,0,0,0,0,0,0,0
450374,2,1,1996,0,0,0,0,0,0,0,0,0,0
450375,1,1,1996,0,0,0,0,0,0,0,0,0,0
450376,1,1,1996,0,0,0,0,0,0,0,0,0,0
450376,2,1,1996,0,0,0,0,0,0,0,0,0,0
450377,1,1,1996,7,7,7,7,7,7,7,7,7,7
450378,1,1,1996,16,8,8,10,20,18,20,23,9,16
450379,1,1,1996,0,20,14,17,24,0,10,0,11,10
450380,1,1,1996,0,0,0,0,0,0,0,0,0,0
450380,2,1,1996,0,0,0,0,0,0,0,0,0,0
450381,1,1,1996,0,0,0,0,0,0,0,0,0,0
450382,1,1,1996,0,0,0,0,0,0,0,0,0,0
450382,2,1,1996,0,0,0,0,0,0,0,0,0,0
450383,1,1,1996,0,0,0,0,0,0,0,0,0,0
450383,2,1,1996,0,0,0,0,0,0,0,0,0,0
450384,1,1,1996,0,0,0,0,0,0,0,0,0,0
450385,1,1,1996,0,0,0,0,0,0,0,0,0,0
450385,2,1,1996,0,0,0,0,0,0,0,0,0,0
450386,1,1,1996,0,0,0,0,0,0,0,0,0,0
450387,1,1,1996,0,0,0,0,0,0,0,0,0,0
450387,2,1,1996,0,0,0,0,0,0,0,0,0,0
450388,1,1,1996,5,0,0,0,0,0,0,0,0,0
450389,1,1,1996,0,0,0,7,0,0,0,0,0,0
450389,2,1,1996,14,14,14,14,14,14,14,14,14,14
450390,0,1,1996,18,18,18,18,18,18,18,18,18,18
450390,1,1,1996,3,3,3,3,3,3,3,3,3,3
450391,1,1,1996,0,0,0,0,0,0,0,0,0,0
450391,2,1,1996,0,0,0,0,0,0,0,0,0,0
450392,1,1,1996,0,0,0,0,0,0,0,0,0,0
450392,2,1,1996,0,0,0,0,0,0,0,0,0,0
450393,1,1,1996,0,0,0,0,6,0,0,0,0,0
450393,2,1,1996,0,0,0,0,0,0,0,0,0,0
450394,0,1,1996,0,0,0,0,0,0,0,0,0,0
450394,1,1,1996,0,0,0,0,0,0,0,0,0,0
450395,1,1,1996,0,0,0,0,0,0,0,0,0,0
450395,2,1,1996,0,0,0,0,0,0,0,0,0,0
450396,1,1,1996,0,0,0,0,0,0,0,0,0,0
450397,1,1,1996,0,0,0,0,0,0,0,0,0,0
450398,1,1,1996,0,0,0,0,0,0,0,0,0,0
450398,2,1,1996,1,12,6,0,11,0,0,0,12,13
450399,1,1,1996,0,0,0,0,0,0,0,0,0,0
450399,2,1,1996,0,0,0,0,0,0,0,0,0,0
450400,1,1,1996,0,0,0,0,13,0,0,0,0,0
450401,1,1,1996,0,0,0,0,0,0,0,0,0,0
450402,1,1,1996,0,0,0,0,0,0,0,0,0,0
450402,2,1,1996,0,0,0,0,0,0,0,0,0,0
450402,3,1,1996,0,0,0,0,0,0,0,0,0,0
450402,4,1,1996,0,0,0,0,0,0,0,0,0,0
450402,5,1,1996,0,0,0,0,0,0,0,0,0,0
450403,1,1,1996,0,0,0,0,0,0,0,0,0,0
450403,2,1,1996,0,0,0,0,0,0,0,0,0,0
450404,1,1,1996,0,0,0,0,0,0,0,0,0,0
450404,2,1,1996,0,0,0,0,0,0,0,0,0,0
450405,1,1,1996,0,0,0,0,17,0,0,0,12,0
450406,1,1,1996,20,20,20,20,20,20,20,20,20,20
450407,0,1,1996,0,10,20,0,0,12,9,3,18,22
450407,1,1,1996,18,18,18,18,18,18,18,18,18,18
450408,1,1,1996,0,0,0,0,0,0,0,0,0,0
450409,1,1,1996,6,6,6,6,6,6,6,6,6,6
450409,2,1,1996,0,0,0,0,0,0,0,0,0,0
450409,3,1,1996,0,0,0,0,0,0,0,0,0,0
450409,4,1,1996,0,0,0,0,0,0,0,0,0,0
450409,5,1,1996,0,0,0,0,0,0,0,0,0,0
450410,1,1,1996,23,13,24,18,25,14,37,19,24,14
450411,1,1,1996,0,0,0,0,0,0,0,0,0,0
450412,1,1,1996,0,0,0,0,0,0,0,0,0,0
450413,1,1,1996,0,0,0,0,0,30,0,0,0,0
450414,1,1,1996,0,0,0,0,0,0,0,0,0,0
450414,2,1,1996,10,10,10,10,10,10,10,10,10,10
450415,1,1,1996,10,10,10,10,10,10,10,10,10,10
450416,1,1,1996,40,6,0,0,0,41,20,0,0,0
450417,1,1,1996,11,11,11,11,11,11,11,11,11,11
450418,1,1,1996,0,0,0,0,2,0,0,0,0,0
450418,2,1,1996,7,7,7,7,7,7,7,7,7,7
450419,1,1,1996,0,0,0,0,0,0,0,0,0,0
450419,2,1,1996,0,0,0,0,0,0,0,0,0,0
450420,1,1,1996,21,21,21,21,21,21,21,21,21,21
450421,1,1,1996,0,0,0,0,0,0,0,0,0,0
450421,2,1,1996,0,0,0,0,0,0,0,0,0,0
450422,1,1,1996,8,0,0,0,0,0,0,5,0,0
450423,1,1,1996,0,0,0,0,0,0,0,0,0,0
450424,1,1,1996,14,17,19,16,11,7,16,4,0,31
450424,2,1,1996,16,0,0,0,15,15,0,0,21,0
450425,1,1,1996,10,10,10,10,10,10,10,10,10,10
450426,1,1,1996,0,0,0,0,0,0,0,0,0,0
450426,2,1,1996,25,25,25,25,25,25,25,25,25,25
450427,1,1,1996,0,0,0,0,0,0,0,0,0,0
450428,1,1,1996,0,0,0,0,0,0,0,0,0,0
450428,2,1,1996,0,0,0,0,0,0,0,0,0,0
450429,1,1,1996,0,0,0,0,0,0,0,0,0,0
450429,2,1,1996,0,0,0,0,0,0,0,0,0,0
450430,1,1,1996,0,0,0,0,0,0,0,0,0,0
450431,1,1,1996,0,0,0,0,0,0,0,0,0,0
450431,2,1,1996,0,0,0,0,0,0,0,0,0,0
450432,1,1,1996,0,0,0,0,0,0,0,0,0,0
450433,1,1,1996,15,15,15,15,15,15,15,15,15,15
450434,1,1,1996,16,16,16,16,16,16,16,16,16,16
450435,1,1,1996,0,0,0,0,0,0,0,0,0,0
450435,2,1,1996,0,0,0,0,0,0,0,0,0,0
450436,1,1,1996,0,0,0,0,0,0,0,0,0,0
450436,2,1,1996,0,0,0,0,0,0,0,0,0,0
450437,1,1,1996,0,0,0,0,0,0,0,0,0,0
450437,2,1,1996,0,0,0,0,0,14,0,0,14,0
450438,1,1,1996,0,0,0,0,0,21,0,0,11,0
450439,1,1,1996,11,11,11,11,11,11,11,11,11,11
450440,1,1,1996,12,12,12,12,12,12,12,12,12,12
450441,1,1,1996,0,0,0,0,0,0,0,0,0,0
450441,2,1,1996,0,0,0,0,0,25,30,0,0,0
450442,1,1,1996,10,0,0,0,0,0,0,5,0,0
450442,2,1,1996,16,16,16,16,16,16,16,16,16,16
450443,1,1,1996,0,0,0,0,0,0,0,0,0,0
450444,1,1,1996,0,0,0,4,0,0,0,0,0,0
450444,2,1,1996,9,9,9,9,9,9,9,9,9,9
450446,1,1,1996,0,0,0,0,0,0,0,0,0,0
450446,2,1,1996,0,0,0,0,0,0,0,0,0,0
450446,3,1,1996,0,0,0,0,0,0,0,0,0,0
450447,1,1,1996,5,12,0,0,0,9,26,0,5,18
450447,2,1,1996,6,0,18,0,23,12,0,14,12,13
450448,1,1,1996,23,23,23,23,23,23,23,23,23,23
450449,1,1,1996,0,8,6,0,0,0,0,0,0,0
450449,2,1,1996,0,0,0,0,0,0,0,0,0,0
450450,1,1,1996,0,0,0,0,0,0,0,0,0,0
450451,0,1,1996,37,13,25,32,22,17,0,22,26,0
450451,1,1,1996,0,0,0,14,0,7,0,0,0,0
450452,0,1,1996,0,0,0,0,0,0,0,0,0,0
450452,1,1,1996,0,0,0,0,0,0,0,0,0,19
450453,1,1,1996,11,11,11,11,11,11,11,11,11,11
450454,1,1,1996,4,4,4,4,4,4,4,4,4,4
450455,1,1,1996,0,0,0,0,0,0,0,0,0,0
450455,2,1,1996,0,0,0,0,0,0,0,0,0,0
450455,3,1,1996,0,0,0,0,0,0,0,0,0,0
450456,0,1,1996,18,18,18,18,18,18,18,18,18,18
450456,1,1,1996,0,0,0,0,0,0,0,0,0,0
450457,1,1,1996,4,17,8,0,11,7,0,30,0,0
450457,2,1,1996,0,0,0,0,0,0,0,0,0,0
450458,1,1,1996,0,0,0,0,0,0,0,0,0,0
450459,1,1,1996,8,8,8,8,8,8,8,8,8,8
450460,1,1,1996,15,15,15,15,15,15,15,15,15,15
450461,1,1,1996,0,0,0,0,0,0,0,0,0,0
450461,2,1,1996,0,0,0,0,0,0,0,0,0,0
450462,0,1,1996,0,0,0,33,25,0,0,36,14,18
450462,1,1,1996,0,8,0,0,10,11,6,0,0,14
450463,1,1,1996,0,0,0,0,0,0,0,0,0,0
450464,1,1,1996,0,0,0,0,0,0,0,0,0,0
450465,1,1,1996,36,36,36,36,36,36,36,36,36,36
450465,2,1,1996,0,0,0,0,0,0,0,0,0,0
450466,1,1,1996,0,0,0,0,0,0,0,0,0,0
450467,0,1,1996,0,0,0,0,0,0,0,0,0,0
450467,1,1,1996,0,0,0,0,0,0,0,0,0,0
450468,1,1,1996,11,15,0,22,35,0,13,11,24,14
450471,1,1,1996,4,4,4,4,4,4,4,4,4,4
450471,2,1,1996,0,13,0,0,0,0,0,0,0,0
450472,1,1,1996,0,0,0,0,0,0,0,0,23,0
450472,2,1,1996,0,0,0,0,0,0,0,0,0,0
450473,1,1,1996,0,0,0,0,0,0,0,0,0,0
450473,2,1,1996,0,0,0,0,0,0,0,0,0,0
450473,3,1,1996,0,0,13,0,0,0,0,0,0,0
450474,1,1,1996,0,0,0,0,13,0,0,0,0,0
450475,1,1,1996,20,20,20,20,20,20,20,20,20,20
450476,0,1,1996,0,0,0,0,0,0,0,0,0,0
450476,0,2,1996,0,0,21,0,0,0,0,16,22,0
450476,0,3,1996,0,0,14,0,0,0,10,0,0,0
450476,0,4,1996,21,21,21,21,21,21,21,21,21,21
450476,0,5,1996,0,0,0,0,0,0,0,0,0,0
450476,0,6,1996,5,5,5,5,5,5,5,5,5,5
450476,1,1,1996,0,0,0,0,0,0,0,0,0,0
450477,1,1,1996,17,17,17,17,17,17,17,17,17,17
450478,1,1,1996,0,0,0,0,0,0,0,0,0,0
450479,1,1,1996,0,0,0,0,0,0,0,11,0,0
450480,0,1,1996,0,22,0,24,0,0,0,0,0,0
450480,1,1,1996,0,0,0,14,0,0,0,0,0,0
450481,1,1,1996,0,0,0,0,0,0,0,0,0,0
450481,2,1,1996,0,0,0,0,0,0,0,0,0,0
450482,1,1,1996,21,21,21,21,21,21,21,21,21,21
450483,1,1,1996,0,0,0,0,0,0,0,0,0,0
450483,2,1,1996,0,0,0,0,0,0,0,0,0,0
450484,1,1,1996,0,20,0,0,0,0,0,0,0,0
450485,1,1,1996,0,0,0,0,0,0,0,0,0,0
450485,2,1,1996,0,0,0,0,0,0,0,0,0,0
450486,1,1,1996,0,21,19,10,0,6,0,8,4,0
450486,2,1,1996,0,23,10,0,0,0,0,0,0,0
450486,3,1,1996,22,0,18,0,14,8,18,0,20,8
450487,1,1,1996,0,0,0,0,0,0,0,0,0,0
450487,2,1,1996,0,0,0,0,0,0,0,0,0,0
450487,3,1,1996,0,0,0,0,0,0,0,0,0,0
450487,4,1,1996,0,0,0,0,0,0,0,0,0,0
450487,5,1,1996,0,0,0,0,0,0,0,0,0,0
450487,6,1,1996,0,0,0,0,0,0,0,0,0,0
450488,1,1,1996,0,0,0,0,0,0,0,0,0,0
450488,2,1,1996,0,0,0,0,0,0,0,0,0,0
450489,1,1,1996,0,0,0,0,0,0,0,0,0,0
450489,2,1,1996,0,0,0,0,0,0,0,0,0,0
450489,3,1,1996,12,12,12,12,12,12,12,12,12,12
450490,0,1,1996,0,0,0,0,0,0,0,0,0,0
450490,1,1,1996,0,0,0,0,0,0,0,0,0,0
450491,1,1,1996,0,0,0,0,0,0,0,0,0,0
450491,2,1,1996,0,22,0,0,0,0,0,0,0,0
450492,1,1,1996,7,0,0,0,0,0,0,0,0,0
450492,2,1,1996,0,0,0,0,0,0,0,0,0,0
450493,1,1,1996,19,19,19,19,19,19,19,19,19,19
450494,1,1,1996,14,14,14,14,14,14,14,14,14,14
450495,1,1,1996,16,16,16,16,16,16,16,16,16,16
450496,1,1,1996,34,34,34,34,34,34,34,34,34,34
450497,1,1,1996,0,0,14,0,0,0,11,0,0,0
450497,2,1,1996,0,0,0,0,0,0,0,0,19,11
450499,1,1,1996,18,10,14,25,21,7,21,11,10,17
450500,1,1,1996,0,0,0,0,0,0,0,0,22,0
450501,0,1,1996,6,6,6,6,6,6,6,6,6,6
450501,1,1,1996,0,14,0,0,12,22,0,0,0,0
450502,1,1,1996,19,19,19,19,19,19,19,19,19,19
450503,1,1,1996,0,0,0,0,16,0,29,16,0,0
450504,0,1,1996,0,21,0,0,0,0,0,0,0,0
450504,1,1,1996,5,16,3,9,0,0,0,0,0,16
450505,1,1,1996,0,0,0,0,0,0,0,0,0,0
450505,2,1,1996,0,0,0,0,0,0,0,0,0,0
450506,1,1,1996,0,0,0,0,0,0,0,0,0,0
450506,2,1,1996,0,0,0,0,0,0,0,0,0,0
450507,0,1,1996,0,0,0,8,0,0,17,0,0,0
450507,1,1,1996,18,18,18,18,18,18,18,18,18,18
450508,0,1,1996,0,0,0,0,0,0,0,0,23,0
450508,1,1,1996,0,0,0,0,0,16,0,0,0,0
450509,1,1,1996,0,0,0,0,0,0,0,0,0,0
450509,2,1,1996,0,0,0,0,0,0,0,0,0,0
450510,0,1,1996,0,0,0,0,0,0,0,0,0,0
450510,1,1,1996,5,14,0,0,0,23,4,0,15,10
450511,1,1,1996,0,0,0,0,0,0,0,0,0,0
450511,2,1,1996,0,0,0,0,0,0,0,0,0,0
450512,1,1,1996,0,0,0,0,0,0,0,0,0,0
450512,2,1,1996,0,0,0,0,21,0,9,0,0,0
450513,1,1,1996,19,19,0,19,0,11,14,33,0,19
450513,2,1,1996,0,0,0,0,0,0,0,0,0,0
450514,1,1,1996,10,10,10,10,10,10,10,10,10,10
450515,1,1,1996,22,43,27,9,33,33,23,23,23,26
450516,1,1,1996,9,9,9,9,9,9,9,9,9,9
450517,1,1,1996,0,12,13,0,28,0,0,0,0,0
450518,1,1,1996,0,0,0,0,0,0,0,0,0,0
450519,1,1,1996,0,0,0,0,0,0,0,0,0,0
450519,2,1,1996,0,0,0,0,0,0,0,0,0,0
450519,3,1,1996,0,0,0,0,0,0,0,0,0,0
450519,4,1,1996,0,0,0,0,0,0,0,0,0,0
450519,5,1,1996,0,0,0,0,0,0,0,0,0,0
450520,1,1,1996,17,17,17,17,17,17,17,17,17,17
450521,1,1,1996,17,17,17,17,17,17,17,17,17,17
450522,0,1,1996,13,13,13,13,13,13,13,13,13,13
450522,1,1,1996,0,0,0,0,0,0,0,0,25,11
450523,1,1,1996,0,0,16,2,14,0,0,0,0,5
450523,2,1,1996,0,0,0,0,0,0,0,0,0,0
450524,1,1,1996,34,34,34,34,34,34,34,34,34,34
450524,2,1,1996,0,0,0,0,0,0,0,0,0,0
450525,1,1,1996,0,0,0,0,0,0,0,0,0,0
450525,2,1,1996,0,0,0,0,0,0,0,0,0,0
450526,1,1,1996,0,0,0,0,0,0,0,0,0,0
450526,2,1,1996,0,0,0,0,0,0,0,0,0,0
450527,1,1,1996,0,0,25,0,0,0,0,0,0,0
450528,1,1,1996,0,0,0,0,0,0,0,0,0,0
450529,1,1,1996,0,0,0,0,0,0,0,0,0,0
450529,2,1,1996,0,7,0,25,12,19,19,0,32,16
450530,0,1,1996,0,0,0,0,0,0,0,0,0,0
450530,1,1,1996,0,0,0,0,0,0,0,0,0,0
450531,1,1,1996,0,0,0,0,0,26,0,0,0,0
450531,2,1,1996,0,0,0,0,0,0,0,0,0,0
450532,1,1,1996,0,0,0,0,0,0,8,0,0,0
450532,2,1,1996,0,0,0,0,0,0,0,0,0,0
450533,1,1,1996,0,0,0,0,0,0,0,0,0,0
450533,2,1,1996,0,0,0,0,0,0,0,0,0,0
450534,1,1,1996,0,0,0,0,0,0,0,0,0,0
450535,1,1,1996,0,0,0,0,0,0,0,0,0,0
450536,1,1,1996,0,0,0,0,0,0,0,0,0,0
450537,1,1,1996,0,0,0,0,0,0,0,0,0,0
450537,2,1,1996,0,0,0,0,0,8,0,0,0,0
450538,0,1,1996,0,0,0,0,0,0,0,0,0,0
450538,1,1,1996,0,0,0,0,0,0,0,0,0,0
450539,1,1,1996,15,15,15,15,15,15,15,15,15,15
450540,0,1,1996,0,0,0,0,0,0,0,0,0,0
450540,1,1,1996,0,0,0,0,0,0,0,0,0,0
450541,0,1,1996,0,0,0,0,0,0,0,0,15,0
450541,1,1,1996,0,0,0,0,17,0,0,0,0,0
450542,0,1,1996,0,0,0,0,9,0,0,0,0,0
450542,1,1,1996,0,0,0,0,0,0,0,0,0,0
450543,1,1,1996,5,0,49,0,0,0,0,0,0,0
450544,1,1,1996,10,10,10,10,10,10,10,10,10,10
450545,1,1,1996,0,0,0,0,0,0,0,0,0,0
450545,2,1,1996,0,0,0,0,0,0,0,0,0,0
450545,3,1,1996,0,0,0,0,0,0,0,0,0,0
450546,1,1,1996,0,0,0,0,0,0,0,0,0,0
450546,2,1,1996,29,14,6,18,12,12,11,10,6,11
450546,3,1,1996,0,0,0,0,0,0,0,0,0,0
450546,4,1,1996,0,0,0,0,0,0,0,0,0,0
450547,1,1,1996,0,0,0,0,0,0,0,0,0,0
450547,2,1,1996,0,0,0,0,0,0,0,0,0,0
450548,1,1,1996,0,0,0,0,0,0,0,0,0,0
450548,2,1,1996,0,0,0,0,0,0,0,28,0,16
450549,1,1,1996,0,0,0,0,0,0,0,0,0,0
450549,2,1,1996,0,0,0,0,0,0,0,0,0,0
450550,1,1,1996,0,0,0,0,0,0,0,0,0,0
450551,1,1,1996,16,16,16,16,16,16,16,16,16,16
450552,1,1,1996,3,3,3,3,3,3,3,3,3,3
450552,2,1,1996,23,23,23,23,23,23,23,23,23,23
450553,1,1,1996,17,17,17,17,17,17,17,17,17,17
450554,1,1,1996,0,0,0,0,0,0,0,0,0,0
450554,2,1,1996,0,0,0,0,0,0,0,0,0,0
450555,1,1,1996,0,0,0,0,0,0,0,0,0,0
450555,2,1,1996,31,31,31,31,31,31,31,31,31,31
450556,1,1,1996,0,0,0,0,0,0,0,0,0,0
450556,2,1,1996,0,0,0,0,0,0,0,0,0,0
450557,1,1,1996,0,0,0,0,0,0,0,0,0,0
450557,2,1,1996,18,3,10,36,13,15,18,28,20,20
450558,0,1,1996,0,0,0,0,0,0,0,0,0,0
450558,1,1,1996,0,0,0,0,0,0,0,0,0,0
450559,1,1,1996,0,0,0,0,0,0,0,0,0,0
450559,2,1,1996,0,0,0,0,0,0,0,0,0,0
450560,1,1,1996,8,8,0,0,0,0,0,0,12,0
450561,1,1,1996,10,29,15,15,21,10,8,30,13,18
450561,2,1,1996,0,0,0,0,0,0,0,0,0,0
450562,1,1,1996,0,0,0,0,0,0,0,0,0,0
450563,1,1,1996,0,0,0,0,0,0,0,0,0,0
450563,2,1,1996,0,0,0,0,0,0,0,0,0,0
450564,0,1,1996,15,15,15,15,15,15,15,15,15,15
450564,1,1,1996,0,26,0,0,17,0,0,0,0,0
450565,1,1,1996,0,0,0,0,0,0,0,0,0,0
450565,2,1,1996,0,0,0,0,0,0,0,0,0,0
450566,1,1,1996,24,24,24,24,24,24,24,24,24,24
450566,2,1,1996,0,0,0,0,0,0,0,0,0,0
450566,3,1,1996,4,4,4,4,4,4,4,4,4,4
450567,1,1,1996,0,0,0,0,0,0,0,0,0,0