ST_CASE,VEH_NO,PER_NO,YEAR,P1,P2,P3,P4,P5,P6,P7,P8,P9,P10
450567,2,1,1996,0,0,14,0,0,0,0,0,0,0
450568,0,1,1996,0,0,0,0,0,0,0,0,0,0
450568,1,1,1996,0,0,0,0,0,0,0,0,0,0
450569,1,1,1996,0,0,0,0,0,0,0,0,21,0
450569,2,1,1996,0,0,0,8,0,0,0,0,0,0
450569,3,1,1996,0,0,0,0,0,0,13,0,0,0
450570,1,1,1996,0,0,0,0,0,0,0,0,0,0
450570,2,1,1996,0,0,0,0,0,0,0,0,0,0
450571,1,1,1996,0,0,0,9,0,0,0,0,0,0
450571,2,1,1996,17,9,16,0,13,8,9,10,5,24
450572,1,1,1996,11,20,0,3,19,15,9,0,24,0
450572,2,1,1996,0,0,0,0,0,0,0,0,0,0
450573,0,1,1996,17,31,18,17,6,11,20,14,6,33
450573,1,1,1996,0,0,0,0,0,0,0,0,0,0
450574,0,1,1996,5,5,5,5,5,5,5,5,5,5
450574,1,1,1996,0,0,0,0,0,0,0,0,0,0
450575,1,1,1996,9,9,9,9,9,9,9,9,9,9
450576,1,1,1996,0,0,0,0,0,0,0,0,8,0
450576,2,1,1996,7,7,9,21,40,0,0,12,23,15
450577,0,1,1996,0,0,0,0,0,0,0,0,0,0
450577,1,1,1996,0,0,0,0,0,0,0,32,0,0
450578,1,1,1996,0,0,0,0,3,20,0,0,0,0
450578,2,1,1996,0,0,0,0,0,0,0,0,0,0
450578,3,1,1996,0,0,0,0,0,0,0,0,0,0
450578,4,1,1996,0,0,0,0,0,0,0,0,0,0
450579,1,1,1996,0,0,0,0,0,0,0,0,0,0
450580,1,1,1996,0,0,0,0,0,0,0,0,0,0
450580,2,1,1996,0,8,0,18,27,0,0,0,0,0
450581,1,1,1996,0,14,0,0,0,24,0,0,0,0
450582,1,1,1996,0,0,0,0,24,9,0,0,0,0
450583,1,1,1996,0,0,0,0,0,0,0,0,0,0
450583,2,1,1996,0,0,0,0,0,0,0,0,0,0
450584,1,1,1996,13,7,3,9,19,7,18,17,13,16
450584,2,1,1996,1,1,1,1,1,1,1,1,1,1
450585,1,1,1996,0,0,0,0,0,0,0,0,0,0
450586,1,1,1996,22,22,22,22,22,22,22,22,22,22
450586,2,1,1996,0,0,0,0,0,0,0,0,0,0
450587,1,1,1996,32,32,32,32,32,32,32,32,32,32
450587,2,1,1996,17,25,6,17,29,18,11,17,14,0
450588,1,1,1996,32,32,32,32,32,32,32,32,32,32
450589,1,1,1996,14,14,14,14,14,14,14,14,14,14
450589,2,1,1996,0,0,0,0,0,0,0,0,0,0
450590,1,1,1996,11,11,11,11,11,11,11,11,11,11
450591,1,1,1996,34,34,34,34,34,34,34,34,34,34
450592,1,1,1996,0,0,0,0,0,0,0,0,0,0
450592,2,1,1996,0,0,0,0,0,0,0,0,0,0
450593,1,1,1996,0,0,0,0,0,0,0,0,0,0
450593,2,1,1996,26,26,26,26,26,26,26,26,26,26
450594,1,1,1996,15,15,15,15,15,15,15,15,15,15
450595,0,1,1996,0,0,0,0,0,0,0,0,0,0
450595,1,1,1996,0,0,0,0,0,0,0,0,0,0
450596,1,1,1996,0,9,6,22,3,0,0,0,0,0
450598,1,1,1996,0,0,0,18,0,0,0,0,0,15
450599,1,1,1996,0,0,0,0,0,26,0,0,0,7
450600,1,1,1996,0,0,0,0,0,0,0,0,0,0
450600,2,1,1996,0,0,0,0,0,0,0,0,0,0
450601,1,1,1996,25,25,25,25,25,25,25,25,25,25
450602,1,1,1996,6,0,0,7,0,0,0,16,21,12
450602,2,1,1996,0,0,0,0,0,0,0,0,0,0
450603,1,1,1996,0,0,0,0,0,0,0,0,0,0
450603,2,1,1996,0,0,0,0,0,0,0,0,0,0
450604,1,1,1996,0,20,16,10,9,0,0,22,12,0
450605,1,1,1996,0,0,0,0,11,0,0,0,0,0
450606,1,1,1996,0,0,0,0,0,0,0,0,0,0
450607,1,1,1996,0,0,0,0,0,0,0,0,0,0
450608,0,1,1996,22,0,0,0,0,0,0,0,0,0
450608,1,1,1996,0,0,0,0,0,0,0,0,0,0
450609,1,1,1996,27,27,27,27,27,27,27,27,27,27
450610,1,1,1996,8,8,8,8,8,8,8,8,8,8
450611,1,1,1996,0,0,0,0,0,0,0,0,0,0
450611,2,1,1996,0,0,0,0,0,0,0,0,0,0
450612,1,1,1996,18,20,0,10,10,11,22,0,0,27
450613,1,1,1996,0,0,0,0,0,0,0,0,0,0
450614,1,1,1996,0,0,0,0,0,0,0,0,0,0
450614,2,1,1996,0,0,0,28,0,0,0,0,0,0
450615,1,1,1996,8,8,8,8,8,8,8,8,8,8
450616,1,1,1996,19,19,19,19,19,19,19,19,19,19
450617,1,1,1996,16,16,16,16,16,16,16,16,16,16
450618,1,1,1996,0,0,0,0,0,0,0,0,0,0
450618,2,1,1996,0,0,0,0,0,0,0,0,0,0
450619,1,1,1996,0,0,0,0,0,0,0,0,0,0
450619,2,1,1996,0,16,19,20,22,17,10,0,28,0
450620,1,1,1996,0,0,0,0,0,0,0,0,15,0
450621,1,1,1996,0,0,0,0,0,0,0,0,0,0
450621,2,1,1996,0,0,0,0,0,0,0,0,0,0
450622,1,1,1996,24,24,24,24,24,24,24,24,24,24
450623,1,1,1996,14,14,14,14,14,14,14,14,14,14
450624,1,1,1996,29,14,12,7,54,24,9,17,18,24
450625,0,1,1996,18,18,18,18,18,18,18,18,18,18
450625,1,1,1996,10,10,10,10,10,10,10,10,10,10
450626,1,1,1996,0,0,0,0,0,0,0,0,0,0
450626,2,1,1996,0,7,5,4,11,10,8,17,22,19
450627,1,1,1996,18,18,18,18,18,18,18,18,18,18
450628,1,1,1996,23,23,23,23,23,23,23,23,23,23
450630,1,1,1996,9,9,9,9,9,9,9,9,9,9
450631,0,1,1996,31,31,31,31,31,31,31,31,31,31
450631,1,1,1996,0,0,0,0,0,0,0,0,0,0
450631,2,1,1996,0,0,0,0,0,0,0,0,0,0
450632,0,1,1996,0,0,0,0,0,0,0,0,0,0
450632,1,1,1996,0,0,0,0,14,0,0,0,0,0
450633,1,1,1996,0,0,0,0,0,0,0,0,0,0
450633,2,1,1996,0,0,0,0,0,0,0,0,0,0
450634,1,1,1996,25,25,25,25,25,25,25,25,25,25
450635,1,1,1996,17,17,17,17,17,17,17,17,17,17
450636,0,1,1996,5,5,5,5,5,5,5,5,5,5
450636,1,1,1996,0,0,0,0,0,4,0,0,0,0
450637,1,1,1996,9,9,9,9,9,9,9,9,9,9
450638,1,1,1996,12,0,18,7,5,4,15,33,5,11
450639,1,1,1996,0,0,0,0,0,0,0,0,0,0
450639,2,1,1996,0,0,0,0,0,0,0,0,0,0
450640,1,1,1996,0,0,0,0,0,0,0,0,0,0
450641,1,1,1996,0,0,0,0,0,0,0,0,0,0
450641,2,1,1996,0,0,0,0,0,0,0,0,0,0
450642,0,1,1996,0,0,0,0,0,0,0,0,0,0
450642,1,1,1996,0,0,0,0,0,0,0,0,0,0
450643,1,1,1996,0,0,0,0,0,0,0,0,0,0
450644,1,1,1996,18,18,18,18,18,18,18,18,18,18
450645,1,1,1996,16,16,23,21,17,24,8,17,16,15
450646,1,1,1996,0,0,0,0,0,0,0,0,0,0
450647,1,1,1996,0,0,0,0,0,0,0,0,0,0
450647,2,1,1996,0,0,0,0,0,0,0,0,0,0
450648,1,1,1996,0,0,0,0,6,0,0,19,0,0
450648,2,1,1996,0,0,23,0,10,0,0,0,0,0
450649,0,1,1996,8,8,8,8,8,8,8,8,8,8
450649,1,1,1996,0,0,0,0,0,0,0,0,0,0
450650,1,1,1996,0,0,0,0,0,0,0,0,0,0
450651,1,1,1996,0,0,0,0,0,0,0,0,0,0
450651,2,1,1996,4,4,4,4,4,4,4,4,4,4
450652,1,1,1996,21,10,17,0,11,33,11,15,6,4
450653,1,1,1996,0,0,0,0,0,0,0,0,0,5
450654,1,1,1996,0,0,0,0,0,0,0,0,0,0
450654,2,1,1996,0,0,0,0,0,0,0,0,0,0
450655,1,1,1996,15,7,11,18,17,2,15,29,5,21
450656,1,1,1996,12,12,12,12,12,12,12,12,12,12
450657,1,1,1996,0,19,0,0,0,0,0,0,0,0
450658,1,1,1996,0,0,0,0,0,0,0,0,0,0
450658,2,1,1996,0,0,0,0,0,0,0,0,0,0
450659,1,1,1996,0,0,0,0,0,0,0,0,0,0
450659,2,1,1996,0,14,0,0,0,0,0,0,0,0
450660,1,1,1996,0,0,0,0,0,0,0,0,0,0
450660,2,1,1996,0,0,0,0,0,0,0,0,0,0
450660,3,2,1996,16,16,16,16,16,16,16,16,16,16
450661,1,1,1996,0,0,0,0,0,0,0,0,0,0
450661,2,1,1996,0,0,0,0,0,0,10,0,0,0
450661,3,1,1996,0,0,0,0,0,0,0,0,0,0
450662,1,1,1996,0,0,0,0,0,0,0,0,0,0
450662,2,1,1996,0,0,0,0,0,14,0,0,0,0
450663,1,1,1996,28,28,28,28,28,28,28,28,28,28
450664,1,1,1996,0,0,0,0,14,0,0,0,0,0
450664,2,1,1996,0,0,0,0,0,0,11,0,0,0
450665,1,1,1996,27,27,27,27,27,27,27,27,27,27
450666,1,1,1996,0,0,0,0,0,0,0,0,0,0
450667,1,1,1996,0,0,0,0,0,0,0,0,0,0
450667,2,1,1996,0,0,0,0,0,0,0,0,0,0
450668,1,1,1996,0,0,8,0,0,0,0,0,0,0
450669,1,1,1996,21,2,12,12,0,34,30,8,17,37
450670,0,1,1996,0,0,0,0,0,0,0,0,0,0
450670,1,1,1996,0,0,0,0,0,0,0,0,0,0
450671,1,1,1996,0,0,0,0,0,0,0,0,0,0
450671,2,1,1996,0,0,0,0,0,0,0,0,0,0
450672,1,1,1996,0,0,11,0,0,0,0,0,7,0
450673,1,1,1996,0,0,0,0,0,0,0,0,0,0
450673,2,1,1996,0,0,0,0,0,0,0,0,0,0
450674,1,1,1996,0,0,0,0,0,0,0,0,0,0
450674,2,1,1996,27,27,27,27,27,27,27,27,27,27
450675,1,1,1996,0,0,0,0,0,0,0,0,0,0
450675,2,1,1996,0,0,0,0,0,0,0,0,0,0
450676,1,1,1996,12,12,12,12,12,12,12,12,12,12
450677,0,1,1996,30,30,30,30,30,30,30,30,30,30
450677,1,1,1996,0,0,0,0,0,0,13,0,11,0
450678,1,1,1996,0,0,0,0,0,0,0,0,0,0
450678,2,1,1996,0,0,0,0,0,0,0,0,0,0
450679,1,1,1996,0,0,0,0,0,0,0,0,11,0
450679,2,1,1996,16,16,16,16,16,16,16,16,16,16
450680,1,1,1996,0,0,0,0,0,0,0,0,0,0
450680,2,1,1996,0,0,0,0,0,0,0,0,0,0
450681,1,1,1996,0,0,0,0,0,0,0,0,0,0
450681,2,1,1996,0,0,0,0,0,0,0,0,0,0
450682,0,1,1996,26,26,26,26,26,26,26,26,26,26
450682,0,2,1996,0,25,0,0,21,26,19,0,0,15
450682,1,1,1996,0,0,0,0,0,0,0,0,0,0
450683,1,1,1996,0,0,0,0,0,0,0,27,0,0
450683,2,1,1996,0,0,0,0,0,0,0,0,0,0
450684,0,1,1996,19,25,12,20,0,42,27,12,26,32
450684,1,1,1996,22,0,0,0,0,0,0,0,15,0
450685,1,1,1996,0,0,0,0,0,0,0,0,0,0
450685,2,1,1996,0,0,0,0,0,0,0,0,26,0
450686,1,1,1996,0,0,0,0,0,0,0,0,0,0
450686,2,1,1996,0,0,0,0,0,0,0,0,0,0
450687,1,1,1996,18,18,18,18,18,18,18,18,18,18
450688,1,1,1996,0,0,0,0,0,0,0,0,0,0
450689,1,1,1996,21,21,21,21,21,21,21,21,21,21
450690,1,1,1996,16,16,16,16,16,16,16,16,16,16
450691,1,1,1996,0,0,0,0,0,0,0,0,0,0
450691,2,1,1996,0,0,0,0,0,0,0,0,0,0
450692,1,1,1996,0,0,0,0,0,0,0,0,0,0
450692,2,1,1996,0,0,0,0,0,0,0,0,0,0
450693,1,1,1996,0,0,0,0,0,0,0,0,0,0
450693,2,1,1996,0,0,0,0,0,0,0,0,0,0
450694,1,1,1996,0,0,0,0,0,0,0,0,0,0
450694,2,1,1996,21,21,21,21,21,21,21,21,21,21
450695,1,1,1996,11,11,11,11,11,11,11,11,11,11
450696,0,1,1996,30,30,30,30,30,30,30,30,30,30
450696,1,1,1996,0,0,0,0,0,0,0,0,0,0
450697,1,1,1996,25,25,25,25,25,25,25,25,25,25
450698,1,1,1996,0,11,0,0,0,24,0,0,28,18
450699,1,1,1996,0,0,0,0,0,0,0,0,0,0
450699,2,1,1996,0,0,0,0,0,0,0,0,0,0
450699,3,5,1996,0,0,0,0,0,0,0,0,0,0
450700,1,1,1996,0,0,0,0,0,0,0,0,0,0
450700,2,1,1996,0,0,0,0,0,0,0,0,0,0
450701,1,1,1996,0,0,0,0,0,0,0,0,0,0
450701,2,1,1996,0,0,0,0,0,0,0,0,0,0
450701,3,1,1996,0,0,0,0,0,0,0,0,0,0
450702,1,1,1996,0,0,0,0,0,0,0,0,0,0
450702,2,1,1996,0,0,0,0,0,0,0,0,0,0
450703,0,1,1996,7,7,7,7,7,7,7,7,7,7
450703,1,1,1996,17,6,14,0,20,12,4,3,15,12
450704,1,1,1996,0,0,0,0,0,0,0,0,0,0
450704,2,1,1996,0,0,0,0,0,0,0,0,0,0
450705,0,1,1996,0,0,0,0,0,0,0,0,0,0
450705,1,1,1996,8,0,0,0,0,0,0,0,0,0
450706,1,1,1996,27,27,27,27,27,27,27,27,27,27
450706,2,1,1996,23,23,23,23,23,23,23,23,23,23
450707,1,1,1996,0,0,21,6,0,27,0,15,0,0
450708,1,1,1996,9,16,0,28,0,0,26,17,38,31
450709,1,1,1996,17,17,17,17,17,17,17,17,17,17
450710,1,1,1996,0,0,0,0,0,0,0,0,0,0
450711,1,1,1996,0,0,0,0,0,0,0,0,0,0
450711,2,2,1996,0,0,0,0,0,0,0,0,0,0
450712,1,1,1996,14,14,14,14,14,14,14,14,14,14
450713,1,1,1996,0,0,0,0,0,0,0,0,0,0
450713,2,1,1996,0,0,0,0,0,0,0,0,0,0
450714,1,1,1996,20,11,12,16,11,0,0,11,13,8
450714,2,1,1996,0,0,0,0,0,0,0,0,0,0
450714,3,1,1996,0,0,0,0,0,11,22,0,0,0
450715,1,1,1996,0,0,0,0,0,0,0,0,0,0
450715,2,1,1996,8,3,6,14,13,22,7,7,8,23
450715,3,1,1996,0,0,0,0,0,0,0,0,0,0
450716,1,1,1996,18,18,18,18,18,18,18,18,18,18
450717,1,1,1996,10,13,31,10,21,11,10,19,17,15
450718,1,1,1996,35,17,0,0,0,0,0,17,0,19
450719,1,1,1996,0,0,0,0,0,0,0,0,0,0
450719,2,1,1996,0,0,0,0,0,0,0,0,0,0
450720,1,1,1996,0,0,0,0,0,0,0,0,0,0
450720,2,1,1996,0,0,0,0,0,0,0,0,0,6
450721,1,1,1996,0,0,0,0,0,0,0,0,0,0
450721,2,1,1996,0,0,0,0,0,0,0,0,0,0
450722,1,1,1996,0,0,0,0,0,0,0,0,0,0
450723,1,1,1996,14,9,20,16,22,0,10,5,23,12
450723,2,1,1996,0,0,0,0,0,0,0,0,0,0
450723,3,1,1996,0,0,0,0,0,0,0,0,0,0
450724,1,1,1996,0,0,0,0,7,0,0,0,0,0
450724,2,1,1996,0,0,0,0,0,0,0,0,0,0
450725,1,1,1996,19,0,15,0,0,0,0,0,21,25
450726,1,1,1996,0,12,17,0,0,0,0,0,0,0
450727,1,1,1996,0,0,12,0,0,0,0,0,0,0
450727,2,1,1996,0,0,15,0,0,0,0,0,0,0
450728,1,1,1996,0,0,0,0,0,0,0,0,0,0
450728,2,1,1996,0,0,0,0,0,0,0,0,0,0
450728,3,1,1996,0,0,0,0,0,0,0,0,0,0
450729,1,1,1996,20,20,20,20,20,20,20,20,20,20
450730,1,1,1996,0,48,0,0,0,0,0,0,0,0
450731,1,1,1996,0,0,0,0,0,0,0,0,0,0
450732,1,1,1996,39,0,0,0,32,30,22,9,0,0
450732,2,1,1996,20,8,8,15,18,25,11,14,17,17
450733,1,1,1996,22,28,0,0,0,25,0,18,20,14
450733,2,1,1996,0,0,17,0,7,0,0,18,16,0
450734,1,1,1996,23,23,23,23,23,23,23,23,23,23
450735,1,1,1996,0,0,0,0,0,0,0,0,0,0
450735,2,1,1996,0,0,0,0,0,0,0,0,0,0
450735,3,1,1996,0,0,0,0,0,0,0,0,0,0
450736,1,1,1996,0,0,0,0,0,0,0,0,0,0
450736,2,1,1996,0,0,0,0,0,0,0,0,0,0
450737,1,1,1996,0,0,0,0,0,0,0,0,0,0
450737,2,1,1996,0,0,0,0,0,0,0,0,0,0
450738,0,1,1996,34,34,34,34,34,34,34,34,34,34
450738,1,1,1996,0,0,0,0,0,0,0,0,0,0
450739,1,1,1996,9,0,0,0,25,0,0,0,0,0
450739,2,1,1996,0,0,0,0,0,0,0,0,0,0
450740,1,1,1996,0,0,0,0,33,0,26,0,0,0
450741,1,1,1996,0,0,0,27,0,11,0,14,0,0
450742,1,1,1996,0,0,0,0,0,0,0,0,0,0
450742,2,1,1996,0,0,0,0,0,0,0,0,0,0
450743,1,1,1996,0,0,0,6,0,0,0,0,0,0
450743,2,1,1996,21,21,21,21,21,21,21,21,21,21
450744,1,1,1996,0,0,0,0,0,0,0,0,0,0
450744,2,1,1996,0,0,0,0,0,0,0,0,0,0
450745,1,1,1996,0,0,0,0,0,7,21,20,0,0
450746,1,1,1996,0,0,0,0,0,0,0,0,0,0
450746,2,1,1996,1,1,1,1,1,1,1,1,1,1
450747,1,1,1996,13,13,13,13,13,13,13,13,13,13
450748,1,1,1996,0,0,0,0,0,0,0,0,0,0
450749,1,1,1996,0,0,0,0,0,0,0,0,0,0
450749,2,1,1996,0,0,0,0,0,0,0,0,0,0
450750,1,1,1996,0,0,0,0,0,0,0,0,0,0
450751,0,1,1996,14,14,14,14,14,14,14,14,14,14
450751,1,1,1996,0,0,0,0,0,0,0,0,0,0
450752,1,1,1996,19,19,19,19,19,19,19,19,19,19
450753,1,1,1996,25,25,25,25,25,25,25,25,25,25
450753,2,1,1996,0,0,0,0,0,0,0,0,0,0
450754,1,1,1996,0,0,0,0,0,0,0,0,0,0
450755,0,1,1996,0,0,1,18,19,20,26,0,27,17
450755,1,1,1996,0,0,0,0,0,0,0,0,0,0
450755,2,1,1996,0,0,0,0,0,0,0,0,0,0
450756,1,1,1996,0,0,0,0,0,0,0,0,0,0
450756,2,1,1996,0,0,0,0,0,0,0,0,0,0
450757,1,1,1996,0,0,0,0,0,0,0,0,0,0
450757,2,1,1996,0,0,0,0,0,0,0,0,0,0
450758,1,1,1996,0,0,0,0,0,0,0,0,0,0
450758,2,1,1996,0,0,0,0,0,0,0,0,0,0
450759,1,1,1996,0,0,0,0,0,0,0,0,0,7
450759,2,1,1996,0,0,0,0,0,0,0,0,0,0
450760,1,1,1996,0,0,0,0,0,0,0,0,0,15
450761,1,1,1996,0,0,0,0,0,0,0,0,0,0
450762,1,1,1996,0,0,0,0,0,0,0,0,0,0
450763,1,1,1996,0,0,0,0,0,0,0,0,0,0
450763,2,1,1996,0,0,0,0,0,0,0,0,0,0
450764,0,1,1996,0,0,0,0,0,0,0,0,0,0
450764,1,1,1996,0,0,0,0,0,0,0,0,0,0
450765,1,1,1996,0,0,0,0,0,0,0,0,0,0
450765,2,1,1996,12,0,0,0,11,6,0,0,0,0
450766,1,1,1996,0,0,0,0,0,0,0,0,0,0
450766,2,1,1996,0,0,0,0,0,0,0,0,0,0
450767,1,1,1996,42,42,42,42,42,42,42,42,42,42
450768,1,1,1996,0,0,0,0,0,0,0,0,0,0
450768,2,1,1996,0,0,0,0,0,0,0,0,0,0
450769,1,1,1996,0,0,0,0,0,0,0,0,0,0
450769,2,1,1996,0,0,0,0,0,0,0,0,0,0
450770,1,1,1996,9,9,9,9,9,9,9,9,9,9
450771,1,1,1996,0,0,0,0,0,0,0,0,0,0
450771,2,1,1996,0,0,0,0,0,0,0,0,0,0
450772,1,1,1996,0,0,0,0,0,0,0,0,0,0
450772,2,1,1996,0,0,0,0,0,0,0,0,0,0
450773,1,1,1996,24,24,24,24,24,24,24,24,24,24
450774,1,1,1996,0,0,0,0,0,0,0,0,0,0
450774,2,1,1996,0,0,0,0,0,0,0,0,0,0
450774,3,1,1996,0,0,0,0,0,0,0,0,0,0
450775,0,1,1996,0,0,0,0,0,0,0,0,0,0
450775,1,1,1996,0,0,0,0,0,0,0,0,0,0
450776,1,1,1996,34,26,21,13,35,32,17,15,20,11
450777,0,1,1996,36,36,36,36,36,36,36,36,36,36
450777,1,1,1996,0,0,0,0,0,0,0,0,0,0
450778,1,1,1996,0,0,0,0,0,0,0,0,0,0
450778,2,1,1996,0,0,0,0,0,0,0,0,0,0
450778,3,1,1996,0,0,0,0,0,0,0,0,0,0
450779,1,1,1996,0,0,0,0,0,0,0,0,0,0
450779,2,1,1996,0,0,0,0,0,0,0,0,0,0
450780,1,1,1996,0,0,0,0,0,0,0,0,0,0
450780,2,1,1996,0,0,0,0,0,0,0,0,0,0
450781,1,1,1996,0,0,0,0,0,0,0,0,0,0
450781,2,1,1996,0,0,12,0,0,0,0,0,0,0
450781,3,1,1996,0,0,0,0,0,0,0,0,0,0
450782,1,1,1996,6,6,6,6,6,6,6,6,6,6
450783,1,1,1996,0,0,0,22,0,19,0,0,0,0
450784,1,1,1996,0,16,0,0,0,0,0,0,0,0
450784,2,1,1996,0,0,0,0,0,0,0,0,0,0
450785,1,1,1996,0,0,0,0,0,0,0,0,0,0
450785,2,1,1996,0,0,0,0,0,0,0,0,0,0
450786,0,1,1996,11,11,11,11,11,11,11,11,11,11
450786,1,1,1996,0,17,0,0,0,0,0,0,0,0
450787,1,1,1996,15,15,15,15,15,15,15,15,15,15
450788,0,1,1996,13,16,25,16,9,0,11,24,5,24
450788,1,1,1996,0,0,0,0,0,0,0,0,0,0
450789,1,1,1996,0,11,0,0,0,0,0,0,0,0
450789,2,1,1996,5,5,5,5,5,5,5,5,5,5
450790,0,1,1996,0,0,0,0,0,0,0,0,0,0
450790,1,1,1996,0,0,0,0,0,0,0,0,0,0
450791,1,1,1996,6,0,0,0,0,0,0,0,0,0
450792,1,1,1996,0,0,0,0,0,0,0,0,0,0
450793,1,1,1996,0,0,0,0,0,0,23,0,0,0
450794,1,1,1996,0,0,0,0,0,0,0,0,0,0
450795,1,1,1996,0,0,0,0,3,0,0,0,0,0
450796,1,1,1996,17,26,34,15,12,14,12,21,12,13
450797,1,1,1996,0,0,0,3,0,0,0,0,0,18
450797,2,1,1996,13,13,13,13,13,13,13,13,13,13
450798,0,1,1996,0,0,0,0,0,0,0,0,0,0
450798,1,1,1996,0,0,0,0,0,0,0,0,0,0
450799,1,1,1996,8,18,0,25,0,0,0,0,0,22
450800,1,1,1996,0,0,0,0,0,0,0,0,0,0
450801,0,1,1996,0,0,0,0,0,0,0,0,0,0
450802,0,1,1996,0,0,0,0,0,0,0,0,0,0
450802,1,1,1996,0,0,0,0,0,0,0,0,0,17
450803,1,1,1996,0,0,0,0,0,0,0,0,0,0
450803,2,2,1996,9,9,9,9,9,9,9,9,9,9
450804,1,1,1996,0,0,0,21,0,0,33,0,0,0
450805,1,1,1996,7,7,7,7,7,7,7,7,7,7
450806,1,1,1996,9,9,9,9,9,9,9,9,9,9
450807,1,1,1996,15,9,17,11,33,30,26,10,8,10
450808,1,1,1996,40,40,40,40,40,40,40,40,40,40
450809,1,1,1996,10,10,10,10,10,10,10,10,10,10
450810,1,1,1996,34,34,34,34,34,34,34,34,34,34
450811,1,1,1996,0,0,0,0,0,0,0,0,0,0
450811,2,1,1996,0,12,0,0,0,0,0,0,0,0
450812,1,1,1996,0,0,0,0,0,0,0,0,0,0
450813,1,1,1996,0,0,0,0,0,0,0,0,0,0
450814,1,1,1996,18,18,18,18,18,18,18,18,18,18
450815,1,1,1996,0,0,14,0,15,23,0,20,8,0
450816,1,1,1996,0,0,0,0,0,0,0,0,0,0
450816,2,1,1996,0,0,0,0,0,0,0,0,0,0
450817,1,1,1996,0,0,0,10,0,0,0,0,0,0
450818,1,1,1996,0,0,0,0,0,0,0,0,0,0
450818,2,1,1996,0,0,0,0,0,0,0,0,0,0
450819,1,1,1996,0,0,20,0,0,0,0,0,0,0
450819,2,1,1996,0,0,0,0,0,0,0,0,0,0
450820,1,1,1996,16,28,23,11,15,43,19,41,11,6
450821,1,1,1996,0,0,0,0,0,0,0,0,0,0
450822,1,1,1996,29,29,29,29,29,29,29,29,29,29
450822,2,1,1996,9,9,9,9,9,9,9,9,9,9
450823,1,1,1996,29,29,29,29,29,29,29,29,29,29
450824,1,1,1996,0,0,0,0,0,0,0,0,0,0
450824,2,1,1996,0,0,0,0,0,0,0,0,0,0
450825,0,1,1996,0,0,0,0,0,0,0,16,24,0
450825,1,1,1996,0,0,0,0,0,0,0,0,0,0
450826,1,1,1996,0,0,0,0,0,0,0,0,0,9
450827,1,1,1996,0,0,16,18,22,16,0,0,0,28
450828,1,1,1996,0,0,0,0,0,0,0,0,0,0
450828,2,1,1996,0,0,0,0,0,0,0,0,0,20
450829,1,1,1996,0,0,0,0,0,0,0,0,0,0
450829,2,1,1996,0,0,0,0,0,0,0,0,0,0
450830,1,1,1996,0,0,0,0,0,0,0,0,0,0
450830,2,1,1996,0,0,0,0,0,0,0,0,0,0
450834,1,1,1996,0,0,0,0,0,0,0,0,0,0
450834,2,1,1996,0,0,0,0,0,0,0,0,0,0
450835,0,1,1996,0,0,0,0,9,0,0,0,0,0
450835,1,1,1996,0,0,0,0,26,0,0,16,0,0
450836,1,1,1996,0,0,0,0,0,0,0,0,0,0
450836,2,1,1996,0,0,0,0,0,0,0,0,0,0
450837,1,1,1996,0,0,0,0,0,0,0,0,0,0
450839,1,1,1996,0,0,0,0,0,0,0,0,0,0
450839,2,1,1996,0,0,0,0,0,0,0,0,0,0
450839,3,1,1996,0,0,0,0,0,0,0,0,0,0
450841,1,1,1996,0,0,0,0,0,0,0,0,0,0
450841,2,1,1996,0,0,0,0,0,0,0,0,0,0
450842,0,1,1996,0,0,0,0,0,32,0,22,0,0
450842,1,1,1996,0,0,0,0,0,0,0,0,0,0
450843,0,1,1996,0,0,0,15,0,0,0,0,0,19
450843,1,1,1996,0,0,0,0,0,0,0,0,0,0
450843,2,1,1996,0,0,0,0,0,0,0,0,4,0
450844,1,1,1996,0,0,0,0,0,0,0,0,0,0
460001,1,1,1996,0,0,0,0,0,0,0,0,0,0
460001,2,1,1996,0,0,0,0,0,0,0,0,0,0
460002,1,1,1996,18,18,18,18,18,18,18,18,18,18
460002,2,1,1996,0,0,0,0,0,0,0,0,0,0
460003,1,1,1996,0,0,0,0,0,0,0,0,0,0
460003,2,1,1996,0,0,0,0,0,0,0,0,0,0
460004,1,1,1996,0,0,0,0,0,0,0,0,0,0
460004,2,1,1996,0,0,0,0,0,0,0,0,0,0
460005,1,1,1996,24,24,24,24,24,24,24,24,24,24
460006,1,1,1996,22,22,22,22,22,22,22,22,22,22
460006,2,1,1996,0,0,0,0,0,0,0,0,0,0
460007,1,1,1996,10,10,10,10,10,10,10,10,10,10
460007,2,1,1996,22,22,22,22,22,22,22,22,22,22
460008,1,1,1996,0,0,0,0,0,0,0,0,0,0
460008,2,1,1996,0,0,0,0,0,0,0,0,0,0
460009,1,1,1996,0,0,0,0,0,0,0,0,0,0
460009,2,1,1996,0,0,0,0,0,0,0,0,0,0
460010,1,1,1996,16,16,16,16,16,16,16,16,16,16