ST_CASE,VEH_NO,PER_NO,YEAR,P1,P2,P3,P4,P5,P6,P7,P8,P9,P10
470461,2,1,1996,0,0,0,0,0,0,0,0,0,0
470461,3,1,1996,0,0,0,0,0,0,0,0,0,0
470462,1,1,1996,0,0,0,0,0,0,0,0,0,0
470462,2,1,1996,0,5,0,0,19,0,0,11,0,0
470463,1,1,1996,0,0,0,0,0,0,0,0,0,0
470463,2,1,1996,0,0,0,0,0,0,0,0,0,0
470464,1,1,1996,0,0,0,0,0,0,0,0,0,0
470465,1,1,1996,0,0,0,0,0,0,0,0,0,0
470465,2,1,1996,0,0,0,0,0,0,0,0,0,0
470466,1,1,1996,12,12,12,12,12,12,12,12,12,12
470467,1,1,1996,15,15,15,15,15,15,15,15,15,15
470468,1,1,1996,0,0,0,0,0,0,0,0,0,0
470469,1,1,1996,0,0,0,0,0,0,0,0,0,0
470469,2,1,1996,0,0,0,0,0,0,0,0,0,0
470470,1,1,1996,0,0,0,0,0,0,0,0,0,0
470470,2,1,1996,0,0,0,0,0,0,0,0,0,0
470471,1,1,1996,0,0,0,10,0,0,0,0,0,0
470472,1,1,1996,0,0,0,0,0,0,0,0,0,0
470472,2,1,1996,0,0,0,0,0,21,0,0,0,0
470473,1,1,1996,0,0,0,0,0,0,0,0,0,0
470473,2,1,1996,0,0,0,0,0,0,0,0,0,0
470474,1,1,1996,0,0,0,0,0,0,0,0,0,0
470476,1,1,1996,16,16,16,16,16,16,16,16,16,16
470477,1,1,1996,0,0,14,0,0,26,11,0,0,0
470477,2,1,1996,16,16,16,16,16,16,16,16,16,16
470478,1,1,1996,0,0,0,0,0,0,0,0,0,0
470478,2,1,1996,0,0,0,0,0,0,0,0,0,0
470479,1,1,1996,16,16,16,16,16,16,16,16,16,16
470480,1,1,1996,18,18,18,18,18,18,18,18,18,18
470481,1,1,1996,0,0,0,0,0,0,0,0,0,0
470481,2,1,1996,0,0,0,0,0,0,0,0,0,0
470482,1,1,1996,17,17,17,17,17,17,17,17,17,17
470483,1,1,1996,0,0,0,0,0,0,0,0,0,0
470483,2,1,1996,22,23,10,0,11,7,0,18,0,11
470484,0,1,1996,0,0,0,0,0,0,0,0,0,0
470484,1,1,1996,0,0,0,0,0,0,0,0,0,0
470485,1,1,1996,0,0,0,0,0,0,0,0,0,0
470485,2,1,1996,0,0,0,0,0,0,0,0,0,0
470486,1,1,1996,20,20,20,20,20,20,20,20,20,20
470487,0,1,1996,22,22,22,22,22,22,22,22,22,22
470487,1,1,1996,0,0,0,13,0,0,0,0,0,0
470488,1,1,1996,13,13,13,13,13,13,13,13,13,13
470489,1,1,1996,0,0,0,0,0,0,0,0,0,0
470490,1,1,1996,26,26,26,26,26,26,26,26,26,26
470491,1,1,1996,30,30,30,30,30,30,30,30,30,30
470492,1,1,1996,0,0,0,0,0,0,0,0,0,0
470493,1,1,1996,18,18,18,18,18,18,18,18,18,18
470494,1,1,1996,7,7,7,7,7,7,7,7,7,7
470495,1,1,1996,21,21,21,21,21,21,21,21,21,21
470495,2,1,1996,6,6,6,6,6,6,6,6,6,6
470495,3,1,1996,0,0,0,0,0,0,0,0,0,0
470496,1,1,1996,23,23,23,23,23,23,23,23,23,23
470496,2,1,1996,7,7,7,7,7,7,7,7,7,7
470497,1,1,1996,16,16,16,16,16,16,16,16,16,16
470498,1,1,1996,26,26,26,26,26,26,26,26,26,26
470499,1,1,1996,20,20,20,20,20,20,20,20,20,20
470500,1,1,1996,18,18,18,18,18,18,18,18,18,18
470501,1,1,1996,0,0,0,0,0,0,0,0,0,0
470502,1,1,1996,0,0,0,0,0,0,0,0,0,0
470503,1,1,1996,0,0,0,0,0,0,0,0,0,0
470504,1,1,1996,21,21,21,21,21,21,21,21,21,21
470505,1,1,1996,21,21,21,21,21,21,21,21,21,21
470506,1,1,1996,23,23,23,23,23,23,23,23,23,23
470507,1,1,1996,0,0,0,0,0,0,0,0,0,0
470508,1,1,1996,0,0,0,0,0,0,0,0,0,0
470509,1,1,1996,0,0,0,0,0,0,0,0,0,0
470509,2,1,1996,0,0,0,0,0,0,0,0,0,0
470509,3,1,1996,0,0,0,0,0,0,0,0,0,0
470510,1,1,1996,0,0,0,0,0,10,0,34,0,0
470511,1,1,1996,0,0,0,0,0,0,0,0,0,0
470511,2,1,1996,0,0,0,0,0,0,0,0,0,0
470512,1,1,1996,0,0,0,0,0,0,0,0,0,0
470513,1,1,1996,0,0,0,0,0,0,0,0,0,0
470513,2,1,1996,0,0,0,0,0,0,0,0,0,0
470514,1,1,1996,0,0,0,23,19,21,17,24,15,0
470515,1,1,1996,0,0,0,0,0,0,0,0,0,0
470516,0,1,1996,0,0,0,0,0,0,0,0,0,0
470516,1,1,1996,0,0,0,0,0,0,0,0,0,0
470517,1,1,1996,0,0,0,0,11,0,0,0,0,0
470517,2,1,1996,0,0,0,0,0,0,0,0,0,0
470518,1,1,1996,22,22,22,22,22,22,22,22,22,22
470519,1,1,1996,0,0,0,0,0,0,0,0,0,0
470519,2,1,1996,0,0,0,0,0,0,0,0,0,0
470520,1,1,1996,0,0,0,0,0,0,0,0,0,0
470520,2,1,1996,0,0,0,0,0,0,0,0,0,0
470521,0,1,1996,0,0,0,0,0,0,0,0,0,0
470521,1,1,1996,0,0,0,0,0,0,0,0,0,0
470522,1,1,1996,0,0,0,0,0,0,0,0,0,0
470522,2,1,1996,0,0,0,0,0,0,0,0,0,0
470524,1,1,1996,0,0,0,0,0,0,0,0,0,0
470524,2,1,1996,0,0,0,0,0,0,0,0,0,9
470525,1,1,1996,0,0,0,0,0,0,0,0,0,0
470525,2,1,1996,0,0,0,0,0,0,0,0,0,0
470526,1,1,1996,1,1,1,1,1,1,1,1,1,1
470526,2,1,1996,0,0,0,0,0,0,0,0,0,0
470527,1,1,1996,5,4,13,20,12,18,9,6,28,0
470527,2,1,1996,0,0,0,0,0,0,0,0,0,0
470528,1,1,1996,0,0,0,0,0,0,0,0,0,0
470528,2,1,1996,0,0,0,0,0,0,0,0,0,0
470528,3,1,1996,0,0,0,10,0,0,0,0,0,0
470528,4,1,1996,10,0,0,0,0,0,0,0,0,0
470528,5,1,1996,0,0,0,0,0,0,0,0,0,0
470529,1,1,1996,27,27,27,27,27,27,27,27,27,27
470531,1,1,1996,21,21,21,21,21,21,21,21,21,21
470532,1,1,1996,22,22,22,22,22,22,22,22,22,22
470532,2,1,1996,0,0,0,0,0,0,0,0,0,0
470533,1,1,1996,28,28,28,28,28,28,28,28,28,28
470534,1,1,1996,0,0,0,0,0,0,0,0,0,0
470535,0,1,1996,0,0,0,0,0,0,0,0,0,0
470535,1,1,1996,0,0,0,0,0,0,0,0,0,0
470536,1,1,1996,11,11,11,11,11,11,11,11,11,11
470537,1,1,1996,0,0,0,0,0,0,0,0,0,12
470537,2,1,1996,0,0,0,0,0,0,0,0,0,0
470538,1,1,1996,25,20,14,13,18,16,18,20,0,0
470539,1,1,1996,21,13,8,10,31,16,21,26,22,15
470540,1,1,1996,0,0,30,18,0,21,0,16,0,0
470541,1,1,1996,0,0,0,0,0,0,0,0,0,0
470541,2,1,1996,0,0,0,0,0,0,0,0,0,0
470542,1,1,1996,0,0,0,0,0,0,0,0,0,0
470542,2,1,1996,0,0,0,0,0,0,0,0,0,0
470543,1,1,1996,0,17,27,5,20,21,10,21,0,0
470544,1,1,1996,0,0,0,0,0,0,0,0,0,0
470545,1,1,1996,6,6,6,6,6,6,6,6,6,6
470545,2,1,1996,0,0,0,0,0,0,0,0,0,0
470547,1,1,1996,0,0,0,0,0,0,0,0,0,0
470548,1,1,1996,0,0,0,0,0,0,0,0,0,0
470548,2,1,1996,0,0,0,0,0,0,0,0,0,0
470549,1,1,1996,31,31,31,31,31,31,31,31,31,31
470550,1,1,1996,0,0,0,0,12,0,0,0,0,21
470550,2,1,1996,0,0,0,0,0,0,0,0,0,0
470550,3,1,1996,0,0,0,0,0,0,0,0,0,0
470550,4,1,1996,0,0,0,0,0,0,0,0,0,0
470551,1,1,1996,0,0,0,0,0,0,0,0,0,0
470552,1,1,1996,14,14,14,14,14,14,14,14,14,14
470553,1,1,1996,0,0,0,0,0,0,0,0,0,0
470553,2,1,1996,0,0,0,0,0,0,0,0,0,0
470554,1,1,1996,0,0,14,0,9,0,0,0,0,0
470555,1,1,1996,17,17,17,17,17,17,17,17,17,17
470556,1,1,1996,15,15,15,15,15,15,15,15,15,15
470557,0,1,1996,20,20,20,20,20,20,20,20,20,20
470557,1,1,1996,0,0,0,0,0,0,0,0,0,0
470558,1,1,1996,0,0,0,26,0,0,0,0,0,0
470558,2,1,1996,9,0,0,6,0,0,0,0,0,0
470558,3,1,1996,0,0,0,0,0,0,11,0,0,0
470558,4,1,1996,0,0,0,0,11,0,0,0,0,0
470559,1,1,1996,0,0,0,0,0,0,0,0,0,0
470560,1,1,1996,0,0,0,0,11,0,0,0,0,0
470560,2,1,1996,0,0,0,0,0,0,0,0,0,0
470561,1,1,1996,0,0,0,0,0,0,0,0,0,0
470562,0,1,1996,0,17,0,0,0,15,0,13,0,0
470562,1,1,1996,0,0,0,0,0,0,0,0,17,0
470563,1,1,1996,0,0,0,0,0,0,0,0,0,0
470564,1,1,1996,10,10,10,10,10,10,10,10,10,10
470565,0,1,1996,0,0,0,0,0,0,8,0,26,35
470565,1,1,1996,0,0,0,0,0,0,0,0,0,0
470566,1,1,1996,0,0,0,0,0,0,0,0,0,0
470567,1,1,1996,0,0,0,0,0,0,0,0,0,0
470568,1,1,1996,0,0,13,0,16,24,0,13,0,0
470569,1,1,1996,0,15,17,23,13,21,20,23,24,2
470571,1,1,1996,0,0,0,0,0,0,0,0,0,0
470571,2,1,1996,0,0,0,0,0,0,0,0,0,0
470571,3,1,1996,0,0,0,0,0,0,0,0,0,0
470571,4,1,1996,0,0,0,0,0,0,0,0,0,0
470572,1,1,1996,18,18,18,18,18,18,18,18,18,18
470573,1,1,1996,10,0,0,0,0,0,0,0,18,0
470574,1,1,1996,0,0,0,0,0,0,0,0,0,0
470574,2,1,1996,0,0,0,0,0,14,0,0,33,0
470575,1,1,1996,15,17,26,0,0,9,20,13,31,0
470575,2,1,1996,0,0,0,0,0,0,0,0,0,0
470576,1,1,1996,15,25,26,13,31,17,26,11,29,8
470577,1,1,1996,16,19,12,15,20,14,10,21,10,14
470578,1,1,1996,16,16,16,16,16,16,16,16,16,16
470579,1,1,1996,17,0,5,24,0,0,10,0,10,0
470580,1,1,1996,0,0,0,0,0,0,0,0,0,10
470580,2,1,1996,0,0,0,0,0,0,0,0,0,0
470581,1,1,1996,0,14,7,15,13,10,16,32,12,20
470581,2,1,1996,0,0,0,0,0,0,0,0,0,0
470582,1,1,1996,0,0,11,0,0,0,0,0,0,0
470583,1,1,1996,24,24,24,24,24,24,24,24,24,24
470584,1,1,1996,18,18,18,18,18,18,18,18,18,18
470584,2,1,1996,0,0,0,0,0,0,0,0,0,0
470585,1,1,1996,6,6,6,6,6,6,6,6,6,6
470586,1,1,1996,0,0,0,0,22,0,15,32,28,0
470587,1,1,1996,21,0,0,0,0,0,0,0,0,5
470588,1,1,1996,0,0,0,0,0,0,0,0,0,0
470588,2,1,1996,0,0,0,0,0,0,0,0,0,0
470589,1,1,1996,0,0,0,0,0,0,0,0,0,0
470589,2,1,1996,0,0,0,0,0,0,0,0,11,0
470590,1,1,1996,0,41,0,37,21,15,25,0,0,19
470591,1,1,1996,0,0,0,0,0,0,0,0,0,0
470591,2,1,1996,0,0,0,0,0,0,0,0,0,0
470591,3,1,1996,0,0,0,0,0,0,0,0,0,0
470591,4,1,1996,0,0,0,0,0,0,0,0,0,0
470591,5,1,1996,0,0,0,0,0,0,0,0,0,0
470591,6,1,1996,26,0,0,0,0,0,0,0,0,0
470592,1,1,1996,0,0,0,0,0,0,0,0,0,0
470592,2,1,1996,0,0,0,0,0,0,0,0,0,0
470593,1,1,1996,0,0,0,0,0,0,0,0,0,0
470593,2,1,1996,0,0,0,0,0,0,0,0,0,0
470594,1,1,1996,0,0,0,0,0,0,0,0,0,0
470594,2,1,1996,0,0,0,0,0,0,0,0,0,0
470595,1,1,1996,0,9,0,0,0,0,0,0,0,0
470595,2,1,1996,0,0,30,0,0,0,0,0,0,0
470596,1,1,1996,0,0,0,0,0,0,0,0,0,0
470597,1,1,1996,15,15,15,15,15,15,15,15,15,15
470598,1,1,1996,0,0,0,2,0,0,0,0,7,0
470598,2,1,1996,0,0,0,0,0,0,0,0,0,0
470599,1,1,1996,11,11,11,11,11,11,11,11,11,11
470600,1,1,1996,0,0,0,0,0,0,2,0,0,0
470601,1,1,1996,0,0,0,0,0,0,0,0,0,0
470601,2,1,1996,0,0,0,0,0,0,0,0,0,0
470602,1,1,1996,31,31,31,31,31,31,31,31,31,31
470602,2,1,1996,0,0,0,0,0,0,0,0,0,0
470603,1,1,1996,18,18,18,18,18,18,18,18,18,18
470604,0,1,1996,0,0,0,0,0,0,0,0,0,0
470604,1,1,1996,0,0,0,0,0,0,0,0,0,0
470605,1,1,1996,14,14,14,14,14,14,14,14,14,14
470606,1,1,1996,9,9,9,9,9,9,9,9,9,9
470607,1,1,1996,0,0,0,0,0,0,0,0,0,0
470607,2,1,1996,0,0,0,0,0,10,0,0,0,0
470608,1,1,1996,0,0,0,0,0,0,0,0,0,0
470608,2,1,1996,0,0,0,0,0,0,0,0,0,0
470609,1,1,1996,0,0,0,0,0,0,0,0,0,0
470610,1,1,1996,0,0,0,0,0,0,0,0,0,0
470610,2,1,1996,12,12,12,12,12,12,12,12,12,12
470610,3,1,1996,0,0,0,0,0,0,0,0,0,0
470611,1,1,1996,17,17,17,17,17,17,17,17,17,17
470612,1,1,1996,0,0,0,0,0,0,0,0,0,0
470613,1,1,1996,23,23,23,23,23,23,23,23,23,23
470614,1,1,1996,20,20,20,20,20,20,20,20,20,20
470615,1,1,1996,0,0,0,0,0,0,0,0,0,0
470615,2,1,1996,0,0,0,0,0,0,0,0,0,0
470617,1,1,1996,0,0,0,0,0,0,0,0,0,0
470617,2,1,1996,0,0,0,0,0,0,0,0,0,0
470617,3,1,1996,0,0,0,0,0,0,0,0,0,0
470617,4,1,1996,0,0,0,0,0,0,0,10,0,0
470618,1,1,1996,8,8,8,8,8,8,8,8,8,8
470619,1,1,1996,0,0,18,0,0,0,22,0,30,17
470619,2,1,1996,0,0,0,0,0,0,0,0,0,0
470619,3,1,1996,0,0,0,0,0,0,0,0,0,0
470620,0,1,1996,11,11,11,11,11,11,11,11,11,11
470620,0,2,1996,0,0,11,0,13,26,27,49,14,29
470620,1,1,1996,20,20,20,20,20,20,20,20,20,20
470621,1,1,1996,0,0,0,0,0,0,0,0,0,0
470621,2,1,1996,1,1,1,1,1,1,1,1,1,1
470622,1,1,1996,0,0,0,0,0,0,0,0,0,0
470622,2,1,1996,8,8,8,8,8,8,8,8,8,8
470623,1,1,1996,26,26,26,26,26,26,26,26,26,26
470624,1,1,1996,0,0,0,0,0,0,0,0,0,0
470625,1,1,1996,0,0,0,0,0,0,0,0,0,0
470626,1,1,1996,0,0,0,0,0,0,0,0,0,0
470626,2,1,1996,15,15,15,15,15,15,15,15,15,15
470627,1,1,1996,0,0,0,0,0,0,0,0,0,0
470627,2,1,1996,0,0,0,0,0,0,0,0,0,0
470628,1,1,1996,29,4,0,22,21,17,5,21,9,0
470629,1,1,1996,0,18,0,0,19,0,13,13,39,0
470630,1,1,1996,0,0,0,0,0,0,0,0,0,0
470631,1,1,1996,0,0,0,0,0,0,0,0,0,0
470631,2,1,1996,0,0,0,0,0,0,0,0,0,0
470632,1,1,1996,0,0,0,0,0,0,0,0,0,0
470632,2,1,1996,0,0,0,0,0,0,0,0,0,0
470633,1,1,1996,0,0,0,0,0,25,0,19,0,0
470634,1,1,1996,0,0,0,0,0,0,0,0,0,0
470635,1,1,1996,14,14,14,14,14,14,14,14,14,14
470635,2,1,1996,11,11,11,11,11,11,11,11,11,11
470636,1,1,1996,0,0,0,0,0,0,0,0,0,0
470636,2,1,1996,0,0,0,0,0,0,0,0,0,0
470637,1,1,1996,0,0,0,0,0,0,0,0,0,0
470637,2,1,1996,0,0,0,0,0,0,0,0,0,0
470638,1,1,1996,0,0,0,0,0,0,0,0,0,0
470639,0,1,1996,0,0,0,0,0,0,0,0,0,0
470639,1,1,1996,0,0,0,0,0,0,0,0,0,0
470640,1,1,1996,0,0,0,0,0,0,0,0,0,0
470640,2,1,1996,27,27,27,27,27,27,27,27,27,27
470641,1,1,1996,26,26,26,26,26,26,26,26,26,26
470642,1,1,1996,13,13,13,13,13,13,13,13,13,13
470643,1,1,1996,0,0,0,0,0,0,0,0,0,0
470643,2,1,1996,0,0,0,0,0,0,0,0,0,0
470645,1,1,1996,30,30,30,30,30,30,30,30,30,30
470646,1,1,1996,0,0,0,0,0,0,0,0,0,0
470646,2,1,1996,0,0,0,0,0,0,0,0,0,0
470647,1,1,1996,21,21,21,21,21,21,21,21,21,21
470648,1,1,1996,0,0,0,0,0,0,0,0,0,0
470649,1,1,1996,0,0,0,0,4,0,0,0,0,0
470650,1,1,1996,0,0,0,0,0,0,0,0,0,0
470651,1,1,1996,0,0,0,0,0,0,0,0,0,0
470651,2,1,1996,0,0,0,0,0,0,0,0,0,0
470652,1,1,1996,0,0,0,0,0,0,0,0,0,0
470652,2,1,1996,0,0,0,0,0,0,0,0,0,0
470653,1,1,1996,0,0,0,0,0,0,0,0,0,0
470654,1,1,1996,0,0,0,0,0,0,0,0,0,0
470654,2,1,1996,0,0,0,0,0,0,0,0,0,0
470655,1,1,1996,0,0,0,0,0,0,0,0,0,0
470655,2,1,1996,0,0,0,0,0,0,0,0,0,0
470656,1,1,1996,22,22,22,22,22,22,22,22,22,22
470657,1,1,1996,0,0,0,0,0,0,0,0,0,12
470657,2,1,1996,0,0,0,0,0,0,0,0,0,0
470658,1,1,1996,0,0,0,0,0,0,0,0,0,0
470658,2,1,1996,0,0,0,0,0,0,0,6,0,0
470658,3,1,1996,0,0,0,0,0,0,0,0,0,0
470659,1,1,1996,0,0,0,0,0,0,0,0,0,0
470659,2,1,1996,30,30,30,30,30,30,30,30,30,30
470660,1,1,1996,0,0,0,0,0,0,0,0,0,0
470660,2,1,1996,0,0,0,0,0,0,0,0,0,0
470661,1,1,1996,0,0,0,0,0,0,0,0,0,0
470661,2,1,1996,0,0,0,0,0,0,0,0,0,0
470662,1,1,1996,23,21,9,17,14,10,4,32,15,11
470663,1,1,1996,25,25,25,25,25,25,25,25,25,25
470663,2,1,1996,0,0,0,0,0,0,0,0,0,0
470664,1,1,1996,0,0,0,0,0,0,0,0,0,0
470664,2,1,1996,0,0,0,0,0,0,0,0,0,0
470665,1,1,1996,0,0,12,0,0,0,0,0,19,21
470666,1,1,1996,0,0,0,0,0,0,0,0,0,0
470666,2,1,1996,9,9,9,9,9,9,9,9,9,9
470667,0,1,1996,22,22,22,22,22,22,22,22,22,22
470667,1,1,1996,0,0,0,0,0,0,0,0,0,0
470668,1,1,1996,0,0,0,0,0,0,0,0,0,0
470669,1,1,1996,16,25,13,25,18,19,27,16,20,0
470670,1,1,1996,21,21,21,21,21,21,21,21,21,21
470671,1,1,1996,0,0,0,0,0,0,0,0,14,0
470671,2,1,1996,0,0,0,0,0,0,0,0,0,0
470672,1,1,1996,0,0,0,0,0,0,0,0,0,0
470673,1,1,1996,0,0,0,0,0,0,0,0,0,0
470673,2,1,1996,0,0,0,0,0,0,0,0,0,0
470674,1,1,1996,0,0,0,0,0,0,0,0,0,0
470675,1,1,1996,23,23,23,23,23,23,23,23,23,23
470676,1,1,1996,25,25,25,25,25,25,25,25,25,25
470677,1,1,1996,0,0,0,0,0,0,0,0,0,0
470677,2,1,1996,0,0,0,0,0,0,0,0,0,0
470678,1,1,1996,0,0,0,0,0,0,0,0,0,0
470678,2,1,1996,0,0,0,0,0,0,0,0,0,0
470678,3,1,1996,0,0,0,0,0,0,0,0,0,0
470679,1,1,1996,0,0,0,0,0,0,0,0,0,0
470680,1,1,1996,24,24,24,24,24,24,24,24,24,24
470681,1,1,1996,0,35,8,0,0,0,0,24,0,19
470682,1,1,1996,0,0,0,0,0,0,0,0,0,0
470682,2,1,1996,0,0,0,0,0,0,0,0,3,0
470682,3,1,1996,0,0,0,0,0,0,0,0,0,0
470683,1,1,1996,0,0,0,0,0,0,0,0,0,0
470684,1,1,1996,0,0,0,0,0,0,0,0,0,0
470685,1,1,1996,0,0,0,0,0,0,8,0,0,0
470685,2,1,1996,0,0,0,0,0,0,0,0,0,0
470686,1,1,1996,0,0,0,0,0,0,0,0,0,0
470686,2,1,1996,0,0,0,0,0,0,0,0,0,0
470687,1,1,1996,0,11,0,0,0,0,0,0,0,0
470688,1,1,1996,0,0,0,11,0,0,0,0,0,12
470688,2,1,1996,0,0,0,0,11,0,0,0,14,0
470689,1,1,1996,0,0,0,0,0,0,0,0,0,0
470690,0,1,1996,34,34,34,34,34,34,34,34,34,34
470690,1,1,1996,0,0,0,0,0,0,0,0,0,0
470691,1,1,1996,15,15,15,15,15,15,15,15,15,15
470692,1,1,1996,0,0,0,0,0,0,0,0,0,0
470693,1,1,1996,11,11,11,11,11,11,11,11,11,11
470694,1,1,1996,9,28,31,19,47,22,17,21,27,10
470695,1,1,1996,8,8,8,8,8,8,8,8,8,8
470696,1,1,1996,0,0,0,0,0,0,0,0,0,0
470697,1,1,1996,0,0,0,0,0,0,0,0,0,0
470697,2,1,1996,23,23,23,23,23,23,23,23,23,23
470698,1,1,1996,0,0,0,0,0,0,0,0,0,0
470699,1,1,1996,0,0,0,0,0,0,0,0,0,0
470700,1,1,1996,0,0,0,0,0,0,0,0,0,0
470700,2,1,1996,0,0,0,0,0,0,0,0,0,0
470701,1,1,1996,0,18,0,0,0,0,0,0,0,0
470702,1,1,1996,0,0,0,0,0,0,0,0,0,0
470703,1,1,1996,15,12,11,21,14,26,17,6,6,9
470703,2,1,1996,0,0,0,0,0,0,0,0,0,0
470704,1,1,1996,11,15,44,14,18,19,7,6,13,16
470705,1,1,1996,29,29,29,29,29,29,29,29,29,29
470706,0,1,1996,0,0,0,0,0,0,0,0,0,0
470706,1,1,1996,0,0,0,0,0,0,0,0,0,0
470707,1,1,1996,16,16,16,16,16,16,16,16,16,16
470708,1,1,1996,0,0,0,0,0,0,0,0,0,0
470709,1,1,1996,17,17,17,17,17,17,17,17,17,17
470710,1,1,1996,7,7,7,7,7,7,7,7,7,7
470710,2,1,1996,0,0,0,0,0,0,0,0,0,0
470710,3,1,1996,0,0,0,0,0,0,0,0,0,0
470711,1,1,1996,24,0,0,0,0,0,0,0,0,0
470711,2,1,1996,0,0,0,0,0,0,0,0,0,0
470712,1,1,1996,24,24,24,24,24,24,24,24,24,24
470713,1,1,1996,13,13,13,13,13,13,13,13,13,13
470714,1,1,1996,0,0,0,0,0,0,0,0,0,0
470715,1,1,1996,0,14,5,23,12,21,0,0,0,28
470715,2,1,1996,0,0,0,0,0,0,0,0,0,0
470716,1,1,1996,0,0,0,0,0,0,0,0,0,0
470716,2,1,1996,7,0,0,15,0,0,0,0,6,0
470717,1,1,1996,8,0,0,0,0,0,0,0,0,0
470717,2,1,1996,11,0,27,0,0,5,0,0,0,0
470718,1,1,1996,0,0,0,0,0,0,0,0,0,0
470718,2,1,1996,0,0,0,0,0,0,0,0,0,0
470719,1,1,1996,0,0,0,0,0,0,0,0,0,0
470720,1,1,1996,0,0,0,0,0,0,0,0,0,0
470720,2,1,1996,0,0,0,0,0,0,11,0,0,7
470720,3,1,1996,0,0,0,0,0,0,0,9,0,0
470721,1,1,1996,0,0,0,0,0,0,0,0,0,0
470721,2,1,1996,0,0,0,0,0,0,0,0,0,0
470722,1,1,1996,19,19,19,19,19,19,19,19,19,19
470723,0,1,1996,5,5,5,5,5,5,5,5,5,5
470723,1,1,1996,0,0,0,0,0,0,0,5,0,0
470724,1,1,1996,22,15,12,0,25,8,0,0,0,0
470724,2,1,1996,0,0,27,0,0,0,0,0,0,0
470725,1,1,1996,0,0,0,0,0,0,0,0,0,0
470726,1,1,1996,15,15,15,15,15,15,15,15,15,15
470727,1,1,1996,0,0,0,0,0,0,0,0,0,0
470727,2,1,1996,0,0,0,0,0,0,0,0,0,0
470727,3,1,1996,0,0,0,0,0,0,0,0,9,28
470728,1,1,1996,0,0,0,0,0,0,0,0,0,0
470729,1,1,1996,0,0,0,0,0,0,0,0,0,0
470730,1,1,1996,0,0,0,0,0,0,0,0,0,0
470730,2,1,1996,0,0,0,0,0,0,0,0,0,20
470731,1,1,1996,14,14,14,14,14,14,14,14,14,14
470732,1,1,1996,12,12,12,12,12,12,12,12,12,12
470733,1,1,1996,0,0,0,0,0,0,0,0,0,0
470733,2,1,1996,0,0,0,0,0,0,0,0,0,0
470734,1,1,1996,0,0,0,0,0,0,0,0,0,0
470734,2,1,1996,0,0,0,0,0,0,0,0,0,0
470735,0,1,1996,14,0,0,0,0,0,0,0,0,0
470735,1,1,1996,22,22,22,22,22,22,22,22,22,22
470736,1,1,1996,0,0,0,0,0,0,0,0,0,0
470736,2,1,1996,0,0,0,0,0,0,0,0,0,0
470737,1,1,1996,0,0,0,0,0,0,0,0,0,0
470738,1,1,1996,10,10,10,10,10,10,10,10,10,10
470739,1,1,1996,12,12,12,12,12,12,12,12,12,12
470740,1,1,1996,17,17,17,17,17,17,17,17,17,17
470741,1,1,1996,20,20,20,20,20,20,20,20,20,20
470742,1,1,1996,0,0,0,0,0,0,0,0,0,0
470742,2,1,1996,0,0,0,0,0,0,0,0,0,0
470743,1,1,1996,0,0,0,0,0,0,0,0,0,0
470744,1,1,1996,6,6,6,6,6,6,6,6,6,6
470745,1,1,1996,0,0,0,0,0,0,0,0,0,0
470745,2,1,1996,0,0,0,0,0,0,0,0,0,0
470745,3,1,1996,0,0,0,0,0,0,0,0,0,0
470745,4,1,1996,0,0,0,0,0,0,0,0,0,0
470746,1,1,1996,0,0,0,0,0,0,0,0,0,0
470746,2,1,1996,0,0,0,0,16,0,21,0,0,0
470747,1,1,1996,2,2,2,2,2,2,2,2,2,2
470747,2,1,1996,0,0,0,0,0,0,0,0,0,0
470748,1,1,1996,0,0,0,0,0,0,0,0,0,0
470748,2,1,1996,15,0,0,0,0,0,0,0,0,0
470749,1,1,1996,0,0,0,0,0,0,0,0,0,0
470749,2,1,1996,5,5,5,5,5,5,5,5,5,5
470750,1,1,1996,0,0,0,0,0,0,0,0,0,0
470751,1,1,1996,3,3,3,3,3,3,3,3,3,3
470752,0,1,1996,16,16,16,16,16,16,16,16,16,16
470752,1,1,1996,14,0,0,0,0,0,0,0,0,0
470753,1,1,1996,0,0,0,0,0,0,0,0,0,0
470753,2,1,1996,14,14,14,14,14,14,14,14,14,14
470753,3,1,1996,0,0,0,0,0,0,0,0,0,0
470754,0,1,1996,0,0,0,0,0,0,0,0,0,0
470754,1,1,1996,0,0,0,0,0,0,0,0,0,0
470755,1,1,1996,0,0,0,13,0,0,14,0,23,11
470756,1,1,1996,20,20,20,20,20,20,20,20,20,20
470757,1,1,1996,6,0,17,36,29,26,23,19,0,30
470758,1,1,1996,0,0,0,0,0,0,0,0,0,0
470759,1,1,1996,29,29,29,29,29,29,29,29,29,29