ST_CASE,VEH_NO,PER_NO,YEAR,P1,P2,P3,P4,P5,P6,P7,P8,P9,P10
480988,1,1,1996,15,15,11,10,11,16,13,20,19,25
480988,2,1,1996,0,0,0,0,0,0,0,0,0,0
480989,1,1,1996,20,20,20,20,20,20,20,20,20,20
480990,1,1,1996,5,5,5,5,5,5,5,5,5,5
480991,1,1,1996,0,0,0,0,0,0,0,0,0,0
480991,2,1,1996,0,0,0,0,0,0,0,0,0,0
480992,1,1,1996,30,30,30,30,30,30,30,30,30,30
480993,1,1,1996,0,0,0,0,0,0,0,0,0,15
480994,1,1,1996,0,0,0,0,0,0,0,0,19,0
480994,2,1,1996,11,0,0,0,0,0,0,0,0,0
480995,1,1,1996,14,14,14,14,14,14,14,14,14,14
480996,1,1,1996,19,0,0,19,18,16,19,6,45,0
480997,1,1,1996,0,12,24,21,14,14,5,14,14,29
480998,1,1,1996,0,0,0,0,0,0,0,0,12,0
480998,2,1,1996,0,10,0,9,0,13,0,0,0,0
480999,1,1,1996,2,2,2,2,2,2,2,2,2,2
481000,1,1,1996,0,0,0,0,0,0,0,0,0,0
481001,1,1,1996,8,19,3,0,0,0,0,37,0,15
481001,2,1,1996,15,15,15,15,15,15,15,15,15,15
481002,1,1,1996,0,0,0,0,0,0,0,0,0,0
481002,2,1,1996,23,0,26,15,11,13,10,15,13,13
481003,1,1,1996,9,9,9,9,9,9,9,9,9,9
481004,1,1,1996,0,11,0,21,13,21,0,0,10,0
481005,1,1,1996,24,24,24,24,24,24,24,24,24,24
481005,2,1,1996,0,0,0,0,0,0,0,0,0,0
481006,1,1,1996,0,0,0,29,0,0,0,14,0,0
481006,2,1,1996,0,0,0,0,0,0,0,0,0,0
481007,1,1,1996,27,27,27,27,27,27,27,27,27,27
481007,2,1,1996,0,0,0,8,0,5,0,0,8,0
481008,0,1,1996,5,5,5,5,5,5,5,5,5,5
481008,1,1,1996,0,0,0,0,0,0,0,0,0,0
481009,1,1,1996,20,20,20,20,20,20,20,20,20,20
481009,2,1,1996,0,0,0,14,0,0,0,7,14,0
481010,1,1,1996,19,19,19,19,19,19,19,19,19,19
481011,1,1,1996,30,30,30,30,30,30,30,30,30,30
481012,0,1,1996,14,0,0,0,0,14,0,0,0,0
481012,1,1,1996,0,0,0,0,0,0,0,0,13,0
481013,1,1,1996,0,0,0,0,0,0,0,0,0,0
481014,1,1,1996,14,14,14,14,14,14,14,14,14,14
481014,2,1,1996,12,0,16,0,0,2,0,0,9,0
481015,0,1,1996,29,29,29,29,29,29,29,29,29,29
481015,1,1,1996,0,0,0,0,0,0,0,0,0,0
481016,0,1,1996,0,0,0,0,0,0,0,0,0,0
481016,1,1,1996,0,0,0,0,0,0,0,0,0,0
481017,1,1,1996,0,0,0,0,0,0,0,0,0,0
481017,2,1,1996,0,0,0,0,0,0,0,7,0,0
481018,1,1,1996,21,21,21,21,21,21,21,21,21,21
481019,1,1,1996,11,0,0,0,14,0,4,0,0,0
481020,1,1,1996,10,0,0,0,0,0,0,0,0,0
481020,2,1,1996,10,10,10,10,10,10,10,10,10,10
481021,1,1,1996,0,0,0,0,0,0,0,0,0,0
481021,2,1,1996,7,7,7,7,7,7,7,7,7,7
481022,1,1,1996,0,0,0,0,0,0,0,0,0,0
481022,2,1,1996,0,0,0,0,0,0,0,0,0,0
481023,1,1,1996,32,25,8,0,11,17,0,11,0,17
481023,2,1,1996,0,0,0,0,0,0,0,0,0,28
481024,0,1,1996,0,0,0,0,0,0,0,0,0,0
481024,1,1,1996,0,0,0,0,0,0,0,28,0,0
481025,1,1,1996,26,0,0,0,0,0,0,0,0,0
481025,2,1,1996,0,0,0,0,0,0,0,0,0,0
481026,1,1,1996,14,14,14,14,14,14,14,14,14,14
481027,1,1,1996,0,24,0,0,24,0,0,0,0,0
481027,2,1,1996,20,8,0,26,0,0,0,0,0,0
481028,0,1,1996,0,0,0,0,0,0,0,0,0,0
481028,1,1,1996,12,35,11,0,0,19,0,0,7,0
481029,0,1,1996,13,17,29,9,34,32,25,22,25,11
481029,1,1,1996,0,0,0,0,0,0,0,0,0,16
481030,0,1,1996,0,0,0,0,0,0,0,0,0,0
481030,1,1,1996,0,0,0,0,0,0,0,0,0,0
481031,1,1,1996,0,0,0,0,0,0,0,0,0,0
481031,2,1,1996,0,0,0,0,0,0,0,0,0,0
481032,1,1,1996,4,4,4,4,4,4,4,4,4,4
481033,1,1,1996,0,0,0,0,0,0,0,0,0,0
481033,2,1,1996,0,0,0,0,5,0,5,11,0,0
481034,1,1,1996,30,30,30,30,30,30,30,30,30,30
481035,0,1,1996,30,24,0,16,0,0,0,11,0,45
481035,1,1,1996,0,0,0,0,0,0,0,0,0,0
481036,1,1,1996,0,0,0,0,0,0,0,0,0,0
481036,2,1,1996,0,0,0,0,0,0,0,0,0,0
481037,1,1,1996,5,5,5,5,5,5,5,5,5,5
481038,1,1,1996,0,0,0,0,0,0,0,0,0,0
481039,1,1,1996,0,0,0,0,0,0,0,0,0,0
481040,1,1,1996,0,0,0,0,0,0,0,0,0,0
481041,1,1,1996,0,0,0,0,0,0,0,0,0,0
481041,2,1,1996,3,3,3,3,3,3,3,3,3,3
481042,0,1,1996,0,0,0,0,0,0,0,0,0,0
481042,1,1,1996,17,17,17,17,17,17,17,17,17,17
481043,1,1,1996,0,0,0,0,0,0,0,0,0,0
481043,2,1,1996,14,0,0,0,0,0,0,0,0,10
481043,3,1,1996,11,0,0,0,0,0,0,0,0,0
481043,4,1,1996,0,0,0,0,0,0,0,0,0,0
481044,1,1,1996,0,0,0,0,0,0,0,0,0,0
481045,1,1,1996,0,0,0,0,0,0,0,0,0,0
481045,2,1,1996,0,0,0,0,0,0,0,0,0,0
481046,1,1,1996,4,4,4,4,4,4,4,4,4,4
481047,1,1,1996,0,0,0,0,0,0,0,0,0,0
481047,2,1,1996,11,11,11,11,11,11,11,11,11,11
481048,1,1,1996,0,0,0,0,0,0,0,0,0,0
481049,1,1,1996,4,4,4,4,4,4,4,4,4,4
481050,1,1,1996,0,13,0,0,0,0,0,19,0,0
481051,0,1,1996,4,0,0,0,0,0,0,0,0,0
481051,0,2,1996,0,0,0,0,0,0,0,0,0,0
481051,1,1,1996,0,0,0,0,0,10,0,0,18,31
481052,1,1,1996,0,18,23,21,11,0,26,0,0,0
481053,1,1,1996,0,0,0,0,0,0,0,0,19,0
481053,2,1,1996,0,0,0,0,0,14,0,0,0,0
481054,1,1,1996,5,0,5,2,0,9,0,0,5,0
481055,1,1,1996,31,31,31,31,31,31,31,31,31,31
481056,1,1,1996,0,0,0,0,0,0,0,0,0,0
481057,0,1,1996,0,0,0,0,0,0,0,0,0,0
481057,1,1,1996,0,0,0,0,0,4,0,0,0,0
481058,1,1,1996,0,0,0,0,0,0,0,0,0,0
481058,2,1,1996,0,27,0,0,0,0,0,0,0,0
481058,3,1,1996,0,0,0,0,0,0,0,0,0,2
481059,1,1,1996,0,0,0,0,0,30,0,3,0,0
481059,2,1,1996,12,0,0,0,0,0,0,13,0,14
481060,1,1,1996,0,0,0,0,0,0,0,0,0,0
481061,1,1,1996,20,20,20,20,20,20,20,20,20,20
481062,1,1,1996,0,0,0,0,8,0,0,0,0,0
481062,2,1,1996,0,0,0,0,25,0,0,0,0,0
481063,1,1,1996,0,0,0,0,0,0,0,0,0,0
481063,2,1,1996,27,35,6,7,0,0,17,11,21,0
481063,3,1,1996,16,0,19,15,0,0,0,0,0,0
481063,4,1,1996,0,0,0,0,0,0,0,0,0,0
481063,5,1,1996,0,0,0,0,0,0,0,0,0,0
481063,6,1,1996,0,0,0,0,0,0,0,0,0,0
481063,7,1,1996,0,0,0,0,0,0,0,0,0,21
481063,8,1,1996,0,0,4,0,0,18,0,0,0,0
481063,9,1,1996,0,0,0,9,20,0,41,0,14,28
481063,10,1,1996,0,0,0,12,18,26,0,21,0,5
481063,11,1,1996,6,0,0,15,0,0,12,6,7,7
481064,0,1,1996,0,23,0,16,0,24,0,24,0,24
481064,1,1,1996,0,0,0,0,0,0,0,0,0,0
481065,1,1,1996,17,17,17,17,17,17,17,17,17,17
481065,2,1,1996,23,23,23,23,23,23,23,23,23,23
481066,1,1,1996,0,12,9,0,0,0,0,0,19,0
481066,2,1,1996,21,21,21,21,21,21,21,21,21,21
481067,1,1,1996,0,0,0,0,0,0,0,0,0,0
481068,1,1,1996,0,0,0,0,0,0,0,0,0,0
481068,2,1,1996,6,0,18,0,0,15,0,0,0,0
481069,0,1,1996,22,0,18,18,0,56,22,0,22,0
481069,1,1,1996,0,0,0,0,0,0,0,0,0,16
481070,0,1,1996,43,43,43,43,43,43,43,43,43,43
481070,1,1,1996,0,11,0,0,0,0,0,0,7,0
481071,1,1,1996,0,0,0,0,0,0,0,0,0,12
481072,0,1,1996,19,0,0,26,0,0,0,0,15,0
481072,1,1,1996,0,0,0,0,0,0,0,0,0,6
481073,1,1,1996,0,0,0,0,0,0,0,0,0,0
481073,2,1,1996,0,0,0,0,0,0,0,0,0,0
481074,1,1,1996,14,14,14,14,14,14,14,14,14,14
481075,1,1,1996,0,0,0,0,0,0,0,0,0,0
481076,1,1,1996,12,12,12,12,12,12,12,12,12,12
481077,1,1,1996,20,20,20,20,20,20,20,20,20,20
481078,1,1,1996,0,0,0,0,0,0,0,0,0,0
481078,2,1,1996,14,14,14,14,14,14,14,14,14,14
481079,1,1,1996,19,19,19,19,19,19,19,19,19,19
481079,2,1,1996,0,0,0,0,0,0,0,0,0,0
481079,3,1,1996,0,0,0,22,16,0,0,0,0,0
481080,1,1,1996,13,13,13,13,13,13,13,13,13,13
481080,2,1,1996,0,0,0,0,0,0,0,0,0,0
481080,3,1,1996,0,0,22,0,0,0,0,0,0,0
481081,1,1,1996,0,0,0,0,0,0,0,0,0,0
481081,2,1,1996,0,0,21,0,0,0,0,0,0,0
481082,1,1,1996,0,0,0,0,0,0,0,0,0,0
481083,1,1,1996,0,0,0,0,0,0,0,0,0,10
481084,1,1,1996,26,26,26,26,26,26,26,26,26,26
481085,1,1,1996,37,37,37,37,37,37,37,37,37,37
481086,1,1,1996,15,29,13,15,5,4,10,0,0,7
481087,1,1,1996,0,0,0,0,0,0,0,0,0,0
481087,2,1,1996,0,0,0,0,0,0,0,0,0,0
481088,1,1,1996,0,0,0,0,0,0,0,0,0,0
481088,2,1,1996,0,0,13,0,28,0,20,17,20,13
481089,1,1,1996,0,0,0,0,0,0,0,0,0,0
481090,1,1,1996,0,0,0,0,0,0,0,0,0,0
481090,2,1,1996,16,0,0,0,0,0,0,0,0,0
481091,1,1,1996,0,0,0,0,0,0,0,0,0,0
481091,2,1,1996,0,0,0,0,0,0,0,0,0,0
481092,1,1,1996,33,33,33,33,33,33,33,33,33,33
481093,1,1,1996,16,16,16,16,16,16,16,16,16,16
481093,2,1,1996,0,0,0,0,0,0,0,0,0,0
481094,1,1,1996,0,0,0,0,20,31,30,12,0,0
481095,1,1,1996,0,0,0,0,0,0,0,0,0,0
481095,2,1,1996,0,0,0,0,0,0,0,0,0,0
481096,0,1,1996,0,0,4,0,27,0,0,0,0,0
481096,1,1,1996,0,0,0,0,9,0,0,0,0,0
481096,2,1,1996,0,0,3,0,0,0,0,10,0,0
481096,3,1,1996,0,0,0,0,0,0,0,0,0,0
481097,1,1,1996,11,11,11,11,11,11,11,11,11,11
481097,2,1,1996,0,0,0,0,0,0,0,0,0,0
481098,1,1,1996,0,0,0,0,0,0,0,0,0,0
481099,1,1,1996,0,0,0,0,0,0,0,0,0,0
481100,1,1,1996,5,24,17,19,2,31,0,0,0,19
481101,1,1,1996,0,0,0,0,0,0,0,0,13,10
481101,2,1,1996,16,13,27,15,23,8,0,0,7,0
481101,3,1,1996,0,0,10,21,0,0,0,0,12,0
481102,1,1,1996,0,0,0,0,0,0,0,0,0,0
481103,0,1,1996,0,0,0,0,0,0,0,0,0,0
481103,1,1,1996,0,0,0,0,0,8,0,0,0,0
481104,1,1,1996,0,10,17,0,14,0,0,11,5,0
481105,1,1,1996,0,0,0,0,0,0,0,0,0,0
481105,2,1,1996,0,0,0,0,20,11,18,19,8,14
481106,0,1,1996,0,0,0,0,0,0,0,0,0,0
481106,1,1,1996,0,0,0,0,0,0,0,0,0,0
481107,1,1,1996,0,0,0,0,0,15,13,0,0,0
481107,2,1,1996,0,0,0,0,17,0,0,0,0,0
481108,1,1,1996,0,0,0,0,0,0,0,0,0,0
481109,1,1,1996,0,0,0,0,0,0,0,0,0,0
481110,1,1,1996,0,0,4,0,0,0,0,0,0,0
481110,2,1,1996,0,0,0,0,0,0,0,0,0,0
481110,3,1,1996,0,0,0,0,0,0,0,0,0,0
481111,1,1,1996,0,0,0,11,0,10,0,19,19,0
481112,1,1,1996,0,0,0,0,0,0,0,0,0,0
481113,0,1,1996,0,0,0,0,0,0,0,0,0,0
481113,1,1,1996,0,0,4,0,15,0,0,0,0,0
481114,1,1,1996,15,0,0,0,16,0,0,8,0,15
481115,1,1,1996,0,0,0,0,0,0,0,0,0,0
481116,1,1,1996,0,0,0,0,0,0,0,0,0,0
481117,1,1,1996,27,27,27,27,27,27,27,27,27,27
481118,1,1,1996,18,18,18,18,18,18,18,18,18,18
481119,1,1,1996,28,28,28,28,28,28,28,28,28,28
481120,1,1,1996,0,0,0,0,0,0,0,0,0,0
481120,2,1,1996,25,22,15,26,0,8,24,9,0,21
481121,1,1,1996,0,0,0,0,0,0,0,0,0,0
481121,2,1,1996,17,17,17,17,17,17,17,17,17,17
481122,1,1,1996,18,18,18,18,18,18,18,18,18,18
481123,1,1,1996,14,14,14,14,14,14,14,14,14,14
481124,1,1,1996,0,0,0,0,0,0,0,0,0,0
481125,0,1,1996,14,14,14,14,14,14,14,14,14,14
481125,1,1,1996,0,0,0,0,0,0,0,0,0,0
481126,1,1,1996,0,0,0,0,0,0,0,0,0,0
481126,2,1,1996,0,0,0,0,0,0,0,0,0,0
481127,1,1,1996,0,0,0,0,0,0,0,0,0,0
481127,2,1,1996,0,0,0,0,0,26,0,0,0,0
481128,1,1,1996,10,10,10,10,10,10,10,10,10,10
481129,1,1,1996,14,14,14,14,14,14,14,14,14,14
481130,1,1,1996,0,0,0,0,0,0,0,0,0,0
481131,1,1,1996,0,0,0,0,0,0,0,0,0,0
481131,2,1,1996,8,0,0,13,0,0,0,0,0,0
481132,1,1,1996,0,0,0,0,0,0,15,0,0,0
481132,2,1,1996,11,0,13,12,13,8,18,11,14,12
481133,1,1,1996,8,8,8,8,8,8,8,8,8,8
481133,2,1,1996,6,6,6,6,6,6,6,6,6,6
481134,1,1,1996,17,17,17,17,17,17,17,17,17,17
481135,1,1,1996,0,0,0,0,0,0,0,0,0,0
481135,2,1,1996,16,11,17,37,0,0,17,25,10,0
481136,1,1,1996,0,0,0,0,0,0,0,0,0,0
481136,2,1,1996,0,0,0,0,0,0,0,0,0,0
481137,1,1,1996,0,0,0,0,0,0,0,0,0,0
481137,2,1,1996,23,0,0,0,0,0,0,0,0,0
481138,1,1,1996,0,0,0,0,0,0,0,0,0,0
481138,2,1,1996,17,17,17,17,17,17,17,17,17,17
481139,1,1,1996,0,0,0,0,0,0,0,0,0,0
481139,2,1,1996,0,0,0,0,0,0,0,0,0,0
481140,1,1,1996,24,24,24,24,24,24,24,24,24,24
481141,1,1,1996,0,0,0,0,0,0,0,0,0,0
481141,2,1,1996,0,0,0,0,0,0,0,0,0,16
481142,1,1,1996,7,7,7,7,7,7,7,7,7,7
481143,1,1,1996,0,0,0,0,0,0,0,0,0,0
481144,1,1,1996,0,0,0,0,0,0,0,0,0,0
481144,2,1,1996,8,13,0,0,7,0,0,0,11,0
481144,3,1,1996,0,0,0,0,0,0,0,0,0,21
481145,1,1,1996,0,0,0,0,0,0,0,0,0,0
481145,2,1,1996,0,0,0,0,0,0,0,0,0,0
481146,0,1,1996,0,0,0,0,0,0,0,0,0,17
481146,0,2,1996,0,23,26,43,18,8,16,32,33,20
481146,1,1,1996,23,23,23,23,23,23,23,23,23,23
481146,2,1,1996,18,18,18,18,18,18,18,18,18,18
481147,1,1,1996,4,4,4,4,4,4,4,4,4,4
481148,1,1,1996,0,0,0,0,0,0,0,0,0,0
481149,1,1,1996,27,27,0,25,0,12,26,9,0,0
481149,2,1,1996,0,0,0,0,0,0,0,0,0,0
481149,3,1,1996,9,18,11,23,9,13,10,11,11,15
481150,1,1,1996,18,18,18,18,18,18,18,18,18,18
481151,1,1,1996,0,0,0,0,2,0,0,0,21,0
481151,2,1,1996,22,0,5,0,20,0,0,0,8,0
481152,1,1,1996,0,0,0,0,0,0,0,0,0,0
481152,2,1,1996,0,0,0,0,0,0,0,0,0,0
481153,1,1,1996,0,0,0,0,9,0,0,0,0,0
481153,2,1,1996,17,11,0,0,0,0,0,0,0,0
481154,1,1,1996,0,0,0,0,0,0,0,0,0,0
481155,1,1,1996,0,0,0,0,0,0,0,0,0,0
481156,1,1,1996,0,0,0,0,18,0,0,7,6,0
481156,2,1,1996,0,0,0,0,0,0,0,0,14,0
481157,1,1,1996,0,33,0,0,0,0,0,0,11,23
481158,1,1,1996,0,0,0,0,0,0,0,16,0,0
481159,0,1,1996,0,0,0,0,0,0,0,0,19,0
481159,0,2,1996,0,0,0,0,0,0,11,0,7,13
481159,1,1,1996,11,11,11,11,11,11,11,11,11,11
481160,1,1,1996,23,23,23,23,23,23,23,23,23,23
481160,2,1,1996,0,0,0,0,0,0,0,0,0,0
481161,1,1,1996,18,18,18,18,18,18,18,18,18,18
481162,1,1,1996,0,0,0,0,0,0,0,0,0,0
481162,2,1,1996,0,20,0,0,0,0,0,0,0,0
481162,3,1,1996,19,19,19,19,19,19,19,19,19,19
481163,1,1,1996,0,0,0,0,0,0,0,0,0,0
481163,2,1,1996,0,0,17,0,0,0,0,0,0,0
481163,3,1,1996,0,0,0,0,0,0,0,0,0,0
481164,1,1,1996,6,0,7,0,0,0,0,0,0,0
481165,1,1,1996,0,0,0,0,0,0,0,0,0,0
481165,2,1,1996,0,0,0,0,0,0,0,0,0,0
481166,1,1,1996,15,15,15,15,15,15,15,15,15,15
481166,2,1,1996,0,0,0,0,0,0,0,0,0,0
481167,1,1,1996,17,17,17,17,17,17,17,17,17,17
481167,2,1,1996,15,0,0,0,0,0,0,0,0,12
481168,1,1,1996,11,30,0,18,37,20,27,31,25,27
481169,1,1,1996,15,15,15,15,15,15,15,15,15,15
481170,1,1,1996,10,10,10,10,10,10,10,10,10,10
481171,1,1,1996,13,6,17,11,5,16,7,19,15,10
481172,1,1,1996,19,19,19,19,19,19,19,19,19,19
481173,1,1,1996,0,0,0,24,0,0,1,0,0,0
481173,2,1,1996,0,0,0,0,0,0,0,0,0,0
481173,3,1,1996,18,5,27,0,11,0,16,14,21,25
481174,1,1,1996,27,27,27,27,27,27,27,27,27,27
481175,1,1,1996,0,0,0,0,0,0,0,0,0,0
481175,2,1,1996,22,22,22,22,22,22,22,22,22,22
481176,1,1,1996,27,27,27,27,27,27,27,27,27,27
481177,1,1,1996,0,0,18,10,0,0,0,0,0,0
481178,1,1,1996,22,22,22,22,22,22,22,22,22,22
481179,1,1,1996,17,17,17,17,17,17,17,17,17,17
481180,1,1,1996,0,0,0,0,0,0,14,0,30,0
481180,2,1,1996,0,0,0,0,0,0,0,0,0,0
481181,1,1,1996,9,9,9,9,9,9,9,9,9,9
481182,1,1,1996,15,15,15,15,15,15,15,15,15,15
481183,1,1,1996,0,0,0,0,0,0,0,0,0,0
481184,1,1,1996,30,30,30,30,30,30,30,30,30,30
481185,1,1,1996,0,0,0,0,0,0,0,0,0,10
481186,1,1,1996,0,0,0,0,0,0,0,0,0,0
481186,2,1,1996,0,0,18,4,22,4,0,0,0,0
481187,1,1,1996,0,0,0,0,0,0,0,9,0,0
481188,0,1,1996,0,13,0,0,0,0,0,27,0,9
481188,1,1,1996,23,7,16,0,6,10,0,17,16,16
481189,1,1,1996,0,0,6,0,0,0,0,0,0,0
481190,1,1,1996,0,0,0,0,0,0,0,0,0,0
481191,0,1,1996,0,0,0,0,0,0,0,0,0,0
481191,1,1,1996,0,0,0,0,0,0,0,0,0,0
481192,1,1,1996,0,0,0,11,16,0,0,0,8,0
481193,1,1,1996,3,0,0,0,0,11,5,0,5,12
481193,2,1,1996,0,0,3,0,0,0,0,0,14,10
481193,3,1,1996,0,0,0,0,0,0,0,0,23,0
481194,1,1,1996,0,0,0,0,0,0,0,0,0,0
481195,1,1,1996,0,0,0,0,0,0,0,0,0,0
481195,2,1,1996,0,0,0,0,0,0,0,0,0,0
481196,1,1,1996,6,6,6,6,6,6,6,6,6,6
481197,1,1,1996,0,0,0,0,0,0,0,0,5,0
481198,1,1,1996,0,0,0,0,0,0,0,0,0,0
481199,1,1,1996,0,0,0,0,0,0,0,0,0,0
481200,1,1,1996,0,0,0,0,0,0,0,0,0,0
481201,0,1,1996,27,27,27,27,27,27,27,27,27,27
481201,1,1,1996,0,0,0,0,18,0,6,0,9,3
481202,1,1,1996,12,0,0,0,0,0,0,0,0,25
481202,2,1,1996,0,0,0,0,0,0,0,0,0,0
481203,1,1,1996,0,0,0,0,0,0,0,0,0,0
481203,2,1,1996,3,3,3,3,3,3,3,3,3,3
481204,1,1,1996,17,8,9,28,5,8,0,0,17,19
481205,1,1,1996,30,30,30,30,30,30,30,30,30,30
481205,2,1,1996,0,0,0,3,0,0,2,0,0,16
481206,1,1,1996,0,0,0,0,0,0,0,14,13,0
481206,2,1,1996,18,0,0,5,0,0,28,0,0,0
481207,1,1,1996,23,23,23,23,23,23,23,23,23,23
481208,1,1,1996,0,0,0,0,0,0,0,0,0,0
481209,1,1,1996,0,0,0,0,0,0,0,0,0,0
481210,1,1,1996,0,0,0,0,0,18,0,0,0,7
481210,2,1,1996,0,0,0,0,15,0,0,0,0,0
481211,1,1,1996,4,4,4,4,4,4,4,4,4,4
481212,1,1,1996,0,0,0,0,0,0,0,0,0,0
481213,1,1,1996,0,0,0,0,0,0,0,0,0,0
481214,1,1,1996,0,0,0,0,7,0,24,0,21,0
481215,1,1,1996,0,0,0,0,0,0,0,0,0,0
481216,1,1,1996,0,0,0,0,0,0,0,0,0,0
481216,2,1,1996,0,0,0,0,0,0,0,0,0,0
481217,1,1,1996,7,7,7,7,7,7,7,7,7,7
481217,2,1,1996,10,0,0,0,0,0,0,0,0,0
481218,1,1,1996,11,11,11,11,11,11,11,11,11,11
481219,1,1,1996,4,0,0,0,0,0,0,12,0,0
481219,2,1,1996,5,0,0,0,0,0,0,0,0,0
481220,0,1,1996,0,0,0,0,0,20,0,15,0,0
481220,1,1,1996,13,0,0,0,0,0,0,0,0,17
481221,1,1,1996,16,16,16,16,16,16,16,16,16,16
481222,1,1,1996,16,16,16,16,16,16,16,16,16,16
481223,1,1,1996,12,12,12,12,12,12,12,12,12,12
481224,1,1,1996,18,18,18,18,18,18,18,18,18,18
481225,1,1,1996,21,21,21,21,21,21,21,21,21,21
481226,0,1,1996,0,0,18,0,0,0,0,0,0,0
481226,1,1,1996,0,0,0,33,0,0,14,0,0,0
481227,1,1,1996,0,0,0,0,0,0,0,0,0,0
481227,2,1,1996,0,0,0,0,0,0,0,0,0,0
481228,1,1,1996,0,0,0,0,12,0,0,0,0,0
481228,2,1,1996,0,0,0,0,0,7,0,0,0,0
481228,3,1,1996,0,0,0,0,0,0,0,0,0,0
481229,1,1,1996,30,30,30,30,30,30,30,30,30,30
481230,1,1,1996,12,12,12,12,12,12,12,12,12,12
481231,1,1,1996,17,17,17,17,17,17,17,17,17,17
481232,1,1,1996,0,0,0,0,0,0,0,0,0,0
481232,2,1,1996,0,0,0,0,0,18,0,0,0,6
481233,1,1,1996,0,0,0,0,0,0,0,0,0,0
481233,2,1,1996,0,0,0,0,0,0,0,0,0,0
481234,1,1,1996,0,0,0,0,0,0,0,0,0,0
481235,1,1,1996,17,17,17,17,17,17,17,17,17,17
481236,1,1,1996,18,0,0,0,0,11,0,0,0,0
481237,1,1,1996,10,10,10,10,10,10,10,10,10,10
481238,1,1,1996,0,20,0,0,0,10,0,0,0,0
481238,2,1,1996,19,19,19,19,19,19,19,19,19,19
481239,0,1,1996,4,20,16,26,22,27,0,16,0,26
481239,1,1,1996,0,0,0,0,0,0,0,0,0,0
481239,2,1,1996,0,0,0,0,0,0,0,0,0,0
481239,3,1,1996,4,0,0,0,6,0,0,6,19,0
481239,4,1,1996,0,5,0,0,0,0,0,0,11,18
481240,1,1,1996,0,0,0,7,0,0,0,0,0,5
481240,2,1,1996,12,0,0,15,0,0,0,0,4,6
481240,3,1,1996,0,0,0,0,0,0,0,0,0,0
481241,1,1,1996,0,0,0,0,0,0,0,0,0,0
481241,2,1,1996,0,0,0,9,0,0,0,0,0,0
481242,0,1,1996,25,25,25,25,25,25,25,25,25,25
481242,1,1,1996,13,13,13,13,13,13,13,13,13,13
481243,1,1,1996,0,0,0,0,0,0,0,0,0,0
481243,2,1,1996,0,0,0,0,0,0,0,0,0,0
481244,1,1,1996,0,0,0,0,0,0,0,0,0,0
481245,1,1,1996,0,0,0,0,0,0,0,0,0,0
481245,2,1,1996,0,0,0,0,0,0,0,0,0,0
481246,1,1,1996,19,0,0,0,0,0,0,0,0,0
481246,2,1,1996,12,4,0,0,0,0,0,0,0,9
481247,1,1,1996,0,0,0,20,0,0,0,0,17,0
481247,2,1,1996,0,0,0,0,0,0,12,0,0,0
481248,1,1,1996,28,28,28,28,28,28,28,28,28,28
481248,2,1,1996,17,0,0,0,0,0,0,0,0,0
481248,3,1,1996,0,0,0,0,0,0,0,0,23,17
481249,0,1,1996,0,0,0,27,16,0,0,27,22,22
481249,1,1,1996,16,6,27,8,7,17,13,0,16,0
481250,1,1,1996,0,0,7,0,0,0,9,0,19,0
481251,1,1,1996,8,8,8,8,8,8,8,8,8,8
481252,1,1,1996,15,15,15,15,15,15,15,15,15,15
481253,1,1,1996,0,0,0,0,0,0,0,0,0,0
481253,2,1,1996,0,0,0,0,0,0,0,0,0,0
481254,1,1,1996,8,0,6,0,0,14,0,0,0,0
481254,2,1,1996,0,0,0,0,0,0,0,0,0,0
481254,3,1,1996,0,0,18,0,0,0,0,0,0,0
481255,0,1,1996,17,8,18,25,19,0,22,0,20,5
481255,1,1,1996,0,0,26,17,0,0,0,0,0,0
481256,1,1,1996,24,24,24,24,24,24,24,24,24,24
481256,2,1,1996,20,20,20,20,20,20,20,20,20,20
481257,1,1,1996,0,0,0,0,0,0,0,0,0,0
481258,1,1,1996,20,20,20,20,20,20,20,20,20,20
481259,1,1,1996,0,0,0,0,0,0,0,0,20,0
481260,1,1,1996,21,0,22,0,17,0,0,19,22,0
481261,1,1,1996,0,0,0,0,0,0,0,0,0,0
481262,1,1,1996,19,19,19,19,19,19,19,19,19,19
481263,0,1,1996,47,29,30,0,25,0,0,0,31,21
481263,1,1,1996,0,2,3,0,15,0,6,0,10,0
481264,1,1,1996,0,0,18,0,0,13,0,0,0,0
481264,2,1,1996,0,0,0,0,0,0,0,12,17,0