ST_CASE,VEH_NO,PER_NO,YEAR,P1,P2,P3,P4,P5,P6,P7,P8,P9,P10
481265,0,1,1996,22,23,0,0,31,0,37,0,0,24
481265,1,1,1996,10,17,5,8,24,7,13,10,9,29
481266,1,1,1996,0,0,0,0,0,0,0,0,0,0
481266,2,1,1996,0,0,0,0,7,0,0,4,0,0
481266,3,1,1996,0,0,0,0,0,0,0,0,0,0
481267,1,1,1996,18,0,0,23,0,0,0,8,5,0
481268,1,1,1996,11,11,11,11,11,11,11,11,11,11
481269,1,1,1996,0,0,0,0,0,0,0,0,0,0
481270,0,1,1996,24,0,22,0,0,0,24,0,0,17
481270,1,1,1996,0,0,0,0,0,0,0,0,0,0
481271,1,1,1996,11,15,4,25,15,33,0,0,29,27
481272,0,1,1996,15,12,18,30,0,0,0,0,20,7
481272,1,1,1996,1,1,1,1,1,1,1,1,1,1
481273,1,1,1996,40,40,40,40,40,40,40,40,40,40
481274,1,1,1996,27,27,27,27,27,27,27,27,27,27
481274,2,1,1996,0,0,0,9,10,0,6,0,30,0
481275,1,1,1996,0,19,0,0,11,19,8,26,0,19
481276,1,1,1996,0,0,0,0,0,0,0,0,0,0
481277,1,1,1996,18,18,18,18,18,18,18,18,18,18
481278,0,1,1996,29,30,16,12,21,0,7,32,0,0
481278,1,1,1996,0,0,0,0,0,0,0,0,0,0
481278,2,1,1996,0,0,0,21,11,0,0,0,0,0
481279,1,1,1996,0,0,0,0,0,0,0,0,0,0
481280,1,1,1996,5,5,5,5,5,5,5,5,5,5
481281,1,1,1996,10,10,10,10,10,10,10,10,10,10
481281,2,1,1996,0,0,0,0,0,0,0,0,0,0
481282,1,1,1996,0,0,21,18,6,0,7,0,0,0
481282,2,1,1996,0,15,21,0,0,16,14,0,0,0
481283,1,1,1996,10,10,10,10,10,10,10,10,10,10
481284,1,1,1996,0,0,0,0,0,0,0,0,0,0
481284,2,1,1996,0,0,0,0,0,0,0,0,0,0
481285,1,1,1996,0,0,0,0,0,0,0,0,0,0
481285,2,1,1996,1,1,1,1,1,1,1,1,1,1
481286,1,1,1996,0,0,0,0,0,0,0,0,0,0
481286,2,1,1996,0,0,0,0,0,0,0,3,0,0
481287,1,1,1996,10,10,10,10,10,10,10,10,10,10
481288,1,1,1996,0,0,0,0,0,0,0,0,0,0
481288,2,1,1996,0,0,0,0,0,0,0,0,22,0
481289,1,1,1996,0,0,0,0,0,0,0,0,0,0
481289,2,1,1996,0,0,0,0,0,0,0,28,0,0
481290,1,1,1996,24,15,0,20,38,40,11,25,15,36
481291,1,1,1996,0,0,2,11,0,0,0,15,0,0
481291,2,1,1996,0,0,0,0,0,0,0,0,0,0
481292,1,1,1996,0,0,0,0,0,0,0,6,0,0
481292,2,1,1996,17,17,17,17,17,17,17,17,17,17
481293,1,1,1996,21,21,21,21,21,21,21,21,21,21
481293,2,1,1996,18,18,18,18,18,18,18,18,18,18
481293,3,1,1996,0,0,8,7,0,10,0,0,0,0
481294,1,1,1996,0,0,0,0,0,0,0,0,0,0
481295,1,1,1996,0,0,0,0,0,0,0,0,0,0
481295,2,1,1996,0,0,9,0,11,0,23,0,12,31
481296,0,1,1996,20,0,14,0,34,34,0,0,17,18
481296,1,1,1996,28,28,28,28,28,28,28,28,28,28
481296,2,1,1996,0,0,0,0,0,0,0,0,0,0
481297,1,1,1996,13,13,13,13,13,13,13,13,13,13
481297,2,1,1996,0,0,0,0,0,0,0,0,0,0
481298,1,1,1996,0,3,0,0,0,0,0,0,0,0
481298,2,1,1996,0,0,10,0,0,0,10,0,0,0
481299,1,1,1996,24,24,24,24,24,24,24,24,24,24
481300,1,1,1996,29,29,29,29,29,29,29,29,29,29
481301,1,1,1996,23,23,23,23,23,23,23,23,23,23
481302,0,1,1996,0,0,12,9,0,8,0,12,23,20
481302,1,1,1996,22,18,0,0,0,13,0,0,0,7
481303,1,1,1996,0,31,0,27,22,35,25,40,0,0
481304,1,1,1996,0,12,0,0,0,0,0,0,0,0
481305,1,1,1996,0,0,0,0,0,20,0,0,16,0
481306,1,1,1996,30,0,22,16,0,0,0,0,0,37
481307,1,1,1996,14,0,0,0,0,0,0,0,0,0
481308,1,1,1996,17,17,17,17,17,17,17,17,17,17
481309,1,1,1996,20,20,20,20,20,20,20,20,20,20
481310,1,1,1996,16,16,16,16,16,16,16,16,16,16
481311,0,1,1996,11,11,11,11,11,11,11,11,11,11
481311,0,2,1996,0,0,0,0,0,0,0,0,0,0
481311,1,1,1996,0,0,0,0,0,0,0,0,0,0
481312,1,1,1996,24,24,24,24,24,24,24,24,24,24
481312,2,1,1996,9,0,0,0,0,0,0,14,0,0
481313,1,1,1996,0,0,0,0,0,6,22,8,0,0
481313,2,1,1996,0,11,0,13,0,0,0,0,0,0
481313,3,1,1996,0,0,0,0,0,6,0,11,0,15
481313,4,1,1996,0,0,0,0,0,0,0,0,0,0
481313,5,1,1996,0,0,6,0,7,0,0,0,0,0
481314,1,1,1996,14,14,14,14,14,14,14,14,14,14
481315,1,1,1996,23,23,23,23,23,23,23,23,23,23
481316,1,1,1996,0,0,0,0,0,0,0,0,0,0
481317,1,1,1996,0,0,0,0,0,0,0,0,0,0
481318,0,1,1996,0,0,0,21,20,0,0,23,26,0
481318,1,1,1996,9,9,9,9,9,9,9,9,9,9
481319,1,1,1996,27,27,27,27,27,27,27,27,27,27
481320,1,1,1996,0,0,9,0,0,0,11,5,0,0
481320,2,1,1996,0,0,0,0,0,0,0,0,0,0
481321,1,1,1996,0,0,0,0,0,0,0,0,0,0
481321,2,1,1996,0,0,0,0,0,0,0,0,0,0
481322,1,1,1996,0,0,0,0,0,0,30,0,0,0
481322,2,1,1996,0,0,0,0,0,0,0,0,0,0
481323,1,1,1996,0,0,0,0,0,0,0,0,0,0
481323,2,1,1996,0,0,0,0,0,0,0,8,0,0
481324,1,1,1996,24,24,24,24,24,24,24,24,24,24
481325,1,1,1996,28,28,28,28,28,28,28,28,28,28
481325,2,1,1996,0,0,0,0,0,0,0,0,12,0
481325,3,1,1996,0,0,0,0,0,0,0,0,0,0
481326,1,1,1996,0,0,0,8,6,0,0,0,0,0
481327,1,1,1996,0,0,0,0,0,0,0,0,13,0
481327,2,1,1996,0,0,0,0,0,0,0,0,0,0
481328,1,1,1996,0,0,17,0,0,0,0,0,0,0
481328,2,1,1996,0,0,0,6,0,0,0,0,0,0
481329,1,1,1996,23,23,23,23,23,23,23,23,23,23
481330,1,1,1996,0,0,0,0,0,0,0,0,0,0
481332,1,1,1996,0,0,0,0,0,11,8,0,0,0
481332,2,1,1996,0,0,0,0,0,0,0,0,0,0
481333,1,1,1996,0,0,0,0,0,0,0,0,0,0
481333,2,1,1996,0,0,0,0,0,0,0,0,0,0
481334,1,1,1996,0,12,29,13,0,0,0,15,0,0
481334,2,1,1996,25,0,20,0,10,0,0,20,39,0
481335,1,1,1996,0,0,0,0,0,0,0,0,0,17
481335,2,1,1996,0,0,0,0,0,0,0,0,0,0
481335,3,1,1996,0,0,0,0,0,0,0,0,0,0
481336,1,1,1996,14,14,14,14,14,14,14,14,14,14
481336,2,1,1996,0,0,0,0,6,6,11,0,10,0
481337,1,1,1996,0,0,0,0,0,0,0,0,0,0
481337,2,1,1996,4,0,0,0,0,0,0,0,9,0
481337,3,1,1996,0,0,0,0,0,0,0,0,0,8
481338,1,1,1996,11,11,11,11,11,11,11,11,11,11
481338,2,1,1996,0,0,0,0,0,0,0,0,0,0
481339,1,1,1996,0,0,0,0,0,0,0,0,0,0
481340,1,1,1996,22,22,22,22,22,22,22,22,22,22
481341,1,1,1996,0,0,0,0,0,0,23,0,0,11
481342,1,1,1996,0,0,0,0,0,0,0,0,0,0
481342,2,1,1996,0,9,0,0,0,0,0,0,0,0
481343,1,1,1996,0,0,0,0,0,0,0,0,0,0
481344,1,1,1996,17,17,17,17,17,17,17,17,17,17
481345,1,1,1996,0,0,0,0,0,0,0,0,0,0
481345,2,1,1996,0,0,0,0,0,0,0,0,0,0
481346,1,1,1996,0,5,0,0,0,0,0,8,0,0
481346,2,1,1996,0,0,0,7,0,10,0,0,0,0
481347,1,1,1996,0,0,0,0,0,0,0,0,0,0
481347,2,1,1996,0,0,0,0,0,0,0,0,10,12
481348,1,1,1996,14,21,29,9,13,25,23,26,20,21
481348,2,1,1996,0,0,0,9,0,0,22,0,0,20
481349,1,1,1996,0,7,18,19,0,0,0,0,21,16
481349,2,1,1996,0,0,0,13,0,0,0,0,0,0
481350,1,1,1996,0,10,16,0,0,25,13,22,0,27
481350,2,1,1996,21,21,21,21,21,21,21,21,21,21
481351,1,1,1996,18,18,18,18,18,18,18,18,18,18
481352,1,1,1996,23,23,23,23,23,23,23,23,23,23
481353,1,1,1996,0,0,13,0,0,0,0,20,0,4
481353,2,1,1996,0,0,0,0,10,8,0,0,15,0
481354,1,1,1996,0,0,0,0,0,0,0,0,0,0
481354,2,1,1996,0,0,9,0,0,0,0,0,0,0
481354,3,1,1996,0,0,0,0,0,0,0,0,0,0
481355,0,1,1996,21,3,0,0,0,0,16,35,27,22
481355,1,1,1996,19,0,0,0,0,0,0,10,9,0
481356,1,1,1996,0,0,0,0,0,0,0,0,0,0
481356,2,1,1996,0,0,0,0,0,0,0,0,0,0
481357,1,1,1996,25,0,14,16,9,26,0,20,0,14
481358,1,1,1996,0,0,0,0,0,0,0,0,0,0
481358,2,1,1996,0,0,0,0,0,0,0,0,0,0
481359,1,1,1996,0,0,11,0,0,0,3,28,0,0
481359,2,1,1996,0,0,0,0,0,0,0,0,0,0
481360,1,1,1996,0,0,0,0,0,0,0,0,0,0
481360,2,1,1996,0,0,0,0,0,0,0,0,0,0
481361,1,1,1996,24,24,24,24,24,24,24,24,24,24
481362,1,1,1996,6,6,6,6,6,6,6,6,6,6
481363,1,1,1996,6,15,0,30,15,0,0,0,0,0
481364,1,1,1996,0,0,0,0,0,0,0,0,0,0
481365,1,1,1996,2,0,0,0,10,8,8,17,11,0
481365,2,1,1996,20,20,20,20,20,20,20,20,20,20
481365,3,1,1996,14,14,14,14,14,14,14,14,14,14
481366,1,1,1996,0,3,0,0,0,0,0,0,0,0
481366,2,1,1996,0,6,2,0,0,15,0,19,0,0
481367,1,1,1996,0,34,0,8,0,0,23,0,0,0
481368,1,1,1996,29,29,29,29,29,29,29,29,29,29
481369,1,1,1996,29,0,11,40,21,28,26,21,47,13
481370,1,1,1996,22,22,22,22,22,22,22,22,22,22
481370,2,1,1996,0,0,0,0,0,0,0,0,0,0
481370,3,1,1996,0,9,0,16,0,0,0,0,0,11
481371,1,1,1996,16,16,16,16,16,16,16,16,16,16
481371,2,1,1996,0,0,0,8,0,0,0,0,0,0
481372,1,1,1996,5,5,5,5,5,5,5,5,5,5
481373,1,1,1996,0,0,0,0,0,0,0,0,0,0
481373,2,1,1996,0,0,0,0,0,0,0,0,0,0
481373,3,1,1996,0,0,0,0,0,0,0,0,0,0
481374,1,1,1996,20,20,20,20,20,20,20,20,20,20
481375,0,1,1996,16,16,16,16,16,16,16,16,16,16
481375,1,1,1996,0,0,0,0,0,0,0,0,0,0
481376,1,1,1996,0,0,0,0,0,0,0,0,0,0
481376,2,1,1996,0,0,0,0,0,0,0,0,0,0
481377,1,1,1996,0,0,0,0,0,0,0,0,0,0
481377,2,1,1996,0,0,0,0,0,0,0,0,0,0
481378,0,1,1996,8,0,32,7,24,0,10,50,34,40
481378,1,1,1996,0,0,0,0,0,0,22,0,0,15
481379,1,1,1996,0,0,0,0,0,0,0,0,27,0
481381,1,1,1996,9,9,9,9,9,9,9,9,9,9
481382,1,1,1996,29,29,29,29,29,29,29,29,29,29
481382,2,1,1996,0,0,0,0,0,0,0,0,0,0
481382,3,1,1996,0,0,0,0,0,0,0,0,0,0
481383,1,1,1996,13,13,13,13,13,13,13,13,13,13
481384,1,1,1996,0,0,0,0,0,0,0,0,0,0
481384,2,1,1996,7,7,7,7,7,7,7,7,7,7
481385,1,1,1996,0,0,0,6,0,0,0,0,0,0
481386,1,1,1996,11,32,7,27,17,5,17,25,0,34
481387,1,1,1996,0,0,0,0,0,0,0,0,0,0
481388,1,1,1996,8,8,8,8,8,8,8,8,8,8
481389,0,1,1996,0,0,0,0,0,0,0,0,0,0
481389,1,1,1996,0,0,0,0,0,0,0,0,0,0
481390,0,1,1996,0,0,0,0,0,0,27,20,25,0
481390,1,1,1996,0,0,0,11,0,0,0,13,0,0
481391,0,1,1996,0,10,12,14,26,8,21,19,3,25
481391,1,1,1996,0,0,0,14,0,0,0,0,0,14
481392,1,2,1996,25,8,15,18,18,30,18,41,12,0
481393,1,1,1996,24,18,0,0,0,27,0,32,13,22
481394,1,1,1996,0,0,0,0,0,3,0,0,0,0
481395,0,1,1996,0,0,0,0,0,0,0,0,0,0
481395,1,1,1996,0,0,0,0,0,0,0,0,0,0
481396,1,1,1996,0,0,0,0,0,0,0,0,0,0
481397,1,1,1996,11,0,0,0,30,14,0,7,25,0
481398,1,1,1996,0,0,0,0,0,0,0,0,0,0
481398,2,1,1996,0,0,0,0,0,0,0,0,0,0
481399,1,1,1996,0,0,0,0,17,0,0,0,9,0
481399,2,1,1996,0,21,0,0,0,0,19,3,0,14
481400,1,1,1996,0,0,0,0,0,0,0,0,0,0
481401,1,1,1996,0,9,0,0,0,0,0,0,0,0
481402,1,1,1996,23,0,23,40,14,0,16,0,14,26
481402,2,1,1996,0,6,10,0,9,0,14,8,34,27
481403,1,1,1996,0,0,0,0,0,0,20,0,0,0
481403,2,1,1996,0,0,15,0,9,19,0,0,0,24
481403,3,1,1996,0,0,0,0,10,0,0,0,0,0
481403,4,1,1996,0,7,0,0,27,0,0,0,6,23
481404,1,1,1996,0,0,0,0,0,0,0,0,0,0
481405,1,1,1996,19,19,19,19,19,19,19,19,19,19
481406,1,1,1996,3,21,4,6,30,21,20,14,22,12
481406,2,1,1996,0,0,0,0,0,0,0,0,0,0
481407,1,1,1996,22,22,22,22,22,22,22,22,22,22
481408,1,1,1996,0,0,0,0,0,0,0,0,0,0
481408,2,1,1996,0,0,0,10,0,0,6,0,11,0
481409,1,1,1996,19,19,19,19,19,19,19,19,19,19
481409,2,1,1996,0,14,0,0,0,21,4,0,0,0
481410,1,1,1996,14,14,14,14,14,14,14,14,14,14
481411,1,1,1996,15,0,0,31,0,0,0,0,21,15
481412,1,1,1996,0,0,0,0,0,0,0,0,11,0
481413,1,1,1996,21,21,21,21,21,21,21,21,21,21
481414,0,1,1996,27,0,21,0,0,29,0,17,0,28
481414,1,1,1996,0,0,14,11,15,10,22,0,0,28
481415,1,1,1996,14,14,14,14,14,14,14,14,14,14
481415,2,1,1996,0,0,10,0,0,0,0,0,0,0
481416,1,1,1996,0,0,0,0,0,0,0,0,0,0
481416,2,1,1996,0,0,0,0,0,0,0,0,0,0
481417,0,1,1996,0,0,0,0,0,0,0,0,0,19
481417,1,1,1996,0,0,0,0,0,0,0,0,0,0
481418,1,1,1996,0,0,8,0,0,0,0,0,0,0
481419,1,1,1996,0,0,0,0,0,0,16,0,0,0
481420,1,1,1996,0,0,0,0,0,0,0,0,0,0
481421,1,1,1996,0,0,0,0,0,0,0,0,0,0
481421,2,1,1996,0,0,0,0,0,0,0,11,18,0
481422,1,1,1996,26,26,26,26,26,26,26,26,26,26
481423,1,1,1996,0,0,5,0,0,0,0,0,0,0
481423,2,1,1996,5,5,5,5,5,5,5,5,5,5
481423,3,1,1996,0,0,0,0,0,0,0,0,0,0
481424,0,1,1996,18,0,0,0,0,0,0,0,0,0
481424,1,1,1996,10,0,0,0,0,28,0,0,0,0
481424,2,1,1996,0,0,0,18,0,0,0,0,0,0
481424,3,1,1996,0,0,0,0,0,0,0,0,0,0
481425,1,1,1996,0,0,0,0,0,5,0,6,0,0
481426,1,1,1996,34,34,34,34,34,34,34,34,34,34
481427,1,1,1996,0,0,0,0,0,0,0,0,0,0
481427,2,1,1996,0,0,0,0,0,0,0,0,0,0
481428,1,1,1996,0,19,0,14,8,23,0,27,0,0
481429,1,1,1996,0,0,0,0,0,0,0,0,0,0
481429,2,1,1996,0,0,0,0,0,0,0,0,0,0
481430,1,1,1996,0,0,0,0,0,0,0,0,0,0
481430,2,1,1996,0,0,0,0,0,0,0,0,0,0
481431,1,1,1996,0,0,0,0,0,0,0,0,0,0
481431,2,1,1996,0,0,0,0,0,0,0,0,0,0
481431,3,1,1996,0,0,0,0,0,0,0,0,0,0
481432,1,1,1996,37,26,24,10,0,3,13,30,20,5
481432,2,1,1996,0,0,0,0,0,0,0,32,0,16
481432,3,1,1996,0,7,0,0,0,0,8,0,0,0
481433,1,1,1996,0,0,0,0,0,0,0,0,0,0
481434,1,1,1996,0,0,0,0,0,0,0,0,0,0
481434,2,1,1996,0,0,0,0,0,0,0,0,0,0
481435,1,1,1996,1,1,1,1,1,1,1,1,1,1
481436,0,1,1996,0,0,0,0,0,0,0,0,0,0
481436,1,1,1996,5,0,7,18,12,0,13,0,0,0
481437,1,1,1996,11,11,11,11,11,11,11,11,11,11
481437,2,1,1996,0,0,0,0,0,0,0,0,0,0
481438,1,1,1996,0,0,0,0,0,0,0,0,0,0
481438,2,1,1996,0,0,0,0,0,0,0,0,0,0
481439,1,1,1996,29,24,0,20,0,20,0,16,13,0
481440,1,1,1996,0,0,0,0,0,13,14,20,23,0
481440,2,1,1996,0,0,0,0,0,0,0,0,0,0
481441,1,1,1996,22,22,22,22,22,22,22,22,22,22
481441,2,1,1996,0,0,0,6,0,0,0,0,0,0
481442,1,1,1996,0,14,0,0,0,14,0,0,0,0
481443,1,1,1996,0,0,0,0,0,0,0,0,5,0
481444,1,1,1996,22,20,13,20,22,21,15,24,0,31
481445,0,1,1996,26,26,26,26,26,26,26,26,26,26
481445,1,1,1996,0,0,0,0,0,0,0,0,0,0
481446,1,1,1996,17,13,0,14,3,22,12,9,15,3
481447,1,1,1996,15,15,15,15,15,15,15,15,15,15
481447,2,1,1996,0,21,0,13,10,0,13,11,8,30
481448,1,1,1996,0,0,0,0,0,0,0,0,0,0
481449,1,1,1996,0,0,0,0,0,26,0,0,0,0
481449,2,1,1996,0,0,0,0,0,0,0,0,0,0
481450,1,1,1996,19,29,22,7,18,21,16,14,25,23
481451,1,1,1996,0,0,0,0,3,0,0,0,0,0
481451,2,1,1996,0,0,0,0,17,0,0,0,0,8
481452,1,1,1996,0,0,0,0,0,0,0,0,0,0
481452,2,1,1996,0,0,0,0,12,0,0,0,10,0
481453,1,1,1996,0,0,0,0,0,0,0,0,0,0
481453,2,1,1996,0,0,0,0,0,0,0,0,0,0
481454,0,1,1996,0,0,0,0,0,0,0,16,0,12
481454,1,1,1996,0,0,0,0,0,0,24,0,0,0
481455,1,1,1996,8,8,8,8,8,8,8,8,8,8
481456,0,1,1996,0,0,0,0,0,0,0,0,0,0
481456,1,1,1996,0,0,0,0,0,0,0,3,0,0
481457,1,1,1996,0,0,0,0,0,0,0,0,0,0
481457,2,1,1996,28,28,28,28,28,28,28,28,28,28
481458,1,1,1996,10,10,22,0,7,25,0,20,0,30
481459,1,1,1996,0,0,0,0,0,12,0,13,0,0
481459,2,1,1996,0,0,0,0,0,0,0,0,0,0
481460,1,1,1996,0,0,0,0,0,0,0,0,0,0
481461,1,1,1996,0,0,0,0,0,0,0,0,0,0
481462,1,1,1996,24,24,24,24,24,24,24,24,24,24
481463,1,1,1996,21,21,21,21,21,21,21,21,21,21
481464,1,1,1996,0,0,0,0,0,0,0,0,0,0
481465,0,1,1996,13,13,13,13,13,13,13,13,13,13
481465,1,1,1996,11,0,0,0,23,0,0,0,0,23
481465,2,1,1996,14,0,0,0,0,0,9,0,0,0
481466,1,1,1996,0,0,0,0,0,0,0,0,0,0
481467,0,1,1996,0,0,0,0,0,0,0,0,0,0
481467,1,1,1996,0,0,0,0,0,9,5,0,0,0
481468,1,1,1996,0,0,0,0,0,0,0,0,0,0
481468,2,1,1996,0,0,14,0,0,0,0,0,0,0
481468,3,1,1996,0,0,0,0,0,0,0,0,0,0
481469,1,1,1996,0,0,16,0,0,0,0,0,0,0
481470,1,1,1996,0,0,0,0,0,0,0,0,0,0
481470,2,1,1996,0,0,0,0,0,0,0,0,0,0
481471,1,1,1996,22,21,2,43,48,11,18,23,16,27
481472,1,1,1996,17,41,12,15,15,16,8,0,10,12
481473,0,1,1996,3,3,3,3,3,3,3,3,3,3
481473,1,1,1996,12,12,12,12,12,12,12,12,12,12
481474,0,1,1996,0,0,0,0,0,0,0,0,0,0
481474,1,1,1996,0,0,0,0,0,0,0,0,0,0
481475,1,1,1996,0,0,0,0,0,0,0,0,0,0
481475,2,1,1996,0,0,0,0,0,0,0,0,0,3
481476,1,1,1996,0,0,0,0,0,0,0,0,0,0
481476,2,1,1996,2,2,2,2,2,2,2,2,2,2
481477,1,1,1996,23,23,23,23,23,23,23,23,23,23
481477,2,1,1996,0,0,0,0,0,4,9,9,33,12
481478,0,1,1996,17,17,17,17,17,17,17,17,17,17
481478,1,1,1996,0,11,0,0,26,0,12,0,0,0
481479,1,1,1996,3,6,27,13,9,18,7,15,21,7
481480,1,1,1996,25,25,25,25,25,25,25,25,25,25
481480,2,1,1996,0,0,6,0,5,0,0,24,2,0
481481,1,1,1996,0,0,0,0,0,0,0,0,0,0
481481,2,1,1996,0,0,0,0,0,0,0,0,0,0
481482,0,1,1996,0,0,0,0,0,0,0,0,21,0
481482,1,1,1996,0,0,0,0,0,6,0,0,0,0
481483,1,1,1996,19,19,19,19,19,19,19,19,19,19
481483,2,1,1996,0,0,0,0,0,0,0,0,0,0
481484,1,1,1996,0,0,0,10,0,0,0,14,0,0
481484,2,1,1996,33,0,0,0,8,15,8,0,21,0
481485,0,1,1996,0,0,0,0,0,0,0,0,0,0
481485,0,2,1996,0,0,0,0,5,15,0,0,0,0
481485,1,1,1996,0,0,0,0,0,0,0,0,0,0
481486,0,1,1996,0,0,0,0,0,0,0,0,0,0
481486,1,1,1996,0,0,0,0,0,0,0,0,0,0
481487,1,1,1996,15,15,15,15,15,15,15,15,15,15
481487,2,1,1996,0,0,0,0,0,0,0,0,0,0
481488,1,1,1996,0,0,0,9,7,0,14,0,0,0
481488,2,1,1996,0,0,0,0,0,0,0,0,0,0
481489,1,1,1996,29,29,29,29,29,29,29,29,29,29
481489,2,1,1996,0,0,7,0,0,0,12,0,6,0
481490,1,1,1996,36,36,36,36,36,36,36,36,36,36
481491,1,1,1996,0,0,0,0,17,0,0,0,18,0
481491,2,1,1996,0,0,0,0,2,0,0,0,0,0
481492,0,1,1996,0,15,0,0,0,0,0,0,16,0
481492,1,1,1996,0,0,0,0,2,8,8,0,0,0
481493,1,1,1996,0,0,0,0,0,0,0,0,0,0
481493,2,1,1996,19,19,19,19,19,19,19,19,19,19
481494,1,1,1996,11,0,0,0,0,22,6,0,14,25
481494,2,1,1996,0,24,0,13,14,0,26,17,12,0
481495,1,1,1996,0,7,25,21,14,0,17,18,0,13
481496,1,1,1996,0,0,0,0,0,0,0,0,0,0
481496,2,1,1996,0,0,0,0,0,0,0,0,0,0
481496,3,1,1996,0,0,0,0,0,0,0,0,0,0
481496,4,1,1996,0,0,0,0,0,0,0,0,0,0
481497,1,1,1996,0,0,0,0,0,0,0,0,0,0
481497,2,1,1996,0,0,0,0,0,0,0,0,0,0
481498,1,1,1996,20,20,20,20,20,20,20,20,20,20
481499,1,1,1996,0,0,0,0,0,0,0,0,0,0
481499,2,1,1996,0,0,0,0,0,0,0,0,0,0
481500,1,1,1996,20,20,20,20,20,20,20,20,20,20
481501,1,1,1996,12,0,8,20,0,7,14,13,11,12
481502,1,1,1996,0,0,0,0,0,0,0,0,0,0
481503,1,1,1996,0,0,0,0,0,0,0,0,0,0
481503,2,1,1996,0,0,0,0,0,0,0,0,0,0
481504,0,1,1996,0,0,0,0,16,0,0,0,0,0
481504,1,1,1996,0,0,0,0,0,0,0,0,0,0
481505,1,1,1996,0,0,0,0,0,0,0,0,0,0
481506,1,1,1996,0,0,0,0,0,0,0,0,0,0
481507,1,1,1996,18,18,18,18,18,18,18,18,18,18
481508,0,1,1996,17,17,17,17,17,17,17,17,17,17
481508,1,1,1996,20,20,20,20,20,20,20,20,20,20
481509,0,1,1996,17,0,11,0,0,9,11,14,0,0
481509,1,1,1996,0,0,0,0,0,0,0,0,0,0
481510,0,1,1996,13,22,0,37,21,29,0,0,0,17
481510,1,1,1996,0,0,0,9,0,0,0,0,0,0
481511,0,1,1996,0,0,0,0,0,0,0,0,0,0
481511,1,1,1996,0,0,0,0,0,0,0,0,0,0
481512,1,1,1996,25,11,16,15,22,8,5,0,0,23
481513,1,1,1996,0,0,19,0,0,0,0,0,0,0
481514,1,1,1996,16,18,0,19,0,23,0,4,20,0
481515,1,1,1996,0,0,0,0,0,0,0,0,0,0
481516,1,1,1996,0,0,0,0,5,0,0,0,0,0
481516,2,1,1996,24,24,24,24,24,24,24,24,24,24
481517,1,1,1996,25,25,25,25,25,25,25,25,25,25
481518,1,1,1996,27,27,27,27,27,27,27,27,27,27
481519,1,1,1996,0,0,0,0,0,0,0,0,0,0
481519,2,1,1996,0,0,0,0,0,0,0,0,0,0
481520,1,1,1996,8,12,9,12,26,24,0,30,0,0
481520,2,1,1996,0,11,0,0,0,0,0,0,19,0
481520,3,1,1996,11,0,0,18,0,0,0,0,0,13
481521,1,1,1996,0,0,0,4,0,0,0,0,0,0
481521,2,1,1996,22,22,22,22,22,22,22,22,22,22
481522,1,1,1996,0,0,0,0,0,0,0,0,0,0
481523,1,1,1996,6,6,6,6,6,6,6,6,6,6
481524,0,1,1996,16,16,16,33,27,0,35,17,14,2
481524,1,1,1996,0,9,31,0,13,0,0,3,0,0
481525,1,1,1996,0,0,0,0,0,0,0,0,0,0
481525,2,1,1996,15,15,15,15,15,15,15,15,15,15
481526,0,1,1996,31,12,20,20,30,13,40,20,12,7
481526,0,2,1996,15,0,28,0,28,18,0,0,0,31
481526,1,1,1996,8,0,0,0,8,0,22,0,15,0
481527,1,1,1996,0,0,0,0,0,0,0,0,0,0
481528,1,1,1996,0,0,0,0,0,0,0,0,0,0
481529,1,1,1996,16,16,16,16,16,16,16,16,16,16
481530,1,1,1996,11,0,24,0,0,0,0,0,0,0
481530,2,1,1996,16,0,0,0,0,0,0,0,0,7
481531,1,1,1996,4,4,4,4,4,4,4,4,4,4
481531,2,1,1996,11,0,0,0,12,0,0,16,9,0
481532,1,1,1996,0,0,0,0,0,0,0,0,0,0
481533,1,1,1996,0,0,0,0,0,0,0,0,0,0
481533,2,1,1996,0,0,0,0,0,0,0,0,0,0
481534,0,1,1996,0,0,0,0,0,0,0,0,0,0
481534,1,1,1996,0,0,0,0,0,0,0,0,0,0
481535,1,1,1996,10,0,6,16,0,19,0,0,16,22
481536,0,1,1996,28,23,8,0,0,0,0,24,32,0
481536,0,2,1996,0,0,0,0,0,0,0,0,0,0
481536,1,1,1996,0,0,0,0,0,0,0,12,13,0