ST_CASE,VEH_NO,PER_NO,YEAR,P1,P2,P3,P4,P5,P6,P7,P8,P9,P10
481537,1,1,1996,0,0,0,15,0,0,0,0,6,0
481538,1,1,1996,0,0,0,0,0,0,0,17,0,0
481538,2,1,1996,12,12,12,12,12,12,12,12,12,12
481539,1,1,1996,0,0,0,0,0,0,0,0,0,0
481539,2,1,1996,0,9,0,0,0,0,0,0,25,0
481540,0,1,1996,0,0,0,0,0,0,0,0,0,0
481540,1,1,1996,0,0,0,0,0,0,0,0,0,0
481541,0,1,1996,0,0,0,0,0,0,0,0,0,0
481541,0,2,1996,0,22,0,0,0,0,0,0,9,0
481541,1,1,1996,0,0,0,0,0,0,0,0,0,0
481542,1,1,1996,0,0,0,0,0,0,0,0,0,0
481542,2,1,1996,0,0,0,0,0,0,0,16,0,0
481542,3,1,1996,0,0,13,0,8,13,0,0,0,0
481543,1,1,1996,0,0,9,0,18,0,25,0,0,0
481544,1,1,1996,0,0,0,0,0,0,0,0,0,0
481545,1,1,1996,26,0,0,0,0,31,25,0,0,0
481546,1,1,1996,0,0,0,0,0,0,0,0,0,0
481546,2,1,1996,0,0,0,0,0,0,0,0,0,0
481547,1,1,1996,0,0,0,0,0,0,0,0,0,0
481548,1,1,1996,0,0,0,0,24,15,14,17,0,5
481549,1,1,1996,0,0,0,0,0,0,0,0,0,0
481549,2,1,1996,0,0,0,0,0,0,0,0,0,0
481549,3,1,1996,0,0,0,0,0,0,0,0,0,0
481550,1,1,1996,11,11,11,11,11,11,11,11,11,11
481551,1,1,1996,20,0,0,0,0,0,0,0,9,0
481551,2,1,1996,13,17,11,0,0,0,0,0,0,0
481552,1,1,1996,12,0,0,30,0,10,0,30,20,0
481553,1,1,1996,27,27,27,27,27,27,27,27,27,27
481553,2,1,1996,0,0,0,0,0,0,0,0,0,0
481554,0,1,1996,21,21,0,2,0,0,0,0,16,0
481554,1,1,1996,0,0,0,0,0,0,0,0,0,0
481555,1,1,1996,0,0,0,0,0,0,0,0,0,0
481555,2,1,1996,0,0,0,0,0,0,0,0,0,0
481556,1,1,1996,22,22,22,22,22,22,22,22,22,22
481557,1,1,1996,0,0,0,0,0,0,0,0,0,0
481558,1,1,1996,0,0,0,0,0,0,0,0,0,0
481558,2,1,1996,22,22,22,22,22,22,22,22,22,22
481558,3,1,1996,21,0,0,0,0,0,10,0,0,0
481559,1,1,1996,7,0,0,0,0,28,0,0,0,0
481559,2,1,1996,0,0,18,0,0,0,0,0,0,13
481559,3,1,1996,0,0,0,0,0,0,0,0,0,0
481559,4,1,1996,0,0,0,0,10,0,0,0,0,0
481560,1,1,1996,0,0,3,0,0,0,0,0,0,7
481561,1,1,1996,0,0,0,0,0,0,0,0,0,0
481561,2,1,1996,0,0,0,0,0,0,0,0,0,0
481562,1,1,1996,0,6,0,0,0,0,0,0,0,0
481562,2,1,1996,0,14,10,0,0,22,0,0,0,0
481563,1,1,1996,0,0,0,0,0,0,0,0,0,0
481563,2,1,1996,0,0,0,0,0,0,0,0,0,0
481563,3,1,1996,0,0,0,0,0,0,0,0,11,0
481564,1,1,1996,12,12,12,12,12,12,12,12,12,12
481565,1,1,1996,0,0,0,0,0,0,0,0,0,0
481565,2,1,1996,0,0,0,0,0,0,0,0,0,0
481566,1,1,1996,0,0,0,0,0,0,0,0,0,0
481566,2,1,1996,0,0,0,0,0,0,0,0,0,0
481567,1,1,1996,7,7,7,7,7,7,7,7,7,7
481568,1,1,1996,0,0,15,0,0,0,0,0,0,14
481569,0,1,1996,0,0,17,0,0,0,14,0,0,0
481569,1,1,1996,0,0,5,0,0,0,0,0,0,0
481570,1,1,1996,19,0,13,25,27,11,26,19,8,0
481571,1,1,1996,23,23,23,23,23,23,23,23,23,23
481572,1,1,1996,0,0,0,0,0,0,0,0,0,0
481573,0,1,1996,14,14,14,14,14,14,14,14,14,14
481573,0,2,1996,22,22,22,22,22,22,22,22,22,22
481573,0,3,1996,0,0,0,0,12,0,0,29,0,0
481573,0,4,1996,0,0,0,0,0,0,0,0,0,0
481573,0,5,1996,7,24,12,0,27,0,18,25,0,33
481573,0,6,1996,14,0,17,0,32,23,0,0,0,30
481573,1,1,1996,0,0,0,0,0,0,0,0,0,0
481574,1,1,1996,0,0,0,0,0,0,0,0,0,0
481575,1,1,1996,0,0,0,0,0,0,0,0,0,0
481575,2,1,1996,0,0,0,0,0,0,0,0,18,0
481576,1,1,1996,0,0,0,12,0,0,0,0,0,0
481577,1,1,1996,0,0,0,0,0,0,0,0,0,0
481578,1,1,1996,23,23,23,23,23,23,23,23,23,23
481579,1,1,1996,0,27,17,17,0,0,0,0,0,13
481580,1,1,1996,0,0,0,0,0,0,0,0,0,0
481580,2,1,1996,0,0,0,0,0,0,0,0,0,0
481581,1,1,1996,0,0,0,0,0,0,0,0,0,0
481581,2,1,1996,0,0,0,0,0,0,0,0,0,0
481582,1,1,1996,0,0,0,0,0,0,0,0,0,0
481583,1,1,1996,0,0,0,0,0,0,0,0,0,0
481583,2,1,1996,4,4,4,4,4,4,4,4,4,4
481584,1,1,1996,0,0,0,0,0,0,0,0,0,0
481585,1,1,1996,0,0,0,0,0,0,0,0,0,0
481586,1,1,1996,0,0,0,0,0,0,0,0,0,0
481587,1,1,1996,15,20,0,17,34,3,10,15,13,0
481587,2,1,1996,0,0,0,0,0,0,0,0,0,0
481588,0,1,1996,0,0,16,7,0,0,11,47,0,0
481588,1,1,1996,0,0,0,0,0,0,0,0,0,0
481589,0,1,1996,15,15,15,15,15,15,15,15,15,15
481589,1,1,1996,0,0,0,0,0,0,0,0,0,0
481590,0,1,1996,18,34,0,28,35,17,23,9,22,0
481590,1,1,1996,0,0,0,0,0,0,0,0,0,0
481591,1,1,1996,0,0,0,0,0,0,0,0,0,0
481591,2,1,1996,0,0,42,0,26,0,0,0,0,0
481591,3,1,1996,0,0,0,0,0,0,0,0,0,0
481591,4,1,1996,0,0,0,0,0,0,0,0,0,0
481591,5,1,1996,0,0,0,0,0,0,10,0,0,0
481591,6,1,1996,0,0,2,5,0,0,0,0,0,0
481592,1,1,1996,9,21,0,0,7,34,0,14,0,0
481593,0,1,1996,25,25,25,25,25,25,25,25,25,25
481593,1,1,1996,7,7,7,7,7,7,7,7,7,7
481594,1,1,1996,20,20,20,20,20,20,20,20,20,20
481595,1,1,1996,0,0,0,6,0,0,0,19,0,0
481596,0,1,1996,26,26,26,26,26,26,26,26,26,26
481596,1,1,1996,15,15,15,15,15,15,15,15,15,15
481597,1,1,1996,0,0,0,0,0,0,0,0,0,0
481597,2,1,1996,0,0,0,0,0,0,0,0,0,0
481598,1,1,1996,29,7,0,17,0,21,14,20,6,0
481598,2,1,1996,0,0,20,0,13,0,0,0,0,0
481598,3,1,1996,0,0,0,0,0,0,0,0,0,0
481599,1,1,1996,0,0,0,0,0,0,0,0,0,0
481599,2,1,1996,0,0,0,0,0,0,0,0,0,0
481600,1,1,1996,14,28,7,0,26,0,0,16,0,12
481601,0,1,1996,21,21,21,21,21,21,21,21,21,21
481601,1,1,1996,0,0,0,6,21,0,0,6,0,4
481602,1,1,1996,0,0,0,23,0,5,0,0,0,0
481602,2,1,1996,0,3,0,0,11,0,0,0,0,0
481603,1,1,1996,0,0,0,0,0,0,0,0,8,0
481603,2,1,1996,0,0,0,0,0,0,0,0,0,0
481604,1,1,1996,0,0,0,16,0,0,15,17,0,0
481605,1,1,1996,20,32,6,13,20,27,14,14,19,6
481606,1,1,1996,9,7,11,0,20,20,0,24,22,0
481607,1,1,1996,0,0,0,0,0,0,0,0,0,0
481608,1,1,1996,9,9,9,9,9,9,9,9,9,9
481609,1,1,1996,14,0,14,7,11,34,0,0,21,0
481610,1,1,1996,11,11,11,11,11,11,11,11,11,11
481611,1,1,1996,35,35,35,35,35,35,35,35,35,35
481612,1,1,1996,15,15,15,15,15,15,15,15,15,15
481613,1,1,1996,21,0,17,0,10,14,0,18,0,0
481614,1,1,1996,0,27,23,13,21,36,19,24,0,11
481615,1,1,1996,9,9,9,9,9,9,9,9,9,9
481616,1,1,1996,0,0,15,0,0,12,0,0,0,0
481616,2,1,1996,0,0,0,0,0,0,0,0,0,0
481617,1,1,1996,8,21,21,28,20,15,18,11,16,15
481618,1,1,1996,0,8,0,13,14,0,19,16,9,9
481618,2,1,1996,0,0,0,0,0,0,0,0,0,0
481619,1,1,1996,0,16,15,14,15,19,17,14,11,0
481620,1,1,1996,4,0,28,0,17,20,0,0,0,0
481621,1,1,1996,31,31,31,31,31,31,31,31,31,31
481622,0,1,1996,19,19,19,19,19,19,19,19,19,19
481622,1,1,1996,19,0,9,0,12,0,0,9,16,0
481623,1,1,1996,14,14,14,14,14,14,14,14,14,14
481623,2,1,1996,14,16,11,13,10,6,18,8,14,8
481624,1,1,1996,10,10,10,10,10,10,10,10,10,10
481625,1,1,1996,0,0,0,0,0,0,0,0,0,0
481625,2,1,1996,0,0,0,0,0,0,0,0,0,0
481626,0,4,1996,0,0,0,0,0,0,0,0,0,3
481626,0,5,1996,0,12,0,0,0,0,9,0,9,16
481626,1,1,1996,0,0,0,0,0,0,0,0,0,0
481627,1,1,1996,35,19,0,0,0,0,0,26,0,33
481628,1,1,1996,14,0,0,35,0,0,0,0,0,21
481629,1,1,1996,0,0,0,0,0,0,0,0,0,0
481630,1,1,1996,0,0,0,0,0,0,0,0,0,0
481631,1,1,1996,0,9,0,0,0,0,0,0,0,0
481632,1,1,1996,23,23,23,23,23,23,23,23,23,23
481632,2,1,1996,0,0,0,0,0,0,0,0,0,0
481633,1,1,1996,36,9,0,0,0,0,0,0,0,0
481634,1,1,1996,0,0,0,0,0,0,0,29,0,0
481634,2,1,1996,15,0,0,0,0,0,0,0,0,0
481635,0,1,1996,18,24,28,19,0,42,27,0,27,0
481635,1,1,1996,0,0,0,12,0,0,0,0,0,0
481636,0,1,1996,0,14,0,17,21,17,24,0,15,0
481636,1,1,1996,0,3,0,22,17,0,0,9,0,0
481637,0,1,1996,0,0,0,0,0,0,0,0,0,0
481637,1,1,1996,0,0,0,0,0,0,0,0,0,0
481638,1,1,1996,21,21,21,21,21,21,21,21,21,21
481639,0,1,1996,0,0,0,0,0,0,0,0,0,0
481639,1,1,1996,0,0,0,0,0,16,0,0,0,0
481640,1,1,1996,0,0,0,13,0,0,0,0,0,0
481641,1,1,1996,0,0,0,0,0,0,0,0,0,0
481641,2,1,1996,0,0,0,13,0,0,0,0,0,0
481641,3,1,1996,6,0,0,0,24,0,0,6,0,0
481642,1,1,1996,0,0,0,0,0,0,0,0,0,0
481643,1,1,1996,26,26,26,26,26,26,26,26,26,26
481644,0,1,1996,34,4,30,26,16,5,30,27,30,16
481644,1,1,1996,0,23,0,0,0,9,0,0,0,0
481645,1,1,1996,13,13,13,13,13,13,13,13,13,13
481646,0,1,1996,3,3,3,3,3,3,3,3,3,3
481646,0,2,1996,8,17,0,0,37,8,0,21,14,22
481646,1,1,1996,0,0,0,0,5,0,0,0,0,0
481647,1,1,1996,0,0,0,0,19,0,0,0,0,0
481647,2,1,1996,0,0,0,0,0,0,0,0,0,0
481648,1,1,1996,0,0,0,0,0,0,0,0,0,0
481648,2,1,1996,0,0,0,0,0,0,0,0,0,0
481649,1,1,1996,0,0,0,0,0,0,0,0,0,0
481650,1,1,1996,18,18,18,18,18,18,18,18,18,18
481651,1,1,1996,24,5,12,15,29,12,10,12,16,4
481652,0,1,1996,0,27,21,25,11,0,24,27,0,9
481652,1,1,1996,0,0,0,0,0,0,0,0,0,0
481653,1,1,1996,0,0,0,0,0,0,0,0,0,0
481654,1,1,1996,9,9,9,9,9,9,9,9,9,9
481655,0,1,1996,0,0,0,0,0,0,0,0,0,0
481655,1,1,1996,0,0,0,0,0,0,0,0,10,0
481656,2,1,1996,0,0,0,0,0,0,0,0,0,0
481657,1,1,1996,8,18,26,8,14,10,21,10,17,11
481658,1,1,1996,0,0,0,0,0,0,0,0,0,0
481658,2,1,1996,0,0,0,0,0,0,0,0,5,0
481659,1,1,1996,0,0,0,0,0,0,0,0,0,0
481660,1,1,1996,0,0,0,0,0,0,0,0,0,0
481661,1,1,1996,0,0,0,0,0,0,0,0,0,0
481661,2,1,1996,15,0,0,0,15,0,32,17,26,13
481661,3,1,1996,0,0,0,0,0,0,0,0,0,0
481662,1,1,1996,0,0,0,0,0,0,0,0,0,0
481662,2,1,1996,0,0,0,0,0,0,0,0,0,0
481663,0,1,1996,0,0,0,0,0,0,0,0,0,0
481663,1,1,1996,0,0,0,0,0,0,0,0,0,0
481664,1,1,1996,17,17,17,17,17,17,17,17,17,17
481665,0,1,1996,11,11,11,11,11,11,11,11,11,11
481665,1,1,1996,8,0,0,13,0,10,22,0,0,7
481666,1,1,1996,23,23,23,23,23,23,23,23,23,23
481666,2,1,1996,18,12,9,16,0,0,0,0,0,0
481667,1,1,1996,0,0,0,0,0,0,0,0,0,0
481668,0,1,1996,13,13,13,13,13,13,13,13,13,13
481668,1,1,1996,0,0,0,0,0,17,19,0,0,8
481669,1,1,1996,8,8,8,8,8,8,8,8,8,8
481670,1,1,1996,24,24,24,24,24,24,24,24,24,24
481671,1,1,1996,0,0,0,18,0,0,0,0,0,0
481671,2,1,1996,0,0,0,0,0,0,0,0,0,0
481672,1,1,1996,2,2,2,2,2,2,2,2,2,2
481673,1,1,1996,0,0,0,0,0,0,0,0,0,0
481673,2,1,1996,0,0,13,0,0,0,0,9,0,0
481674,1,1,1996,18,0,15,12,20,0,18,15,22,0
481675,1,1,1996,0,20,0,0,12,16,31,0,0,15
481675,2,1,1996,18,0,0,0,0,15,0,12,8,0
481676,0,1,1996,31,30,15,0,20,26,15,17,18,15
481676,1,1,1996,0,0,0,0,0,0,0,0,0,0
481677,1,1,1996,14,14,14,14,14,14,14,14,14,14
481678,0,1,1996,42,16,35,6,33,27,0,23,0,7
481678,1,1,1996,8,9,0,0,0,0,15,0,0,0
481679,0,1,1996,0,0,0,0,0,0,0,0,0,0
481679,1,1,1996,13,0,0,10,0,0,28,0,0,14
481680,1,1,1996,11,0,17,0,0,0,26,13,5,10
481680,2,1,1996,19,0,11,0,0,0,0,0,8,15
481681,1,1,1996,0,0,0,0,0,0,0,0,0,0
481681,2,1,1996,0,0,0,0,0,0,0,0,0,0
481682,1,1,1996,34,34,34,34,34,34,34,34,34,34
481683,1,1,1996,25,25,25,25,25,25,25,25,25,25
481684,0,1,1996,0,23,17,0,0,0,34,13,25,0
481684,1,1,1996,0,0,0,19,0,11,0,0,16,0
481684,2,1,1996,17,0,15,24,0,14,0,0,12,15
481684,3,1,1996,0,0,0,0,0,0,0,0,0,0
481685,1,1,1996,0,0,0,0,0,0,0,0,0,0
481685,2,1,1996,16,16,16,16,16,16,16,16,16,16
481686,1,1,1996,24,24,24,24,24,24,24,24,24,24
481687,1,1,1996,22,34,41,0,15,38,12,14,15,25
481688,1,1,1996,10,10,10,10,10,10,10,10,10,10
481689,0,1,1996,0,0,0,0,0,0,0,0,0,0
481689,1,1,1996,13,0,0,0,0,15,19,0,14,0
481690,0,1,1996,20,20,20,20,20,20,20,20,20,20
481690,1,1,1996,13,34,0,6,22,10,0,0,17,0
481691,1,1,1996,14,23,20,28,17,0,6,18,18,18
481692,1,1,1996,0,0,0,0,0,0,0,0,0,0
481692,2,1,1996,11,0,0,0,0,0,0,0,0,0
481693,1,1,1996,21,0,0,0,0,0,0,0,0,0
481693,2,1,1996,0,0,0,0,0,0,0,0,0,0
481694,1,1,1996,0,7,0,0,0,13,0,0,0,3
481695,1,1,1996,14,14,14,14,14,14,14,14,14,14
481696,1,1,1996,0,0,0,0,0,0,0,0,0,0
481696,2,1,1996,0,0,0,0,0,0,0,0,0,0
481697,0,1,1996,13,13,13,13,13,13,13,13,13,13
481697,1,1,1996,0,0,0,0,0,0,0,0,0,0
481698,1,1,1996,0,0,0,0,0,0,0,0,0,0
481698,2,1,1996,0,0,0,0,0,0,4,0,0,0
481699,0,1,1996,0,0,0,0,0,0,0,0,0,0
481699,1,1,1996,0,0,0,0,27,0,0,0,0,0
481700,1,1,1996,0,0,0,0,0,0,0,0,0,0
481701,0,1,1996,32,0,0,0,0,0,0,0,0,14
481701,1,1,1996,0,5,0,0,0,8,0,0,0,0
481702,0,1,1996,0,0,0,0,0,0,0,0,0,0
481702,1,1,1996,0,0,0,0,0,0,0,0,0,0
481703,1,1,1996,0,0,0,0,0,0,0,0,0,0
481703,2,1,1996,0,0,0,0,0,0,0,0,0,0
481704,1,1,1996,0,0,0,0,0,0,0,0,0,0
481705,1,1,1996,0,0,0,0,0,0,4,0,0,0
481705,2,1,1996,9,9,9,9,9,9,9,9,9,9
481706,1,1,1996,20,20,20,20,20,20,20,20,20,20
481707,1,1,1996,0,0,0,0,20,25,0,0,0,0
481707,2,1,1996,0,0,0,0,0,0,0,0,0,0
481708,1,1,1996,0,0,0,0,0,0,0,0,0,0
481709,0,1,1996,0,0,22,15,0,0,20,30,0,24
481709,1,1,1996,0,10,0,0,18,0,0,0,0,19
481710,0,1,1996,10,25,0,19,21,0,34,21,26,34
481710,1,1,1996,0,0,0,0,0,0,0,15,0,0
481711,1,1,1996,0,0,0,0,0,0,0,0,0,0
481711,2,1,1996,0,0,0,0,0,0,0,0,0,0
481712,1,1,1996,23,14,9,12,15,10,10,30,17,15
481713,1,1,1996,0,0,0,0,0,0,0,0,0,7
481713,2,1,1996,0,0,0,0,0,0,0,0,0,0
481714,0,1,1996,0,0,0,0,0,0,0,0,0,0
481714,0,2,1996,19,10,0,23,22,23,17,24,0,3
481714,0,3,1996,15,0,0,0,0,0,0,0,0,0
481714,0,4,1996,0,0,0,0,0,0,0,0,0,0
481714,0,5,1996,11,3,16,0,0,13,7,0,0,18
481714,0,6,1996,5,7,24,11,19,16,0,18,11,9
481714,1,1,1996,0,0,12,11,0,12,22,6,12,12
481715,0,1,1996,31,31,31,31,31,31,31,31,31,31
481715,1,1,1996,0,0,0,0,0,0,0,0,30,0
481715,2,1,1996,0,0,0,0,0,0,6,0,0,0
481716,1,1,1996,0,0,0,0,0,0,0,0,0,0
481717,1,1,1996,21,21,21,21,21,21,21,21,21,21
481718,1,1,1996,0,0,0,0,0,0,0,0,0,0
481718,2,1,1996,0,0,0,0,0,0,0,28,0,0
481719,1,1,1996,0,0,0,0,0,0,0,0,0,0
481719,2,1,1996,0,0,16,0,0,0,0,0,0,0
481720,0,1,1996,14,33,16,18,21,17,14,13,0,29
481720,1,1,1996,0,0,0,0,9,0,0,0,0,0
481721,1,1,1996,13,13,13,13,13,13,13,13,13,13
481721,2,1,1996,0,0,0,0,0,0,0,13,0,0
481722,1,1,1996,0,26,0,16,21,0,13,0,11,0
481722,2,1,1996,0,0,19,0,0,5,0,10,0,0
481723,1,1,1996,20,20,20,20,20,20,20,20,20,20
481723,2,1,1996,15,0,8,0,0,0,0,11,10,24
481723,3,1,1996,7,0,0,0,0,0,0,0,0,0
481723,4,1,1996,0,0,3,0,0,3,22,0,0,0
481724,1,1,1996,1,1,1,1,1,1,1,1,1,1
481724,2,1,1996,0,0,0,0,0,0,0,0,0,0
481725,1,1,1996,15,15,15,15,15,15,15,15,15,15
481725,2,1,1996,0,0,0,0,0,0,0,0,0,0
481726,1,1,1996,0,0,0,0,12,0,0,0,0,0
481726,2,1,1996,0,0,0,0,0,0,0,0,0,0
481727,1,1,1996,3,3,3,3,3,3,3,3,3,3
481728,1,1,1996,15,15,15,15,15,15,15,15,15,15
481729,0,1,1996,0,0,0,0,0,0,0,0,0,0
481729,1,1,1996,0,0,0,0,13,0,17,0,0,0
481730,1,1,1996,14,13,0,14,18,17,16,21,33,24
481731,1,1,1996,31,31,31,31,31,31,31,31,31,31
481732,1,1,1996,0,13,0,19,0,18,0,23,14,17
481733,1,1,1996,0,0,0,0,0,0,0,0,0,0
481734,1,1,1996,0,0,0,0,0,0,0,0,0,0
481734,2,1,1996,0,0,0,0,0,0,0,0,0,0
481735,1,1,1996,0,0,0,0,0,0,0,0,0,0
481735,2,1,1996,26,26,26,26,26,26,26,26,26,26
481736,1,1,1996,29,29,29,29,29,29,29,29,29,29
481736,2,1,1996,16,0,10,23,19,0,0,0,0,39
481737,1,1,1996,0,0,0,0,0,0,0,0,0,0
481737,2,1,1996,0,0,0,0,0,0,0,0,0,0
481738,1,1,1996,0,0,0,0,0,0,0,0,0,0
481739,1,1,1996,0,0,0,0,0,0,0,0,0,0
481740,0,1,1996,0,0,0,0,0,0,0,0,0,0
481740,1,1,1996,0,0,0,0,0,0,0,0,0,0
481741,1,1,1996,0,0,0,0,6,18,0,15,0,0
481741,2,1,1996,0,0,0,0,0,0,18,0,0,0
481742,1,1,1996,0,23,0,0,0,13,0,0,8,0
481742,2,1,1996,0,5,0,0,0,0,0,0,0,0
481743,1,1,1996,0,0,0,0,0,0,0,0,0,0
481744,1,1,1996,5,5,5,5,5,5,5,5,5,5
481745,0,1,1996,0,0,0,0,0,0,0,0,0,0
481745,1,1,1996,0,0,0,0,0,0,0,0,0,0
481746,1,1,1996,21,26,0,23,22,11,20,14,35,21
481747,1,1,1996,18,18,18,18,18,18,18,18,18,18
481748,1,1,1996,0,0,0,0,0,0,0,0,0,0
481748,2,1,1996,0,0,0,0,0,0,0,0,0,0
481749,1,1,1996,0,0,0,0,0,0,0,0,0,0
481750,1,1,1996,0,0,0,0,0,0,0,0,0,0
481750,2,1,1996,0,0,0,0,0,0,0,0,0,0
481751,1,1,1996,0,0,0,0,0,0,0,0,0,0
481752,0,1,1996,0,0,0,0,0,0,0,0,0,0
481752,1,1,1996,17,24,0,0,0,0,0,0,0,0
481753,1,1,1996,0,4,0,0,0,0,0,0,0,0
481753,2,1,1996,0,0,0,0,0,0,0,0,0,0
481754,0,1,1996,15,42,15,11,11,10,23,7,14,23
481754,1,1,1996,0,0,0,0,0,0,0,0,0,0
481755,0,1,1996,26,26,26,26,26,26,26,26,26,26
481755,1,1,1996,0,0,0,0,0,0,0,0,0,0
481756,1,1,1996,7,7,7,7,7,7,7,7,7,7
481756,2,1,1996,0,0,0,0,0,0,0,0,0,0
481757,1,1,1996,0,0,0,0,0,0,0,0,0,0
481758,1,1,1996,18,18,18,18,18,18,18,18,18,18
481759,1,1,1996,11,11,11,11,11,11,11,11,11,11
481760,1,1,1996,10,10,10,10,10,10,10,10,10,10
481761,1,1,1996,33,33,33,33,33,33,33,33,33,33
481761,2,1,1996,0,18,0,0,0,0,0,0,0,13
481762,1,1,1996,13,13,13,13,13,13,13,13,13,13
481762,2,1,1996,2,2,2,2,2,2,2,2,2,2
481763,1,1,1996,0,0,0,0,0,0,0,0,0,0
481764,1,1,1996,0,0,0,0,0,0,0,0,0,0
481764,2,1,1996,0,0,14,0,0,0,14,0,0,0
481764,3,1,1996,0,0,0,0,0,0,0,0,0,0
481765,1,1,1996,0,0,0,0,0,0,0,0,0,0
481765,2,1,1996,0,0,0,0,0,0,0,0,0,0
481766,1,1,1996,33,9,30,12,32,0,0,0,0,21
481767,1,1,1996,0,0,0,0,0,0,0,0,0,0
481767,2,1,1996,0,0,0,0,0,0,0,0,0,0
481768,1,1,1996,0,0,0,0,0,0,0,0,0,0
481768,2,1,1996,10,10,10,10,10,10,10,10,10,10
481768,3,1,1996,7,0,0,0,0,0,0,0,0,6
481769,1,1,1996,12,13,15,20,16,10,21,24,7,0
481770,0,1,1996,20,0,0,0,0,0,0,0,0,0
481770,0,2,1996,0,0,0,0,0,0,0,0,0,0
481770,1,1,1996,0,0,0,0,0,0,0,0,0,0
481771,1,1,1996,0,0,0,0,0,0,0,0,0,0
481771,2,1,1996,5,0,0,12,0,0,10,0,0,0
481772,1,1,1996,22,22,22,22,22,22,22,22,22,22
481773,1,1,1996,19,19,19,19,19,19,19,19,19,19
481774,1,1,1996,14,14,14,14,14,14,14,14,14,14
481775,1,1,1996,0,0,0,0,0,0,0,0,0,0
481776,1,1,1996,21,21,21,21,21,21,21,21,21,21
481777,1,1,1996,0,0,0,0,0,0,0,0,0,0
481777,2,1,1996,0,0,0,0,0,0,0,0,0,0
481778,1,1,1996,1,1,1,1,1,1,1,1,1,1
481778,2,1,1996,0,0,0,0,0,0,0,0,0,0
481778,3,1,1996,0,0,0,21,0,0,0,0,0,0
481779,1,1,1996,0,0,0,0,0,0,0,0,0,0
481779,2,1,1996,0,0,10,0,0,0,0,0,0,10
481780,1,1,1996,12,17,31,7,12,24,29,7,22,22
481780,2,1,1996,0,0,0,0,0,0,0,0,0,0
481781,0,1,1996,0,0,0,0,0,0,0,0,0,0
481781,1,1,1996,0,0,0,19,8,0,0,0,0,0
481782,1,1,1996,0,0,0,0,0,0,0,0,0,0
481782,2,1,1996,0,0,0,0,0,0,0,0,0,0
481783,1,1,1996,19,19,19,19,19,19,19,19,19,19
481784,1,1,1996,27,27,27,27,27,27,27,27,27,27
481785,1,1,1996,19,19,19,19,19,19,19,19,19,19
481785,2,1,1996,0,0,0,0,0,0,0,0,0,0
481786,1,1,1996,13,17,0,0,19,0,17,0,20,8
481786,2,1,1996,0,11,0,0,0,13,9,9,0,10
481787,1,1,1996,19,19,19,19,19,19,19,19,19,19
481788,0,1,1996,0,0,0,0,0,0,0,0,0,0
481788,1,1,1996,0,16,0,0,0,2,0,0,21,0
481789,1,1,1996,0,0,0,0,0,0,0,0,0,0
481790,1,1,1996,0,0,24,0,0,0,0,0,0,0
481791,0,1,1996,0,0,0,24,0,0,26,15,4,0
481791,1,1,1996,24,24,24,24,24,24,24,24,24,24
481792,0,1,1996,0,0,0,0,0,0,0,0,0,0
481792,1,1,1996,15,0,9,0,16,29,10,0,29,6
481793,1,1,1996,0,0,0,0,0,0,0,19,0,0
481794,1,1,1996,14,14,14,14,14,14,14,14,14,14
481795,1,1,1996,0,4,0,0,0,0,0,0,0,21
481795,2,1,1996,15,0,17,15,2,0,0,11,11,5
481796,1,1,1996,0,0,0,0,0,0,0,0,0,0
481797,1,1,1996,0,0,0,0,0,0,0,0,0,0
481797,2,1,1996,0,0,0,0,0,0,0,0,0,0
481797,3,1,1996,0,0,0,0,0,0,0,0,0,0
481798,1,1,1996,16,23,0,0,0,23,15,10,25,27
481799,1,1,1996,28,28,28,28,28,28,28,28,28,28
481800,1,1,1996,0,0,0,0,0,0,0,0,0,0
481801,1,1,1996,0,0,0,0,20,0,0,0,0,0
481802,1,1,1996,0,0,0,0,0,0,0,0,0,0
481803,0,1,1996,27,27,27,27,27,27,27,27,27,27
481803,1,1,1996,12,12,12,12,12,12,12,12,12,12
481804,1,1,1996,15,15,15,15,15,15,15,15,15,15
481805,0,1,1996,0,36,10,9,10,0,16,42,0,0
481805,1,1,1996,0,0,0,0,0,0,0,0,10,0
481806,1,1,1996,0,0,0,0,0,0,0,0,0,23
481806,2,1,1996,0,0,0,0,0,0,0,0,0,0
481807,1,1,1996,0,0,0,0,0,0,0,0,0,0
481807,2,1,1996,0,0,0,0,0,0,0,10,0,0
481808,1,1,1996,0,0,0,13,0,0,0,0,0,0
481808,2,1,1996,0,0,0,0,23,0,0,0,0,0