ST_CASE,VEH_NO,PER_NO,YEAR,P1,P2,P3,P4,P5,P6,P7,P8,P9,P10
481809,1,1,1996,0,0,0,6,0,15,17,3,25,0
481809,2,1,1996,20,0,0,0,31,0,0,19,8,9
481810,1,1,1996,26,38,34,0,25,12,13,18,9,12
481811,1,1,1996,20,30,0,0,28,25,22,13,6,0
481812,0,1,1996,0,0,0,0,23,0,17,0,0,0
481812,1,1,1996,0,0,0,0,0,0,0,0,0,0
481813,1,1,1996,0,0,0,0,0,12,0,0,0,0
481813,2,1,1996,16,16,16,16,16,16,16,16,16,16
481814,1,1,1996,0,18,0,0,0,0,0,0,0,0
481815,1,1,1996,0,0,0,0,0,0,0,0,0,0
481815,2,1,1996,0,0,0,0,0,0,0,0,0,0
481816,1,1,1996,0,0,0,0,0,18,0,0,0,0
481817,1,1,1996,0,18,0,0,6,0,0,0,0,0
481817,2,1,1996,0,24,0,20,0,0,0,0,0,0
481818,1,1,1996,23,23,23,23,23,23,23,23,23,23
481819,1,1,1996,6,6,6,6,6,6,6,6,6,6
481820,1,1,1996,9,0,0,0,0,0,0,0,0,0
481821,1,1,1996,21,0,0,0,0,0,0,0,0,0
481822,1,1,1996,0,0,0,0,0,0,0,0,0,0
481822,2,1,1996,0,0,28,11,0,22,0,0,0,2
481823,1,1,1996,21,15,19,28,10,31,13,18,26,27
481824,1,1,1996,12,12,12,12,12,12,12,12,12,12
481825,1,1,1996,0,0,0,0,0,0,0,0,0,0
481825,2,1,1996,0,0,0,0,0,0,0,0,0,0
481826,1,1,1996,0,0,0,0,0,0,0,0,0,0
481826,2,1,1996,0,0,0,0,0,0,0,0,0,0
481826,3,1,1996,0,0,0,0,0,0,0,0,0,0
481827,1,1,1996,0,0,0,0,0,0,0,0,0,0
481827,2,1,1996,0,0,0,0,0,0,0,0,0,0
481828,0,1,1996,0,0,0,21,0,0,0,0,0,8
481828,1,1,1996,0,13,0,7,0,3,4,20,0,0
481829,1,1,1996,0,0,0,0,0,0,0,0,0,0
481829,2,1,1996,9,0,0,0,0,0,0,0,0,0
481830,0,1,1996,10,22,30,15,21,0,0,7,31,0
481830,1,1,1996,12,21,12,22,10,0,0,0,0,15
481831,1,1,1996,0,0,0,0,0,0,0,0,0,0
481831,2,1,1996,0,0,0,0,0,0,0,0,0,0
481832,1,1,1996,0,0,0,0,0,0,0,0,0,0
481832,2,1,1996,0,0,0,0,0,0,0,0,0,0
481832,3,1,1996,0,0,0,0,0,0,0,0,0,0
481833,1,1,1996,21,21,21,21,21,21,21,21,21,21
481834,1,1,1996,0,0,0,0,0,0,0,0,0,0
481835,1,1,1996,10,22,0,15,14,10,3,16,9,11
481835,2,1,1996,2,2,2,2,2,2,2,2,2,2
481836,1,1,1996,0,13,10,18,41,28,0,17,22,30
481837,0,1,1996,0,33,11,0,23,0,4,0,0,17
481837,0,2,1996,11,20,0,17,22,12,0,0,0,13
481837,0,3,1996,18,14,11,23,16,10,25,0,16,16
481837,1,1,1996,26,26,26,26,26,26,26,26,26,26
481838,1,1,1996,14,0,0,11,0,0,19,0,24,21
481838,2,1,1996,0,0,0,0,0,0,0,11,2,0
481839,1,1,1996,19,19,19,19,19,19,19,19,19,19
481839,2,1,1996,0,9,22,0,8,0,21,7,0,0
481839,3,1,1996,0,0,0,20,0,0,0,0,10,14
481840,1,1,1996,0,0,5,15,0,23,0,0,21,0
481841,1,1,1996,2,2,2,2,2,2,2,2,2,2
481841,2,1,1996,0,0,0,0,0,0,0,0,0,0
481842,0,1,1996,0,0,36,0,0,19,0,0,0,0
481842,1,1,1996,0,0,0,0,0,0,0,0,0,0
481843,1,1,1996,0,0,0,5,0,0,7,0,0,0
481843,2,1,1996,0,0,17,0,0,0,0,0,20,0
481844,0,1,1996,10,22,19,13,0,27,40,22,18,10
481844,1,1,1996,9,9,9,9,9,9,9,9,9,9
481845,0,1,1996,32,0,30,28,0,34,27,20,11,16
481845,1,1,1996,0,19,0,10,34,0,0,0,14,0
481846,1,1,1996,0,0,0,0,0,0,0,0,0,0
481847,1,1,1996,0,0,0,0,0,0,0,0,0,0
481848,1,1,1996,0,0,0,0,0,0,0,0,0,0
481849,1,1,1996,29,29,29,29,29,29,29,29,29,29
481850,1,1,1996,0,0,0,0,0,0,0,0,0,0
481851,1,1,1996,6,6,6,6,6,6,6,6,6,6
481851,2,1,1996,3,3,3,3,3,3,3,3,3,3
481852,1,1,1996,0,0,0,0,0,0,0,0,0,0
481853,1,1,1996,18,21,0,15,12,23,3,18,3,0
481853,2,1,1996,0,19,0,0,0,0,0,0,26,0
481854,1,1,1996,25,17,18,11,25,17,0,16,0,18
481855,1,1,1996,0,0,0,0,0,0,0,0,0,0
481855,2,1,1996,0,0,0,0,0,0,0,0,0,0
481856,1,1,1996,24,24,24,24,24,24,24,24,24,24
481856,2,1,1996,0,0,0,0,0,0,0,0,0,0
481857,1,1,1996,0,0,0,0,0,0,0,0,0,0
481857,2,1,1996,0,0,0,0,0,0,0,0,0,0
481858,1,1,1996,14,0,0,9,0,0,0,0,0,0
481858,2,1,1996,0,0,0,0,0,0,0,0,0,0
481859,1,1,1996,0,0,0,0,6,0,0,0,0,0
481860,1,1,1996,0,0,0,0,0,0,0,0,0,0
481861,1,1,1996,0,0,0,0,0,0,0,0,0,0
481862,1,1,1996,0,0,0,16,0,0,0,0,0,0
481862,2,1,1996,0,0,0,0,0,0,0,0,0,11
481863,1,1,1996,0,0,0,0,0,0,0,0,0,0
481863,2,1,1996,0,0,0,0,0,0,0,0,0,0
481864,1,1,1996,0,0,0,0,12,0,0,0,0,0
481864,2,1,1996,0,0,0,0,0,0,0,0,0,0
481865,1,1,1996,10,0,0,0,15,0,0,0,0,0
481866,1,1,1996,0,8,0,6,27,18,12,13,13,14
481867,1,1,1996,0,0,9,0,0,0,0,5,0,13
481868,1,1,1996,24,0,0,0,0,0,0,0,0,0
481868,2,1,1996,0,0,0,0,0,0,0,0,0,0
481869,0,1,1996,0,0,14,0,14,0,0,24,0,0
481869,1,1,1996,0,0,0,0,0,0,0,0,0,0
481870,1,1,1996,0,0,0,0,0,0,0,0,0,0
481870,2,1,1996,0,0,19,0,0,0,0,0,0,0
481871,1,1,1996,0,0,0,0,0,0,0,0,0,0
481871,2,1,1996,31,31,31,31,31,31,31,31,31,31
481872,1,1,1996,0,0,0,0,0,0,0,0,0,0
481872,2,1,1996,0,0,0,0,0,0,0,0,0,0
481873,1,1,1996,0,0,0,0,0,0,0,0,0,0
481873,2,1,1996,0,0,0,0,0,0,0,0,0,0
481874,1,1,1996,0,0,0,0,0,0,0,0,0,0
481874,2,1,1996,6,6,6,6,6,6,6,6,6,6
481875,1,1,1996,12,24,34,10,25,21,13,4,7,13
481876,0,1,1996,0,26,0,23,14,0,0,0,0,0
481876,1,1,1996,0,0,0,0,0,0,0,0,10,0
481877,1,1,1996,0,0,0,0,0,0,0,0,0,0
481877,2,1,1996,0,0,0,0,0,0,0,0,0,0
481878,1,1,1996,0,11,0,0,3,0,0,9,10,0
481879,1,1,1996,0,0,0,0,0,0,13,0,0,0
481880,1,1,1996,0,15,0,0,0,0,0,0,0,0
481880,2,1,1996,0,0,0,0,0,0,0,0,0,0
481881,1,1,1996,0,0,0,0,0,0,0,0,0,0
481882,1,1,1996,9,9,9,9,9,9,9,9,9,9
481882,2,1,1996,0,0,0,0,0,0,0,0,0,0
481882,3,1,1996,0,0,0,0,0,0,0,0,0,0
481883,1,1,1996,0,0,0,0,0,0,0,0,0,0
481883,2,1,1996,0,0,0,0,0,0,0,0,0,0
481884,1,1,1996,0,0,0,0,0,0,0,0,0,0
481884,2,1,1996,10,0,0,0,12,0,0,0,16,0
481884,3,1,1996,0,0,0,0,0,0,0,0,0,0
481885,1,1,1996,29,29,29,29,29,29,29,29,29,29
481886,1,1,1996,0,0,0,0,0,0,0,0,0,0
481886,2,1,1996,0,0,0,0,0,0,0,0,0,0
481887,1,1,1996,0,0,0,0,0,0,0,0,0,0
481888,1,1,1996,0,0,0,0,0,0,0,6,0,0
481888,2,1,1996,0,0,0,0,0,20,0,0,0,0
481889,1,1,1996,24,24,24,24,24,24,24,24,24,24
481890,1,1,1996,0,0,0,0,0,0,0,0,0,0
481890,2,1,1996,0,0,0,0,0,0,0,0,0,0
481891,0,1,1996,17,17,17,17,17,17,17,17,17,17
481891,1,1,1996,0,0,0,0,0,19,0,0,0,0
481892,1,1,1996,0,0,0,0,0,0,0,0,0,0
481893,1,1,1996,17,17,17,17,17,17,17,17,17,17
481894,1,1,1996,6,7,44,8,24,17,30,23,23,25
481895,1,1,1996,0,9,7,17,14,10,14,41,29,25
481896,1,1,1996,20,20,20,20,20,20,20,20,20,20
481897,1,1,1996,33,26,33,0,0,20,4,0,23,23
481898,1,1,1996,18,18,18,18,18,18,18,18,18,18
481899,1,1,1996,15,15,15,15,15,15,15,15,15,15
481900,0,1,1996,18,18,18,18,18,18,18,18,18,18
481900,1,1,1996,0,0,0,0,0,0,0,0,0,0
481901,1,1,1996,36,36,36,36,36,36,36,36,36,36
481901,2,1,1996,0,5,0,25,0,0,13,16,0,13
481902,1,1,1996,0,0,0,0,0,0,0,0,0,0
481902,2,1,1996,0,0,0,0,0,0,0,0,0,0
481902,3,1,1996,0,0,0,0,0,0,0,0,0,0
481902,4,1,1996,12,0,0,0,0,0,0,0,0,0
481903,1,1,1996,0,0,0,0,0,0,0,0,0,0
481903,2,1,1996,0,0,0,16,0,11,0,0,0,0
481904,0,2,1996,0,0,0,0,0,0,0,0,0,0
481904,1,1,1996,0,0,0,0,0,0,0,0,0,0
481905,1,1,1996,0,0,0,0,0,0,0,0,0,0
481905,2,1,1996,0,0,0,0,0,0,0,0,0,0
481906,1,1,1996,33,33,33,33,33,33,33,33,33,33
481907,0,1,1996,16,19,9,43,37,9,20,8,30,16
481907,1,1,1996,0,0,0,0,0,0,0,0,0,0
481908,1,1,1996,0,0,0,0,0,0,0,0,0,0
481908,2,1,1996,0,0,0,0,0,0,0,0,0,0
481908,3,1,1996,0,19,0,6,0,0,0,0,0,0
481909,1,1,1996,22,24,14,16,37,11,0,26,23,18
481910,1,1,1996,0,0,0,0,0,0,0,0,0,0
481911,1,1,1996,0,0,0,0,0,0,0,0,0,0
481911,2,1,1996,0,0,0,0,0,0,0,0,0,0
481912,1,1,1996,25,25,25,25,25,25,25,25,25,25
481912,2,1,1996,0,0,4,23,0,0,0,25,0,0
481913,0,1,1996,26,26,26,26,26,26,26,26,26,26
481913,1,1,1996,0,0,0,0,0,13,0,0,0,20
481913,2,1,1996,8,0,10,10,16,0,0,0,0,0
481914,1,1,1996,0,0,0,0,0,0,0,0,0,0
481914,2,1,1996,0,0,0,0,0,0,0,0,0,0
481915,0,1,1996,0,0,29,0,0,11,0,0,0,30
481915,1,1,1996,7,10,0,0,0,14,0,0,10,4
481916,1,1,1996,0,0,0,0,0,0,0,0,0,0
481916,2,1,1996,0,0,0,0,0,0,0,0,0,0
481917,1,1,1996,0,0,0,0,0,0,0,0,0,0
481917,2,1,1996,22,0,0,0,0,13,6,5,0,0
481918,1,1,1996,0,0,0,0,0,0,0,0,0,0
481919,1,1,1996,18,18,18,18,18,18,18,18,18,18
481920,1,1,1996,0,0,0,0,0,0,0,0,0,11
481920,2,1,1996,0,0,0,0,0,0,0,0,0,0
481921,1,1,1996,0,0,0,0,0,0,0,0,0,0
481921,2,1,1996,0,0,0,0,0,0,0,22,0,0
481922,1,1,1996,0,0,14,0,30,0,0,0,17,0
481922,2,1,1996,0,0,0,0,0,0,0,0,0,0
481922,3,1,1996,0,0,0,0,0,0,0,0,0,0
481922,4,1,1996,0,0,0,0,0,0,0,0,0,0
481922,5,1,1996,0,0,0,0,0,0,0,0,0,0
481923,1,1,1996,0,0,0,0,0,0,0,0,0,0
481924,1,1,1996,0,0,0,0,0,0,0,0,0,21
481925,1,1,1996,7,7,7,7,7,7,7,7,7,7
481925,2,1,1996,0,0,0,0,0,0,0,0,0,0
481926,1,1,1996,0,0,0,0,0,0,0,0,0,0
481927,1,1,1996,18,18,18,18,18,18,18,18,18,18
481928,1,1,1996,0,0,0,0,0,0,0,0,0,0
481928,2,1,1996,34,28,0,20,15,6,0,14,0,22
481929,1,1,1996,0,0,10,0,0,8,0,0,13,0
481929,2,1,1996,24,24,24,24,24,24,24,24,24,24
481930,1,1,1996,9,9,9,9,9,9,9,9,9,9
481931,1,1,1996,0,0,13,0,0,12,15,0,9,0
481932,0,1,1996,0,0,0,0,0,0,0,0,0,0
481932,1,1,1996,0,0,0,0,0,0,0,0,0,0
481933,1,1,1996,9,0,0,0,5,0,0,0,0,8
481933,2,1,1996,0,0,0,0,0,0,0,0,19,0
481933,3,1,1996,0,0,0,0,0,0,0,0,0,0
481934,1,1,1996,0,0,0,0,0,0,0,0,0,0
481934,2,1,1996,25,25,25,25,25,25,25,25,25,25
481935,1,1,1996,0,0,0,0,0,0,0,0,0,0
481936,1,1,1996,0,0,0,0,0,0,9,0,13,0
481936,2,1,1996,0,3,21,18,0,0,0,0,0,0
481937,1,1,1996,0,0,0,0,0,0,0,0,0,0
481937,2,1,1996,0,0,0,0,0,0,0,0,0,0
481938,1,1,1996,0,0,0,0,0,0,0,0,0,0
481939,1,1,1996,11,24,27,18,11,0,22,20,27,24
481940,1,1,1996,34,34,34,34,34,34,34,34,34,34
481941,1,1,1996,13,0,0,0,0,0,0,23,0,0
481941,2,1,1996,0,0,0,0,0,0,0,0,0,0
481941,3,1,1996,0,0,0,11,0,2,7,0,0,0
481942,1,1,1996,0,16,11,28,30,0,5,33,0,24
481943,1,1,1996,15,18,19,16,19,15,14,9,15,13
481944,1,1,1996,12,12,12,12,12,12,12,12,12,12
481945,0,1,1996,0,30,0,0,0,0,26,18,0,0
481945,1,1,1996,0,0,0,0,0,0,0,0,0,0
481946,0,1,1996,26,0,0,3,0,0,30,0,0,0
481946,1,1,1996,0,0,0,0,0,0,0,0,0,0
481946,2,1,1996,0,0,0,0,0,0,0,0,16,24
481947,1,1,1996,0,5,14,0,12,0,0,0,0,0
481947,2,1,1996,0,0,0,0,0,0,0,0,0,0
481948,1,1,1996,31,16,23,20,24,7,12,21,16,24
481949,1,1,1996,0,0,0,0,0,0,0,0,0,0
481950,1,1,1996,17,19,17,14,23,14,11,24,28,21
481950,2,1,1996,0,0,0,0,0,0,0,0,0,0
481950,3,1,1996,17,15,0,18,32,0,0,18,15,15
481951,1,1,1996,8,8,8,8,8,8,8,8,8,8
481952,1,1,1996,0,0,0,0,0,0,0,0,0,0
481952,2,1,1996,0,0,0,0,0,0,0,0,0,0
481953,1,1,1996,23,23,23,23,23,23,23,23,23,23
481953,2,1,1996,0,6,0,0,0,0,0,0,0,0
481954,1,1,1996,0,0,0,0,0,0,22,0,0,0
481954,2,1,1996,0,13,0,0,0,0,5,0,12,27
481955,1,1,1996,9,33,19,14,19,3,24,10,27,0
481955,2,1,1996,14,15,10,29,6,18,26,12,23,33
481956,1,1,1996,9,9,9,9,9,9,9,9,9,9
481956,2,1,1996,0,0,0,0,0,0,0,0,0,0
481956,3,1,1996,14,0,0,0,0,0,0,0,11,0
481957,1,1,1996,0,0,0,0,0,0,0,0,0,0
481958,1,1,1996,21,21,21,21,21,21,21,21,21,21
481959,0,1,1996,0,21,0,0,17,36,0,0,50,18
481959,1,1,1996,0,0,0,0,0,0,0,0,0,0
481960,1,1,1996,0,0,0,0,0,0,0,0,0,0
481960,2,1,1996,0,0,0,0,0,0,0,0,0,0
481961,1,1,1996,7,0,7,0,0,22,0,6,0,0
481961,2,1,1996,0,0,0,9,0,0,13,0,0,3
481961,3,1,1996,0,0,0,0,0,0,5,15,21,0
481962,1,1,1996,9,0,0,0,9,0,0,0,0,0
481963,1,1,1996,0,0,0,0,0,0,0,0,0,0
481963,2,1,1996,0,0,0,0,0,0,0,0,0,0
481964,1,1,1996,28,0,23,15,0,0,0,0,0,0
481965,1,1,1996,0,0,0,0,0,0,0,0,0,0
481966,1,1,1996,21,21,21,21,21,21,21,21,21,21
481967,1,1,1996,10,10,10,10,10,10,10,10,10,10
481968,0,1,1996,33,33,33,33,33,33,33,33,33,33
481968,1,1,1996,0,0,0,0,0,0,0,0,0,0
481969,0,1,1996,13,13,13,13,13,13,13,13,13,13
481969,1,1,1996,0,0,0,0,0,0,0,0,0,0
481970,1,1,1996,21,21,21,21,21,21,21,21,21,21
481971,0,1,1996,0,0,0,0,0,0,0,0,0,0
481971,1,1,1996,8,0,0,18,0,0,0,0,0,0
481972,1,1,1996,0,0,0,0,0,0,0,0,0,0
481972,2,1,1996,10,10,10,10,10,10,10,10,10,10
481973,0,1,1996,12,0,0,0,0,0,0,0,30,0
481973,1,1,1996,0,0,0,0,0,0,26,6,0,0
481974,1,1,1996,0,0,0,0,0,0,0,0,0,0
481974,2,1,1996,0,0,0,0,0,0,0,0,0,0
481974,3,1,1996,0,0,0,0,0,0,0,0,0,0
481975,0,1,1996,32,32,32,32,32,32,32,32,32,32
481975,1,1,1996,18,0,0,17,0,0,0,0,0,0
481976,1,1,1996,0,0,0,0,0,0,0,0,0,0
481977,1,1,1996,0,0,0,0,0,0,0,0,0,0
481977,2,1,1996,0,0,0,0,0,0,0,0,0,0
481978,1,1,1996,0,0,0,0,0,0,0,0,0,0
481978,2,1,1996,0,0,0,0,0,0,0,0,0,0
481979,1,1,1996,0,0,14,0,0,0,0,0,0,0
481979,2,1,1996,0,0,0,0,0,0,0,0,0,0
481980,1,1,1996,0,0,0,0,0,0,0,0,0,0
481980,2,1,1996,0,0,0,0,0,0,0,0,0,0
481980,3,1,1996,0,0,0,0,0,0,0,0,0,0
481981,1,1,1996,0,0,0,0,0,0,0,0,0,0
481982,1,1,1996,0,0,0,0,0,0,0,0,0,0
481983,1,1,1996,0,0,0,0,0,0,0,0,0,0
481983,2,1,1996,0,0,0,0,0,0,0,0,0,0
481984,1,1,1996,0,0,0,0,0,0,0,0,0,0
481984,2,1,1996,0,0,0,0,0,0,0,0,0,0
481985,1,1,1996,0,0,0,0,0,0,10,0,0,0
481986,0,1,1996,45,0,19,28,18,0,10,25,16,14
481986,1,1,1996,0,0,0,0,0,0,0,0,23,23
481987,1,1,1996,14,14,14,14,14,14,14,14,14,14
481988,1,1,1996,17,15,48,0,15,24,0,0,13,24
481989,1,1,1996,25,25,25,25,25,25,25,25,25,25
481990,0,1,1996,0,0,9,0,0,9,9,18,0,0
481990,0,2,1996,0,0,0,0,0,0,0,0,0,0
481990,0,3,1996,0,0,21,0,13,0,0,0,0,5
481990,0,4,1996,0,0,0,0,35,0,0,0,0,6
481990,0,5,1996,3,0,15,0,0,0,0,0,0,0
481990,0,6,1996,4,0,0,0,0,13,16,0,30,20
481990,0,7,1996,0,0,0,0,18,0,3,0,0,0
481990,0,8,1996,8,0,10,0,0,22,18,0,0,19
481990,0,9,1996,0,0,0,0,0,0,0,19,0,0
481990,0,10,1996,0,19,14,0,0,7,0,0,0,16
481990,0,11,1996,0,21,7,21,20,10,0,20,0,24
481990,0,12,1996,0,0,0,0,17,0,0,16,0,5
481990,0,13,1996,0,0,25,0,13,0,0,25,0,0
481990,1,1,1996,18,18,18,18,18,18,18,18,18,18
481991,1,1,1996,0,0,0,0,0,0,0,0,0,0
481991,2,1,1996,0,0,0,0,0,0,0,0,0,0
481992,1,1,1996,0,0,0,0,0,0,0,0,0,0
481993,1,1,1996,14,14,14,14,14,14,14,14,14,14
481994,0,1,1996,0,0,0,0,0,0,0,0,0,0
481994,1,1,1996,0,0,0,0,0,0,0,0,0,0
481995,1,1,1996,38,38,38,38,38,38,38,38,38,38
481996,1,1,1996,17,17,17,17,17,17,17,17,17,17
481996,2,1,1996,8,0,0,13,0,0,0,0,0,0
481996,3,1,1996,0,0,7,0,9,0,0,0,0,0
481997,1,1,1996,15,15,15,15,15,15,15,15,15,15
481998,1,1,1996,11,11,11,11,11,11,11,11,11,11
481998,2,1,1996,28,28,28,28,28,28,28,28,28,28
481999,1,1,1996,13,8,6,12,30,33,13,0,0,8
481999,2,1,1996,0,0,0,0,0,8,0,13,0,0
482000,0,1,1996,11,11,11,11,11,11,11,11,11,11
482000,1,1,1996,0,0,0,0,0,0,0,0,0,0
482001,1,1,1996,0,0,0,0,0,0,0,0,0,0
482002,0,1,1996,30,12,0,13,10,32,0,0,19,29
482002,1,1,1996,0,0,0,0,0,0,0,0,0,0
482003,1,1,1996,2,2,2,2,2,2,2,2,2,2
482003,2,1,1996,2,2,2,2,2,2,2,2,2,2
482004,1,1,1996,0,8,0,0,0,0,0,0,0,0
482004,2,1,1996,0,0,0,0,0,0,0,0,0,0
482005,0,1,1996,0,0,0,0,0,0,0,0,0,0
482005,1,1,1996,0,0,0,37,0,0,0,0,25,0
482006,1,1,1996,19,19,19,19,19,19,19,19,19,19
482007,1,1,1996,0,0,0,0,0,0,0,0,0,0
482008,0,1,1996,28,28,28,28,28,28,28,28,28,28
482008,1,1,1996,0,0,0,0,19,0,0,12,0,0
482009,1,1,1996,0,0,0,0,0,0,0,0,0,0
482010,1,1,1996,30,30,30,30,30,30,30,30,30,30
482011,1,1,1996,0,0,0,0,0,0,0,0,0,0
482011,2,1,1996,19,9,28,16,14,8,8,4,24,7
482012,0,1,1996,29,29,29,29,29,29,29,29,29,29
482012,1,1,1996,0,5,12,0,33,6,0,0,8,0
482013,0,1,1996,17,17,17,17,17,17,17,17,17,17
482013,0,2,1996,32,32,32,32,32,32,32,32,32,32
482013,1,1,1996,2,2,2,2,2,2,2,2,2,2
482014,0,1,1996,0,23,17,15,0,2,21,0,31,0
482014,0,2,1996,14,0,12,0,19,0,26,38,0,19
482014,1,1,1996,11,11,11,11,11,11,11,11,11,11
482015,1,1,1996,23,23,23,23,23,23,23,23,23,23
482016,0,1,1996,0,0,0,0,0,0,0,0,0,0
482016,1,1,1996,9,0,0,0,13,0,0,0,0,0
482016,2,1,1996,0,0,0,0,0,0,0,0,14,0
482016,3,1,1996,0,0,0,0,0,0,15,0,0,0
482016,4,1,1996,0,0,0,0,0,0,0,0,0,0
482017,1,1,1996,32,20,8,11,26,9,14,28,12,20
482018,1,1,1996,0,0,0,0,0,0,0,0,0,0
482018,2,1,1996,21,21,21,21,21,21,21,21,21,21
482019,1,1,1996,0,0,0,0,0,0,0,0,0,0
482019,2,1,1996,0,0,0,0,0,0,0,0,0,0
482020,1,1,1996,0,24,0,9,7,33,0,0,0,29
482020,2,1,1996,0,0,0,0,0,0,0,0,0,0
482021,1,1,1996,1,1,1,1,1,1,1,1,1,1
482022,0,1,1996,0,0,0,0,0,0,0,0,0,0
482022,1,1,1996,0,0,0,0,0,0,0,0,6,0
482022,2,1,1996,0,0,0,0,10,0,0,0,0,11
482022,3,1,1996,16,0,0,0,0,0,0,14,0,0
482023,1,1,1996,0,0,0,0,0,0,0,0,0,0
482023,2,1,1996,0,0,0,0,0,3,0,0,0,0
482024,1,1,1996,0,0,0,0,0,0,0,0,0,0
482024,2,1,1996,0,0,0,0,0,0,0,0,0,0
482025,1,1,1996,0,0,0,0,0,0,0,0,0,0
482025,2,1,1996,13,18,0,0,0,0,0,0,0,0
482025,3,1,1996,0,0,0,0,0,0,0,0,0,0
482026,1,1,1996,0,14,48,0,0,15,0,0,0,0
482026,2,1,1996,0,0,0,0,0,0,0,9,0,0
482027,1,1,1996,16,16,16,16,16,16,16,16,16,16
482028,1,1,1996,5,5,5,5,5,5,5,5,5,5
482029,1,1,1996,0,0,0,0,0,0,0,0,0,0
482029,2,1,1996,0,0,0,0,0,0,0,0,0,0
482029,3,1,1996,0,0,0,0,0,0,0,0,0,0
482030,1,1,1996,0,0,0,0,0,10,0,0,0,0
482030,2,1,1996,0,0,0,0,0,0,0,0,0,0
482031,1,1,1996,0,5,24,0,0,8,21,21,30,23
482032,1,1,1996,1,1,1,1,1,1,1,1,1,1
482033,1,1,1996,0,0,0,0,0,0,0,0,0,0
482033,2,1,1996,29,29,29,29,29,29,29,29,29,29
482034,1,1,1996,0,0,0,0,0,0,0,0,0,0
482035,1,1,1996,10,10,10,10,10,10,10,10,10,10
482035,2,1,1996,0,0,0,0,0,0,0,39,0,0
482036,1,1,1996,0,0,0,0,0,0,0,0,0,0
482036,2,1,1996,4,4,4,4,4,4,4,4,4,4
482037,0,1,1996,0,0,0,0,0,0,0,0,0,0
482037,1,1,1996,0,0,0,0,0,0,0,0,0,0
482037,2,1,1996,0,0,0,0,0,0,0,0,0,0
482038,0,1,1996,0,29,10,13,0,0,0,0,0,0
482038,1,1,1996,3,3,3,3,3,3,3,3,3,3
482039,1,1,1996,0,0,0,0,0,0,0,0,0,0
482040,0,1,1996,0,0,0,0,0,0,0,0,0,0
482040,1,1,1996,0,0,6,0,17,0,0,17,12,0
482041,1,1,1996,0,0,0,0,0,0,0,0,0,0
482041,2,1,1996,0,0,0,0,0,0,12,0,0,0
482042,0,1,1996,35,35,35,35,35,35,35,35,35,35
482042,1,1,1996,0,0,0,31,0,0,0,0,0,0
482043,1,1,1996,0,0,0,0,0,0,0,0,0,0
482043,2,1,1996,0,0,0,0,0,0,0,15,0,0
482044,1,1,1996,0,0,0,0,0,0,0,0,5,21
482044,2,1,1996,0,0,0,0,0,0,0,0,0,0
482045,1,1,1996,10,0,0,0,0,0,0,0,0,0
482045,2,1,1996,21,0,0,0,0,0,0,0,0,0
482046,0,1,1996,2,6,0,14,13,20,8,0,0,24
482046,1,1,1996,0,0,0,0,0,0,4,0,0,8
482047,1,1,1996,0,0,0,0,0,0,0,0,0,0
482048,1,1,1996,17,4,0,0,10,0,18,24,0,13
482048,2,1,1996,0,0,25,18,0,0,0,7,0,20
482049,1,1,1996,16,30,0,25,22,18,0,25,30,29
482050,1,1,1996,0,0,0,0,0,0,0,0,0,0
482050,2,1,1996,0,0,0,0,0,4,0,0,0,8
482051,1,1,1996,0,0,0,0,0,0,0,0,0,0
482052,1,1,1996,0,0,0,0,0,0,0,0,0,0
482053,0,1,1996,25,25,25,25,25,25,25,25,25,25
482053,1,1,1996,0,11,0,12,0,4,21,0,0,11
482054,1,1,1996,0,0,0,0,0,0,0,22,23,0
482055,1,1,1996,0,0,0,0,0,0,0,0,0,0
482056,0,1,1996,0,0,0,0,20,0,24,29,35,0
482056,1,1,1996,0,0,0,0,0,0,0,0,0,0
482057,1,1,1996,13,26,12,0,0,13,0,10,19,0
482058,1,1,1996,0,0,0,0,0,0,0,0,0,0
482058,2,1,1996,0,0,0,0,0,0,0,0,0,0
482059,0,1,1996,29,37,26,40,6,20,24,42,11,2
482059,1,1,1996,0,0,0,0,13,0,0,0,15,3
482060,1,1,1996,0,0,0,0,0,0,0,0,0,0
482060,2,1,1996,0,0,0,0,17,0,0,0,0,0
482061,0,1,1996,0,0,0,0,0,0,0,0,0,0
482061,1,1,1996,0,0,0,0,0,0,0,0,0,0
482062,0,1,1996,0,0,0,0,0,0,0,0,0,0
482062,0,2,1996,0,0,0,0,0,0,0,0,0,0
482062,1,1,1996,0,0,0,0,0,0,0,0,0,0
482063,1,1,1996,10,10,10,10,10,10,10,10,10,10
482064,1,1,1996,0,0,0,0,0,36,0,0,0,0
482064,2,1,1996,0,0,0,0,0,0,0,0,0,0