ST_CASE,VEH_NO,PER_NO,YEAR,P1,P2,P3,P4,P5,P6,P7,P8,P9,P10
482065,0,1,1996,32,0,0,15,12,0,22,0,0,0
482065,1,1,1996,0,0,0,0,0,0,0,0,0,0
482066,1,1,1996,19,19,19,19,19,19,19,19,19,19
482066,2,1,1996,11,0,0,0,0,14,0,0,0,11
482067,1,1,1996,33,13,7,26,0,0,0,21,0,2
482067,2,1,1996,0,0,0,0,9,0,23,0,14,17
482068,1,1,1996,0,0,0,0,0,0,0,0,27,0
482068,2,1,1996,13,13,13,13,13,13,13,13,13,13
482069,1,1,1996,0,0,0,0,0,0,0,0,0,0
482070,1,1,1996,30,30,30,30,30,30,30,30,30,30
482071,1,1,1996,13,13,13,13,13,13,13,13,13,13
482072,1,1,1996,3,3,3,3,3,3,3,3,3,3
482073,1,1,1996,20,20,20,20,20,20,20,20,20,20
482073,2,1,1996,0,0,0,0,0,0,0,0,0,0
482074,1,1,1996,0,0,0,0,0,0,0,0,0,0
482074,2,1,1996,0,0,0,0,0,0,0,0,0,0
482075,1,1,1996,9,9,9,9,9,9,9,9,9,9
482076,1,1,1996,0,0,0,0,0,0,0,0,0,0
482076,2,1,1996,0,0,0,0,0,0,0,0,0,0
482077,1,1,1996,36,13,0,0,18,9,22,14,4,6
482077,2,1,1996,3,13,0,0,0,0,19,17,0,0
482078,1,1,1996,19,19,19,19,19,19,19,19,19,19
482079,0,1,1996,0,0,0,0,16,0,0,0,0,0
482079,1,1,1996,31,0,10,0,0,5,0,16,14,15
482080,1,1,1996,6,0,0,0,0,0,0,0,2,0
482081,1,1,1996,6,6,6,6,6,6,6,6,6,6
482082,0,1,1996,13,19,22,0,30,23,29,0,0,45
482082,1,1,1996,0,0,0,12,0,0,17,4,0,0
482083,1,1,1996,19,17,0,0,23,0,0,23,0,0
482084,0,1,1996,26,26,26,26,26,26,26,26,26,26
482084,1,1,1996,0,3,0,0,13,0,0,0,0,0
482085,1,1,1996,20,20,20,20,20,20,20,20,20,20
482086,1,1,1996,0,0,0,0,0,0,0,0,0,0
482086,2,1,1996,0,0,0,0,0,0,0,0,0,0
482087,0,1,1996,0,0,0,0,0,0,0,0,14,0
482087,1,1,1996,0,0,0,0,0,0,0,0,0,0
482088,1,1,1996,18,0,24,0,0,0,14,0,0,0
482088,2,1,1996,0,0,0,0,0,0,0,0,0,0
482089,1,1,1996,11,11,11,11,11,11,11,11,11,11
482089,2,1,1996,0,0,0,0,0,0,0,0,0,0
482090,1,1,1996,0,0,14,0,0,0,0,0,0,0
482091,1,1,1996,20,20,20,20,20,20,20,20,20,20
482092,1,1,1996,24,24,24,24,24,24,24,24,24,24
482093,1,1,1996,0,0,0,0,0,0,0,0,0,0
482093,2,1,1996,0,0,0,0,0,0,0,0,0,0
482094,1,1,1996,10,10,10,10,10,10,10,10,10,10
482095,1,1,1996,0,0,0,0,0,0,0,0,0,0
482096,1,1,1996,0,0,0,0,0,0,0,0,16,0
482097,1,1,1996,0,0,0,0,0,0,0,0,0,18
482098,1,1,1996,0,0,0,0,0,0,11,0,0,0
482098,2,1,1996,0,0,0,0,0,0,17,0,0,33
482098,3,1,1996,0,0,0,0,0,0,0,0,0,0
482099,1,1,1996,0,13,0,0,0,0,0,0,0,0
482099,2,1,1996,0,0,0,0,0,0,0,0,0,0
482100,1,1,1996,0,0,0,20,18,21,0,0,5,12
482100,2,1,1996,0,0,0,0,9,0,0,0,9,8
482101,1,1,1996,16,16,16,16,16,16,16,16,16,16
482102,1,1,1996,0,0,0,0,0,0,0,0,0,0
482103,1,1,1996,0,0,0,0,0,0,0,0,0,0
482103,2,1,1996,0,0,0,0,0,0,0,0,0,0
482103,3,1,1996,0,0,0,0,0,0,0,0,0,0
482103,4,1,1996,0,0,0,0,0,0,0,0,0,0
482104,1,1,1996,0,24,0,0,0,0,0,0,0,8
482105,1,1,1996,11,11,11,11,11,11,11,11,11,11
482105,2,1,1996,0,18,16,0,12,20,16,0,0,0
482106,1,1,1996,2,2,2,2,2,2,2,2,2,2
482106,2,1,1996,0,0,0,0,0,0,0,0,0,0
482107,1,1,1996,20,25,5,0,6,3,0,0,11,18
482108,1,1,1996,0,13,7,0,0,0,0,0,0,0
482108,2,1,1996,0,0,0,0,0,0,0,0,0,0
482109,1,1,1996,0,0,0,0,0,0,0,0,0,0
482109,2,1,1996,0,0,0,0,0,0,0,0,0,0
482110,1,1,1996,0,0,0,0,0,0,0,13,0,0
482110,2,1,1996,0,0,0,0,0,0,0,0,0,0
482111,1,1,1996,20,20,20,20,20,20,20,20,20,20
482112,0,1,1996,0,26,0,0,0,0,0,29,20,20
482112,1,1,1996,0,0,0,0,0,0,0,17,0,0
482113,1,1,1996,0,0,0,0,0,0,0,0,0,0
482113,2,1,1996,13,13,13,13,13,13,13,13,13,13
482114,1,1,1996,23,0,0,26,0,0,0,0,0,12
482115,1,1,1996,0,0,0,0,0,0,0,0,0,0
482115,2,1,1996,0,0,0,0,0,0,0,0,0,0
482116,1,1,1996,35,14,18,23,18,18,20,23,22,10
482117,1,1,1996,0,0,0,0,0,0,0,0,0,0
482118,1,1,1996,0,0,0,0,0,0,0,0,0,0
482119,1,1,1996,0,0,0,0,0,0,0,0,0,0
482119,2,1,1996,0,0,0,0,0,0,0,0,16,0
482120,1,1,1996,0,0,0,0,0,0,0,0,0,0
482120,2,1,1996,13,13,13,13,13,13,13,13,13,13
482121,1,1,1996,30,30,30,30,30,30,30,30,30,30
482122,1,1,1996,0,0,0,14,0,0,0,0,0,22
482123,0,1,1996,0,0,0,36,0,32,0,0,0,0
482123,1,1,1996,8,19,0,0,0,0,0,0,0,0
482124,1,1,1996,23,23,23,23,23,23,23,23,23,23
482126,0,1,1996,0,0,0,0,0,0,0,0,0,0
482126,1,1,1996,18,7,10,11,46,21,30,0,9,0
482127,1,1,1996,0,0,0,0,0,0,0,0,0,0
482128,1,1,1996,0,0,0,0,0,0,0,0,0,0
482128,2,1,1996,0,0,0,0,0,0,0,0,0,0
482129,1,1,1996,17,18,8,38,14,0,15,28,10,26
482130,1,1,1996,0,0,0,0,0,0,0,0,0,4
482130,2,1,1996,0,10,0,0,6,41,0,0,0,0
482131,1,1,1996,2,2,2,2,2,2,2,2,2,2
482132,1,1,1996,0,0,0,0,0,0,0,0,0,0
482132,2,1,1996,0,0,0,21,0,0,0,0,32,0
482133,1,1,1996,32,32,32,32,32,32,32,32,32,32
482134,1,1,1996,26,26,20,3,12,10,26,26,20,11
482135,1,1,1996,13,11,14,19,23,14,23,13,21,0
482136,1,1,1996,24,24,24,24,24,24,24,24,24,24
482137,0,1,1996,0,0,36,0,0,0,0,0,0,19
482137,1,1,1996,0,4,11,0,0,0,0,0,0,0
482138,1,1,1996,0,7,0,0,0,0,0,0,0,0
482138,2,1,1996,26,19,5,22,22,9,22,24,0,17
482139,1,1,1996,3,0,10,10,14,10,21,34,0,0
482140,1,1,1996,46,0,18,0,0,0,0,0,0,7
482141,1,1,1996,2,2,2,2,2,2,2,2,2,2
482142,1,1,1996,38,0,36,0,0,27,0,0,0,0
482143,1,1,1996,0,0,15,5,0,20,0,0,0,4
482143,2,1,1996,0,0,0,0,0,0,0,0,0,0
482144,1,1,1996,0,0,0,0,0,0,0,0,0,0
482144,2,1,1996,0,0,0,0,0,0,0,0,0,0
482145,1,1,1996,0,0,0,0,0,0,0,0,0,0
482145,2,1,1996,0,0,0,0,0,0,0,24,19,0
482145,3,1,1996,0,0,0,0,0,0,0,0,0,26
482146,1,1,1996,0,0,0,0,0,0,0,0,0,0
482146,2,1,1996,0,0,0,0,0,0,0,11,0,0
482147,0,1,1996,0,0,0,0,0,0,0,13,0,0
482148,0,1,1996,0,0,29,0,15,7,8,0,0,0
482148,0,2,1996,17,15,17,16,0,27,0,0,0,19
482148,0,3,1996,0,28,0,14,31,0,0,0,28,6
482148,1,1,1996,0,0,0,0,0,0,0,0,0,0
482148,2,1,1996,0,0,0,0,0,0,0,0,0,0
482149,1,1,1996,0,0,0,0,0,0,0,0,0,0
482149,2,1,1996,0,0,0,0,0,0,0,0,0,0
482150,1,1,1996,0,0,0,0,0,0,0,0,0,0
482150,2,1,1996,0,0,0,23,0,0,0,0,0,0
482151,1,1,1996,0,0,0,0,0,0,0,0,0,0
482151,2,1,1996,0,0,0,0,0,0,0,0,0,0
482152,0,1,1996,0,0,0,0,0,0,0,0,0,0
482152,1,1,1996,0,0,0,0,0,0,0,0,0,0
482153,1,1,1996,0,6,0,0,0,0,0,0,0,0
482154,1,1,1996,0,0,0,0,0,7,0,0,0,9
482154,2,1,1996,0,0,0,0,0,21,0,29,0,0
482155,1,1,1996,0,0,0,0,0,0,0,0,0,0
482155,2,1,1996,0,0,12,0,0,0,0,0,0,10
482155,3,1,1996,0,0,0,0,0,0,0,0,0,0
482156,0,1,1996,0,0,0,0,0,0,0,0,0,0
482156,1,1,1996,4,0,0,0,0,0,0,0,0,0
482157,1,1,1996,0,16,15,13,0,12,18,0,9,0
482157,2,1,1996,1,1,1,1,1,1,1,1,1,1
482158,1,1,1996,0,0,0,0,0,0,0,0,0,0
482158,2,1,1996,0,0,0,0,0,0,0,0,3,0
482158,3,1,1996,0,0,0,0,0,0,0,0,0,0
482158,4,1,1996,0,0,0,0,0,0,13,0,0,0
482158,5,1,1996,0,0,0,0,0,0,0,0,0,0
482159,1,1,1996,4,0,0,0,0,0,0,0,0,0
482159,2,1,1996,8,8,8,8,8,8,8,8,8,8
482159,3,1,1996,0,0,0,0,0,0,0,0,0,0
482160,1,1,1996,0,0,0,0,0,0,0,0,0,0
482161,1,1,1996,0,0,0,0,0,0,0,0,0,0
482162,1,1,1996,20,20,20,20,20,20,20,20,20,20
482162,2,1,1996,0,0,0,0,0,0,0,0,0,0
482163,1,1,1996,0,0,0,0,0,0,0,0,0,0
482163,2,1,1996,0,0,0,0,0,0,0,0,0,0
482164,0,1,1996,13,20,0,0,0,5,3,0,0,0
482164,1,1,1996,0,0,28,0,0,0,0,0,0,0
482165,0,1,1996,21,21,21,21,21,21,21,21,21,21
482165,1,1,1996,0,0,15,0,0,0,0,0,11,0
482166,1,1,1996,0,0,0,0,0,0,0,0,0,0
482167,1,1,1996,21,15,0,0,8,8,17,18,5,5
482168,1,1,1996,20,20,20,20,20,20,20,20,20,20
482169,1,1,1996,0,11,12,16,0,16,36,29,28,11
482170,1,1,1996,0,0,16,0,0,27,0,0,0,4
482170,2,1,1996,9,9,9,9,9,9,9,9,9,9
482171,1,1,1996,6,0,0,0,0,0,10,0,13,0
482172,1,1,1996,0,0,0,0,0,0,0,7,0,0
482172,2,1,1996,0,0,0,0,0,0,0,0,0,0
482173,1,1,1996,0,0,0,0,0,0,0,0,0,0
482173,2,1,1996,0,0,0,0,0,0,0,0,0,0
482174,1,1,1996,0,0,0,0,0,0,0,0,0,0
482174,2,1,1996,0,0,0,0,0,0,0,0,0,0
482175,1,1,1996,0,0,16,46,11,0,0,0,39,0
482176,0,1,1996,0,0,0,0,0,0,0,0,0,0
482176,0,2,1996,0,0,0,0,0,0,0,0,0,0
482176,0,3,1996,5,16,0,4,0,0,0,0,0,0
482176,1,1,1996,0,0,0,0,0,0,0,0,0,0
482177,1,1,1996,23,23,23,23,23,23,23,23,23,23
482178,1,1,1996,8,28,18,7,16,0,0,0,10,17
482179,1,1,1996,0,0,0,0,0,0,0,0,0,0
482180,1,1,1996,16,16,16,16,16,16,16,16,16,16
482181,0,1,1996,18,18,29,34,25,16,19,23,31,7
482181,1,1,1996,0,0,0,0,0,0,0,0,0,0
482181,2,1,1996,11,11,11,11,11,11,11,11,11,11
482181,3,1,1996,0,25,0,0,0,4,0,14,6,0
482181,4,1,1996,9,0,0,0,0,23,0,16,0,0
482182,1,1,1996,13,4,6,0,0,0,0,0,0,0
482182,2,1,1996,14,14,14,14,14,14,14,14,14,14
482183,1,1,1996,7,7,7,7,7,7,7,7,7,7
482183,2,1,1996,19,0,14,0,13,0,2,11,23,0
482184,0,1,1996,22,22,22,22,22,22,22,22,22,22
482184,0,2,1996,0,0,0,0,0,0,0,0,0,0
482184,1,1,1996,0,0,0,0,0,0,0,0,0,0
482185,1,1,1996,0,0,0,0,0,0,0,0,0,0
482185,2,1,1996,0,0,0,0,0,0,0,0,8,0
482186,1,1,1996,0,0,0,0,0,0,0,0,0,0
482186,2,1,1996,0,0,0,0,3,0,0,0,0,0
482187,1,1,1996,11,11,11,11,11,11,11,11,11,11
482188,1,1,1996,19,19,19,19,19,19,19,19,19,19
482189,1,1,1996,0,0,13,0,9,0,0,0,7,12
482189,2,1,1996,0,0,0,0,8,0,0,0,20,5
482190,1,1,1996,0,0,0,0,0,0,0,0,0,0
482191,1,1,1996,0,0,28,21,13,0,14,13,0,21
482192,0,1,1996,6,22,11,19,14,0,7,13,0,0
482192,1,1,1996,0,0,12,0,0,0,0,0,0,6
482193,1,1,1996,0,0,0,0,0,0,0,0,0,0
482193,2,1,1996,0,0,0,0,0,0,0,0,0,0
482194,0,1,1996,32,21,19,10,36,0,4,28,40,27
482194,1,1,1996,0,0,26,0,0,4,0,0,12,0
482195,0,1,1996,25,25,25,25,25,25,25,25,25,25
482195,1,1,1996,4,0,0,0,0,0,10,0,0,0
482196,1,1,1996,0,0,0,0,0,0,0,0,0,0
482196,2,1,1996,0,0,0,0,0,0,0,0,0,0
482197,0,1,1996,30,30,30,30,30,30,30,30,30,30
482197,1,1,1996,7,0,24,33,16,0,0,0,13,0
482198,1,1,1996,0,0,0,0,0,0,0,0,0,0
482198,2,1,1996,0,0,0,0,0,0,0,0,0,0
482199,1,1,1996,18,11,0,16,0,0,11,9,13,4
482200,1,1,1996,0,0,0,0,0,0,0,0,0,0
482200,2,1,1996,0,0,0,3,0,0,0,0,0,0
482200,3,1,1996,0,0,0,0,0,0,0,0,0,0
482201,1,1,1996,17,17,17,17,17,17,17,17,17,17
482202,0,1,1996,0,0,0,0,0,0,0,0,0,0
482202,1,1,1996,0,0,0,0,0,0,6,0,0,0
482203,0,1,1996,14,13,26,19,21,0,16,20,25,0
482203,1,1,1996,0,0,0,0,0,0,0,0,4,0
482204,1,1,1996,0,0,0,0,0,28,0,0,0,0
482205,1,1,1996,14,16,0,21,16,8,0,13,16,21
482205,2,1,1996,0,0,0,0,0,0,0,9,9,8
482206,1,1,1996,0,0,0,0,0,0,0,0,0,0
482206,2,1,1996,12,12,12,12,12,12,12,12,12,12
482207,1,1,1996,0,0,0,0,0,0,0,0,0,0
482207,2,1,1996,0,0,0,0,0,0,0,0,0,0
482208,1,1,1996,26,26,26,26,26,26,26,26,26,26
482209,0,1,1996,0,0,0,0,0,0,0,0,0,0
482209,1,1,1996,0,0,0,0,0,0,0,0,0,0
482210,1,1,1996,0,0,0,0,0,0,0,0,0,0
482210,2,1,1996,0,0,0,0,0,0,0,0,0,0
482211,1,1,1996,22,0,29,25,0,0,0,21,10,13
482212,1,1,1996,0,0,0,0,0,0,0,0,0,0
482212,2,1,1996,0,0,0,0,0,0,0,0,0,0
482213,0,1,1996,24,0,0,0,27,0,0,0,9,0
482213,1,1,1996,6,0,0,12,0,0,0,0,12,0
482214,1,1,1996,0,0,0,0,0,0,0,0,0,0
482214,2,1,1996,0,0,0,0,0,0,0,0,34,0
482215,1,1,1996,16,0,0,0,0,32,0,18,0,0
482216,1,1,1996,0,0,0,0,0,0,0,0,0,0
482216,2,1,1996,0,0,0,0,0,0,0,0,0,0
482216,3,1,1996,5,0,0,0,0,0,0,0,0,0
482217,1,1,1996,0,0,0,0,0,0,0,0,0,0
482217,2,1,1996,0,0,0,0,0,0,0,0,0,0
482218,1,1,1996,0,0,0,0,0,0,0,0,0,0
482218,2,1,1996,0,0,0,0,0,0,0,0,0,0
482219,1,1,1996,0,0,0,0,0,0,0,0,0,0
482220,0,1,1996,0,0,25,21,0,0,12,6,18,0
482220,1,1,1996,0,0,0,15,22,0,21,0,26,0
482221,1,1,1996,20,23,21,16,24,6,20,13,17,7
482222,1,1,1996,16,16,16,16,16,16,16,16,16,16
482223,1,1,1996,0,0,0,0,0,0,0,0,0,0
482223,2,1,1996,28,28,28,28,28,28,28,28,28,28
482224,1,1,1996,10,20,23,17,28,22,29,16,20,21
482225,1,1,1996,22,22,22,22,22,22,22,22,22,22
482225,2,1,1996,0,0,0,0,0,0,0,0,0,0
482226,1,1,1996,0,0,0,0,0,0,0,0,0,0
482226,2,1,1996,0,0,0,0,0,0,0,0,0,0
482227,1,1,1996,17,17,17,17,17,17,17,17,17,17
482228,1,1,1996,12,9,6,0,21,27,10,7,5,15
482229,1,1,1996,0,0,0,0,0,0,0,0,0,0
482229,2,1,1996,0,0,0,0,0,0,0,0,0,0
482230,1,1,1996,9,6,16,24,13,26,14,27,12,26
482231,1,1,1996,22,14,14,28,25,19,17,26,12,21
482232,1,1,1996,24,24,24,24,24,24,24,24,24,24
482233,1,1,1996,18,18,18,18,18,18,18,18,18,18
482234,1,1,1996,0,0,0,0,0,0,0,0,0,0
482234,2,1,1996,23,23,23,23,23,23,23,23,23,23
482235,1,1,1996,17,17,17,17,17,17,17,17,17,17
482236,0,1,1996,0,0,0,0,0,0,0,0,0,0
482236,1,1,1996,0,0,0,0,0,0,0,0,0,0
482237,1,1,1996,0,0,0,0,0,0,0,0,0,0
482237,2,1,1996,0,0,0,0,0,0,0,0,0,0
482238,1,1,1996,0,0,0,0,0,0,0,0,0,0
482238,2,1,1996,0,0,0,0,0,0,0,0,0,0
482239,0,1,1996,0,0,0,0,0,0,0,0,11,0
482239,1,1,1996,3,0,0,10,0,0,0,0,0,0
482240,1,1,1996,23,23,23,23,23,23,23,23,23,23
482241,1,1,1996,16,19,15,16,12,9,9,13,16,11
482242,1,1,1996,23,13,19,12,16,9,26,17,11,23
482243,0,1,1996,0,0,0,0,21,0,0,0,11,0
482243,1,1,1996,9,0,0,0,0,0,0,0,0,0
482244,1,1,1996,0,0,13,11,0,17,0,12,9,0
482245,1,1,1996,8,0,16,14,0,0,0,0,17,0
482246,1,1,1996,0,14,0,0,0,0,13,0,13,0
482246,2,1,1996,0,0,0,0,0,15,14,0,0,10
482247,0,1,1996,18,18,18,18,18,18,18,18,18,18
482247,1,1,1996,0,0,6,0,0,4,0,0,0,0
482248,0,1,1996,15,15,15,15,15,15,15,15,15,15
482248,1,1,1996,11,12,0,7,10,12,3,0,0,0
482249,0,1,1996,24,24,24,24,24,24,24,24,24,24
482249,1,1,1996,0,0,0,0,0,0,0,0,0,0
482250,1,1,1996,15,15,15,15,15,15,15,15,15,15
482251,1,1,1996,0,14,0,0,0,0,0,0,0,0
482251,2,1,1996,15,0,0,0,7,0,0,13,0,0
482252,0,1,1996,19,39,0,13,27,26,9,12,0,16
482252,1,1,1996,13,5,4,11,9,16,13,14,8,16
482253,1,1,1996,0,0,0,0,0,0,0,0,0,0
482254,0,1,1996,0,31,7,0,17,4,36,25,0,21
482254,1,1,1996,0,12,10,15,24,0,0,9,0,20
482255,0,1,1996,12,12,12,12,12,12,12,12,12,12
482255,1,1,1996,0,0,0,0,0,0,0,0,0,0
482256,0,1,1996,29,18,31,3,10,27,19,29,37,0
482256,1,1,1996,0,0,0,8,0,0,3,0,0,0
482257,1,1,1996,13,16,14,15,20,22,31,17,9,9
482257,2,1,1996,7,16,0,14,16,18,14,15,20,9
482258,1,1,1996,12,12,12,12,12,12,12,12,12,12
482259,1,1,1996,0,9,21,41,17,28,29,27,31,0
482260,1,1,1996,0,0,0,0,13,0,0,13,0,4
482260,2,1,1996,0,0,0,0,0,0,0,0,0,0
482260,3,1,1996,0,10,0,0,0,0,0,0,0,0
482261,1,1,1996,0,0,0,0,0,0,0,0,0,0
482262,1,1,1996,0,0,0,0,0,0,0,0,0,0
482262,2,1,1996,35,0,0,0,0,0,0,0,0,0
482263,0,1,1996,35,35,35,35,35,35,35,35,35,35
482263,1,1,1996,31,31,31,31,31,31,31,31,31,31
482264,1,1,1996,26,26,26,26,26,26,26,26,26,26
482264,2,1,1996,0,0,0,0,0,0,0,0,0,0
482265,0,1,1996,0,12,19,27,0,15,20,27,12,21
482265,1,1,1996,20,0,10,0,13,0,0,34,0,17
482266,1,1,1996,0,0,0,0,0,0,0,0,0,0
482267,1,1,1996,0,0,0,0,0,0,0,0,0,0
482267,2,1,1996,0,0,0,7,0,0,0,0,0,0
482267,3,1,1996,0,0,0,0,0,0,0,0,0,0
482268,1,1,1996,0,7,0,0,28,0,14,0,28,0
482268,2,1,1996,0,0,0,0,0,0,0,0,0,0
482269,1,1,1996,0,12,18,20,14,23,7,21,13,8
482270,1,1,1996,0,0,0,0,0,9,0,0,0,0
482270,2,1,1996,0,0,0,0,0,0,0,0,0,0
482271,1,1,1996,20,20,20,20,20,20,20,20,20,20
482271,2,1,1996,0,0,0,0,0,0,0,0,0,0
482272,1,1,1996,18,18,18,18,18,18,18,18,18,18
482273,1,1,1996,3,3,3,3,3,3,3,3,3,3
482273,2,1,1996,11,0,0,0,12,0,8,20,0,0
482274,1,1,1996,0,0,0,0,0,0,0,0,0,0
482274,2,1,1996,0,0,0,0,0,0,0,0,0,0
482275,1,1,1996,9,11,15,0,0,0,0,0,10,0
482275,2,1,1996,0,0,0,0,0,0,8,0,0,11
482276,1,1,1996,0,0,0,0,0,0,0,13,0,0
482276,2,1,1996,0,0,0,0,0,0,0,0,0,0
482277,1,1,1996,0,0,0,0,0,0,0,0,0,0
482277,2,1,1996,0,0,0,0,0,0,0,0,0,0
482278,0,1,1996,0,19,7,24,13,0,22,31,0,0
482278,0,2,1996,0,16,0,18,33,32,34,17,0,25
482278,1,1,1996,0,0,0,0,0,0,0,0,0,0
482279,1,1,1996,0,0,0,0,26,0,0,0,0,18
482280,1,1,1996,0,0,0,20,0,0,4,0,17,0
482280,2,1,1996,28,11,20,13,9,13,20,21,10,28
482281,1,1,1996,23,27,23,11,20,24,22,22,11,27
482282,1,1,1996,0,0,0,0,0,0,5,0,0,0
482282,2,1,1996,0,0,0,0,0,0,0,0,0,0
482283,1,1,1996,32,32,32,32,32,32,32,32,32,32
482284,1,1,1996,0,0,0,0,0,0,0,0,0,0
482284,2,1,1996,0,0,0,0,0,22,0,14,0,0
482285,1,1,1996,39,39,39,39,39,39,39,39,39,39
482285,2,1,1996,0,44,0,0,27,0,0,0,10,0
482285,3,1,1996,0,0,0,0,0,0,0,0,0,0
482286,1,1,1996,0,0,0,0,0,0,0,0,0,0
482287,1,1,1996,0,8,19,0,0,0,0,10,0,0
482287,2,1,1996,0,0,0,0,0,0,14,0,20,0
482288,1,1,1996,0,0,0,0,0,0,0,0,0,0
482289,1,1,1996,0,0,0,0,0,0,0,0,0,0
482290,1,1,1996,0,14,0,0,0,0,0,0,0,0
482290,2,1,1996,0,0,21,0,0,25,0,0,7,13
482290,3,1,1996,19,0,4,26,10,16,0,0,26,19
482291,1,1,1996,26,20,13,16,15,13,13,7,15,11
482292,1,1,1996,28,0,0,19,13,0,0,19,13,0
482292,2,1,1996,5,0,0,0,0,0,0,0,0,0
482292,3,1,1996,0,0,0,0,12,0,0,5,0,0
482293,1,1,1996,0,0,0,0,0,0,0,0,0,0
482294,0,1,1996,0,16,30,0,10,0,0,19,46,11
482294,1,1,1996,2,12,0,9,0,0,25,0,0,0
482295,1,1,1996,38,38,38,38,38,38,38,38,38,38
482295,2,1,1996,0,0,0,0,0,0,0,0,0,0
482295,3,1,1996,0,0,0,0,0,0,0,0,0,0
482296,1,1,1996,0,0,0,0,0,0,0,0,0,0
482296,2,1,1996,0,0,0,0,0,0,0,0,0,0
482296,3,1,1996,0,0,0,19,0,0,7,0,0,8
482297,1,1,1996,0,0,0,0,0,0,0,0,0,0
482297,2,1,1996,0,0,0,0,0,0,0,7,0,0
482298,1,1,1996,13,13,13,13,13,13,13,13,13,13
482299,1,1,1996,0,0,0,0,0,0,0,0,0,0
482300,1,1,1996,24,24,24,24,24,24,24,24,24,24
482300,2,1,1996,0,0,0,0,0,0,0,0,0,0
482301,1,1,1996,0,12,0,11,0,22,0,0,0,19
482302,1,1,1996,12,14,7,10,17,25,0,36,0,17
482303,1,1,1996,0,0,0,0,0,0,0,0,0,0
482303,2,1,1996,10,0,0,0,0,0,0,4,0,20
482304,1,1,1996,0,0,0,0,0,0,0,0,0,0
482304,2,1,1996,14,14,14,14,14,14,14,14,14,14
482305,1,1,1996,0,18,0,0,0,15,0,0,0,0
482306,1,1,1996,32,20,15,18,17,9,24,18,8,0
482307,1,1,1996,5,13,7,29,16,0,0,0,19,16
482308,1,1,1996,0,0,0,0,0,18,0,0,0,0
482308,2,1,1996,0,0,0,0,0,0,0,0,0,0
482309,1,1,1996,35,35,35,35,35,35,35,35,35,35
482310,1,1,1996,0,0,0,0,10,0,0,0,0,0
482310,2,1,1996,0,0,0,0,0,0,0,26,0,0
482311,1,1,1996,28,28,28,28,28,28,28,28,28,28
482311,2,1,1996,0,0,0,0,0,0,0,0,0,0
482312,1,1,1996,0,10,14,0,0,0,0,0,0,0
482312,2,1,1996,0,20,0,0,0,0,0,0,12,0
482313,1,1,1996,11,11,11,11,11,11,11,11,11,11
482314,1,1,1996,48,48,48,48,48,48,48,48,48,48
482314,2,1,1996,0,0,0,0,0,0,0,0,17,0
482314,3,1,1996,0,0,0,0,0,0,0,0,0,0
482315,1,1,1996,0,8,0,18,11,0,0,0,0,0
482315,2,1,1996,0,0,0,0,0,0,17,0,0,0
482316,1,1,1996,5,5,5,5,5,5,5,5,5,5
482317,1,1,1996,0,0,0,0,0,0,0,0,0,0
482318,1,1,1996,20,20,20,20,20,20,20,20,20,20
482319,1,1,1996,0,0,0,0,4,0,0,0,0,0
482319,2,1,1996,0,0,0,0,0,0,0,19,0,0
482320,1,1,1996,0,0,0,0,0,0,0,0,0,0
482320,2,1,1996,0,0,0,0,0,0,0,0,0,0
482320,3,1,1996,0,12,0,0,0,0,0,0,0,0
482321,1,1,1996,0,0,13,0,19,18,0,0,0,0
482321,2,1,1996,0,0,0,0,0,0,0,0,0,0
482322,0,1,1996,25,25,25,25,25,25,25,25,25,25
482322,1,1,1996,0,0,6,0,0,0,0,0,0,0
482323,1,1,1996,14,9,0,22,10,13,35,0,0,0
482324,1,1,1996,0,0,3,0,0,0,0,0,0,0
482324,2,1,1996,0,0,0,0,0,10,0,0,13,0
482324,3,1,1996,0,0,0,0,0,0,0,0,0,8
482325,1,1,1996,18,0,12,0,0,14,0,0,25,0
482325,2,1,1996,25,0,0,3,17,14,0,15,22,0
482326,1,1,1996,9,9,9,9,9,9,9,9,9,9
482327,1,1,1996,26,9,20,9,13,13,13,9,9,11
482327,2,1,1996,0,0,0,0,0,0,0,0,0,0
482327,3,1,1996,0,0,14,0,0,0,0,15,0,0
482328,1,1,1996,0,0,0,19,20,0,0,0,0,11
482328,2,1,1996,0,0,0,0,0,0,0,0,0,0
482329,1,1,1996,36,36,36,36,36,36,36,36,36,36
482330,1,1,1996,0,0,0,0,0,0,0,0,0,0