ST_CASE,VEH_NO,PER_NO,YEAR,P1,P2,P3,P4,P5,P6,P7,P8,P9,P10
482330,2,1,1996,30,30,30,30,30,30,30,30,30,30
482331,1,1,1996,0,0,0,4,0,29,31,0,0,0
482331,2,1,1996,0,0,0,0,0,0,0,0,0,0
482332,1,1,1996,20,0,13,25,20,30,24,0,0,17
482333,1,1,1996,21,21,21,21,21,21,21,21,21,21
482333,2,1,1996,0,24,0,15,0,0,0,0,11,14
482334,1,1,1996,23,23,23,23,23,23,23,23,23,23
482335,1,1,1996,0,0,0,0,0,0,0,0,0,0
482335,2,1,1996,0,0,0,0,0,0,0,0,0,0
482336,1,1,1996,0,0,0,0,0,0,0,5,0,11
482337,1,1,1996,0,0,0,0,9,0,0,0,0,0
482337,2,1,1996,0,0,0,0,0,0,0,0,0,0
482338,1,1,1996,0,16,0,0,0,0,0,10,0,0
482338,2,1,1996,0,0,0,0,0,0,0,0,0,5
482339,1,1,1996,0,0,0,0,0,0,0,0,0,0
482339,2,1,1996,0,0,0,0,0,0,0,0,0,0
482340,1,1,1996,0,0,14,17,22,0,0,0,13,12
482340,2,1,1996,0,0,0,0,0,0,0,0,0,0
482340,3,1,1996,0,0,0,0,0,0,0,0,0,0
482341,1,1,1996,0,0,0,0,0,0,0,0,0,0
482341,2,1,1996,24,24,24,24,24,24,24,24,24,24
482342,1,1,1996,14,9,26,8,0,16,0,0,0,30
482343,1,1,1996,0,0,0,0,0,0,0,0,0,0
482343,2,1,1996,0,0,0,0,0,0,0,6,0,0
482344,1,1,1996,0,0,0,0,0,0,0,0,0,0
482344,2,1,1996,0,0,0,0,0,0,0,0,0,0
482345,1,1,1996,17,17,17,17,17,17,17,17,17,17
482346,1,1,1996,0,0,0,0,0,0,0,0,0,0
482347,1,1,1996,0,0,0,8,0,0,0,0,0,0
482347,2,1,1996,0,0,0,0,0,0,0,0,0,0
482348,0,1,1996,38,15,31,30,21,18,0,14,0,0
482348,1,1,1996,0,0,0,0,0,0,0,0,0,0
482349,1,1,1996,0,0,0,0,0,0,0,0,0,0
482349,2,1,1996,7,9,0,29,32,25,2,0,0,18
482350,1,1,1996,0,5,0,16,0,0,11,0,4,0
482351,1,1,1996,16,16,16,16,16,16,16,16,16,16
482351,2,1,1996,0,0,0,0,0,5,19,0,0,0
482351,3,1,1996,0,0,0,0,0,26,0,0,0,0
482353,1,1,1996,0,0,0,0,0,0,0,0,0,0
482354,1,1,1996,18,0,0,8,0,0,0,0,0,0
482355,1,1,1996,0,23,15,0,10,24,5,0,0,31
482356,1,1,1996,0,0,0,0,0,0,0,0,0,2
482356,2,1,1996,0,0,4,0,0,0,0,12,0,0
482356,3,1,1996,0,0,0,0,0,0,0,0,0,0
482356,4,1,1996,0,0,0,0,0,0,0,9,0,0
482356,5,1,1996,0,0,0,0,0,0,0,0,0,0
482357,1,1,1996,0,0,0,0,21,0,0,0,0,15
482358,1,1,1996,0,0,0,0,0,0,0,0,0,0
482359,1,1,1996,0,0,15,0,0,9,6,0,0,0
482360,1,1,1996,37,31,17,17,26,5,19,20,18,0
482361,0,1,1996,0,0,0,0,0,0,0,0,0,0
482361,1,1,1996,0,0,0,0,0,0,0,0,0,0
482362,1,1,1996,0,0,0,0,0,0,0,0,0,0
482362,2,1,1996,0,0,0,0,0,0,0,0,0,0
482363,1,1,1996,14,0,7,23,8,6,4,0,4,5
482363,2,1,1996,0,0,12,6,0,8,15,7,0,13
482364,1,1,1996,3,0,0,0,18,0,0,16,8,0
482365,1,1,1996,0,0,0,0,0,0,0,0,0,0
482365,2,1,1996,0,0,0,0,0,0,0,0,0,0
482366,1,1,1996,22,22,22,22,22,22,22,22,22,22
482366,2,1,1996,11,0,22,20,0,0,20,0,9,8
482367,1,1,1996,0,0,0,0,0,0,0,0,0,0
482367,2,1,1996,0,0,0,0,0,0,0,0,0,0
482368,1,1,1996,0,0,0,0,0,0,0,0,0,0
482368,2,1,1996,0,0,0,0,0,0,0,0,0,0
482369,1,1,1996,0,0,0,0,0,0,0,0,0,0
482369,2,1,1996,0,0,0,28,0,0,20,29,0,0
482370,1,1,1996,0,0,27,17,15,0,0,0,0,21
482370,2,1,1996,0,4,0,0,0,15,0,3,0,12
482370,3,1,1996,0,0,0,0,0,0,0,0,0,8
482370,4,1,1996,0,0,20,0,0,0,0,0,0,0
482370,5,1,1996,0,0,0,0,8,0,0,0,0,0
482370,6,1,1996,0,0,0,0,0,0,0,0,0,0
482371,1,1,1996,22,22,22,22,22,22,22,22,22,22
482372,1,1,1996,0,0,0,0,0,0,0,0,0,0
482372,2,1,1996,39,39,39,39,39,39,39,39,39,39
482372,3,1,1996,0,0,0,0,0,0,0,19,0,0
482373,1,1,1996,0,0,0,0,0,0,0,0,0,0
482373,2,1,1996,10,10,10,10,10,10,10,10,10,10
482374,1,1,1996,0,0,0,0,0,0,0,0,0,0
482374,2,1,1996,0,0,0,0,0,0,0,10,0,0
482375,1,1,1996,0,6,0,11,0,9,0,0,26,0
482376,1,1,1996,0,5,0,15,0,5,0,11,0,0
482377,1,1,1996,0,0,0,0,0,0,0,0,0,0
482377,2,1,1996,29,0,0,0,11,0,0,0,9,0
482377,3,1,1996,0,0,0,0,0,0,0,0,0,0
482378,1,1,1996,0,0,0,0,0,0,0,0,0,0
482379,0,1,1996,0,0,0,0,0,0,0,0,0,0
482379,0,2,1996,0,0,0,0,0,24,0,0,0,11
482379,1,1,1996,0,0,0,0,0,0,0,0,0,0
482380,1,1,1996,0,0,0,0,0,28,0,6,12,0
482381,1,1,1996,0,0,0,0,0,0,0,0,0,0
482382,0,1,1996,12,24,33,5,0,0,18,0,0,33
482382,0,2,1996,8,6,22,21,28,36,0,17,0,0
482382,0,3,1996,15,14,38,14,22,15,5,0,6,0
482382,1,1,1996,14,12,12,0,0,0,34,12,25,21
482383,1,1,1996,19,19,19,19,19,19,19,19,19,19
482384,1,1,1996,20,20,20,20,20,20,20,20,20,20
482384,2,1,1996,0,0,0,0,0,19,0,0,0,0
482385,1,1,1996,15,13,22,27,0,8,0,0,26,20
482386,1,1,1996,0,0,0,0,0,0,0,0,0,0
482387,0,1,1996,0,0,0,0,0,0,0,0,14,0
482387,1,1,1996,0,0,0,0,0,0,0,0,0,0
482388,1,1,1996,13,17,22,25,19,23,41,21,13,18
482389,1,1,1996,8,8,8,8,8,8,8,8,8,8
482390,1,1,1996,0,23,11,10,28,31,11,0,16,30
482391,1,1,1996,17,17,17,17,17,17,17,17,17,17
482392,1,1,1996,0,0,0,13,0,7,0,0,0,0
482393,1,1,1996,14,0,14,0,0,0,0,34,6,0
482393,2,1,1996,0,0,12,0,19,0,0,0,0,0
482393,3,1,1996,15,0,18,13,0,0,0,17,0,0
482393,4,1,1996,0,0,0,25,0,0,25,7,0,0
482394,1,1,1996,22,14,20,13,11,42,0,17,14,0
482395,1,1,1996,0,8,15,0,0,0,0,0,0,0
482395,2,1,1996,0,0,5,4,0,0,0,0,0,20
482396,1,1,1996,14,16,0,0,0,0,0,18,15,0
482397,0,1,1996,23,23,23,23,23,23,23,23,23,23
482397,1,1,1996,0,0,0,0,0,0,0,0,0,0
482398,1,1,1996,15,15,15,15,15,15,15,15,15,15
482398,2,1,1996,0,0,0,0,19,0,0,0,0,0
482398,3,1,1996,14,9,13,0,0,17,0,0,5,0
482398,4,1,1996,12,11,13,38,0,0,0,15,32,0
482399,1,1,1996,11,11,11,11,11,11,11,11,11,11
482400,1,1,1996,0,0,0,0,0,0,0,0,0,0
482400,2,1,1996,0,0,0,0,0,0,0,0,0,29
482401,1,1,1996,18,0,0,11,0,0,0,0,13,0
482402,1,1,1996,0,0,0,0,0,0,0,0,0,0
482403,1,1,1996,17,6,6,19,14,20,18,24,13,26
482404,1,1,1996,0,0,0,0,0,0,0,0,0,0
482404,2,1,1996,0,0,0,15,0,0,0,0,0,0
482405,1,1,1996,11,11,11,11,11,11,11,11,11,11
482406,0,1,1996,15,15,15,15,15,15,15,15,15,15
482406,1,1,1996,0,0,0,0,0,0,0,0,0,0
482407,1,1,1996,0,0,0,0,0,0,0,13,0,0
482407,2,1,1996,15,0,0,0,0,0,0,0,0,0
482408,1,1,1996,0,0,0,0,0,0,0,0,0,0
482408,2,1,1996,0,0,0,0,0,0,0,0,0,20
482409,1,1,1996,0,0,0,0,0,0,0,0,0,0
482410,1,1,1996,24,0,0,0,0,0,15,10,32,0
482411,1,1,1996,0,11,0,15,0,0,19,0,6,0
482411,2,1,1996,17,0,0,0,0,0,0,0,0,10
482412,0,1,1996,0,0,0,0,0,0,0,0,0,0
482412,1,1,1996,0,0,0,0,0,0,0,0,0,0
482413,1,1,1996,0,0,0,0,0,0,0,0,15,10
482414,1,1,1996,0,0,0,0,0,0,0,0,0,0
482415,1,1,1996,0,0,0,0,0,0,0,0,0,0
482415,2,1,1996,0,0,0,0,0,0,0,0,0,0
482416,0,1,1996,0,21,15,0,0,27,0,0,8,0
482416,1,1,1996,0,0,0,0,0,0,0,0,0,0
482417,1,1,1996,0,0,0,0,0,0,0,0,0,0
482417,2,1,1996,0,0,0,0,0,0,0,0,0,0
482418,0,1,1996,23,27,0,0,0,0,0,0,0,0
482418,1,1,1996,0,0,0,0,0,0,0,0,0,0
482419,1,1,1996,18,0,0,0,37,0,0,0,0,0
482420,1,1,1996,0,0,0,0,0,0,0,0,0,0
482421,1,1,1996,0,0,0,0,0,0,0,0,0,0
482421,2,1,1996,0,0,9,0,0,0,0,0,0,18
482422,1,1,1996,0,0,0,0,0,0,0,0,0,0
482423,0,1,1996,0,0,0,0,0,0,0,0,0,0
482423,1,1,1996,0,0,0,0,0,0,0,0,0,0
482424,1,1,1996,13,0,0,0,15,11,0,0,21,0
482425,1,1,1996,0,0,0,5,0,0,0,0,0,0
482425,2,1,1996,0,11,13,14,0,0,0,8,0,0
482426,1,1,1996,21,21,21,21,21,21,21,21,21,21
482427,1,1,1996,0,4,20,8,0,0,0,0,26,0
482428,1,1,1996,0,18,0,19,0,0,13,0,0,0
482429,1,1,1996,1,1,1,1,1,1,1,1,1,1
482430,0,1,1996,0,0,19,12,0,34,24,9,18,6
482430,1,1,1996,0,0,0,0,0,0,8,0,0,0
482430,2,1,1996,0,0,0,0,25,0,0,0,21,0
482430,3,1,1996,0,0,0,0,0,0,0,23,26,6
482431,1,1,1996,0,0,0,0,16,0,24,6,0,12
482432,1,1,1996,0,0,0,0,0,0,0,0,0,0
482432,2,1,1996,0,27,0,20,20,50,20,0,0,0
482433,1,1,1996,15,14,19,10,14,8,15,13,2,5
482433,2,1,1996,0,0,0,0,0,16,0,19,15,0
482434,1,1,1996,0,0,0,0,0,0,0,0,0,0
482434,2,1,1996,0,0,0,6,2,0,0,4,0,0
482435,1,1,1996,0,0,0,0,0,0,0,0,19,12
482436,1,1,1996,0,0,0,0,0,0,0,0,11,0
482436,2,1,1996,0,0,0,0,0,0,0,0,0,0
482437,1,1,1996,4,0,0,0,0,19,0,0,0,0
482438,1,1,1996,15,15,15,15,15,15,15,15,15,15
482438,2,1,1996,0,0,0,0,0,0,0,0,0,0
482439,1,1,1996,0,0,26,0,0,0,0,0,0,0
482440,1,1,1996,22,22,22,22,22,22,22,22,22,22
482441,1,1,1996,0,0,0,0,0,0,0,0,0,0
482441,2,1,1996,0,0,0,5,0,0,0,0,0,0
482442,1,1,1996,0,0,0,0,0,0,0,0,0,0
482442,2,1,1996,0,0,0,0,0,0,0,0,0,0
482443,1,1,1996,0,0,0,0,0,0,0,0,0,0
482444,1,1,1996,0,0,0,0,0,0,0,0,0,0
482444,2,1,1996,0,0,0,0,0,8,0,11,0,17
482445,1,1,1996,21,21,21,21,21,21,21,21,21,21
482446,0,1,1996,0,0,0,0,0,0,0,0,0,0
482446,1,1,1996,0,0,0,0,0,0,0,0,0,0
482447,1,1,1996,0,6,0,30,17,0,18,18,0,5
482448,1,1,1996,12,19,15,22,0,0,28,0,10,10
482449,1,1,1996,4,0,0,0,11,0,0,4,0,0
482449,2,1,1996,0,6,0,0,0,0,0,18,12,0
482450,1,1,1996,12,44,15,13,0,19,0,16,19,0
482451,1,1,1996,0,18,16,12,15,0,12,0,20,0
482451,2,1,1996,0,0,0,19,0,0,0,0,0,0
482452,0,1,1996,22,20,20,16,0,31,26,16,17,26
482452,1,1,1996,0,0,0,0,0,10,0,0,0,0
482453,1,1,1996,28,28,28,28,28,28,28,28,28,28
482454,1,1,1996,15,15,15,15,15,15,15,15,15,15
482454,2,1,1996,0,0,0,0,0,0,0,0,0,0
482455,1,1,1996,15,15,15,15,15,15,15,15,15,15
482456,0,1,1996,0,0,0,0,0,0,0,0,0,0
482456,1,1,1996,0,0,0,0,0,0,0,0,0,0
482457,1,1,1996,27,27,27,27,27,27,27,27,27,27
482457,2,1,1996,0,0,0,0,0,0,0,0,0,0
482457,3,1,1996,0,0,0,0,0,0,0,0,0,0
482458,1,1,1996,0,0,7,0,0,0,0,12,0,0
482458,2,1,1996,0,0,0,0,0,0,0,0,0,0
482458,3,1,1996,0,0,0,0,0,0,8,0,0,0
482459,1,1,1996,0,0,0,0,0,5,0,0,0,0
482459,2,1,1996,7,7,7,7,7,7,7,7,7,7
482460,1,1,1996,0,0,0,0,0,0,0,0,0,0
482460,2,1,1996,0,0,0,0,0,0,0,0,0,0
482461,1,1,1996,5,5,5,5,5,5,5,5,5,5
482462,1,1,1996,0,0,0,0,0,0,0,0,5,0
482462,2,1,1996,0,0,0,0,0,0,0,0,18,0
482463,1,1,1996,29,0,12,10,19,0,19,0,8,27
482464,1,1,1996,0,0,0,0,0,15,0,0,9,8
482464,2,1,1996,24,26,21,22,0,10,20,11,8,14
482465,1,1,1996,0,0,0,0,0,0,0,0,0,0
482465,2,1,1996,0,0,0,0,0,0,0,0,0,0
482466,1,1,1996,8,8,8,8,8,8,8,8,8,8
482467,1,1,1996,21,0,0,6,0,0,9,0,7,0
482467,2,1,1996,0,0,0,13,0,0,13,0,0,9
482468,1,1,1996,0,0,0,0,0,0,4,0,10,0
482469,0,1,1996,32,0,13,21,0,38,21,0,15,17
482469,1,1,1996,6,9,7,9,6,18,15,0,18,23
482470,1,1,1996,4,4,4,4,4,4,4,4,4,4
482470,2,1,1996,0,0,0,0,0,0,0,0,0,0
482471,1,1,1996,14,8,0,0,9,6,7,11,19,14
482471,2,1,1996,9,28,14,0,16,21,38,3,18,10
482472,1,1,1996,0,0,0,0,0,0,0,0,0,0
482472,2,1,1996,0,0,0,0,0,0,0,0,0,0
482473,0,1,1996,11,0,0,14,0,16,8,0,0,14
482473,0,2,1996,0,0,10,12,0,0,0,0,0,23
482473,1,1,1996,0,18,12,0,0,0,0,0,0,0
482474,0,1,1996,17,17,17,17,17,17,17,17,17,17
482474,1,1,1996,0,15,0,0,0,0,0,21,18,0
482475,1,1,1996,0,0,0,0,15,0,0,0,0,0
482475,2,1,1996,0,0,0,0,2,0,0,0,0,0
482476,1,1,1996,23,17,29,26,17,10,18,20,25,25
482477,1,1,1996,0,0,0,8,21,0,0,0,0,0
482477,2,1,1996,0,0,0,0,0,0,0,0,0,0
482478,1,1,1996,0,0,0,0,0,0,0,0,0,0
482478,2,1,1996,15,0,0,0,12,10,0,0,0,0
482479,1,1,1996,0,0,0,0,0,0,0,0,0,0
482479,2,1,1996,18,19,0,0,0,0,13,0,0,0
482480,1,1,1996,25,25,25,25,25,25,25,25,25,25
482481,1,1,1996,16,0,0,0,0,0,0,0,0,0
482481,2,1,1996,0,0,16,24,22,0,18,30,0,0
482482,0,1,1996,16,0,0,0,0,0,0,0,0,0
482482,1,1,1996,0,0,0,0,0,0,0,0,0,0
482483,1,1,1996,0,0,0,0,0,0,0,0,0,0
482483,2,1,1996,0,0,0,0,0,0,0,0,0,0
482484,0,1,1996,27,27,27,27,27,27,27,27,27,27
482484,1,1,1996,8,8,8,8,8,8,8,8,8,8
482485,1,1,1996,0,0,0,0,0,0,0,0,0,0
482485,2,1,1996,0,0,0,0,0,0,0,0,0,0
482486,1,1,1996,0,0,0,0,0,0,0,0,0,0
482486,2,1,1996,0,0,0,0,0,0,0,0,0,0
482487,1,1,1996,0,0,0,0,0,0,0,33,0,0
482488,1,1,1996,0,0,0,0,0,0,0,0,0,0
482488,2,1,1996,16,16,16,16,16,16,16,16,16,16
482489,1,1,1996,0,0,0,0,0,0,0,0,0,0
482489,2,1,1996,0,0,0,0,0,0,0,0,0,0
482490,0,1,1996,0,0,0,0,0,0,0,11,0,0
482490,1,1,1996,0,0,0,0,0,0,0,0,0,0
482491,1,1,1996,16,16,16,16,16,16,16,16,16,16
482492,1,1,1996,0,0,0,0,0,0,0,0,0,0
482492,2,1,1996,0,0,0,0,0,0,0,0,0,0
482493,1,1,1996,0,0,0,0,0,0,0,0,0,0
482494,1,1,1996,0,0,0,0,0,0,10,0,0,0
482494,2,1,1996,0,0,0,0,0,0,0,0,0,0
482495,0,1,1996,0,0,0,0,0,0,21,0,0,25
482495,1,1,1996,0,0,0,0,0,0,0,0,0,0
482496,1,1,1996,17,17,17,17,17,17,17,17,17,17
482497,1,1,1996,0,18,0,0,0,0,0,0,0,0
482497,2,1,1996,0,0,0,0,0,0,0,0,0,0
482498,0,1,1996,11,0,0,0,0,0,13,34,24,7
482498,1,1,1996,0,0,0,0,0,0,0,0,0,0
482499,1,1,1996,0,12,0,0,0,0,0,0,0,15
482500,1,1,1996,0,0,0,0,0,0,0,0,0,0
482500,2,1,1996,0,0,0,0,0,0,0,0,0,0
482500,3,1,1996,0,0,0,0,0,0,0,0,0,0
482501,1,1,1996,0,0,0,0,0,10,0,0,0,0
482502,1,1,1996,13,0,0,23,24,12,15,40,13,15
482504,1,1,1996,0,0,0,0,0,0,0,0,0,0
482504,2,1,1996,0,0,0,0,0,0,0,0,0,0
482505,1,1,1996,0,0,0,0,0,0,0,0,0,0
482506,1,1,1996,0,0,0,0,0,0,0,0,0,0
482507,1,1,1996,0,0,0,0,15,0,0,28,0,0
482508,1,1,1996,0,6,0,8,0,0,0,0,2,0
482508,2,1,1996,0,0,0,0,0,0,0,0,0,18
482509,1,1,1996,25,15,25,14,32,11,9,0,15,16
482510,0,1,1996,16,0,0,0,0,0,0,0,0,20
482510,1,1,1996,0,12,0,0,0,0,0,0,0,0
482510,2,1,1996,0,0,0,0,8,0,0,0,0,0
482511,0,1,1996,18,18,18,18,18,18,18,18,18,18
482511,1,1,1996,22,22,22,22,22,22,22,22,22,22
482512,1,1,1996,11,11,9,13,23,20,21,29,11,17
482512,2,1,1996,0,0,5,0,0,0,2,0,0,0
482512,3,1,1996,11,11,0,27,9,0,0,14,11,0
482513,1,1,1996,0,0,0,0,0,0,0,0,0,0
482513,2,1,1996,14,18,0,4,5,17,27,5,32,26
482514,0,1,1996,25,25,25,25,25,25,25,25,25,25
482514,1,1,1996,0,0,0,7,0,0,38,0,0,0
482515,1,1,1996,28,18,16,18,0,12,23,9,30,25
482516,1,1,1996,0,0,5,0,0,0,0,0,10,0
482516,2,1,1996,0,0,0,0,0,0,0,0,0,0
482517,1,1,1996,0,0,0,0,0,0,0,0,0,0
482517,2,1,1996,14,14,14,14,14,14,14,14,14,14
482518,1,1,1996,0,0,0,0,0,6,0,0,0,0
482518,2,1,1996,21,21,21,21,21,21,21,21,21,21
482519,0,1,1996,0,0,0,0,0,0,0,0,0,0
482519,1,1,1996,0,0,0,0,0,0,0,0,0,0
482520,0,1,1996,0,0,15,0,0,0,0,0,14,36
482520,1,1,1996,0,0,0,0,0,27,0,0,0,14
482521,1,1,1996,15,15,15,15,15,15,15,15,15,15
482522,1,1,1996,0,0,22,14,0,14,21,20,15,10
482523,1,1,1996,18,8,23,23,16,8,28,11,6,16
482524,1,1,1996,27,27,27,27,27,27,27,27,27,27
482525,1,1,1996,16,16,16,16,16,16,16,16,16,16
482526,1,1,1996,0,0,0,0,0,0,0,0,0,0
482527,1,1,1996,0,0,0,0,0,0,0,0,0,0
482527,2,1,1996,0,0,0,0,0,0,0,0,0,0
482528,1,1,1996,0,9,7,16,21,2,10,0,9,10
482529,1,1,1996,0,0,0,0,0,0,0,0,0,0
482530,1,1,1996,13,0,0,0,0,0,0,0,0,0
482530,2,1,1996,0,0,0,0,0,0,0,0,0,0
482531,1,1,1996,0,0,0,0,0,0,0,0,0,12
482531,2,1,1996,0,0,0,26,0,0,0,0,0,0
482532,1,1,1996,0,0,11,0,0,0,0,0,0,0
482532,2,1,1996,0,0,0,0,0,0,0,0,0,0
482533,1,1,1996,11,11,11,11,11,11,11,11,11,11
482533,2,1,1996,0,0,0,0,0,0,0,0,0,0
482534,0,1,1996,0,0,0,13,23,26,14,31,2,25
482534,1,1,1996,0,0,0,0,0,0,0,0,0,0
482535,1,1,1996,0,0,0,0,0,0,0,0,0,0
482536,1,1,1996,0,0,0,0,0,0,0,0,0,0
482536,2,1,1996,0,0,0,0,0,0,0,0,0,0
482537,1,1,1996,0,0,0,0,0,0,0,0,0,0
482537,2,1,1996,0,7,0,4,0,0,0,5,0,0
482538,1,1,1996,28,28,28,28,28,28,28,28,28,28
482539,1,1,1996,0,0,0,0,0,0,0,0,0,0
482539,2,1,1996,0,0,0,0,0,0,0,12,0,0
482540,1,1,1996,0,0,0,0,0,10,0,0,0,0
482540,2,1,1996,0,0,0,0,0,0,5,0,0,0
482541,1,1,1996,9,0,0,0,0,0,0,9,0,0
482541,2,1,1996,8,0,0,0,0,0,18,0,7,8
482542,1,1,1996,0,0,0,0,0,0,0,0,0,0
482543,1,1,1996,0,0,0,9,16,0,0,12,0,18
482544,1,1,1996,23,0,0,0,12,0,0,0,15,0
482544,2,1,1996,0,0,0,0,0,19,0,0,0,0
482545,1,1,1996,18,18,18,18,18,18,18,18,18,18
482546,0,1,1996,0,0,0,0,0,0,0,0,0,0
482546,1,1,1996,0,0,0,0,0,0,0,0,0,0
482547,1,1,1996,0,0,0,0,0,0,0,0,0,0
482547,2,1,1996,0,0,0,0,0,0,0,0,0,0
482548,0,1,1996,0,33,25,21,0,11,11,19,13,0
482548,1,1,1996,0,0,0,0,0,0,0,0,0,0
482549,0,1,1996,0,0,0,0,0,0,11,0,0,0
482549,1,1,1996,0,0,0,0,0,0,0,0,0,0
482550,0,1,1996,13,13,13,13,13,13,13,13,13,13
482550,1,1,1996,0,0,10,3,0,0,0,0,0,0
482551,1,1,1996,0,0,14,0,34,21,17,16,0,11
482552,1,1,1996,0,0,0,0,0,0,0,0,0,0
482552,2,1,1996,0,0,10,19,0,21,0,6,0,22
482553,1,1,1996,0,0,0,0,0,0,0,0,0,0
482554,1,1,1996,18,24,11,19,19,17,0,0,14,0
482555,1,1,1996,17,25,20,19,10,22,9,14,26,24
482556,1,1,1996,0,0,0,0,0,0,0,0,0,0
482557,1,1,1996,8,0,0,0,21,33,0,0,37,0
482557,2,1,1996,0,0,0,12,0,15,0,0,0,0
482558,1,1,1996,25,13,3,0,11,4,13,7,10,14
482559,1,1,1996,11,13,26,3,0,25,5,6,11,17
482560,1,1,1996,0,0,0,0,0,0,0,0,0,0
482561,1,1,1996,25,0,0,0,0,0,25,0,0,13
482561,2,1,1996,0,0,0,0,0,0,0,0,0,0
482562,1,1,1996,0,0,0,0,0,0,0,31,0,0
482562,2,1,1996,0,0,17,0,0,0,0,0,0,12
482563,1,1,1996,7,10,13,6,6,5,24,14,15,5
482564,1,1,1996,0,0,0,0,0,0,0,0,0,0
482564,2,1,1996,0,0,0,0,0,0,0,0,0,0
482565,0,1,1996,27,27,27,27,27,27,27,27,27,27
482565,0,2,1996,0,20,0,13,25,27,0,0,29,11
482565,1,1,1996,0,16,0,0,0,4,0,0,0,0
482566,1,1,1996,0,0,0,0,0,0,0,0,0,0
482566,2,1,1996,0,0,0,0,0,0,21,0,0,0
482567,1,1,1996,0,0,0,0,0,0,0,0,0,0
482567,2,1,1996,0,0,9,0,0,0,0,0,39,0
482568,0,1,1996,0,0,0,0,0,0,0,0,0,0
482568,1,1,1996,6,6,6,6,6,6,6,6,6,6
482569,1,1,1996,11,11,11,11,11,11,11,11,11,11
482569,2,1,1996,14,14,14,14,14,14,14,14,14,14
482570,1,1,1996,0,0,0,0,0,0,0,0,0,0
482570,2,1,1996,40,12,19,0,23,0,18,13,0,8
482570,3,1,1996,0,0,0,0,0,0,0,0,0,0
482571,1,1,1996,0,0,0,0,0,0,0,0,0,0
482571,2,1,1996,0,0,0,0,0,0,0,0,0,0
482572,0,1,1996,35,31,0,16,49,0,0,32,0,40
482572,1,1,1996,0,0,0,0,0,0,0,0,0,0
482573,1,1,1996,8,0,8,15,0,0,16,0,0,0
482574,0,1,1996,3,3,4,10,15,35,28,14,0,30
482574,1,1,1996,8,12,10,15,17,11,32,28,21,15
482575,1,1,1996,0,0,0,0,0,0,0,0,0,0
482576,1,1,1996,4,4,4,4,4,4,4,4,4,4
482577,0,1,1996,23,18,32,10,25,14,19,32,27,24
482577,1,1,1996,0,0,0,0,0,0,0,0,0,0
482578,1,1,1996,37,37,37,37,37,37,37,37,37,37
482578,2,1,1996,0,0,16,10,0,4,0,0,0,0
482579,1,1,1996,0,0,0,0,0,0,0,0,0,0
482579,2,1,1996,0,0,0,0,0,0,0,0,0,0
482580,0,1,1996,42,0,22,11,33,0,13,0,37,25
482580,1,1,1996,0,0,0,7,0,0,0,0,0,23
482581,1,1,1996,28,22,22,4,21,13,15,16,20,24
482582,1,1,1996,10,10,10,10,10,10,10,10,10,10
482583,1,1,1996,7,19,13,20,0,10,18,28,17,17
482584,0,1,1996,0,14,30,12,8,29,7,35,32,41
482584,1,1,1996,0,0,0,0,15,0,0,0,0,0
482585,1,1,1996,0,0,0,0,0,0,0,0,0,0
482585,2,1,1996,0,0,0,0,0,0,0,0,0,15
482586,0,1,1996,0,0,0,31,0,0,0,0,0,0
482586,1,1,1996,0,0,0,0,18,0,0,0,0,0
482587,1,1,1996,0,0,0,0,0,0,0,0,0,0
482587,2,1,1996,29,29,29,29,29,29,29,29,29,29
482588,0,1,1996,0,0,0,0,0,0,0,0,0,0
482588,1,1,1996,6,6,6,6,6,6,6,6,6,6
482589,1,1,1996,16,15,15,14,18,16,16,18,27,12
482589,2,1,1996,13,9,4,16,22,8,8,19,27,9
482590,1,1,1996,19,16,20,16,0,30,23,15,6,18
482591,1,1,1996,0,0,0,0,0,0,0,0,0,0
482591,2,1,1996,0,0,0,24,0,0,0,0,0,0
482591,3,1,1996,0,0,0,0,0,0,0,0,0,0
482592,0,1,1996,0,0,0,0,0,0,0,0,0,0
482592,1,1,1996,0,0,0,0,0,0,0,0,0,0
482593,1,1,1996,10,10,10,10,10,10,10,10,10,10
482593,2,1,1996,0,0,18,0,0,0,0,0,0,0
482594,1,1,1996,26,26,26,26,26,26,26,26,26,26
482595,0,1,1996,0,0,0,0,0,0,0,12,0,0
482595,1,1,1996,0,0,0,0,0,0,0,0,0,0
482596,0,1,1996,35,0,0,26,0,16,0,0,29,28
482596,0,2,1996,0,0,0,0,0,0,0,0,0,0
482596,1,1,1996,0,0,0,0,0,0,0,0,0,0
482597,1,1,1996,0,0,0,0,0,0,0,0,0,0
482598,1,1,1996,21,21,21,21,21,21,21,21,21,21