ST_CASE,VEH_NO,PER_NO,YEAR,P1,P2,P3,P4,P5,P6,P7,P8,P9,P10
483122,2,1,1996,0,0,0,0,0,0,0,0,0,0
483122,3,1,1996,0,0,0,8,0,0,0,0,0,0
483122,4,1,1996,10,0,5,10,0,0,0,0,0,0
483122,5,1,1996,8,0,0,19,0,0,0,11,34,0
483123,1,1,1996,0,0,0,0,0,0,0,0,0,0
483123,2,1,1996,0,0,0,0,0,0,0,0,0,0
483124,1,1,1996,7,7,7,7,7,7,7,7,7,7
483125,1,1,1996,0,0,0,0,0,0,0,0,0,23
483125,2,1,1996,0,0,0,0,0,0,0,0,0,0
483126,0,1,1996,0,0,0,15,14,0,3,0,6,24
483126,1,1,1996,0,25,0,0,0,52,5,0,0,20
483127,1,1,1996,11,11,11,11,11,11,11,11,11,11
483128,0,1,1996,0,0,0,0,18,0,0,0,27,0
483128,2,1,1996,21,21,21,21,21,21,21,21,21,21
483129,1,1,1996,17,9,18,33,8,7,22,34,10,18
483130,1,1,1996,0,0,7,0,23,16,6,4,0,22
483131,1,1,1996,7,0,0,2,0,0,0,0,28,0
483131,2,1,1996,6,0,0,15,0,12,20,0,24,0
483132,1,1,1996,5,20,0,0,0,0,0,9,0,17
483133,1,1,1996,0,0,0,0,0,0,0,0,0,0
483133,2,1,1996,28,0,0,0,0,0,0,0,0,0
483134,1,1,1996,0,0,0,0,0,0,0,0,0,0
483134,2,1,1996,0,0,0,0,2,0,0,0,0,0
483135,1,1,1996,0,0,0,0,22,24,0,0,0,0
483135,2,1,1996,0,0,0,0,0,20,0,0,0,0
483136,1,1,1996,20,20,20,20,20,20,20,20,20,20
483136,2,1,1996,0,0,0,5,0,0,0,0,0,0
483136,3,1,1996,0,0,0,0,0,0,22,0,0,0
483137,1,1,1996,0,0,0,0,0,0,0,0,0,0
483137,2,1,1996,0,0,0,0,0,0,0,0,0,0
483138,1,1,1996,22,22,22,22,22,22,22,22,22,22
483138,2,1,1996,0,0,0,0,0,0,0,0,0,0
483138,3,1,1996,0,16,0,0,7,16,19,0,0,0
483139,1,1,1996,0,0,0,0,0,0,0,0,0,0
483139,2,1,1996,0,0,0,0,0,0,0,0,0,0
483140,1,1,1996,0,0,0,0,0,3,0,0,0,0
483140,2,1,1996,0,0,0,0,0,0,0,0,0,0
483141,1,1,1996,22,4,0,13,0,0,0,0,23,19
483142,1,1,1996,0,0,0,0,0,0,0,0,0,0
483143,1,1,1996,0,0,0,0,0,0,0,0,0,0
483143,2,1,1996,0,0,0,0,0,4,0,22,0,0
483144,0,1,1996,15,15,15,15,15,15,15,15,15,15
483144,1,1,1996,0,11,0,0,12,0,0,0,0,0
483145,1,1,1996,0,0,0,0,0,0,0,0,0,0
483145,2,1,1996,0,0,0,0,0,0,0,0,0,0
483146,1,1,1996,0,0,0,0,0,0,0,0,0,0
483146,2,1,1996,0,0,0,0,0,0,0,0,0,0
483147,1,1,1996,0,0,4,0,0,0,0,0,0,0
483147,2,1,1996,25,0,0,2,0,0,0,0,0,0
483147,3,1,1996,0,0,0,0,5,12,0,0,0,0
483147,4,1,1996,0,0,0,0,0,0,0,0,0,0
483148,1,1,1996,0,0,0,0,0,0,0,0,0,0
483148,2,1,1996,0,0,0,0,0,0,0,0,0,0
483149,1,1,1996,0,0,0,0,0,0,0,0,0,0
483149,2,1,1996,0,0,0,0,0,0,0,0,0,0
483150,1,1,1996,14,14,14,14,14,14,14,14,14,14
483151,1,1,1996,18,18,18,18,18,18,18,18,18,18
483151,2,1,1996,0,0,0,0,0,0,0,0,0,0
483152,1,1,1996,12,8,11,21,13,6,6,6,13,27
483153,1,1,1996,16,24,14,22,20,16,0,23,17,4
483154,1,1,1996,19,16,17,26,25,15,29,31,23,21
483155,1,1,1996,22,22,22,22,22,22,22,22,22,22
483156,1,1,1996,0,0,0,0,0,0,0,0,0,0
483156,2,1,1996,0,0,0,0,0,0,0,0,0,0
483157,0,1,1996,0,29,28,0,14,0,0,0,0,0
483157,1,1,1996,31,31,31,31,31,31,31,31,31,31
483158,1,1,1996,0,0,0,0,0,0,0,0,0,0
483158,2,1,1996,0,0,0,0,0,0,0,0,0,0
483159,1,1,1996,0,0,6,0,19,0,25,21,0,19
483160,1,1,1996,40,0,0,0,0,0,14,0,0,0
483160,2,1,1996,0,0,0,0,0,0,0,0,0,0
483161,1,1,1996,0,28,9,0,0,6,0,0,0,0
483161,2,1,1996,0,0,0,0,0,0,0,0,0,0
483161,3,1,1996,0,0,0,0,0,9,0,0,15,0
483162,0,1,1996,0,0,0,0,15,0,0,12,8,0
483162,1,1,1996,0,0,0,0,0,14,0,0,0,0
483163,0,1,1996,0,0,0,0,0,0,0,0,14,0
483163,1,1,1996,0,0,0,0,0,0,33,0,0,0
483164,1,1,1996,0,0,0,7,18,0,0,0,0,0
483164,2,1,1996,0,0,0,0,0,0,0,0,0,0
483165,1,1,1996,0,0,0,0,0,0,0,0,0,0
483165,2,1,1996,0,0,0,0,0,0,0,0,0,0
483166,1,1,1996,0,0,0,0,0,0,0,0,0,0
483166,2,1,1996,0,0,0,0,0,0,0,0,0,0
483167,1,1,1996,0,0,0,0,0,0,0,0,0,0
483168,1,1,1996,0,0,0,0,0,0,0,0,0,0
483168,2,1,1996,0,0,0,17,0,0,0,0,0,0
483169,1,1,1996,20,20,20,20,20,20,20,20,20,20
483170,1,1,1996,0,0,0,0,0,0,0,0,0,0
483170,2,1,1996,0,0,0,0,0,0,0,0,0,0
483171,1,1,1996,10,10,10,10,10,10,10,10,10,10
483172,1,1,1996,24,0,0,0,0,0,0,0,0,0
483173,1,1,1996,20,20,20,20,20,20,20,20,20,20
483174,1,1,1996,28,28,28,28,28,28,28,28,28,28
483175,1,1,1996,3,3,3,3,3,3,3,3,3,3
483176,1,1,1996,0,0,0,0,0,0,0,0,0,0
483176,2,1,1996,0,0,0,0,0,0,0,0,0,0
483176,3,1,1996,0,0,0,0,0,0,0,0,0,0
483177,1,1,1996,0,0,8,22,0,11,0,0,0,0
483178,1,1,1996,0,0,0,0,0,0,0,0,0,0
483178,2,1,1996,0,0,0,0,0,0,0,0,0,0
483179,1,1,1996,0,0,0,0,0,0,0,0,0,0
483180,1,1,1996,21,21,21,21,21,21,21,21,21,21
483181,0,1,1996,38,34,10,17,0,0,15,24,0,33
483181,1,1,1996,0,0,0,8,0,0,3,0,0,0
483182,1,1,1996,0,0,0,0,0,0,0,3,0,4
483183,0,1,1996,0,0,0,31,18,16,0,0,10,0
483183,1,1,1996,0,0,0,0,0,12,8,0,0,0
483184,1,1,1996,16,16,16,16,16,16,16,16,16,16
483185,1,1,1996,0,0,0,0,0,0,0,0,0,0
483185,2,1,1996,0,0,0,0,0,0,0,0,0,0
483186,1,1,1996,13,0,0,0,0,0,0,0,8,0
483186,2,1,1996,0,0,0,0,0,0,0,0,0,0
483187,1,1,1996,0,0,0,24,12,0,0,13,0,15
483188,1,1,1996,16,0,7,0,0,0,30,8,19,0
483189,0,1,1996,0,0,0,0,0,0,0,0,0,0
483189,1,1,1996,0,0,0,0,0,0,0,0,0,0
483190,0,1,1996,27,27,27,27,27,27,27,27,27,27
483190,1,1,1996,10,11,0,0,13,0,7,0,11,0
483191,1,1,1996,24,24,24,24,24,24,24,24,24,24
483192,0,1,1996,47,47,47,47,47,47,47,47,47,47
483192,1,1,1996,0,0,0,0,0,0,0,16,9,15
483193,1,1,1996,8,17,0,0,14,0,21,0,8,0
483194,1,1,1996,11,25,11,0,12,0,0,0,0,0
483195,0,1,1996,32,36,12,0,15,9,0,14,15,0
483195,1,1,1996,0,0,0,0,0,0,0,0,0,0
483196,1,1,1996,13,13,13,13,13,13,13,13,13,13
483197,1,1,1996,10,7,0,0,6,0,0,0,0,0
483197,2,1,1996,15,10,0,9,0,0,10,0,0,0
483198,0,1,1996,0,0,0,0,0,0,0,0,0,0
483198,1,1,1996,0,0,9,0,0,15,0,15,26,29
483199,1,1,1996,0,0,0,0,0,0,0,0,14,0
483200,1,1,1996,0,0,0,0,0,0,0,0,0,0
483200,2,1,1996,0,0,0,0,0,9,0,0,0,0
483201,1,1,1996,0,0,0,0,0,0,0,0,0,0
483201,2,1,1996,20,20,20,20,20,20,20,20,20,20
483202,1,1,1996,0,9,0,15,17,23,7,26,0,7
483203,1,1,1996,0,0,0,0,0,0,0,0,0,0
483203,2,1,1996,0,0,0,0,0,0,0,0,0,0
483204,1,1,1996,0,0,0,0,11,0,0,0,9,0
483204,2,1,1996,0,0,0,6,0,0,0,0,0,0
483205,1,1,1996,23,23,23,23,23,23,23,23,23,23
483205,2,1,1996,0,0,0,0,0,0,0,0,0,0
483206,1,1,1996,21,21,21,21,21,21,21,21,21,21
483207,1,1,1996,0,0,0,0,0,0,0,0,0,0
483208,1,1,1996,0,21,16,0,0,0,0,16,0,0
483208,2,1,1996,0,0,13,0,13,0,0,0,13,19
483209,1,1,1996,19,19,19,19,19,19,19,19,19,19
483210,0,1,1996,0,0,0,0,0,0,0,0,0,0
483210,1,1,1996,0,0,0,33,10,0,0,8,0,0
483211,0,1,1996,15,36,39,12,30,0,0,0,11,32
483211,1,1,1996,0,0,0,0,0,15,16,6,7,12
483212,1,1,1996,0,0,0,0,0,13,0,0,0,0
483213,1,1,1996,0,16,0,0,0,29,0,0,0,10
483214,1,1,1996,11,0,0,0,23,0,0,0,0,17
483215,1,1,1996,0,0,0,0,0,0,0,0,0,0
483215,2,1,1996,13,15,20,19,18,21,20,19,9,9
483216,1,1,1996,16,16,16,16,16,16,16,16,16,16
483217,1,1,1996,0,36,0,0,0,0,0,0,14,0
483218,1,1,1996,12,9,0,5,0,6,13,0,13,0
483219,1,1,1996,13,14,21,14,24,0,16,17,6,27
483219,2,1,1996,0,0,0,0,0,0,0,0,0,0
483220,1,1,1996,0,0,0,0,0,0,0,0,0,0
483221,1,1,1996,0,0,5,0,0,0,0,0,0,0
483221,2,1,1996,0,0,0,0,0,0,0,0,0,0
483222,0,1,1996,12,25,14,0,0,0,22,0,0,24
483222,2,1,1996,0,0,9,0,15,0,0,11,0,0
483223,0,1,1996,16,28,27,13,25,25,0,28,10,21
483223,1,1,1996,14,14,14,14,14,14,14,14,14,14
483224,1,1,1996,23,15,21,18,16,11,34,34,18,21
483225,0,1,1996,14,0,18,0,0,0,0,0,0,0
483225,1,1,1996,0,0,0,0,0,0,0,0,0,0
483226,1,1,1996,1,1,1,1,1,1,1,1,1,1
483226,2,1,1996,0,0,0,0,0,0,0,0,0,0
483227,0,1,1996,29,0,0,47,5,0,17,0,0,0
483227,1,1,1996,0,0,0,0,0,0,0,0,0,0
483228,1,1,1996,0,0,0,12,20,0,0,19,0,0
483228,2,1,1996,0,0,0,21,0,0,0,12,11,0
483229,1,1,1996,19,19,19,19,19,19,19,19,19,19
483230,0,1,1996,0,0,20,0,0,0,0,0,0,0
483230,1,1,1996,0,0,4,43,0,0,0,0,0,0
483231,1,1,1996,14,14,14,14,14,14,14,14,14,14
483232,1,1,1996,13,13,13,13,13,13,13,13,13,13
483233,1,1,1996,0,0,0,0,0,11,17,15,0,0
483234,1,1,1996,15,0,26,26,16,21,0,26,0,21
483235,1,1,1996,0,0,0,0,0,0,0,0,0,0
483235,2,1,1996,0,0,0,0,0,0,0,0,0,0
483236,1,1,1996,1,1,1,1,1,1,1,1,1,1
483237,1,1,1996,0,0,0,0,0,0,12,0,0,0
483238,1,1,1996,17,17,17,17,17,17,17,17,17,17
483239,1,1,1996,0,20,12,14,0,17,0,25,0,6
483239,2,1,1996,0,0,0,0,0,0,0,0,0,0
483240,1,1,1996,0,0,0,0,0,0,0,0,0,0
483240,2,1,1996,0,0,0,0,0,0,0,0,0,28
483241,0,1,1996,19,0,0,9,0,0,0,24,0,30
483241,0,2,1996,0,0,16,0,0,0,0,43,18,38
483241,1,1,1996,18,18,18,18,18,18,18,18,18,18
483242,0,1,1996,0,0,0,0,0,0,0,0,0,0
483242,1,1,1996,0,0,0,0,0,0,0,0,0,0
483243,0,1,1996,0,0,0,0,0,0,0,0,0,0
483243,1,1,1996,0,0,0,0,0,0,0,0,0,0
483244,1,1,1996,26,0,0,0,15,0,0,0,10,0
483244,2,1,1996,0,0,0,0,20,23,0,21,0,0
483245,1,1,1996,0,0,13,0,0,29,0,0,0,0
483246,1,1,1996,0,0,0,0,0,0,23,0,0,0
483246,2,1,1996,0,0,0,13,0,0,24,0,0,11
483247,1,1,1996,0,0,0,0,0,0,0,0,0,0
483247,2,1,1996,0,0,0,0,0,0,0,0,0,0
483248,1,1,1996,0,5,0,0,0,0,0,0,0,17
483249,1,1,1996,0,0,0,0,0,0,0,0,0,0
483249,2,1,1996,0,0,0,0,0,0,14,0,0,0
483250,0,1,1996,0,0,0,0,0,0,0,0,0,0
483250,1,1,1996,0,0,0,21,0,0,0,0,0,0
483251,0,1,1996,14,6,16,33,17,28,22,0,0,27
483251,1,1,1996,0,0,0,0,0,0,21,0,0,0
483252,1,1,1996,0,0,0,0,0,0,0,0,4,0
483253,1,1,1996,0,0,0,0,0,0,0,0,0,7
483253,2,1,1996,0,0,0,0,0,0,0,0,0,0
483254,1,1,1996,10,24,19,19,0,0,0,0,0,0
483254,2,1,1996,0,0,0,0,0,0,0,0,0,0
483255,1,1,1996,27,0,29,25,7,9,0,7,0,0
483256,1,1,1996,24,55,12,27,28,16,20,26,31,0
483257,1,1,1996,0,0,0,0,27,0,12,0,17,0
483258,1,1,1996,0,15,0,27,17,0,0,0,0,0
483259,0,1,1996,0,0,0,0,0,0,0,0,0,0
483259,1,1,1996,0,0,0,0,0,0,0,18,0,0
490001,1,1,1996,10,25,26,19,22,21,12,31,10,18
490001,2,1,1996,0,0,0,0,0,0,0,0,0,0
490001,3,1,1996,0,0,0,0,0,0,0,0,0,0
490002,1,1,1996,0,0,0,0,0,0,0,0,0,0
490003,1,1,1996,17,17,17,17,17,17,17,17,17,17
490004,1,1,1996,0,0,0,0,0,0,0,0,0,0
490005,1,1,1996,32,32,32,32,32,32,32,32,32,32
490006,1,1,1996,0,0,0,0,0,0,0,0,0,0
490007,1,1,1996,0,0,0,0,0,0,0,0,0,0
490007,2,1,1996,0,0,0,0,0,0,0,0,0,0
490008,0,1,1996,0,0,0,0,0,0,0,0,0,0
490008,1,1,1996,0,0,0,0,0,0,0,0,0,0
490009,1,1,1996,0,0,0,0,0,0,0,0,0,0
490010,1,1,1996,0,0,0,0,0,0,0,0,0,0
490010,2,1,1996,0,0,0,0,0,0,0,0,0,0
490010,3,1,1996,0,0,0,0,0,0,0,0,0,0
490011,1,1,1996,17,17,17,17,17,17,17,17,17,17
490012,1,1,1996,0,0,0,0,0,0,0,0,0,0
490013,1,1,1996,0,0,0,0,0,0,0,0,0,0
490013,2,1,1996,0,0,0,0,0,0,0,0,0,0
490014,1,1,1996,0,0,0,0,0,0,0,0,0,0
490014,2,1,1996,0,0,0,0,0,0,0,0,0,0
490015,0,1,1996,0,23,0,0,0,0,0,0,0,0
490015,0,2,1996,0,0,0,0,0,27,0,0,0,18
490015,1,1,1996,0,0,0,0,0,0,0,0,0,0
490015,2,1,1996,0,0,0,0,0,0,0,0,0,0
490015,3,1,1996,0,0,0,0,0,0,0,0,0,22
490016,1,1,1996,0,0,0,0,0,0,0,0,0,0
490017,1,1,1996,0,0,0,0,0,0,0,0,0,0
490018,1,1,1996,0,0,0,0,0,0,0,0,0,0
490018,2,1,1996,0,0,0,0,0,0,0,0,0,0
490019,1,1,1996,0,0,0,0,0,0,0,0,0,0
490019,2,1,1996,0,0,0,0,0,0,0,0,0,0
490019,3,1,1996,0,0,0,0,0,0,0,0,0,0
490019,4,1,1996,0,0,0,0,0,0,0,0,0,0
490020,1,1,1996,0,0,0,0,0,0,0,0,0,0
490020,2,1,1996,0,0,0,0,0,0,0,0,0,0
490021,1,1,1996,0,0,0,0,0,0,0,0,0,0
490021,2,1,1996,0,0,0,0,0,0,0,0,0,0
490022,1,1,1996,0,0,0,0,0,0,0,0,0,0
490022,2,1,1996,0,0,0,0,0,0,0,0,0,0
490022,3,1,1996,0,0,0,0,0,0,0,0,0,0
490023,1,1,1996,7,7,7,7,7,7,7,7,7,7
490023,2,1,1996,0,0,0,0,0,0,0,0,0,0
490024,1,1,1996,0,0,0,0,0,0,0,0,0,0
490024,2,1,1996,0,0,0,0,0,0,0,0,0,0
490024,3,1,1996,0,0,0,0,0,0,0,0,0,0
490025,1,1,1996,7,7,7,7,7,7,7,7,7,7
490026,1,1,1996,8,8,8,8,8,8,8,8,8,8
490026,2,1,1996,0,0,0,0,0,0,0,0,0,0
490026,3,1,1996,0,0,0,0,0,0,0,0,0,0
490027,1,1,1996,0,0,0,0,0,0,0,0,0,0
490027,2,1,1996,0,0,0,0,0,0,0,0,0,0
490028,1,1,1996,0,0,0,0,0,0,0,0,0,0
490028,2,1,1996,0,0,0,0,0,0,0,0,0,0
490028,3,1,1996,0,0,0,0,0,0,0,0,0,0
490029,0,1,1996,0,0,0,0,0,0,0,0,0,0
490029,1,1,1996,0,0,0,0,0,0,0,0,0,0
490029,2,1,1996,0,0,0,0,0,0,0,0,0,0
490029,3,1,1996,6,0,0,17,8,9,29,0,0,9
490030,1,1,1996,0,0,0,0,0,0,0,0,0,0
490031,1,1,1996,0,0,0,0,0,0,0,0,0,0
490032,1,1,1996,0,0,0,0,0,0,0,0,0,0
490032,2,1,1996,0,0,0,0,0,0,0,0,0,0
490032,3,1,1996,0,0,0,0,0,0,0,0,0,0
490033,1,1,1996,0,19,0,0,0,0,0,0,0,0
490034,1,1,1996,0,0,0,0,0,0,0,0,0,0
490034,2,1,1996,0,0,0,0,0,0,0,0,0,0
490035,0,1,1996,0,0,0,0,0,0,0,0,0,0
490035,1,1,1996,0,0,0,0,0,0,0,0,0,0
490036,1,1,1996,0,0,0,0,0,0,0,0,0,0
490037,1,1,1996,27,27,27,27,27,27,27,27,27,27
490037,2,1,1996,0,0,0,0,0,0,0,0,11,0
490037,3,1,1996,0,0,0,11,0,0,0,0,0,0
490038,1,1,1996,0,0,0,0,0,0,0,0,0,0
490039,1,1,1996,0,0,0,0,9,0,0,0,0,0
490039,2,1,1996,0,0,0,0,0,0,0,0,0,0
490040,1,1,1996,0,0,0,0,0,0,0,0,0,0
490040,2,1,1996,0,0,0,0,0,0,0,0,0,0
490041,1,1,1996,0,0,0,0,0,0,0,0,0,0
490042,1,1,1996,6,6,6,6,6,6,6,6,6,6
490043,1,1,1996,0,0,0,0,0,0,0,0,0,0
490044,1,1,1996,8,8,8,8,8,8,8,8,8,8
490044,2,1,1996,0,0,0,0,0,0,0,0,0,0
490045,1,1,1996,0,0,0,0,0,0,0,0,0,0
490046,1,1,1996,0,0,0,0,0,0,0,0,0,0
490047,1,1,1996,19,19,19,19,19,19,19,19,19,19
490048,1,1,1996,8,8,8,8,8,8,8,8,8,8
490049,1,1,1996,0,0,0,0,0,0,0,0,0,0
490050,1,1,1996,9,9,9,9,9,9,9,9,9,9
490051,1,1,1996,0,0,0,0,0,0,0,0,0,0
490051,2,1,1996,0,0,0,0,0,0,0,0,0,0
490052,1,1,1996,0,0,0,0,0,0,0,0,0,0
490053,1,1,1996,0,0,0,21,0,0,0,0,0,0
490054,1,1,1996,15,15,15,15,15,15,15,15,15,15
490055,1,1,1996,11,11,11,11,11,11,11,11,11,11
490057,1,1,1996,17,17,17,17,17,17,17,17,17,17
490058,1,1,1996,0,0,0,0,0,0,0,0,0,0
490058,2,1,1996,0,0,0,0,0,0,0,0,0,0
490059,0,1,1996,0,0,0,0,0,0,0,0,0,0
490059,1,1,1996,0,0,0,0,0,0,0,0,0,0
490060,1,1,1996,0,0,0,0,0,0,0,0,0,0
490061,0,1,1996,23,23,23,23,23,23,23,23,23,23
490061,1,1,1996,0,0,0,0,0,0,0,0,0,0
490062,1,1,1996,0,0,0,0,0,0,0,0,0,0
490063,0,1,1996,0,0,0,0,0,0,0,0,0,0
490063,1,1,1996,0,0,0,0,0,0,0,0,0,0
490064,1,1,1996,20,20,20,20,20,20,20,20,20,20
490065,1,1,1996,16,16,16,16,16,16,16,16,16,16
490066,1,1,1996,0,0,0,0,0,0,0,0,0,0
490067,1,1,1996,0,0,0,0,0,0,0,0,0,0
490067,2,1,1996,0,0,0,0,0,0,0,0,0,0
490068,1,1,1996,0,0,0,0,0,0,0,0,0,0
490068,2,1,1996,0,0,0,0,0,0,0,0,0,0
490069,1,1,1996,0,0,24,0,0,14,0,0,0,22
490070,1,1,1996,0,0,0,0,0,0,0,0,0,0
490070,2,1,1996,0,0,0,0,0,0,0,0,0,0
490071,0,1,1996,0,0,0,0,0,0,0,0,0,0
490071,1,1,1996,0,0,0,0,0,0,0,0,0,0
490072,1,1,1996,0,0,0,0,0,0,0,0,0,0
490073,1,1,1996,0,0,0,0,0,0,0,0,0,0
490073,2,1,1996,0,0,0,0,0,0,0,0,0,0
490074,1,1,1996,0,0,0,0,0,0,0,0,0,0
490074,2,1,1996,0,0,0,0,0,0,0,0,0,0
490075,1,1,1996,9,9,9,9,9,9,9,9,9,9
490076,1,1,1996,0,0,0,0,0,0,0,0,0,0
490076,2,1,1996,0,0,0,0,0,0,0,0,0,0
490077,1,1,1996,0,0,0,0,0,0,0,0,0,0
490077,2,1,1996,0,0,0,0,0,0,0,0,0,0
490078,1,1,1996,4,4,4,4,4,4,4,4,4,4
490079,1,1,1996,0,0,0,0,0,0,0,0,0,0
490079,2,1,1996,0,0,0,0,0,0,0,0,0,0
490080,0,1,1996,0,0,0,0,0,0,0,0,0,0
490080,1,1,1996,0,0,0,0,0,0,0,0,0,0
490081,1,1,1996,0,0,0,0,0,0,0,0,0,0
490082,1,1,1996,0,0,0,0,0,0,0,0,0,0
490083,1,1,1996,19,19,19,19,19,19,19,19,19,19
490084,1,1,1996,20,20,20,20,20,20,20,20,20,20
490085,1,1,1996,0,0,0,0,0,0,0,0,0,0
490086,1,1,1996,0,0,0,0,0,0,0,0,0,0
490086,2,1,1996,0,0,0,0,0,0,0,0,0,0
490086,3,1,1996,0,0,0,0,0,0,0,0,0,0
490087,1,1,1996,0,0,0,0,0,0,0,12,0,0
490088,1,1,1996,0,0,0,0,0,0,0,0,0,0
490089,1,1,1996,0,0,0,0,0,0,0,0,0,0
490090,1,1,1996,0,0,0,0,0,0,0,0,0,0
490090,2,1,1996,0,0,0,0,0,0,0,0,0,0
490091,1,1,1996,0,0,0,0,0,0,0,0,0,0
490091,2,1,1996,0,11,0,23,0,7,0,0,0,0
490092,1,1,1996,0,0,0,0,0,0,0,0,0,0
490093,0,1,1996,0,0,0,0,0,0,0,0,0,0
490093,1,1,1996,0,0,0,0,0,0,0,0,0,0
490094,1,1,1996,0,0,12,10,0,19,0,0,4,0
490095,1,1,1996,8,8,8,8,8,8,8,8,8,8
490096,1,1,1996,0,0,0,0,0,0,0,0,0,0
490096,2,1,1996,0,0,0,0,0,0,0,0,0,0
490097,1,1,1996,0,0,0,0,0,0,0,0,0,0
490097,2,1,1996,0,0,0,0,0,0,0,0,0,0
490098,1,1,1996,0,0,0,0,0,0,0,0,0,0
490099,1,1,1996,0,0,0,0,0,0,0,0,0,0
490100,0,1,1996,0,5,0,0,0,0,0,0,0,0
490100,1,1,1996,0,0,0,0,0,0,0,0,0,0
490101,1,1,1996,0,0,0,0,0,0,0,0,0,0
490102,1,1,1996,26,26,26,26,26,26,26,26,26,26
490103,1,1,1996,0,0,0,0,0,0,0,0,0,0
490104,0,1,1996,0,0,0,0,0,23,0,0,0,0
490104,1,1,1996,0,0,0,0,0,0,0,0,0,0
490105,1,1,1996,0,0,0,0,0,0,0,0,0,0
490105,2,1,1996,0,0,0,0,0,0,0,0,0,0
490106,1,1,1996,0,0,0,0,0,0,0,0,0,0
490107,1,1,1996,0,0,0,0,0,0,0,0,0,0
490107,2,1,1996,0,0,0,0,0,0,0,0,0,0
490107,3,1,1996,0,0,0,0,0,0,0,0,0,0
490108,1,1,1996,0,0,0,0,0,0,0,0,0,0
490109,1,1,1996,0,0,0,0,0,0,0,0,0,0
490109,2,1,1996,0,0,0,0,0,0,0,0,0,0
490110,1,1,1996,18,18,18,18,18,18,18,18,18,18
490111,1,1,1996,0,0,0,0,0,0,0,0,0,0
490112,1,1,1996,0,0,0,0,0,0,0,0,0,0
490113,1,1,1996,0,0,0,0,0,0,0,0,0,0
490114,1,1,1996,0,0,0,0,0,0,0,0,0,0
490114,2,1,1996,0,0,0,0,0,0,0,0,0,0
490115,1,1,1996,11,11,11,11,11,11,11,11,11,11
490115,2,1,1996,0,0,0,0,0,0,0,0,0,0
490116,1,1,1996,0,0,0,0,0,0,0,0,0,0
490116,2,1,1996,0,0,0,0,0,0,0,0,0,0
490117,1,1,1996,0,0,0,0,0,0,4,0,0,0
490118,0,1,1996,0,0,0,0,0,0,0,0,0,0
490118,1,1,1996,0,0,0,0,0,0,0,0,0,0
490119,1,1,1996,19,19,19,19,19,19,19,19,19,19
490120,1,1,1996,0,0,0,0,0,0,0,0,0,0
490121,1,1,1996,0,0,13,0,0,0,0,0,0,11
490122,0,1,1996,0,0,0,0,0,0,0,0,0,0
490122,1,1,1996,0,0,0,0,0,0,0,0,0,0
490123,1,1,1996,0,0,0,0,0,0,0,0,0,0
490123,2,1,1996,0,0,0,0,0,0,0,0,0,0
490123,3,1,1996,0,0,0,0,0,0,0,0,0,0
490124,1,1,1996,0,0,0,0,0,0,0,0,0,0
490125,1,1,1996,0,0,0,0,0,0,0,0,0,0
490126,1,1,1996,0,0,0,0,0,0,0,0,0,0
490126,2,1,1996,0,0,0,0,0,0,0,0,0,0
490127,0,1,1996,0,22,0,0,0,0,0,0,0,0
490127,1,1,1996,0,0,0,0,0,0,0,0,0,0
490128,1,1,1996,0,0,0,0,0,0,0,0,0,0
490128,2,1,1996,0,0,0,0,0,0,0,0,0,0
490129,1,1,1996,0,0,0,0,0,0,0,0,0,0
490129,2,1,1996,0,0,0,0,0,0,0,0,0,0
490130,0,1,1996,30,30,30,30,30,30,30,30,30,30
490130,1,1,1996,0,0,0,0,0,0,0,0,0,0
490131,1,1,1996,0,0,0,0,0,0,0,0,0,0
490131,2,1,1996,0,0,0,0,0,0,0,0,0,0
490132,0,1,1996,7,7,7,7,7,7,7,7,7,7
490132,1,1,1996,0,0,0,0,0,0,0,0,0,0
490133,1,1,1996,0,0,0,0,0,0,0,0,0,0
490134,1,1,1996,0,0,0,0,0,0,0,0,0,0
490135,0,1,1996,0,0,0,0,0,0,0,0,0,0
490135,1,1,1996,0,0,0,0,0,0,0,0,0,0
490136,1,1,1996,0,0,0,0,0,0,0,0,0,0
490137,0,1,1996,0,0,0,0,0,0,0,0,0,0
490137,1,1,1996,0,0,0,0,0,0,0,0,0,0
490138,1,1,1996,0,0,0,0,0,0,0,0,0,0
490138,2,1,1996,0,0,0,0,0,0,0,0,0,0
490139,1,1,1996,0,0,0,0,0,0,0,0,0,0
490139,2,1,1996,0,0,0,0,0,0,0,0,0,0
490140,1,1,1996,0,0,0,0,0,0,0,0,0,0
490141,1,1,1996,0,0,0,0,0,0,0,0,0,0
490141,2,1,1996,0,0,0,0,0,0,0,0,0,0
490142,1,1,1996,0,0,0,0,0,0,0,0,0,0
490142,2,1,1996,0,0,0,0,0,0,0,0,0,0
490142,3,1,1996,0,0,0,0,0,0,0,0,0,0
490143,1,1,1996,0,0,0,0,0,0,0,0,0,0
490144,1,1,1996,0,0,0,0,0,0,0,0,0,0
490144,2,1,1996,0,0,5,8,0,0,0,0,0,0
490145,1,1,1996,0,0,0,0,0,0,0,0,0,0
490146,0,1,1996,0,0,0,0,0,0,0,0,0,0
490146,1,1,1996,0,0,0,0,0,0,0,0,0,0
490146,2,1,1996,0,0,0,0,0,0,0,0,0,0