ST_CASE,VEH_NO,PER_NO,YEAR,P1,P2,P3,P4,P5,P6,P7,P8,P9,P10
510372,0,1,1996,27,21,32,43,8,23,41,12,43,21
510372,1,1,1996,0,0,0,0,0,0,0,0,0,1
510373,1,1,1996,0,0,0,0,0,0,0,0,0,0
510374,1,1,1996,0,0,0,0,0,0,0,0,0,0
510375,1,1,1996,0,0,0,0,0,0,0,0,0,0
510376,1,1,1996,0,0,0,0,0,0,0,0,0,0
510376,2,1,1996,0,0,0,0,0,0,0,0,0,0
510377,1,1,1996,9,7,27,0,0,0,0,32,0,0
510378,0,1,1996,8,8,8,8,8,8,8,8,8,8
510378,1,1,1996,0,0,6,0,0,0,0,0,0,0
510379,1,1,1996,0,0,0,0,0,0,0,21,0,0
510379,2,1,1996,0,0,0,0,0,0,0,0,0,0
510380,1,1,1996,22,22,22,22,22,22,22,22,22,22
510380,2,1,1996,0,0,0,0,0,0,0,0,0,0
510381,0,1,1996,0,0,0,0,0,0,0,0,0,0
510381,1,1,1996,11,26,17,20,5,18,0,22,29,23
510382,1,1,1996,0,0,0,0,0,0,0,0,0,0
510382,2,1,1996,0,0,0,0,0,0,0,7,0,15
510383,0,1,1996,8,8,8,8,8,8,8,8,8,8
510383,1,1,1996,0,0,0,0,0,15,0,0,0,0
510384,1,1,1996,0,0,0,0,0,0,0,0,0,0
510385,1,1,1996,0,0,0,0,0,0,0,0,0,0
510385,2,1,1996,0,0,0,0,0,0,0,0,22,0
510386,1,1,1996,0,0,0,0,0,0,0,0,0,0
510387,1,1,1996,0,0,0,0,0,0,0,0,0,0
510388,1,1,1996,0,0,0,0,0,0,0,0,0,0
510389,1,1,1996,8,14,11,23,21,7,24,12,22,25
510390,1,1,1996,0,0,0,0,0,0,0,0,0,0
510391,1,1,1996,0,0,13,0,0,0,0,0,0,0
510392,1,1,1996,0,0,0,0,0,0,0,0,0,0
510393,1,1,1996,3,3,3,3,3,3,3,3,3,3
510394,1,1,1996,31,31,31,31,31,31,31,31,31,31
510395,1,1,1996,0,0,0,0,0,0,0,0,0,0
510395,2,1,1996,0,0,0,0,0,0,0,0,0,0
510396,1,1,1996,29,29,29,29,29,29,29,29,29,29
510397,1,1,1996,0,0,0,0,0,0,0,0,0,0
510397,2,1,1996,0,0,0,0,0,0,0,0,0,0
510398,1,1,1996,19,19,19,19,19,19,19,19,19,19
510399,1,1,1996,0,0,0,0,0,0,0,18,0,0
510400,1,1,1996,20,33,11,25,33,18,34,18,0,15
510401,1,1,1996,13,13,13,13,13,13,13,13,13,13
510402,1,1,1996,17,14,16,10,14,6,17,0,28,6
510403,1,1,1996,0,0,0,0,0,16,7,0,0,0
510404,1,1,1996,10,10,10,10,10,10,10,10,10,10
510405,1,1,1996,0,0,0,0,0,0,0,0,0,0
510405,2,1,1996,0,0,0,0,0,0,0,0,0,0
510406,1,1,1996,15,15,15,15,15,15,15,15,15,15
510407,1,1,1996,17,17,17,17,17,17,17,17,17,17
510407,2,1,1996,0,0,0,8,10,0,11,0,0,0
510408,1,1,1996,29,29,29,29,29,29,29,29,29,29
510409,1,1,1996,0,0,0,0,0,0,0,0,0,0
510409,2,1,1996,0,0,0,0,0,0,0,0,0,0
510410,0,1,1996,0,0,0,0,0,0,0,0,0,0
510410,1,1,1996,0,0,0,0,0,0,0,0,0,0
510411,1,1,1996,18,18,18,18,18,18,18,18,18,18
510412,0,1,1996,11,0,20,0,0,0,0,26,0,0
510412,1,1,1996,0,0,0,0,0,0,0,0,0,0
510413,1,1,1996,0,0,0,0,0,0,0,0,0,0
510413,2,1,1996,0,0,0,0,0,0,0,0,0,0
510414,1,1,1996,13,9,17,10,15,0,0,15,12,0
510414,2,1,1996,0,0,0,0,0,0,9,0,0,14
510415,1,1,1996,10,10,10,10,10,10,10,10,10,10
510416,1,1,1996,0,0,0,16,0,0,25,0,0,0
510416,2,1,1996,0,0,0,0,0,0,0,0,0,0
510417,1,1,1996,21,19,22,15,22,40,13,33,19,0
510418,1,1,1996,23,23,23,23,23,23,23,23,23,23
510419,0,1,1996,0,22,0,0,10,0,0,0,24,20
510419,1,1,1996,0,0,0,0,0,0,7,5,0,0
510420,1,1,1996,0,0,0,0,0,0,0,0,0,0
510421,1,1,1996,0,0,0,0,0,0,0,0,0,0
510421,2,1,1996,0,0,27,0,0,0,7,0,0,0
510422,0,1,1996,0,0,0,0,0,0,0,0,0,0
510422,1,1,1996,0,0,0,9,0,0,0,0,0,0
510423,0,1,1996,0,0,3,0,0,0,0,0,0,0
510423,1,1,1996,0,0,18,21,0,0,12,0,0,0
510424,1,1,1996,1,1,1,1,1,1,1,1,1,1
510425,1,1,1996,0,0,0,0,0,0,0,0,0,0
510425,2,1,1996,0,0,0,0,0,0,0,0,0,0
510426,0,1,1996,0,0,0,0,0,0,0,0,0,0
510426,1,1,1996,21,0,16,0,0,0,0,0,8,37
510427,1,1,1996,0,0,0,0,0,0,0,0,0,0
510427,2,1,1996,0,0,0,0,0,0,0,0,0,0
510428,1,1,1996,0,0,0,0,0,0,0,0,0,0
510429,1,1,1996,18,18,18,18,18,18,18,18,18,18
510429,2,1,1996,0,0,0,0,0,0,0,0,0,0
510430,1,1,1996,0,0,0,0,0,0,13,0,0,0
510431,1,1,1996,0,0,0,0,0,0,0,0,0,0
510431,2,1,1996,0,0,0,0,0,0,0,0,0,0
510432,1,1,1996,0,0,0,0,0,0,0,0,0,0
510432,2,1,1996,0,0,0,0,0,0,0,0,0,0
510433,1,1,1996,0,22,9,26,8,0,33,29,31,0
510434,1,1,1996,19,29,9,14,12,18,20,27,5,26
510435,1,1,1996,15,10,3,16,14,0,8,0,17,17
510436,1,1,1996,16,0,0,0,0,0,0,0,0,0
510437,1,1,1996,0,0,0,0,0,0,0,0,0,0
510437,2,1,1996,0,0,0,0,0,0,0,0,8,0
510438,1,1,1996,0,0,0,0,0,0,0,0,0,0
510439,1,1,1996,9,9,9,9,9,9,9,9,9,9
510440,1,1,1996,0,0,0,0,0,0,0,0,0,0
510440,2,1,1996,0,0,0,0,0,0,0,0,0,0
510441,0,1,1996,0,0,0,0,0,29,0,0,0,0
510441,1,1,1996,0,0,0,0,0,0,0,0,0,0
510442,1,1,1996,0,0,8,0,0,12,0,13,0,11
510443,1,1,1996,0,0,0,0,0,0,0,0,0,0
510443,2,1,1996,12,12,12,12,12,12,12,12,12,12
510444,1,1,1996,0,0,0,0,0,0,0,0,0,0
510445,1,1,1996,0,0,0,0,0,0,0,0,0,0
510445,2,1,1996,0,0,0,0,0,0,18,0,0,0
510446,0,1,1996,0,15,17,0,0,19,0,0,0,0
510446,1,1,1996,0,0,0,0,0,0,0,0,0,0
510446,2,1,1996,0,0,0,0,0,0,0,0,0,0
510447,1,1,1996,0,0,0,0,0,0,0,0,0,0
510447,2,1,1996,0,0,0,0,0,0,0,0,0,0
510448,1,1,1996,34,15,33,17,28,15,8,31,9,40
510448,2,1,1996,0,0,0,0,0,0,0,0,0,0
510449,1,1,1996,12,8,4,10,20,28,13,27,21,13
510450,1,1,1996,0,0,21,0,3,0,0,0,0,0
510450,2,1,1996,0,0,0,0,0,0,0,0,0,0
510450,3,1,1996,0,0,0,0,0,0,0,0,0,0
510450,4,1,1996,0,0,0,0,9,0,7,0,0,0
510451,1,1,1996,0,0,0,0,0,0,0,0,0,0
510451,2,1,1996,0,0,0,0,0,0,0,0,0,0
510452,1,1,1996,22,14,0,21,13,9,6,18,13,27
510452,2,1,1996,0,0,0,0,0,0,0,0,0,0
510453,1,1,1996,0,0,0,0,0,0,0,0,0,0
510453,2,1,1996,0,0,0,0,0,0,0,0,0,0
510453,3,1,1996,0,0,0,0,0,0,0,0,0,0
510453,4,1,1996,0,0,0,0,0,0,0,0,0,0
510454,1,1,1996,27,27,27,27,27,27,27,27,27,27
510455,0,1,1996,17,17,17,17,17,17,17,17,17,17
510455,1,1,1996,17,17,11,4,24,16,6,8,14,23
510456,1,1,1996,0,0,0,0,0,0,0,0,0,0
510457,1,1,1996,7,21,17,27,11,15,5,20,0,8
510457,2,1,1996,19,19,19,19,19,19,19,19,19,19
510459,1,1,1996,0,0,0,0,0,0,0,0,0,0
510460,1,1,1996,0,0,0,0,0,0,0,0,0,0
510461,1,1,1996,33,33,33,33,33,33,33,33,33,33
510462,1,1,1996,0,0,0,0,0,0,0,0,0,0
510462,2,1,1996,0,0,0,0,0,8,0,0,0,0
510463,1,1,1996,35,35,35,35,35,35,35,35,35,35
510464,1,1,1996,0,0,0,0,0,0,0,0,0,0
510464,2,1,1996,0,0,0,0,0,0,0,0,0,0
510465,1,1,1996,16,19,8,21,17,27,25,31,10,25
510466,1,1,1996,19,14,22,10,15,13,16,6,4,0
510466,2,1,1996,19,19,19,19,19,19,19,19,19,19
510467,1,1,1996,0,0,0,0,0,0,0,0,0,0
510468,1,1,1996,0,0,0,0,0,0,0,0,0,0
510468,2,1,1996,0,0,0,0,0,0,0,0,0,0
510469,0,1,1996,0,0,0,0,0,0,0,0,0,0
510469,1,1,1996,0,0,0,0,0,0,0,0,0,0
510470,1,1,1996,0,0,0,0,0,0,0,0,0,0
510471,1,1,1996,0,0,0,0,0,0,0,0,0,0
510471,2,1,1996,0,7,0,0,0,0,0,0,0,0
510472,1,1,1996,1,1,1,1,1,1,1,1,1,1
510473,1,1,1996,0,0,0,0,0,0,0,0,0,0
510473,2,1,1996,0,0,0,0,0,0,0,0,0,0
510474,1,1,1996,12,16,19,22,7,13,11,8,8,16
510474,2,1,1996,19,0,0,0,0,0,0,0,0,23
510475,1,1,1996,0,0,0,0,0,0,0,0,0,0
510475,2,1,1996,0,0,0,0,0,0,0,0,0,0
510476,0,1,1996,0,0,0,0,0,0,0,0,0,0
510476,1,1,1996,0,0,0,0,0,0,12,0,0,0
510477,1,1,1996,14,14,14,14,14,14,14,14,14,14
510478,1,1,1996,0,0,0,0,0,0,0,0,0,0
510479,0,1,1996,0,0,0,0,0,0,0,0,0,0
510479,1,1,1996,9,14,18,19,26,15,16,15,18,21
510480,1,1,1996,21,21,21,21,21,21,21,21,21,21
510481,1,1,1996,19,19,19,19,19,19,19,19,19,19
510482,1,1,1996,12,23,0,13,0,0,0,0,0,0
510482,2,1,1996,0,0,0,0,0,0,0,0,0,0
510483,0,1,1996,16,16,16,16,16,16,16,16,16,16
510483,1,1,1996,19,17,0,10,15,20,11,8,15,11
510484,1,1,1996,30,30,30,30,30,30,30,30,30,30
510484,2,1,1996,0,0,0,0,0,0,0,0,0,0
510485,0,1,1996,27,17,36,0,0,0,0,22,13,0
510485,1,1,1996,0,0,0,0,0,0,0,0,0,0
510486,1,1,1996,0,0,0,0,0,0,0,0,0,0
510486,2,1,1996,0,0,0,0,0,0,0,0,0,0
510487,1,1,1996,0,0,0,0,0,0,0,0,0,0
510488,1,1,1996,26,26,26,26,26,26,26,26,26,26
510489,0,1,1996,0,0,24,13,26,24,44,19,14,0
510489,1,1,1996,0,0,0,0,0,11,0,0,0,0
510490,1,1,1996,0,0,0,0,0,0,0,15,0,0
510490,2,1,1996,0,0,0,0,0,0,0,0,0,0
510491,1,1,1996,0,0,0,0,0,0,0,0,0,0
510492,1,1,1996,0,0,0,15,0,0,0,10,0,0
510492,2,1,1996,0,0,0,0,0,0,0,0,0,0
510493,1,1,1996,20,20,20,20,20,20,20,20,20,20
510494,1,1,1996,0,0,0,0,0,0,0,0,0,0
510495,1,1,1996,0,0,0,0,0,0,0,0,0,0
510495,2,1,1996,0,0,0,0,0,0,0,0,0,0
510495,3,1,1996,0,0,0,0,0,0,0,0,0,0
510496,1,1,1996,0,0,0,42,0,0,0,0,17,0
510497,1,1,1996,0,0,0,0,0,0,0,0,0,0
510497,2,1,1996,0,0,0,0,0,0,0,0,0,0
510497,3,1,1996,0,0,0,0,0,0,0,0,0,0
510498,1,1,1996,0,0,0,0,0,0,0,0,0,0
510498,2,1,1996,0,0,0,0,0,0,0,0,0,0
510499,1,1,1996,10,4,5,0,6,16,14,0,24,15
510500,1,1,1996,24,24,24,24,24,24,24,24,24,24
510500,2,1,1996,0,0,0,0,0,0,0,0,0,0
510501,1,1,1996,0,0,0,0,0,0,0,0,0,0
510501,2,1,1996,0,0,0,0,0,0,0,0,0,0
510501,3,1,1996,0,0,0,0,0,0,0,0,0,0
510502,0,1,1996,0,0,0,0,0,0,0,0,0,0
510502,0,2,1996,0,0,0,0,0,0,0,0,0,0
510502,1,1,1996,0,0,0,0,0,0,0,0,0,0
510503,1,1,1996,12,16,21,26,17,14,25,14,8,7
510503,2,1,1996,0,0,0,0,0,0,0,0,0,0
510504,1,1,1996,14,0,0,0,0,0,0,0,0,0
510504,2,1,1996,0,0,0,0,0,0,0,0,0,0
510505,1,1,1996,0,0,9,0,0,7,0,0,0,0
510506,1,1,1996,0,15,17,12,20,18,10,10,18,9
510507,1,1,1996,19,19,19,19,19,19,19,19,19,19
510508,1,1,1996,0,0,0,0,0,0,0,0,0,0
510509,1,1,1996,12,12,12,12,12,12,12,12,12,12
510510,1,1,1996,0,0,0,0,0,0,0,0,0,0
510510,2,1,1996,0,0,0,0,0,0,0,0,0,0
510511,1,1,1996,0,0,0,0,0,0,0,0,0,0
510511,2,1,1996,0,0,24,0,0,0,0,0,0,0
510512,1,1,1996,0,0,0,0,0,0,0,0,0,0
510513,1,1,1996,0,0,0,0,17,0,0,0,0,0
510514,1,1,1996,18,18,18,18,18,18,18,18,18,18
510516,1,1,1996,0,0,0,3,0,0,0,4,0,0
510517,1,1,1996,0,0,0,0,0,0,0,0,0,0
510517,2,1,1996,22,14,4,17,19,5,12,15,14,9
510518,1,1,1996,0,0,0,0,0,0,0,0,0,0
510518,2,1,1996,0,0,0,0,0,0,0,0,0,0
510519,1,1,1996,0,0,0,0,0,0,0,0,0,0
510519,2,1,1996,0,0,0,0,0,0,0,0,0,0
510520,1,1,1996,0,0,0,0,0,0,0,0,0,0
510521,1,1,1996,21,23,7,26,20,31,9,17,30,25
510522,0,1,1996,0,0,0,0,0,12,0,11,4,0
510522,1,1,1996,0,0,0,0,0,0,0,0,0,0
510522,2,1,1996,0,0,0,0,0,0,0,0,0,0
510522,4,1,1996,0,0,0,0,0,0,0,0,0,0
510522,5,1,1996,0,0,0,0,0,0,0,0,0,0
510522,6,1,1996,0,0,0,0,0,0,0,0,0,0
510523,1,1,1996,12,8,15,22,13,22,12,6,14,13
510523,2,1,1996,26,26,26,26,26,26,26,26,26,26
510524,1,1,1996,0,0,0,0,0,0,0,0,0,0
510525,1,1,1996,30,30,30,30,30,30,30,30,30,30
510526,1,1,1996,0,0,0,0,0,0,0,0,0,0
510526,2,1,1996,9,9,9,9,9,9,9,9,9,9
510527,1,1,1996,2,2,2,2,2,2,2,2,2,2
510528,1,1,1996,0,0,0,0,0,0,0,0,0,0
510529,1,1,1996,0,0,0,0,0,0,0,0,0,0
510530,1,1,1996,0,0,0,0,0,0,0,0,0,0
510531,1,1,1996,0,0,0,0,0,0,0,0,0,0
510531,2,1,1996,0,0,0,0,0,0,0,0,0,0
510532,1,1,1996,0,0,0,0,0,0,0,0,0,0
510532,2,1,1996,0,0,0,0,0,0,0,0,0,0
510533,1,1,1996,0,0,0,14,0,0,0,0,0,0
510533,2,1,1996,0,0,0,0,0,0,0,0,0,0
510534,1,1,1996,0,0,0,0,0,0,0,0,0,0
510534,2,1,1996,0,0,0,0,0,0,0,0,0,0
510535,0,1,1996,0,0,0,0,0,0,0,0,0,0
510535,1,1,1996,2,23,0,0,0,26,0,0,0,0
510536,1,1,1996,0,12,30,21,15,14,6,17,10,21
510537,1,1,1996,0,0,0,0,0,0,0,0,0,0
510537,2,1,1996,0,0,0,0,0,0,0,0,0,0
510538,1,1,1996,20,0,29,29,12,7,26,16,25,14
510539,0,1,1996,0,0,0,0,0,0,0,0,0,0
510539,1,1,1996,0,0,0,0,0,0,0,0,0,0
510540,1,1,1996,0,0,0,0,0,0,0,0,0,0
510541,1,1,1996,31,14,9,0,14,0,7,0,16,17
510541,2,1,1996,0,0,0,0,0,0,0,0,0,0
510541,3,1,1996,3,3,3,3,3,3,3,3,3,3
510542,1,1,1996,0,0,0,0,0,0,0,0,0,0
510542,2,1,1996,0,0,0,0,0,0,0,0,0,0
510543,1,1,1996,10,7,18,11,5,9,13,6,32,11
510544,0,1,1996,23,0,18,18,10,28,0,27,30,28
510544,1,1,1996,0,0,0,0,0,0,0,0,0,0
510545,0,1,1996,0,0,0,0,0,0,0,0,0,0
510545,1,1,1996,0,0,0,0,0,0,0,0,0,0
510546,1,1,1996,0,0,0,0,0,0,0,0,0,0
510546,2,1,1996,0,0,19,6,5,17,13,16,5,16
510547,1,1,1996,0,0,0,0,0,0,0,0,0,0
510548,1,1,1996,0,0,0,0,0,0,0,0,0,0
510548,2,1,1996,0,0,29,0,0,0,0,0,0,0
510549,1,1,1996,0,0,0,0,0,0,0,0,0,0
510549,2,1,1996,0,0,0,0,0,0,0,0,0,0
510550,1,1,1996,0,0,0,0,0,0,0,0,23,0
510551,1,1,1996,0,0,0,0,0,0,0,0,0,0
510551,2,1,1996,0,27,0,0,0,0,0,0,0,13
510552,0,1,1996,0,0,0,0,0,0,0,0,0,0
510552,1,1,1996,0,0,0,0,0,0,0,0,0,0
510553,1,1,1996,0,0,0,0,0,0,0,0,0,0
510553,2,1,1996,0,0,0,0,0,0,0,0,0,0
510554,1,1,1996,0,0,0,0,0,0,0,0,0,0
510554,2,1,1996,0,0,0,0,0,0,0,0,0,0
510555,0,1,1996,0,0,0,0,0,0,0,0,0,0
510555,1,1,1996,0,0,0,0,0,0,0,0,0,0
510556,1,1,1996,0,0,0,0,0,0,0,0,0,0
510556,2,1,1996,0,0,0,0,0,0,0,0,0,0
510557,1,1,1996,0,0,0,0,0,0,0,0,0,0
510558,0,1,1996,0,0,0,0,0,0,36,0,0,0
510558,1,1,1996,0,0,0,0,0,0,0,0,0,0
510559,0,1,1996,0,0,0,0,0,0,0,0,0,0
510559,1,1,1996,0,0,0,0,0,0,0,0,0,0
510560,0,1,1996,0,0,0,0,0,0,0,0,0,0
510560,1,1,1996,0,0,0,0,0,0,0,0,0,0
510561,1,1,1996,0,0,0,0,0,0,0,0,0,0
510561,2,1,1996,5,5,14,20,20,8,13,11,13,17
510562,1,1,1996,0,0,0,0,0,0,0,0,0,0
510562,2,1,1996,0,0,0,0,0,0,0,0,0,0
510563,1,1,1996,0,0,0,24,0,0,0,0,0,0
510564,1,1,1996,0,0,0,0,11,0,0,0,0,0
510564,2,1,1996,9,9,9,9,9,9,9,9,9,9
510565,1,1,1996,0,0,0,0,0,0,0,0,0,0
510565,2,1,1996,0,0,0,0,0,0,0,0,0,0
510566,1,1,1996,0,0,0,0,0,0,0,0,0,0
510566,2,1,1996,0,0,0,0,0,0,0,0,0,0
510567,1,1,1996,0,0,0,0,0,0,0,17,0,0
510568,1,1,1996,0,0,0,0,0,0,0,0,0,0
510568,2,1,1996,0,0,0,0,0,0,0,0,0,0
510569,1,1,1996,0,0,0,0,0,0,0,0,0,0
510570,1,1,1996,26,26,26,26,26,26,26,26,26,26
510571,1,1,1996,0,0,0,0,0,0,0,0,0,0
510571,2,1,1996,0,0,0,0,0,0,0,0,0,0
510572,0,1,1996,0,0,0,0,0,0,0,0,0,0
510572,1,1,1996,0,0,0,0,0,0,0,0,0,0
510573,1,1,1996,23,23,23,23,23,23,23,23,23,23
510574,1,1,1996,0,0,0,0,0,0,0,0,0,0
510574,2,1,1996,8,9,22,0,0,17,0,14,24,28
510575,1,1,1996,9,10,0,14,10,15,13,16,11,10
510576,1,1,1996,0,0,0,0,0,0,0,0,0,0
510576,2,1,1996,0,0,0,0,0,0,0,0,0,0
510577,1,1,1996,27,27,27,27,27,27,27,27,27,27
510578,0,1,1996,0,0,0,0,0,0,0,0,0,0
510578,1,1,1996,0,0,0,0,0,0,0,0,19,0
510579,1,1,1996,0,0,0,0,0,0,0,0,0,0
510579,2,1,1996,0,26,0,0,0,0,0,0,0,0
510580,0,1,1996,0,0,0,0,0,0,0,0,0,0
510580,0,2,1996,0,0,0,0,0,0,0,0,0,0
510580,1,1,1996,0,0,0,0,0,0,0,0,0,0
510581,1,1,1996,0,0,0,0,0,0,0,0,0,0
510581,2,1,1996,4,4,4,4,4,4,4,4,4,4
510582,1,1,1996,2,10,12,12,6,12,0,7,10,10
510583,1,1,1996,0,0,0,0,0,0,0,0,0,0
510583,2,1,1996,0,0,0,0,0,0,0,0,0,0
510584,0,1,1996,25,13,21,20,26,0,0,23,24,0
510584,1,1,1996,0,0,0,0,0,0,0,0,0,0
510585,1,1,1996,0,0,0,0,0,0,0,0,0,0
510585,2,1,1996,0,0,0,12,10,6,0,0,17,0
510586,1,1,1996,6,29,3,16,25,17,24,11,10,18
510586,2,1,1996,0,0,0,0,0,0,0,0,0,0
510587,1,1,1996,0,0,0,0,0,0,0,0,0,0
510588,1,1,1996,0,0,0,0,0,0,0,0,0,0
510589,1,2,1996,0,0,0,0,0,0,0,0,0,0
510589,2,1,1996,0,0,0,0,0,0,0,0,0,0
510590,1,1,1996,13,13,13,13,13,13,13,13,13,13
510591,1,1,1996,18,18,16,14,11,24,18,10,18,6
510591,2,1,1996,0,0,0,0,0,0,0,0,0,0
510592,0,1,1996,11,11,11,11,11,11,11,11,11,11
510593,1,1,1996,0,0,15,0,0,0,23,0,0,0
510594,0,1,1996,24,29,16,19,22,12,20,22,13,38
510594,1,1,1996,0,0,0,0,0,0,0,0,0,0
510595,0,1,1996,32,32,32,32,32,32,32,32,32,32
510595,1,1,1996,0,0,0,0,0,0,0,0,0,0
510596,0,1,1996,0,0,0,0,0,0,0,0,0,0
510596,1,1,1996,0,0,0,0,0,0,0,0,0,0
510597,1,1,1996,0,0,9,0,0,0,0,0,0,0
510597,2,1,1996,0,0,0,0,0,0,0,0,0,0
510597,3,1,1996,0,0,0,0,0,0,0,0,0,0
510598,1,1,1996,4,26,14,21,19,30,26,14,24,9
510599,1,1,1996,0,0,22,20,12,0,0,5,0,0
510600,1,1,1996,7,11,20,0,13,29,0,0,0,0
510601,1,1,1996,0,0,0,0,0,0,0,0,0,0
510601,2,1,1996,0,0,0,0,0,0,0,0,0,0
510601,3,1,1996,0,0,0,0,0,0,0,14,0,0
510602,1,1,1996,0,0,0,0,0,0,0,0,0,0
510603,0,1,1996,26,26,26,26,26,26,26,26,26,26
510603,1,1,1996,0,0,0,0,0,0,0,0,0,0
510604,1,1,1996,0,0,0,0,0,0,0,13,0,0
510604,2,1,1996,0,0,0,0,0,0,0,0,0,0
510604,3,1,1996,0,0,0,0,0,0,0,0,0,0
510605,0,1,1996,0,0,0,0,0,0,0,0,0,0
510605,1,1,1996,0,0,0,0,0,0,0,0,0,0
510606,1,1,1996,0,0,0,0,0,0,0,0,0,0
510606,2,1,1996,0,4,0,0,0,0,0,0,0,0
510607,1,1,1996,0,0,0,0,0,0,0,0,0,0
510607,2,1,1996,0,0,0,0,0,0,0,0,0,0
510608,0,1,1996,0,0,0,0,0,0,0,0,0,0
510608,1,1,1996,0,0,0,0,0,0,0,0,0,0
510609,1,1,1996,0,0,0,0,0,0,0,0,0,0
510610,1,1,1996,0,0,0,0,0,0,0,0,0,0
510611,1,1,1996,0,0,0,0,0,0,0,0,0,0
510611,2,1,1996,0,23,0,0,0,0,0,0,0,0
510612,1,1,1996,20,20,20,20,20,20,20,20,20,20
510613,1,1,1996,0,0,0,0,0,0,0,0,0,0
510613,2,1,1996,0,0,0,0,0,0,0,0,0,0
510614,1,1,1996,0,0,0,0,0,0,0,0,0,0
510614,2,1,1996,29,29,29,29,29,29,29,29,29,29
510615,1,1,1996,32,0,0,0,0,0,0,0,0,0
510616,1,1,1996,0,0,0,0,0,0,0,0,0,0
510616,2,1,1996,0,0,0,0,0,0,0,0,0,0
510616,3,1,1996,0,0,0,0,0,0,0,0,0,0
510617,1,1,1996,0,0,0,0,0,0,0,0,0,0
510617,2,1,1996,0,0,0,0,0,0,0,0,0,0
510618,1,1,1996,13,19,19,11,14,11,12,8,26,25
510618,2,1,1996,0,0,0,0,18,0,0,0,0,0
510618,3,1,1996,0,0,0,0,0,0,0,0,0,0
510619,1,1,1996,16,23,26,12,4,17,3,13,11,13
510620,1,1,1996,18,18,18,18,18,18,18,18,18,18
510621,1,1,1996,12,12,12,12,12,12,12,12,12,12
510621,2,1,1996,3,10,0,4,7,7,6,9,9,12
510622,1,1,1996,0,0,0,0,0,0,0,0,0,0
510622,2,1,1996,0,0,0,0,0,0,0,0,0,0
510623,0,1,1996,0,0,0,0,0,0,0,0,0,0
510623,1,1,1996,0,0,0,0,0,0,0,0,0,0
510624,0,1,1996,0,0,0,0,0,0,0,0,0,0
510624,0,2,1996,0,0,0,0,0,0,0,0,0,0
510624,1,1,1996,0,0,11,0,0,0,0,0,0,0
510625,1,1,1996,0,0,0,0,0,0,0,0,7,0
510625,2,1,1996,0,0,0,0,0,0,0,0,0,0
510626,1,1,1996,32,32,32,32,32,32,32,32,32,32
510626,2,1,1996,0,0,18,0,0,17,0,10,0,14
510627,1,1,1996,23,21,2,0,17,17,4,24,15,18
510628,1,1,1996,16,16,16,16,16,16,16,16,16,16
510629,1,1,1996,10,10,10,10,10,10,10,10,10,10
510630,1,1,1996,0,0,0,0,0,0,0,0,0,0
510630,2,1,1996,0,0,0,0,0,0,0,0,0,0
510631,1,1,1996,14,14,14,14,14,14,14,14,14,14
510632,1,1,1996,0,0,0,0,0,0,0,0,7,0
510632,2,1,1996,0,0,0,0,0,0,0,0,0,0
510633,1,1,1996,0,0,0,0,0,0,0,0,0,0
510633,2,1,1996,0,0,0,0,0,0,0,0,0,0
510633,3,1,1996,0,0,0,0,0,0,0,0,0,0
510634,1,1,1996,20,20,20,20,20,20,20,20,20,20
510635,1,1,1996,31,31,31,31,31,31,31,31,31,31
510636,1,1,1996,0,0,0,0,0,0,0,0,0,0
510637,0,1,1996,0,0,0,0,0,0,0,0,0,0
510637,1,1,1996,0,0,0,0,0,0,0,19,18,0
510638,0,1,1996,0,0,0,0,0,0,0,0,0,0
510638,1,1,1996,0,0,0,0,0,0,0,0,0,0
510639,1,1,1996,13,0,0,0,0,0,0,0,0,0
510639,2,1,1996,0,0,0,0,0,0,0,0,0,0
510640,1,1,1996,0,0,0,0,0,0,0,0,0,0
510640,2,1,1996,0,0,0,0,0,0,0,0,0,0
510641,1,1,1996,0,0,0,0,0,0,22,0,0,7
510641,2,1,1996,0,0,0,0,0,0,0,0,0,0
510642,1,1,1996,0,0,0,0,0,0,0,0,0,0
510642,2,1,1996,0,0,0,0,0,0,0,0,0,0
510643,1,1,1996,7,10,37,18,9,14,17,0,9,16
510644,1,1,1996,0,0,0,0,0,0,0,0,0,0
510645,1,1,1996,0,6,0,11,9,0,13,0,0,16
510645,2,1,1996,23,17,12,13,9,20,17,27,6,13
510646,0,1,1996,0,0,0,0,0,0,0,0,0,0
510646,1,1,1996,0,0,0,0,0,0,0,0,0,0
510647,1,1,1996,0,0,0,0,0,0,0,0,0,0
510647,2,1,1996,0,0,22,0,0,0,0,0,0,0
510648,1,1,1996,16,16,16,16,16,16,16,16,16,16
510649,1,1,1996,0,0,0,0,0,0,0,0,0,0
510649,2,1,1996,0,0,0,0,0,0,0,0,0,0
510649,3,1,1996,0,0,0,0,0,0,0,0,0,0
510650,1,1,1996,0,0,0,0,0,0,0,0,0,0
510650,2,1,1996,0,0,0,0,0,0,0,0,0,0
510651,1,1,1996,0,0,0,0,0,0,0,0,0,0