ST_CASE,VEH_NO,PER_NO,YEAR,P1,P2,P3,P4,P5,P6,P7,P8,P9,P10
530097,0,1,1996,25,25,25,25,25,25,25,25,25,25
530097,1,1,1996,0,0,0,0,0,0,0,0,0,0
530098,1,1,1996,12,12,12,12,12,12,12,12,12,12
530099,1,1,1996,35,35,35,35,35,35,35,35,35,35
530100,1,1,1996,0,0,0,0,0,0,0,0,0,0
530101,1,1,1996,0,0,0,0,0,0,0,0,0,0
530101,2,1,1996,0,0,0,0,0,0,0,0,0,0
530102,1,1,1996,0,0,0,0,0,0,0,0,0,0
530103,1,1,1996,6,6,6,6,6,6,6,6,6,6
530103,2,1,1996,0,0,0,0,0,0,0,0,0,0
530104,1,1,1996,13,13,13,13,13,13,13,13,13,13
530105,1,1,1996,0,0,0,0,0,0,0,0,0,0
530105,2,1,1996,0,0,0,0,0,0,0,0,0,0
530106,1,1,1996,28,28,28,28,28,28,28,28,28,28
530106,2,1,1996,7,7,7,7,7,7,7,7,7,7
530107,1,1,1996,11,0,10,18,2,0,9,13,6,18
530108,1,1,1996,0,0,0,0,0,0,0,0,0,0
530108,2,1,1996,0,0,0,0,0,0,0,0,0,0
530109,1,1,1996,0,0,0,0,0,0,0,0,0,6
530109,2,1,1996,4,0,0,0,22,9,0,0,0,17
530110,0,1,1996,27,27,27,27,27,27,27,27,27,27
530110,1,1,1996,19,22,21,2,0,11,19,21,15,21
530111,1,1,1996,0,0,0,0,0,0,0,0,0,0
530111,2,1,1996,0,0,0,0,0,0,0,0,0,0
530111,3,1,1996,0,0,0,0,0,0,0,0,0,0
530111,4,1,1996,0,0,0,0,2,0,0,0,17,0
530112,1,1,1996,0,0,0,0,0,0,0,0,0,0
530112,2,1,1996,0,0,0,0,0,0,0,0,0,0
530112,3,1,1996,0,0,0,0,0,0,0,0,25,0
530113,1,1,1996,0,0,0,0,0,0,0,0,0,0
530113,2,1,1996,0,0,0,0,0,0,0,0,0,0
530114,1,1,1996,23,23,23,23,23,23,23,23,23,23
530115,1,1,1996,14,14,14,14,14,14,14,14,14,14
530115,2,1,1996,16,16,16,16,16,16,16,16,16,16
530116,1,1,1996,0,0,0,0,0,0,0,0,0,0
530116,2,1,1996,0,0,0,17,0,0,0,0,0,0
530117,1,1,1996,14,14,14,14,14,14,14,14,14,14
530118,0,1,1996,0,0,0,0,0,0,0,0,0,0
530118,1,1,1996,0,0,0,0,0,0,0,0,0,0
530119,0,1,1996,0,0,0,0,0,0,0,0,0,0
530119,1,1,1996,0,0,0,0,0,0,0,0,0,0
530120,1,1,1996,0,0,0,0,0,0,0,0,0,0
530120,2,1,1996,0,0,0,0,0,0,0,0,0,0
530121,1,1,1996,23,23,23,23,23,23,23,23,23,23
530122,1,1,1996,19,19,19,19,19,19,19,19,19,19
530123,1,1,1996,0,0,0,0,0,0,0,0,0,0
530123,2,1,1996,0,0,0,0,0,0,0,0,0,0
530123,3,1,1996,0,0,0,0,0,0,0,0,49,0
530124,1,1,1996,0,0,0,0,0,0,0,0,0,0
530124,2,1,1996,0,0,0,0,0,0,0,0,0,0
530125,1,1,1996,10,10,10,10,10,10,10,10,10,10
530125,2,1,1996,0,0,0,0,0,0,0,0,0,0
530125,3,1,1996,0,0,0,0,0,0,0,0,0,0
530127,1,1,1996,27,27,27,27,27,27,27,27,27,27
530128,0,1,1996,19,19,19,19,19,19,19,19,19,19
530128,1,1,1996,0,0,0,0,0,0,0,0,0,0
530129,1,1,1996,0,0,0,0,0,0,0,0,0,0
530129,2,1,1996,0,0,0,0,0,0,0,0,0,0
530131,1,1,1996,0,0,0,0,0,0,0,0,0,0
530131,2,1,1996,0,0,0,0,0,0,0,0,0,0
530132,1,1,1996,0,12,0,0,0,0,0,0,0,0
530132,2,1,1996,20,20,20,20,20,20,20,20,20,20
530133,1,1,1996,19,19,19,19,19,19,19,19,19,19
530134,0,1,1996,0,0,0,0,0,0,0,0,0,0
530134,1,1,1996,9,15,22,17,7,15,9,24,14,37
530135,1,1,1996,0,0,0,0,0,0,0,0,0,0
530135,2,1,1996,0,0,0,0,0,0,0,0,0,0
530136,1,1,1996,21,21,21,21,21,21,21,21,21,21
530137,1,1,1996,0,0,0,0,0,0,0,0,0,0
530137,2,1,1996,0,0,0,0,0,0,0,0,0,0
530137,3,1,1996,0,0,0,0,0,0,0,0,0,0
530138,1,1,1996,24,24,24,24,24,24,24,24,24,24
530139,1,1,1996,19,19,19,19,19,19,19,19,19,19
530140,1,1,1996,0,0,18,0,0,0,0,0,0,0
530140,2,1,1996,0,0,0,0,0,0,0,0,0,0
530141,1,1,1996,9,9,9,9,9,9,9,9,9,9
530143,1,1,1996,12,12,12,12,12,12,12,12,12,12
530144,1,1,1996,14,14,14,14,14,14,14,14,14,14
530145,1,1,1996,4,4,4,4,4,4,4,4,4,4
530146,1,1,1996,0,0,0,0,0,0,0,0,0,0
530147,1,1,1996,4,4,4,4,4,4,4,4,4,4
530149,1,1,1996,22,22,22,22,22,22,22,22,22,22
530150,1,1,1996,11,11,11,11,11,11,11,11,11,11
530150,2,1,1996,0,0,0,0,0,0,0,8,0,0
530151,0,1,1996,9,5,28,19,10,0,0,25,0,15
530151,1,1,1996,16,16,16,16,16,16,16,16,16,16
530152,1,1,1996,0,0,0,0,0,0,0,0,0,0
530153,1,1,1996,0,0,0,0,0,0,0,4,0,0
530153,2,1,1996,0,0,0,0,0,6,0,0,0,0
530153,3,1,1996,0,0,0,0,0,0,0,0,0,0
530153,4,1,1996,0,0,0,0,0,0,0,0,0,0
530154,1,1,1996,19,19,19,19,19,19,19,19,19,19
530155,1,1,1996,0,0,0,0,0,0,0,0,0,0
530155,2,1,1996,0,0,0,0,0,0,0,0,0,0
530156,1,1,1996,0,0,0,0,0,0,0,0,0,0
530156,2,1,1996,20,20,20,20,20,20,20,20,20,20
530157,1,1,1996,8,8,8,8,8,8,8,8,8,8
530157,2,1,1996,0,0,9,0,0,0,0,0,0,0
530158,1,1,1996,0,0,0,0,0,0,0,0,0,0
530159,1,1,1996,17,17,17,17,17,17,17,17,17,17
530160,1,1,1996,0,0,0,0,0,0,0,0,0,0
530160,2,1,1996,0,0,0,0,0,0,0,0,0,0
530161,1,1,1996,0,0,0,0,0,0,0,0,0,0
530162,1,1,1996,12,7,0,0,0,0,0,0,0,0
530162,2,1,1996,15,0,0,0,0,0,0,0,0,0
530162,3,1,1996,0,0,0,0,0,0,0,0,0,0
530163,0,1,1996,0,0,0,0,0,0,0,0,0,0
530163,1,1,1996,0,0,0,0,0,0,0,0,0,0
530165,1,1,1996,0,0,0,0,0,0,0,0,0,0
530166,0,1,1996,0,0,0,0,0,0,0,0,0,0
530166,1,1,1996,0,0,0,0,0,0,0,0,0,0
530167,1,1,1996,8,8,8,8,8,8,8,8,8,8
530168,1,1,1996,0,0,0,0,0,0,0,0,0,0
530169,1,1,1996,10,10,10,10,10,10,10,10,10,10
530169,2,1,1996,0,0,0,0,16,0,0,0,0,0
530170,1,1,1996,0,0,0,0,0,0,0,0,0,0
530170,2,1,1996,0,0,0,0,0,0,0,0,0,0
530171,1,1,1996,37,37,37,37,37,37,37,37,37,37
530171,2,1,1996,0,0,0,0,0,0,0,0,0,0
530172,1,1,1996,0,0,0,0,0,0,0,0,0,0
530172,2,1,1996,0,0,0,0,0,0,0,11,0,0
530173,1,1,1996,33,33,33,33,33,33,33,33,33,33
530174,1,1,1996,25,25,25,25,25,25,25,25,25,25
530175,1,1,1996,0,0,0,0,0,0,0,0,0,0
530176,1,1,1996,0,0,0,0,0,0,0,0,0,0
530176,2,1,1996,0,0,0,0,0,0,0,0,0,0
530177,1,1,1996,18,37,27,38,38,23,14,25,16,21
530178,1,1,1996,0,0,0,0,0,0,0,0,0,0
530178,2,1,1996,0,0,0,0,0,0,0,0,0,0
530179,1,1,1996,0,0,0,0,0,0,0,0,0,0
530180,1,1,1996,0,0,0,0,0,0,0,0,0,0
530180,2,1,1996,0,0,0,0,0,0,0,0,0,0
530180,3,1,1996,0,0,0,0,0,0,0,0,0,0
530181,1,1,1996,16,16,16,16,16,16,16,16,16,16
530181,2,1,1996,0,0,0,0,0,0,0,0,0,0
530182,1,1,1996,14,14,14,14,14,14,14,14,14,14
530183,1,1,1996,0,0,0,0,0,0,0,0,0,0
530183,2,1,1996,0,0,0,0,0,0,0,0,0,0
530183,3,1,1996,0,0,0,0,0,0,0,0,0,0
530183,4,1,1996,0,0,0,0,0,0,0,0,0,0
530183,5,1,1996,0,0,0,0,0,0,0,0,0,0
530183,6,1,1996,0,0,0,0,0,0,0,0,0,0
530183,7,1,1996,0,0,0,0,0,0,0,0,0,0
530184,1,1,1996,0,0,0,0,0,0,0,0,0,0
530185,1,1,1996,38,38,38,38,38,38,38,38,38,38
530185,2,1,1996,0,0,0,0,0,0,7,0,0,0
530186,1,1,1996,22,22,22,22,22,22,22,22,22,22
530187,1,1,1996,26,26,26,26,26,26,26,26,26,26
530188,1,1,1996,0,0,0,0,0,0,0,0,0,0
530188,2,1,1996,0,0,0,0,0,0,0,0,0,0
530189,1,1,1996,0,0,0,0,0,0,0,0,0,0
530189,2,1,1996,0,0,0,0,0,0,0,0,6,0
530190,1,1,1996,0,0,0,0,0,0,0,0,0,0
530191,1,1,1996,9,0,13,0,0,0,0,8,0,26
530191,2,1,1996,0,0,0,0,0,0,0,0,0,0
530192,1,1,1996,0,0,12,0,0,0,0,0,0,0
530192,2,1,1996,0,0,0,0,0,0,0,0,0,0
530192,3,1,1996,0,0,0,0,0,14,0,0,0,0
530193,1,1,1996,3,3,3,3,3,3,3,3,3,3
530194,1,1,1996,21,21,21,21,21,21,21,21,21,21
530195,0,1,1996,29,29,29,29,29,29,29,29,29,29
530195,1,1,1996,0,0,0,0,0,0,0,0,0,0
530196,1,1,1996,8,8,8,8,8,8,8,8,8,8
530196,2,1,1996,0,0,0,0,0,0,0,0,0,0
530197,1,1,1996,0,0,0,0,0,0,0,0,0,9
530198,1,1,1996,21,21,21,21,21,21,21,21,21,21
530199,1,1,1996,0,0,0,0,0,0,0,0,0,0
530199,2,1,1996,0,0,0,0,0,0,0,0,0,0
530200,1,1,1996,34,0,0,0,0,0,0,0,12,0
530201,1,1,1996,0,0,0,0,0,0,0,0,0,0
530201,2,1,1996,0,0,0,0,0,0,0,0,0,0
530202,1,1,1996,0,0,0,0,0,0,0,0,0,0
530202,2,1,1996,0,0,0,0,0,0,0,0,0,0
530203,1,1,1996,0,8,0,0,0,0,0,0,0,0
530203,2,1,1996,0,0,0,0,0,0,0,0,0,0
530204,1,1,1996,15,23,19,19,26,23,28,31,22,24
530205,1,1,1996,16,16,16,16,16,16,16,16,16,16
530205,2,1,1996,19,19,19,19,19,19,19,19,19,19
530206,1,1,1996,26,26,26,26,26,26,26,26,26,26
530206,2,1,1996,0,0,0,0,0,0,0,0,0,0
530207,1,1,1996,10,10,10,10,10,10,10,10,10,10
530208,1,1,1996,2,2,2,2,2,2,2,2,2,2
530208,2,1,1996,0,0,9,0,0,0,0,0,0,0
530209,0,1,1996,0,0,0,0,0,0,0,0,0,0
530209,1,1,1996,0,0,0,0,0,0,0,0,0,0
530210,1,1,1996,26,26,26,26,26,26,26,26,26,26
530210,2,1,1996,0,0,0,0,0,0,0,0,0,0
530211,1,1,1996,21,21,21,21,21,21,21,21,21,21
530212,1,1,1996,0,13,4,0,0,0,11,0,0,0
530212,2,1,1996,0,3,0,0,0,0,0,0,0,0
530213,1,1,1996,8,8,8,8,8,8,8,8,8,8
530214,1,1,1996,2,2,2,2,2,2,2,2,2,2
530215,0,1,1996,0,0,0,0,0,0,0,0,0,0
530215,1,1,1996,0,0,0,0,0,0,0,0,0,0
530216,1,1,1996,6,6,6,6,6,6,6,6,6,6
530216,2,1,1996,0,0,0,0,0,0,0,0,0,0
530217,0,1,1996,30,30,30,30,30,30,30,30,30,30
530217,1,1,1996,19,19,19,19,19,19,19,19,19,19
530218,1,1,1996,20,20,20,20,20,20,20,20,20,20
530219,1,1,1996,14,14,14,14,14,14,14,14,14,14
530219,2,1,1996,0,0,0,0,0,0,0,0,0,0
530220,1,1,1996,0,0,0,0,0,0,0,0,0,0
530220,2,1,1996,0,0,0,0,0,0,0,15,0,0
530221,0,1,1996,0,15,0,0,0,0,0,0,0,0
530221,1,1,1996,0,0,0,0,0,0,0,0,0,0
530222,1,1,1996,0,0,0,0,0,0,6,0,0,0
530223,1,1,1996,17,17,17,17,17,17,17,17,17,17
530224,1,1,1996,15,15,15,15,15,15,15,15,15,15
530225,1,1,1996,0,0,0,0,0,0,0,0,0,0
530226,1,1,1996,13,13,13,13,13,13,13,13,13,13
530227,1,1,1996,15,15,15,15,15,15,15,15,15,15
530228,1,1,1996,28,28,28,28,28,28,28,28,28,28
530229,1,1,1996,27,27,27,27,27,27,27,27,27,27
530230,1,1,1996,0,0,0,0,0,0,0,0,0,0
530231,0,1,1996,21,21,21,21,21,21,21,21,21,21
530231,1,1,1996,0,0,0,0,0,0,0,0,0,0
530232,0,1,1996,0,0,0,0,4,0,0,0,0,0
530232,1,1,1996,0,0,0,0,0,0,0,0,0,0
530233,1,1,1996,11,11,11,11,11,11,11,11,11,11
530234,0,1,1996,0,0,0,0,26,0,0,0,0,0
530234,1,1,1996,0,0,0,0,0,0,0,0,0,0
530235,1,1,1996,9,9,9,9,9,9,9,9,9,9
530236,1,1,1996,0,0,0,0,0,0,0,0,0,0
530237,1,1,1996,16,16,16,16,16,16,16,16,16,16
530238,1,1,1996,0,0,0,0,0,0,0,0,0,0
530239,1,1,1996,15,15,15,15,15,15,15,15,15,15
530240,1,1,1996,0,0,0,0,0,0,0,0,0,0
530241,1,1,1996,0,0,0,0,0,0,0,0,0,0
530241,2,1,1996,0,0,0,0,0,0,0,0,0,0
530241,3,1,1996,0,0,0,0,0,0,0,0,0,0
530242,1,1,1996,7,7,7,7,7,7,7,7,7,7
530243,1,1,1996,0,0,0,0,0,0,0,0,0,0
530243,2,1,1996,0,0,0,0,0,0,0,0,0,0
530243,3,1,1996,0,0,0,0,0,0,0,0,0,0
530245,1,1,1996,20,20,20,20,20,20,20,20,20,20
530245,2,1,1996,0,0,0,0,0,0,0,0,0,9
530245,3,1,1996,0,0,8,0,0,0,0,0,0,0
530246,1,1,1996,0,0,0,0,0,0,0,0,0,0
530246,2,1,1996,0,0,0,0,0,0,0,0,0,0
530247,1,1,1996,0,0,0,0,16,0,0,0,0,0
530247,2,1,1996,0,0,0,0,0,0,0,0,0,0
530247,3,1,1996,0,0,0,0,0,0,0,0,0,0
530248,1,1,1996,0,0,0,0,0,0,0,0,27,0
530248,2,1,1996,13,0,0,0,0,0,0,0,0,0
530249,1,1,1996,14,14,14,14,14,14,14,14,14,14
530249,2,1,1996,0,0,0,0,0,0,0,0,0,0
530250,1,1,1996,0,0,0,0,0,0,0,0,0,0
530251,1,1,1996,0,0,0,0,0,0,0,0,0,0
530252,1,1,1996,22,22,22,22,22,22,22,22,22,22
530253,1,1,1996,0,0,0,0,0,0,0,0,0,0
530253,2,1,1996,0,0,0,0,0,0,0,0,0,0
530253,3,1,1996,0,0,0,0,0,0,0,0,0,0
530254,1,1,1996,0,0,0,0,0,0,0,0,0,0
530254,2,1,1996,0,0,0,0,0,0,0,0,0,0
530255,1,1,1996,13,20,0,17,0,23,8,2,6,17
530255,2,1,1996,0,0,0,0,0,0,0,0,0,0
530256,1,1,1996,11,29,27,8,10,19,13,14,0,15
530257,1,1,1996,0,0,0,0,0,0,0,0,0,0
530258,1,1,1996,19,19,19,19,19,19,19,19,19,19
530259,1,1,1996,5,5,5,5,5,5,5,5,5,5
530260,1,1,1996,22,22,22,22,22,22,22,22,22,22
530260,2,1,1996,0,0,0,0,0,0,0,0,0,0
530261,1,1,1996,10,10,10,10,10,10,10,10,10,10
530262,0,1,1996,0,0,0,0,0,0,0,0,0,0
530262,1,1,1996,0,0,0,0,0,0,0,0,0,0
530263,1,1,1996,0,0,0,0,0,0,0,0,0,0
530264,1,1,1996,0,0,0,0,0,0,0,0,0,0
530265,1,1,1996,16,16,16,16,16,16,16,16,16,16
530265,2,1,1996,0,0,0,0,0,0,0,0,0,0
530266,1,1,1996,13,13,13,13,13,13,13,13,13,13
530267,1,1,1996,27,27,27,27,27,27,27,27,27,27
530268,1,1,1996,0,0,0,0,0,0,0,0,0,0
530268,2,1,1996,0,0,0,0,0,0,0,0,0,0
530269,1,1,1996,0,0,19,0,0,0,0,0,0,0
530270,0,1,1996,13,13,13,13,13,13,13,13,13,13
530270,1,1,1996,0,0,0,11,0,0,13,0,0,19
530271,1,1,1996,31,31,31,31,31,31,31,31,31,31
530271,2,1,1996,0,0,0,0,0,0,0,0,0,0
530272,1,1,1996,0,0,24,0,0,0,0,0,0,0
530272,2,1,1996,24,24,24,24,24,24,24,24,24,24
530273,1,1,1996,14,14,14,14,14,14,14,14,14,14
530274,1,1,1996,30,30,30,30,30,30,30,30,30,30
530275,1,1,1996,22,22,22,22,22,22,22,22,22,22
530276,1,1,1996,18,18,18,18,18,18,18,18,18,18
530276,2,1,1996,0,0,0,0,0,0,0,0,0,0
530276,3,1,1996,0,0,20,0,0,0,23,0,0,0
530276,4,1,1996,0,0,0,0,0,0,0,0,0,0
530277,1,1,1996,0,0,0,0,0,0,0,0,0,0
530278,1,1,1996,11,11,11,11,11,11,11,11,11,11
530279,1,1,1996,17,17,17,17,17,17,17,17,17,17
530280,1,1,1996,16,16,16,16,16,16,16,16,16,16
530281,0,1,1996,0,0,0,0,0,0,0,0,0,0
530281,1,1,1996,0,0,0,0,0,0,0,0,0,0
530282,1,1,1996,0,0,0,0,0,0,0,0,0,0
530282,2,1,1996,0,0,0,0,0,0,0,0,0,0
530283,1,1,1996,17,17,17,17,17,17,17,17,17,17
530284,1,1,1996,0,0,0,0,0,0,0,0,0,0
530284,2,1,1996,0,0,0,0,0,0,0,0,0,0
530285,1,1,1996,10,19,24,0,7,0,0,7,0,0
530286,1,1,1996,0,0,0,0,0,0,0,0,0,0
530286,2,1,1996,0,0,0,0,0,0,0,0,0,0
530287,1,1,1996,23,23,23,23,23,23,23,23,23,23
530288,1,1,1996,0,0,0,0,0,0,0,0,0,0
530288,2,1,1996,0,0,0,0,0,0,0,0,0,0
530289,0,1,1996,0,0,0,0,0,0,0,0,0,0
530289,1,1,1996,2,2,2,2,2,2,2,2,2,2
530290,1,1,1996,11,11,11,11,11,11,11,11,11,11
530291,1,1,1996,0,0,0,0,0,0,0,0,0,0
530291,2,1,1996,0,0,0,0,0,0,0,0,0,0
530292,1,1,1996,16,16,16,16,16,16,16,16,16,16
530293,1,1,1996,0,0,0,0,0,0,0,0,0,0
530294,1,1,1996,0,0,0,0,0,19,0,0,0,0
530295,1,1,1996,0,0,0,0,0,0,0,4,0,0
530296,1,1,1996,15,15,15,15,15,15,15,15,15,15
530297,1,1,1996,0,0,0,0,0,0,0,0,0,0
530297,2,1,1996,0,0,0,0,0,0,0,0,0,0
530298,0,1,1996,0,0,0,0,0,0,0,0,0,0
530298,1,1,1996,0,0,0,0,0,0,0,0,0,0
530299,1,1,1996,0,0,0,0,0,0,0,0,0,0
530299,2,1,1996,0,0,0,0,0,0,0,0,0,0
530300,1,1,1996,0,0,0,0,0,0,0,0,0,0
530300,2,1,1996,0,0,0,0,0,0,0,0,0,0
530301,0,1,1996,0,0,0,0,0,0,0,0,0,0
530301,1,1,1996,0,0,0,0,0,0,0,0,0,0
530302,1,1,1996,15,15,15,15,15,15,15,15,15,15
530302,2,1,1996,0,0,0,0,0,0,0,0,0,0
530303,0,1,1996,21,21,21,21,21,21,21,21,21,21
530303,1,1,1996,0,0,0,0,0,0,0,0,0,0
530304,1,1,1996,20,20,20,20,20,20,20,20,20,20
530305,1,1,1996,19,19,19,19,19,19,19,19,19,19
530306,1,1,1996,14,14,14,14,14,14,14,14,14,14
530307,1,1,1996,0,0,0,0,0,0,0,0,0,18
530308,1,1,1996,0,0,0,0,0,0,0,0,0,0
530308,2,1,1996,0,0,0,0,0,0,0,0,0,0
530309,1,1,1996,0,0,0,0,0,0,0,0,0,0
530310,1,1,1996,16,16,16,16,16,16,16,16,16,16
530311,1,1,1996,0,11,0,17,0,0,0,0,0,10
530312,1,1,1996,0,0,0,0,0,0,0,0,0,0
530312,2,1,1996,0,0,0,0,0,0,0,10,0,0
530314,1,1,1996,20,20,20,20,20,20,20,20,20,20
530314,2,1,1996,0,0,0,0,0,0,0,0,0,0
530315,1,1,1996,0,0,0,0,0,0,0,0,0,0
530315,2,1,1996,0,0,0,0,0,0,0,0,0,0
530316,0,1,1996,12,11,0,10,3,17,6,23,12,20
530316,1,1,1996,0,19,0,0,0,0,0,0,0,0
530317,1,1,1996,17,17,17,17,17,17,17,17,17,17
530318,1,1,1996,8,8,8,8,8,8,8,8,8,8
530318,2,1,1996,0,0,0,0,0,0,0,0,0,0
530319,1,1,1996,0,0,0,0,0,0,0,0,0,0
530319,2,1,1996,0,0,0,0,0,0,0,0,0,0
530320,1,1,1996,23,23,23,23,23,23,23,23,23,23
530321,1,1,1996,28,28,28,28,28,28,28,28,28,28
530322,0,1,1996,9,9,9,9,9,9,9,9,9,9
530322,1,1,1996,0,0,14,0,0,0,0,0,0,0
530323,1,1,1996,12,12,12,12,12,12,12,12,12,12
530324,1,1,1996,0,0,0,0,0,0,0,0,0,0
530325,1,1,1996,29,29,29,29,29,29,29,29,29,29
530326,1,1,1996,14,0,0,16,0,18,0,0,0,19
530327,1,1,1996,0,0,0,0,0,0,0,0,0,0
530328,0,1,1996,0,0,0,0,0,0,0,0,0,0
530328,1,1,1996,0,0,0,0,0,0,0,0,0,0
530329,1,1,1996,0,0,0,0,0,0,0,0,0,0
530329,2,1,1996,0,0,0,0,0,0,0,0,0,0
530329,3,1,1996,0,0,0,0,0,0,0,0,0,0
530329,4,1,1996,0,0,0,0,22,0,0,0,0,0
530330,1,1,1996,28,28,28,28,28,28,28,28,28,28
530331,1,1,1996,0,0,0,0,0,0,0,0,0,0
530332,1,1,1996,0,0,0,0,0,0,0,0,0,0
530332,2,1,1996,0,0,0,0,0,0,0,0,0,0
530333,1,1,1996,0,0,0,0,0,0,0,0,0,0
530333,2,1,1996,0,0,0,0,0,0,0,0,0,0
530334,1,1,1996,13,13,13,13,13,13,13,13,13,13
530335,1,1,1996,0,0,0,0,0,0,0,0,0,0
530336,1,1,1996,17,17,17,17,17,17,17,17,17,17
530336,2,1,1996,0,0,0,0,0,0,0,0,0,0
530337,1,1,1996,10,10,10,10,10,10,10,10,10,10
530338,1,1,1996,24,24,24,24,24,24,24,24,24,24
530339,1,1,1996,19,19,19,19,19,19,19,19,19,19
530339,2,1,1996,0,0,0,0,0,0,0,0,0,0
530340,0,1,1996,0,0,0,0,0,0,0,0,0,0
530340,1,1,1996,0,0,0,0,0,0,0,0,0,0
530341,1,1,1996,9,9,9,9,9,9,9,9,9,9
530342,1,1,1996,0,0,0,0,0,0,0,0,0,0
530342,2,1,1996,0,0,0,0,0,0,0,0,0,0
530343,1,1,1996,26,26,26,26,26,26,26,26,26,26
530343,2,1,1996,0,0,0,0,0,0,0,0,0,0
530344,1,1,1996,0,0,0,0,0,0,0,0,0,0
530344,2,1,1996,0,0,0,0,0,0,0,0,0,0
530345,1,1,1996,0,0,0,0,0,0,0,0,0,0
530346,1,1,1996,0,0,0,0,0,0,0,0,0,0
530347,1,1,1996,3,3,3,3,3,3,3,3,3,3
530347,2,1,1996,0,0,0,13,0,0,0,0,17,0
530347,3,1,1996,0,0,0,0,0,0,0,0,0,0
530348,1,1,1996,0,0,0,0,0,0,0,0,0,0
530348,2,1,1996,0,0,0,0,0,0,0,0,0,0
530349,1,1,1996,0,0,0,0,0,0,0,0,0,0
530350,1,1,1996,18,18,18,18,18,18,18,18,18,18
530350,2,1,1996,0,0,0,0,0,14,0,0,0,0
530350,3,1,1996,0,0,0,0,0,0,0,0,0,0
530351,1,1,1996,23,23,23,23,23,23,23,23,23,23
530351,2,1,1996,0,0,0,0,0,0,0,0,0,0
530352,1,1,1996,0,0,0,0,0,0,0,0,0,0
530353,1,1,1996,0,0,0,0,0,0,0,0,0,0
530354,0,1,1996,0,0,0,0,0,0,0,0,0,0
530354,0,2,1996,0,0,0,0,0,0,0,0,0,0
530354,1,1,1996,17,17,17,17,17,17,17,17,17,17
530355,1,1,1996,0,0,0,0,0,0,0,0,0,0
530355,2,1,1996,0,0,0,0,0,0,0,0,0,0
530356,1,1,1996,10,10,10,10,10,10,10,10,10,10
530357,1,1,1996,0,0,0,0,0,0,0,0,0,0
530357,2,1,1996,0,0,0,0,0,0,0,0,0,0
530358,1,1,1996,0,0,0,0,0,0,0,0,0,0
530359,1,1,1996,0,0,0,0,0,0,0,0,0,0
530359,2,1,1996,0,0,4,0,0,0,0,0,0,0
530360,1,1,1996,30,30,30,30,30,30,30,30,30,30
530361,1,1,1996,5,5,5,5,5,5,5,5,5,5
530362,1,1,1996,14,14,14,14,14,14,14,14,14,14
530363,1,1,1996,20,20,20,20,20,20,20,20,20,20
530364,1,1,1996,18,6,13,13,15,15,12,27,11,23
530365,1,1,1996,0,0,0,0,0,0,0,0,0,0
530365,2,1,1996,0,0,0,0,0,0,0,0,0,0
530366,0,1,1996,0,0,0,0,0,0,0,0,0,0
530366,1,1,1996,0,10,0,0,0,0,0,0,0,0
530367,1,1,1996,0,0,0,0,0,0,0,0,0,0
530368,1,1,1996,0,0,0,0,0,0,0,0,0,0
530369,1,1,1996,30,30,30,30,30,30,30,30,30,30
530370,1,1,1996,0,0,0,0,0,0,0,0,0,0
530371,1,1,1996,0,0,0,0,22,0,0,0,0,0
530371,2,1,1996,0,0,0,0,0,0,0,0,0,0
530372,1,1,1996,22,22,22,22,22,22,22,22,22,22
530372,2,1,1996,0,0,0,0,0,0,0,0,0,0
530372,3,1,1996,0,0,29,0,0,0,0,0,18,0
530373,0,1,1996,22,22,22,22,22,22,22,22,22,22
530373,1,1,1996,0,0,0,0,0,0,0,0,0,0
530374,1,1,1996,0,0,0,0,0,0,0,0,0,0
530374,2,1,1996,0,0,0,0,0,0,0,0,0,0
530375,1,1,1996,12,12,12,12,12,12,12,12,12,12
530376,1,1,1996,0,25,24,22,9,23,3,0,0,14
530376,2,1,1996,0,0,0,19,0,0,0,27,0,0
530377,1,1,1996,0,0,0,0,0,0,0,0,0,0
530377,2,1,1996,0,0,0,0,0,0,0,0,0,0
530378,1,1,1996,0,0,0,0,0,0,0,0,0,0
530379,1,1,1996,0,0,0,0,0,0,0,0,0,0
530381,1,1,1996,0,0,0,0,0,0,0,0,0,0
530381,2,1,1996,0,0,0,0,0,0,0,0,0,0
530382,1,1,1996,23,23,23,23,23,23,23,23,23,23
530382,2,1,1996,0,0,0,0,0,0,0,0,0,0
530382,3,1,1996,0,0,0,0,0,0,0,0,0,0
530383,0,1,1996,0,0,0,0,0,0,0,0,0,0
530383,1,1,1996,0,0,0,0,0,0,0,0,0,0