ST_CASE,VEH_NO,PER_NO,YEAR,P1,P2,P3,P4,P5,P6,P7,P8,P9,P10
530654,1,1,1996,0,0,0,0,0,0,0,0,0,0
530654,2,1,1996,0,0,0,0,0,0,0,0,0,0
530655,1,1,1996,25,25,25,25,25,25,25,25,25,25
530656,1,1,1996,32,17,23,14,3,11,14,11,10,4
530657,0,1,1996,0,0,0,0,0,0,0,0,0,0
530657,1,1,1996,0,0,0,0,0,0,0,0,0,0
530657,2,1,1996,0,0,0,0,0,0,0,0,0,0
530657,3,1,1996,0,0,0,0,0,0,0,0,0,0
530658,1,1,1996,15,15,15,15,15,15,15,15,15,15
530659,0,1,1996,0,0,0,0,0,6,0,23,0,0
530659,1,1,1996,0,0,0,0,0,0,0,0,0,0
530660,1,1,1996,4,4,4,4,4,4,4,4,4,4
530660,2,1,1996,0,0,0,0,0,0,0,0,0,0
530660,3,1,1996,0,0,0,0,0,0,0,0,0,0
530660,4,1,1996,0,0,0,0,0,0,0,0,0,0
540001,1,1,1996,0,0,0,0,0,0,14,0,0,0
540001,2,1,1996,0,0,0,0,0,0,0,0,0,0
540002,1,1,1996,7,7,7,7,7,7,7,7,7,7
540003,1,1,1996,12,12,12,12,12,12,12,12,12,12
540003,2,1,1996,0,0,0,0,0,0,0,16,0,0
540004,1,1,1996,0,0,0,0,0,0,0,0,0,0
540005,1,1,1996,0,0,0,0,0,0,0,0,0,0
540005,2,1,1996,0,0,0,0,0,0,0,0,0,0
540006,1,1,1996,0,0,0,0,0,0,0,0,0,0
540006,2,1,1996,0,0,0,0,0,0,0,0,0,0
540007,1,1,1996,41,41,41,41,41,41,41,41,41,41
540007,2,1,1996,0,0,0,0,0,0,0,0,0,0
540008,1,1,1996,13,13,13,13,13,13,13,13,13,13
540009,0,1,1996,0,0,0,0,0,0,0,0,0,0
540009,1,1,1996,0,0,0,0,0,0,0,0,0,0
540010,1,1,1996,0,0,0,0,0,0,0,0,0,0
540011,1,1,1996,0,0,0,0,0,0,0,0,0,0
540011,2,1,1996,0,0,0,0,0,0,0,0,0,0
540012,1,1,1996,0,0,0,0,0,0,0,0,0,0
540012,2,1,1996,0,0,0,0,0,0,0,0,0,0
540013,1,1,1996,19,19,19,19,19,19,19,19,19,19
540014,1,1,1996,20,20,20,20,20,20,20,20,20,20
540015,1,1,1996,0,0,0,0,0,0,0,0,0,0
540016,1,1,1996,0,0,0,0,0,0,0,0,0,0
540017,1,1,1996,0,0,0,0,0,0,0,0,0,0
540017,2,1,1996,0,0,0,0,0,0,0,0,0,0
540018,1,1,1996,0,0,0,0,0,0,0,0,0,0
540018,2,1,1996,0,0,0,0,0,0,0,0,0,0
540019,1,1,1996,0,0,0,0,0,0,0,0,0,0
540019,2,1,1996,0,0,0,0,0,0,0,0,0,0
540020,1,1,1996,0,0,0,0,0,0,0,0,0,0
540020,2,1,1996,0,0,0,0,0,0,0,0,0,0
540021,1,1,1996,0,0,0,0,0,0,20,0,0,0
540021,2,1,1996,0,0,0,0,0,0,0,0,0,0
540022,1,1,1996,0,0,0,0,0,0,0,0,0,0
540022,2,1,1996,0,0,0,0,0,0,0,0,0,0
540023,1,1,1996,0,0,0,0,0,0,0,0,0,0
540023,2,1,1996,0,0,0,7,0,0,13,0,0,0
540024,1,1,1996,20,20,20,20,20,20,20,20,20,20
540025,0,1,1996,0,0,0,0,0,0,0,0,0,0
540025,1,1,1996,0,0,0,0,0,0,0,0,0,0
540026,1,1,1996,0,0,0,0,0,0,0,0,0,0
540026,2,1,1996,0,0,0,0,0,0,0,0,0,0
540027,1,1,1996,12,12,12,12,12,12,12,12,12,12
540027,2,1,1996,0,0,0,0,0,0,0,0,0,0
540028,1,1,1996,24,24,24,24,24,24,24,24,24,24
540028,2,1,1996,0,0,0,0,0,0,0,0,0,0
540029,1,1,1996,0,0,0,0,0,0,0,0,0,0
540029,2,1,1996,0,0,0,0,0,0,0,0,0,0
540030,0,1,1996,0,0,0,0,0,0,0,0,0,0
540030,1,1,1996,0,0,0,0,0,0,0,0,0,0
540031,1,1,1996,0,0,0,0,0,0,0,0,0,0
540031,2,1,1996,0,0,0,0,0,0,0,0,0,0
540032,1,1,1996,12,12,12,12,12,12,12,12,12,12
540033,1,1,1996,0,0,0,0,0,0,0,0,0,0
540033,2,1,1996,0,0,0,0,0,0,0,0,0,0
540034,1,1,1996,0,0,0,0,0,0,0,0,0,0
540034,2,1,1996,0,0,0,0,0,0,0,0,0,0
540034,3,1,1996,0,0,0,0,0,0,0,0,0,0
540035,1,1,1996,0,0,0,0,0,0,0,0,0,0
540035,2,1,1996,0,0,0,0,0,0,0,0,0,0
540036,1,1,1996,0,0,0,0,0,0,0,0,0,0
540037,1,1,1996,0,0,0,0,0,0,0,0,0,0
540038,0,1,1996,28,28,28,28,28,28,28,28,28,28
540038,1,1,1996,0,0,0,0,0,0,0,0,0,0
540039,0,1,1996,21,21,21,21,21,21,21,21,21,21
540039,1,1,1996,7,0,0,0,0,0,21,0,0,8
540040,1,1,1996,0,0,0,0,0,0,0,0,0,0
540041,1,1,1996,0,0,0,0,0,0,0,0,0,0
540041,2,1,1996,0,0,0,0,0,0,0,0,0,0
540042,1,1,1996,0,0,0,0,0,0,0,0,0,0
540043,0,1,1996,18,18,18,18,18,18,18,18,18,18
540043,1,1,1996,0,0,0,0,0,0,0,0,0,0
540044,1,1,1996,11,11,11,11,11,11,11,11,11,11
540045,1,1,1996,9,0,0,0,0,0,0,0,0,0
540045,2,1,1996,0,0,0,0,0,0,0,0,0,0
540046,1,1,1996,7,7,7,7,7,7,7,7,7,7
540047,1,1,1996,0,0,0,0,0,0,0,0,0,0
540047,2,1,1996,0,0,0,0,0,0,0,0,0,0
540048,1,1,1996,0,0,0,0,0,0,0,0,0,0
540048,2,1,1996,0,0,0,0,0,0,0,0,0,0
540049,1,1,1996,0,0,0,0,0,0,0,0,0,0
540049,2,1,1996,0,0,0,0,0,0,0,0,0,0
540050,1,1,1996,0,0,0,0,0,0,0,0,0,0
540050,2,1,1996,0,0,0,0,0,0,0,0,0,0
540051,1,1,1996,0,0,0,0,0,0,0,0,0,0
540051,2,1,1996,16,16,16,16,16,16,16,16,16,16
540052,0,1,1996,34,34,34,34,34,34,34,34,34,34
540052,1,1,1996,0,0,0,0,0,0,0,0,0,0
540053,1,1,1996,23,23,23,23,23,23,23,23,23,23
540054,1,1,1996,15,15,15,15,15,15,15,15,15,15
540054,2,1,1996,0,0,0,0,0,0,0,0,0,0
540055,0,1,1996,0,0,0,0,0,0,0,0,0,0
540055,1,1,1996,0,0,0,0,0,0,0,0,0,0
540056,1,1,1996,0,0,0,0,0,0,0,0,0,0
540056,2,1,1996,0,0,0,0,0,0,0,14,0,0
540056,3,1,1996,0,0,0,0,0,0,0,0,0,0
540057,1,1,1996,0,0,0,0,0,0,0,0,0,0
540057,2,1,1996,0,0,0,0,0,0,0,0,0,0
540058,1,1,1996,23,23,23,23,23,23,23,23,23,23
540059,1,1,1996,0,0,0,0,0,0,0,0,0,0
540059,2,1,1996,0,0,0,0,0,0,0,0,0,0
540060,1,1,1996,0,0,0,0,0,0,0,0,0,0
540060,2,1,1996,0,0,0,0,0,0,0,0,0,0
540061,1,1,1996,0,0,0,0,0,0,0,0,0,0
540061,2,1,1996,0,0,0,0,0,0,0,0,0,0
540062,1,1,1996,0,0,0,0,0,0,0,0,0,0
540062,2,1,1996,0,0,0,0,0,0,0,0,0,0
540063,1,1,1996,15,15,15,15,15,15,15,15,15,15
540064,1,1,1996,0,0,0,0,0,0,0,0,0,0
540065,1,1,1996,0,0,0,0,0,0,0,0,0,0
540065,2,1,1996,0,0,0,0,0,0,0,0,0,0
540066,1,1,1996,0,0,0,0,0,0,0,0,0,0
540066,2,1,1996,0,0,0,0,0,0,0,0,0,0
540067,1,1,1996,0,0,0,0,0,0,0,0,0,0
540067,2,1,1996,0,0,0,0,0,0,0,0,0,0
540068,1,1,1996,0,0,0,0,0,0,0,0,0,0
540069,1,1,1996,0,0,0,0,0,0,0,0,0,0
540069,2,1,1996,0,0,0,0,0,0,0,0,0,0
540070,1,1,1996,0,0,0,11,0,0,0,11,0,0
540070,2,1,1996,0,0,0,0,0,0,0,0,0,0
540071,0,1,1996,0,20,0,13,0,0,0,0,0,0
540071,1,1,1996,0,0,0,0,0,0,0,0,0,0
540072,1,1,1996,0,0,0,0,0,0,0,0,0,0
540073,1,1,1996,0,0,0,0,0,0,0,0,0,0
540073,2,1,1996,0,0,0,0,0,0,0,0,0,0
540074,1,1,1996,12,12,12,12,12,12,12,12,12,12
540075,0,1,1996,23,23,23,23,23,23,23,23,23,23
540075,1,1,1996,3,3,3,3,3,3,3,3,3,3
540076,1,1,1996,0,0,0,0,0,0,0,0,0,0
540077,1,1,1996,20,10,12,22,21,15,9,18,8,19
540078,1,1,1996,27,27,27,27,27,27,27,27,27,27
540079,1,1,1996,0,0,0,0,0,0,0,0,0,0
540080,1,1,1996,0,0,0,0,0,0,0,0,0,0
540080,2,1,1996,0,0,0,0,0,0,0,0,0,0
540081,1,1,1996,25,25,25,25,25,25,25,25,25,25
540082,1,1,1996,0,0,0,0,0,0,0,0,0,0
540083,1,1,1996,23,23,23,23,23,23,23,23,23,23
540084,1,1,1996,15,15,15,15,15,15,15,15,15,15
540085,1,1,1996,0,0,0,0,0,0,0,0,0,0
540085,2,1,1996,0,0,0,0,12,20,0,16,0,0
540086,1,1,1996,0,0,0,0,0,0,0,0,0,0
540087,1,1,1996,0,0,0,0,0,0,0,0,0,0
540088,1,1,1996,11,11,11,11,11,11,11,11,11,11
540089,1,1,1996,0,0,0,0,0,0,0,0,0,0
540090,1,1,1996,0,0,0,0,0,0,0,0,0,0
540091,1,1,1996,0,0,0,0,0,0,0,0,0,0
540091,2,1,1996,0,0,0,0,0,0,0,0,0,0
540092,1,1,1996,19,19,19,19,19,19,19,19,19,19
540093,1,1,1996,0,0,0,0,0,0,0,0,0,0
540094,1,1,1996,0,0,0,0,0,0,0,0,0,0
540094,2,1,1996,14,0,0,0,0,0,0,0,0,0
540095,1,1,1996,0,8,15,0,0,0,0,0,0,0
540095,2,1,1996,0,0,0,0,0,0,0,0,0,0
540096,1,1,1996,0,0,0,0,0,0,0,0,0,0
540096,2,1,1996,0,0,0,0,0,0,0,0,0,0
540097,1,1,1996,0,0,0,0,0,0,0,0,0,0
540097,2,1,1996,0,0,0,0,0,0,0,0,0,0
540097,3,1,1996,0,0,0,0,0,0,0,0,0,0
540098,1,1,1996,25,25,25,25,25,25,25,25,25,25
540099,1,1,1996,34,34,34,34,34,34,34,34,34,34
540100,1,1,1996,0,0,0,0,0,0,0,0,0,0
540100,2,1,1996,0,0,0,0,0,0,0,0,0,0
540101,1,1,1996,0,0,0,0,0,0,0,0,0,0
540102,1,1,1996,0,0,0,0,0,0,0,0,0,0
540103,1,1,1996,25,25,25,25,25,25,25,25,25,25
540104,0,1,1996,24,24,24,24,24,24,24,24,24,24
540104,1,1,1996,0,0,0,0,0,0,0,0,0,0
540105,1,1,1996,29,29,29,29,29,29,29,29,29,29
540106,1,1,1996,0,0,0,0,0,0,0,0,0,0
540107,1,1,1996,20,20,20,20,20,20,20,20,20,20
540108,1,1,1996,0,0,0,0,0,0,0,0,0,0
540109,1,1,1996,33,33,33,33,33,33,33,33,33,33
540110,0,1,1996,1,1,1,1,1,1,1,1,1,1
540110,0,2,1996,0,20,21,35,0,16,21,22,0,0
540110,1,1,1996,8,8,8,8,8,8,8,8,8,8
540110,2,1,1996,0,0,12,0,0,0,0,0,0,0
540111,1,1,1996,0,0,0,0,0,0,0,0,0,0
540112,1,1,1996,10,10,10,10,10,10,10,10,10,10
540113,1,1,1996,0,0,0,0,0,0,0,0,0,0
540114,1,1,1996,15,15,15,15,15,15,15,15,15,15
540115,0,1,1996,0,0,0,0,0,26,0,0,0,0
540115,1,1,1996,0,0,0,0,0,0,0,0,0,0
540115,2,1,1996,0,0,0,0,0,0,0,0,0,0
540116,1,1,1996,0,0,0,0,0,0,0,0,0,0
540116,2,1,1996,0,0,0,0,0,0,0,0,0,0
540117,1,1,1996,23,23,23,23,23,23,23,23,23,23
540118,1,1,1996,0,0,0,0,0,0,0,0,0,0
540119,0,1,1996,16,23,42,19,29,5,16,36,44,14
540119,0,2,1996,38,13,0,21,19,0,16,16,41,21
540119,1,1,1996,0,24,0,0,0,0,0,0,0,0
540120,1,1,1996,0,0,0,0,0,0,0,11,0,0
540121,1,1,1996,17,17,17,17,17,17,17,17,17,17
540122,1,1,1996,5,5,5,5,5,5,5,5,5,5
540123,1,1,1996,23,23,23,23,23,23,23,23,23,23
540124,0,1,1996,0,0,0,0,0,0,0,0,0,0
540124,1,1,1996,0,0,0,0,0,0,0,0,0,0
540125,1,1,1996,0,0,11,0,0,0,0,0,0,0
540126,1,1,1996,0,0,0,0,0,0,0,0,0,0
540127,1,1,1996,0,0,0,0,0,0,0,0,0,0
540127,2,1,1996,0,0,0,0,0,0,0,0,0,0
540128,1,1,1996,5,5,5,5,5,5,5,5,5,5
540129,1,1,1996,19,19,19,19,19,19,19,19,19,19
540130,1,1,1996,6,6,6,6,6,6,6,6,6,6
540131,1,1,1996,17,17,17,17,17,17,17,17,17,17
540132,1,1,1996,0,0,0,0,0,0,0,0,0,0
540132,2,1,1996,0,0,0,0,0,0,0,0,0,0
540133,1,1,1996,17,17,17,17,17,17,17,17,17,17
540134,1,1,1996,0,0,0,0,0,0,0,0,0,0
540134,2,1,1996,0,0,0,0,0,0,0,0,0,0
540134,3,1,1996,26,26,26,26,26,26,26,26,26,26
540135,1,1,1996,0,0,0,0,0,0,0,0,0,0
540135,2,1,1996,0,0,0,0,0,0,0,0,0,0
540136,1,1,1996,0,0,0,0,0,0,0,0,0,0
540136,2,1,1996,0,0,0,0,0,0,0,0,0,0
540137,1,1,1996,0,0,0,0,0,0,0,0,0,0
540138,1,1,1996,0,0,0,0,0,0,0,0,0,0
540139,1,1,1996,16,16,16,16,16,16,16,16,16,16
540140,1,1,1996,0,0,0,0,0,0,0,0,0,0
540140,2,1,1996,0,0,0,0,0,0,0,0,0,0
540140,3,1,1996,0,0,0,0,0,0,0,0,0,0
540140,4,1,1996,0,0,0,0,0,0,0,0,0,0
540140,5,1,1996,0,0,0,0,0,0,0,19,0,0
540141,1,1,1996,0,0,0,0,0,0,0,0,0,0
540141,2,1,1996,0,0,0,0,0,0,0,0,0,0
540142,1,1,1996,0,0,0,0,0,0,0,0,0,0
540143,1,1,1996,13,13,13,13,13,13,13,13,13,13
540144,1,1,1996,21,21,21,21,21,21,21,21,21,21
540144,2,1,1996,0,0,0,0,0,0,0,0,0,0
540145,0,1,1996,0,0,0,0,0,0,0,0,0,0
540145,1,1,1996,20,20,20,20,20,20,20,20,20,20
540146,1,1,1996,0,0,0,0,0,0,0,0,0,0
540146,2,1,1996,0,0,0,0,0,0,0,0,0,0
540147,1,1,1996,0,0,0,0,0,0,0,0,0,0
540147,2,1,1996,0,0,0,0,0,0,0,0,0,0
540147,3,1,1996,0,0,0,0,0,0,0,0,0,0
540148,1,1,1996,0,0,0,0,0,0,0,0,0,0
540149,0,1,1996,0,0,4,25,0,31,25,8,0,0
540149,1,1,1996,0,0,0,0,0,0,12,0,0,0
540149,2,1,1996,0,0,0,0,0,0,11,0,3,0
540149,3,1,1996,0,6,0,0,0,0,0,16,0,0
540150,1,1,1996,10,10,10,10,10,10,10,10,10,10
540151,1,1,1996,0,0,0,0,0,0,0,0,0,0
540152,1,1,1996,19,19,19,19,19,19,19,19,19,19
540153,1,1,1996,0,0,0,0,0,0,0,0,0,0
540154,1,1,1996,0,0,0,0,0,0,0,0,0,0
540154,2,1,1996,3,3,3,3,3,3,3,3,3,3
540155,1,1,1996,13,13,13,13,13,13,13,13,13,13
540156,1,1,1996,0,0,0,0,0,0,0,0,0,0
540157,1,1,1996,0,0,0,0,0,0,0,0,0,0
540158,1,1,1996,0,0,0,0,0,0,0,0,0,0
540158,2,1,1996,0,0,0,0,0,0,0,0,0,0
540159,1,1,1996,0,0,0,0,0,0,0,0,0,0
540159,2,1,1996,0,0,0,0,0,0,0,0,0,0
540160,1,1,1996,24,24,24,24,24,24,24,24,24,24
540161,1,5,1996,6,14,0,23,27,0,8,9,13,8
540162,1,1,1996,0,0,0,0,0,0,0,0,0,0
540163,1,1,1996,17,17,17,17,17,17,17,17,17,17
540164,1,1,1996,0,0,0,0,0,0,0,0,0,0
540164,2,1,1996,1,1,1,1,1,1,1,1,1,1
540165,1,1,1996,33,33,33,33,33,33,33,33,33,33
540166,1,1,1996,0,0,0,0,0,0,0,0,7,0
540167,1,1,1996,8,8,8,8,8,8,8,8,8,8
540168,1,1,1996,0,0,0,0,0,0,0,0,0,0
540169,1,1,1996,0,0,0,0,0,0,0,0,0,0
540169,2,1,1996,0,0,0,0,0,0,0,0,0,0
540169,3,1,1996,0,0,0,0,0,0,0,0,0,0
540170,1,1,1996,0,0,0,0,0,0,0,0,0,0
540170,2,1,1996,0,0,0,0,0,0,0,0,0,0
540171,0,1,1996,7,7,7,7,7,7,7,7,7,7
540171,1,1,1996,0,0,0,0,0,22,0,0,0,0
540172,1,1,1996,10,10,10,10,10,10,10,10,10,10
540173,1,1,1996,0,0,0,0,0,0,0,0,0,0
540174,1,1,1996,0,0,0,0,0,0,0,0,0,22
540175,1,1,1996,0,0,0,0,0,0,0,15,0,0
540176,1,1,1996,16,16,16,16,16,16,16,16,16,16
540177,1,1,1996,0,0,0,0,0,0,0,0,0,0
540177,2,1,1996,0,0,24,0,0,0,0,0,0,0
540178,1,1,1996,0,0,0,0,0,0,0,0,0,0
540178,2,1,1996,0,0,0,0,0,0,0,0,0,15
540179,1,1,1996,0,0,9,0,0,0,0,17,0,14
540180,1,1,1996,0,0,0,21,0,0,0,0,0,0
540181,1,1,1996,0,0,0,0,0,0,0,0,0,0
540181,2,1,1996,0,0,0,0,0,0,0,0,0,0
540181,3,1,1996,0,0,0,0,0,0,0,0,0,0
540182,1,1,1996,6,6,6,6,6,6,6,6,6,6
540183,1,1,1996,0,0,0,0,0,0,0,0,0,0
540184,1,1,1996,0,0,0,0,0,0,0,0,0,0
540185,1,1,1996,0,0,0,0,0,0,0,0,0,0
540186,1,1,1996,0,0,0,0,0,0,0,0,0,0
540187,1,1,1996,11,11,11,11,11,11,11,11,11,11
540189,1,1,1996,0,0,0,0,0,0,0,0,0,0
540189,2,1,1996,0,0,0,0,0,0,0,0,0,0
540190,1,1,1996,0,0,0,0,0,0,0,0,0,0
540190,2,1,1996,0,0,0,0,0,0,0,0,0,0
540191,1,1,1996,0,0,0,0,0,0,0,0,0,0
540191,2,1,1996,0,0,0,0,0,0,0,0,0,0
540192,1,1,1996,30,30,30,30,30,30,30,30,30,30
540193,0,1,1996,31,31,31,31,31,31,31,31,31,31
540193,1,1,1996,17,0,0,0,0,0,0,0,0,0
540194,1,1,1996,13,13,13,13,13,13,13,13,13,13
540195,1,1,1996,0,0,0,0,0,0,0,0,0,0
540196,1,1,1996,4,22,0,9,9,22,6,12,8,3
540197,1,1,1996,21,21,21,21,21,21,21,21,21,21
540198,1,1,1996,0,0,0,0,0,0,0,0,0,0
540199,1,1,1996,22,22,22,22,22,22,22,22,22,22
540199,2,1,1996,0,0,0,0,0,0,0,0,0,0
540200,1,1,1996,24,24,24,24,24,24,24,24,24,24
540201,1,1,1996,12,12,12,12,12,12,12,12,12,12
540202,1,1,1996,0,0,0,0,0,0,12,0,0,0
540203,1,1,1996,6,6,6,6,6,6,6,6,6,6
540204,1,1,1996,0,0,0,0,0,0,0,0,0,0
540204,2,1,1996,0,0,0,0,0,0,0,0,0,0
540205,0,1,1996,22,22,22,22,22,22,22,22,22,22
540205,1,1,1996,5,5,5,5,5,5,5,5,5,5
540206,1,1,1996,0,0,0,0,0,0,0,0,0,0
540207,0,1,1996,0,0,0,0,0,0,0,0,0,0
540207,1,1,1996,0,0,0,0,0,0,0,0,0,0
540208,1,1,1996,0,0,0,0,0,0,0,0,24,0
540208,2,1,1996,0,0,0,0,0,0,0,0,0,0
540209,1,1,1996,27,14,16,3,25,25,13,26,26,24
540210,1,1,1996,0,0,0,0,0,0,0,0,0,0
540210,2,1,1996,13,13,13,13,13,13,13,13,13,13
540211,1,1,1996,0,0,0,0,0,0,0,0,0,0
540211,2,1,1996,1,1,1,1,1,1,1,1,1,1
540212,1,1,1996,0,0,0,0,0,0,0,0,0,0
540212,2,1,1996,0,0,0,0,0,0,0,0,0,0
540213,0,1,1996,14,14,14,14,14,14,14,14,14,14
540213,1,1,1996,27,27,27,27,27,27,27,27,27,27
540215,0,1,1996,0,0,0,0,0,0,0,0,0,0
540215,1,1,1996,0,0,10,0,0,0,0,0,0,0
540216,1,1,1996,0,0,0,0,0,0,0,0,0,0
540216,2,1,1996,0,0,0,0,0,0,0,0,0,0
540217,1,1,1996,11,11,11,11,11,11,11,11,11,11
540218,1,1,1996,0,0,0,0,0,0,0,0,0,0
540218,2,1,1996,0,0,0,0,0,0,0,0,0,0
540219,1,1,1996,10,10,10,10,10,10,10,10,10,10
540220,1,1,1996,0,0,0,0,0,0,0,0,0,0
540220,2,1,1996,4,4,4,4,4,4,4,4,4,4
540221,1,1,1996,13,13,13,13,13,13,13,13,13,13
540222,1,1,1996,0,0,0,0,0,0,0,0,0,0
540222,2,1,1996,0,0,0,0,0,0,0,0,0,0
540223,1,1,1996,0,0,0,0,0,0,0,0,0,0
540223,2,1,1996,0,0,0,0,0,0,0,0,0,0
540224,1,1,1996,0,0,0,0,0,0,0,0,0,0
540224,2,1,1996,0,0,0,0,0,0,0,0,0,0
540225,1,1,1996,26,26,26,26,26,26,26,26,26,26
540226,1,1,1996,0,0,0,0,0,0,0,0,0,0
540226,2,1,1996,0,0,0,0,0,0,0,0,0,0
540226,3,1,1996,0,0,0,0,0,0,0,0,0,0
540227,1,1,1996,0,0,0,0,0,0,0,0,0,0
540228,1,1,1996,2,2,2,2,2,2,2,2,2,2
540229,0,1,1996,31,31,31,31,31,31,31,31,31,31
540229,1,1,1996,0,0,0,0,0,0,0,0,9,0
540230,1,1,1996,0,0,0,0,0,0,0,0,0,0
540230,2,1,1996,0,0,0,0,0,0,0,0,0,0
540231,1,1,1996,24,24,24,24,24,24,24,24,24,24
540232,1,1,1996,0,0,0,0,0,0,0,0,0,0
540233,1,1,1996,0,0,0,0,0,0,0,0,0,11
540233,2,1,1996,0,0,0,0,0,0,0,0,0,0
540233,3,1,1996,0,0,0,0,0,0,0,0,0,0
540233,4,1,1996,0,0,0,0,0,0,0,0,0,0
540234,0,1,1996,0,0,0,0,37,0,0,0,0,0
540234,1,1,1996,0,0,0,0,0,0,0,0,0,0
540235,1,1,1996,0,0,0,0,0,0,0,0,0,0
540235,2,1,1996,0,0,0,0,0,0,0,0,0,0
540236,1,1,1996,0,0,0,0,0,0,0,0,0,0
540236,2,1,1996,0,0,0,0,0,0,0,0,0,0
540237,1,1,1996,0,0,0,0,0,0,0,0,0,0
540238,1,1,1996,0,0,0,0,0,0,0,0,0,0
540238,2,1,1996,0,0,0,0,0,0,0,0,0,0
540239,1,1,1996,25,25,25,25,25,25,25,25,25,25
540240,1,1,1996,28,28,28,28,28,28,28,28,28,28
540241,1,1,1996,0,0,0,0,0,0,0,0,0,0
540242,1,1,1996,0,0,0,0,0,0,0,0,0,0
540242,2,1,1996,0,0,0,0,0,0,0,0,0,0
540242,3,1,1996,0,0,0,0,0,0,0,0,0,0
540243,1,1,1996,0,0,0,0,0,0,0,0,0,0
540243,2,1,1996,0,0,0,0,0,0,0,0,0,0
540244,1,1,1996,15,15,15,15,15,15,15,15,15,15
540245,1,1,1996,0,0,0,0,0,0,0,0,0,0
540245,2,1,1996,0,0,0,0,0,0,0,0,0,0
540246,1,1,1996,16,0,0,0,10,20,3,19,0,0
540246,2,1,1996,32,32,32,32,32,32,32,32,32,32
540247,1,1,1996,11,11,11,11,11,11,11,11,11,11
540248,1,1,1996,35,18,17,30,17,0,26,13,16,10
540249,1,1,1996,8,8,8,8,8,8,8,8,8,8
540250,1,1,1996,15,15,15,15,15,15,15,15,15,15
540251,1,1,1996,10,16,11,16,36,22,33,14,0,14
540252,1,1,1996,0,0,0,0,0,0,0,0,0,0
540252,2,1,1996,0,0,0,0,0,0,0,0,0,0
540253,1,1,1996,26,26,26,26,26,26,26,26,26,26
540254,1,1,1996,29,0,0,0,0,0,0,0,21,30
540255,0,1,1996,0,0,0,0,0,0,0,0,0,0
540255,1,1,1996,0,0,0,0,0,0,0,0,0,0
540256,1,1,1996,0,0,0,0,0,0,0,0,0,0
540257,1,1,1996,22,22,22,22,22,22,22,22,22,22
540258,1,1,1996,0,0,0,0,0,0,0,0,18,0
540259,1,1,1996,0,0,0,0,0,0,0,0,0,0
540260,1,1,1996,23,23,23,23,23,23,23,23,23,23
540261,1,1,1996,0,0,0,0,0,0,0,0,0,0
540261,2,1,1996,0,0,0,0,0,0,0,0,0,0
540262,1,1,1996,20,20,20,20,20,20,20,20,20,20
540263,1,1,1996,0,0,0,0,0,0,0,0,0,0
540263,2,1,1996,0,0,0,0,0,0,0,15,24,0
540264,1,1,1996,25,25,25,25,25,25,25,25,25,25
540265,1,1,1996,0,0,0,0,0,0,0,0,0,0
540265,2,1,1996,0,0,0,0,0,0,0,0,0,0
540265,3,1,1996,23,15,6,8,7,19,11,6,25,13
540266,1,1,1996,10,10,10,10,10,10,10,10,10,10
540267,1,1,1996,0,0,0,0,0,0,0,0,0,0
540268,1,1,1996,5,5,5,5,5,5,5,5,5,5
540268,2,1,1996,0,0,0,0,0,0,0,0,0,0
540269,1,1,1996,21,21,21,21,21,21,21,21,21,21
540270,1,1,1996,20,20,20,20,20,20,20,20,20,20
540271,1,1,1996,0,0,0,0,0,0,0,0,0,0
540272,1,1,1996,16,16,16,16,16,16,16,16,16,16
540273,1,1,1996,0,0,0,0,0,0,0,0,0,0
540273,2,1,1996,0,0,0,0,0,0,0,0,0,0
540274,1,1,1996,0,0,0,21,0,0,0,0,0,0
540275,1,1,1996,0,0,0,0,0,0,0,0,0,0
540275,2,1,1996,0,0,0,0,0,0,0,0,7,0
540275,3,1,1996,0,0,0,0,0,0,0,0,0,0
540276,1,1,1996,0,0,0,0,0,0,0,0,0,0
540277,1,1,1996,0,0,0,0,0,0,0,0,0,0
540278,1,1,1996,10,10,10,10,10,10,10,10,10,10
540278,2,1,1996,10,10,10,10,10,10,10,10,10,10
540279,1,1,1996,0,0,0,0,0,0,0,16,0,0
540280,1,1,1996,28,28,28,28,28,28,28,28,28,28
540281,1,1,1996,0,0,0,0,0,0,0,0,0,0
540281,2,1,1996,0,0,0,0,0,0,0,0,0,0
540282,1,1,1996,0,0,0,0,0,0,0,0,0,0
540283,1,1,1996,0,0,0,0,0,0,0,0,0,0
540284,1,1,1996,0,0,0,0,0,0,0,0,0,0
540285,1,1,1996,0,0,0,0,0,0,0,0,0,0
540286,1,1,1996,0,0,0,0,0,0,0,0,0,0
540287,1,1,1996,0,0,0,0,0,0,0,0,0,0
540287,2,1,1996,0,0,0,0,0,0,0,0,0,0
540288,1,1,1996,0,0,0,0,0,0,0,0,0,0
540289,1,1,1996,0,0,0,0,0,0,0,0,0,0
540289,2,1,1996,0,0,0,0,0,0,0,0,0,0