ST_CASE,VEH_NO,PER_NO,YEAR,P1,P2,P3,P4,P5,P6,P7,P8,P9,P10
540289,3,1,1996,0,0,0,0,7,0,0,0,0,0
540290,1,1,1996,0,0,0,0,0,0,0,0,0,0
540291,1,1,1996,10,10,10,10,10,10,10,10,10,10
540292,1,1,1996,0,0,0,0,0,0,0,0,0,0
540292,2,1,1996,0,0,0,0,0,0,0,0,0,0
540293,1,1,1996,0,0,0,0,0,0,0,0,0,0
540294,1,1,1996,23,23,23,23,23,23,23,23,23,23
540295,1,1,1996,19,19,19,19,19,19,19,19,19,19
540295,2,1,1996,0,0,0,0,0,0,0,0,0,0
540296,1,1,1996,0,0,0,0,0,0,0,0,0,0
540296,2,1,1996,0,0,0,0,0,0,0,0,0,0
540296,3,1,1996,0,0,0,0,0,0,0,0,0,0
540297,1,1,1996,0,0,0,0,0,0,0,0,16,0
540297,2,1,1996,29,29,29,29,29,29,29,29,29,29
540298,1,1,1996,0,0,0,0,0,0,0,0,0,0
540298,2,1,1996,29,29,29,29,29,29,29,29,29,29
540299,1,1,1996,31,31,31,31,31,31,31,31,31,31
540300,1,1,1996,0,0,33,0,0,0,0,0,26,4
540301,1,1,1996,0,0,0,0,0,0,0,0,0,0
540302,1,1,1996,0,0,0,0,0,0,0,0,0,0
540302,2,1,1996,0,0,0,0,0,0,0,0,0,0
540303,1,1,1996,0,0,0,0,0,0,0,0,0,0
540304,1,1,1996,0,0,0,0,0,0,0,0,0,0
540304,2,1,1996,0,0,0,0,0,0,0,0,0,0
540305,1,1,1996,3,3,3,3,3,3,3,3,3,3
540305,2,1,1996,0,0,0,0,0,31,35,0,0,0
540306,1,1,1996,0,0,0,0,0,0,0,0,0,0
540307,1,1,1996,0,0,0,0,0,0,0,0,0,0
540307,2,1,1996,0,0,0,0,0,0,0,0,11,0
540308,1,1,1996,0,0,0,0,0,19,32,0,0,0
540308,2,1,1996,0,0,0,0,0,0,0,0,0,0
540308,3,1,1996,0,0,0,0,0,0,0,0,0,0
540308,4,1,1996,0,0,0,0,0,0,0,0,0,0
540308,5,1,1996,0,0,0,0,0,0,0,0,0,0
540309,0,1,1996,0,0,0,0,0,0,0,0,0,0
540309,1,1,1996,0,0,0,0,0,0,0,0,0,0
540310,1,1,1996,0,0,0,0,0,0,0,0,0,0
540311,1,1,1996,0,0,0,0,0,0,0,0,0,0
540311,2,1,1996,0,0,0,0,0,0,0,0,0,0
540311,3,1,1996,0,0,0,0,0,0,0,0,0,0
540312,1,1,1996,0,0,0,0,0,0,0,0,0,0
540312,2,1,1996,24,24,24,24,24,24,24,24,24,24
540313,1,1,1996,0,0,0,0,0,0,0,0,0,0
540314,1,1,1996,0,0,0,0,0,0,0,0,12,0
540314,2,1,1996,0,0,0,0,0,0,0,0,0,0
540315,0,1,1996,0,0,0,0,0,0,0,0,0,0
540315,1,1,1996,0,0,0,0,0,0,0,0,0,0
540316,1,1,1996,4,4,4,4,4,4,4,4,4,4
540317,1,1,1996,0,0,0,0,0,0,0,0,0,0
540317,2,1,1996,0,0,0,0,0,0,0,0,0,0
540317,3,1,1996,0,0,0,0,0,0,0,0,0,0
540318,0,1,1996,0,0,0,0,0,0,0,0,0,0
540318,1,1,1996,0,12,0,0,0,0,0,0,0,0
540319,1,1,1996,12,12,12,12,12,12,12,12,12,12
540320,0,1,1996,12,12,12,12,12,12,12,12,12,12
540320,1,1,1996,0,0,0,0,0,0,0,0,6,0
540321,1,1,1996,0,0,0,0,0,0,0,0,0,0
540322,1,1,1996,0,0,0,0,0,0,0,0,0,8
540323,1,1,1996,28,28,28,28,28,28,28,28,28,28
550001,1,1,1996,12,10,13,0,17,0,0,0,0,10
550001,2,1,1996,11,11,11,11,11,11,11,11,11,11
550002,1,1,1996,0,0,0,0,0,0,0,0,0,0
550002,2,1,1996,0,0,0,0,0,0,0,0,0,0
550003,1,1,1996,8,8,8,8,8,8,8,8,8,8
550003,2,1,1996,26,26,26,26,26,26,26,26,26,26
550004,1,1,1996,0,0,0,0,0,0,0,0,0,0
550004,2,1,1996,0,0,0,0,0,0,0,0,0,0
550005,1,1,1996,0,0,0,0,0,0,0,0,0,0
550005,2,1,1996,0,0,0,0,0,0,0,0,0,0
550006,1,1,1996,0,0,0,0,0,0,0,0,0,0
550006,2,1,1996,0,0,0,0,0,0,0,0,0,0
550007,0,1,1996,0,0,0,0,0,0,0,0,0,0
550007,1,1,1996,0,0,0,0,0,0,0,0,0,0
550008,1,1,1996,0,0,0,0,0,0,0,0,0,0
550009,1,1,1996,0,0,0,0,0,0,0,0,0,0
550009,2,1,1996,0,0,0,0,0,0,0,0,0,0
550010,1,1,1996,0,0,0,0,0,0,0,0,0,0
550010,2,1,1996,19,19,19,19,19,19,19,19,19,19
550011,1,1,1996,0,0,0,0,0,0,0,0,0,0
550011,2,1,1996,0,0,0,0,0,0,0,0,0,0
550012,1,1,1996,7,7,7,7,7,7,7,7,7,7
550013,1,1,1996,0,0,0,0,0,0,0,0,0,0
550013,2,1,1996,0,0,0,0,0,0,0,0,0,0
550014,1,1,1996,0,0,0,0,0,0,0,0,0,0
550015,1,1,1996,0,0,0,0,0,0,0,0,0,0
550016,1,1,1996,0,0,0,0,0,0,0,0,0,0
550016,2,1,1996,0,0,0,0,0,0,0,0,0,0
550017,1,1,1996,0,0,0,0,0,0,0,0,0,0
550017,2,1,1996,0,0,0,0,0,0,0,0,0,0
550018,1,1,1996,0,0,0,0,0,0,0,0,0,0
550018,2,1,1996,0,0,0,0,0,0,8,0,0,0
550019,1,1,1996,0,0,0,0,0,0,0,0,0,0
550019,2,1,1996,0,0,0,0,0,0,0,0,0,0
550020,1,1,1996,26,26,26,26,26,26,26,26,26,26
550021,1,1,1996,0,0,0,0,0,0,0,0,0,0
550021,2,1,1996,0,0,0,0,0,0,0,0,0,0
550022,1,1,1996,0,0,0,0,0,0,0,0,0,0
550022,2,1,1996,0,0,0,0,0,0,0,0,0,0
550023,1,1,1996,6,6,6,6,6,6,6,6,6,6
550024,1,1,1996,0,0,0,0,0,0,0,0,0,0
550024,2,1,1996,16,0,16,0,0,0,0,0,0,0
550025,1,1,1996,0,0,0,0,0,0,0,0,0,0
550025,2,1,1996,0,0,0,0,0,0,0,0,0,0
550026,1,1,1996,0,0,0,0,0,0,0,0,0,0
550026,2,1,1996,0,0,0,0,0,0,0,0,0,0
550026,3,1,1996,0,0,0,0,0,0,0,0,0,0
550027,1,1,1996,0,0,0,0,0,0,0,0,0,0
550027,2,1,1996,0,0,0,0,0,0,0,0,0,0
550028,1,1,1996,23,23,23,23,23,23,23,23,23,23
550029,1,1,1996,21,21,21,21,21,21,21,21,21,21
550030,1,1,1996,0,0,0,0,0,0,0,0,0,0
550030,2,1,1996,0,0,0,0,0,0,0,0,0,0
550031,1,1,1996,0,0,0,0,0,0,0,0,0,0
550032,1,1,1996,0,0,0,25,0,0,0,0,0,0
550032,2,1,1996,0,0,0,0,0,0,0,0,0,0
550033,1,1,1996,0,0,0,0,0,0,0,0,0,0
550033,2,1,1996,0,0,0,0,0,0,0,0,0,0
550034,1,1,1996,0,0,0,0,0,0,0,0,0,0
550035,1,1,1996,0,0,0,0,0,0,0,0,0,0
550035,2,1,1996,0,0,0,0,0,0,0,6,0,0
550036,1,1,1996,0,0,0,0,0,0,0,0,0,0
550036,2,1,1996,0,0,0,0,0,0,0,0,0,0
550037,1,1,1996,0,0,0,0,0,0,0,0,0,0
550037,2,1,1996,0,0,0,0,0,0,0,0,0,0
550038,1,1,1996,8,8,8,8,8,8,8,8,8,8
550039,1,1,1996,0,0,0,0,0,0,0,0,0,0
550039,2,1,1996,0,0,0,0,0,0,0,0,0,0
550040,1,1,1996,0,0,0,0,0,0,0,0,0,0
550040,2,1,1996,0,0,0,0,0,0,0,0,0,0
550041,1,1,1996,0,0,0,0,0,0,0,0,0,0
550041,2,1,1996,0,0,0,0,0,0,0,0,0,0
550042,1,1,1996,2,2,2,2,2,2,2,2,2,2
550042,2,1,1996,0,0,0,0,0,0,0,0,0,0
550042,3,1,1996,0,0,0,0,0,0,0,0,0,0
550043,1,1,1996,0,0,0,0,0,0,0,0,0,0
550043,2,1,1996,0,0,0,0,0,0,0,0,0,0
550044,1,1,1996,0,0,0,0,0,0,0,0,0,0
550044,2,1,1996,0,0,0,0,0,0,0,0,0,0
550045,1,1,1996,0,0,0,0,0,0,0,0,0,0
550045,2,1,1996,0,0,0,0,0,0,0,0,0,0
550046,1,1,1996,0,0,0,0,0,0,0,0,0,0
550047,1,1,1996,0,0,0,0,6,0,0,0,0,0
550047,2,1,1996,6,6,6,6,6,6,6,6,6,6
550048,1,1,1996,0,0,0,0,0,0,0,0,0,0
550048,2,1,1996,0,0,0,0,0,0,0,0,0,0
550049,0,1,1996,0,0,0,0,0,0,0,0,0,0
550049,1,1,1996,0,0,0,0,0,0,0,0,0,0
550050,1,1,1996,0,0,0,0,0,0,0,0,0,0
550050,2,1,1996,0,0,0,0,0,0,0,0,0,0
550051,1,1,1996,0,0,0,0,0,0,0,0,0,0
550051,2,1,1996,0,0,0,0,0,0,0,0,0,0
550052,1,1,1996,0,0,0,0,0,0,8,0,0,0
550052,2,1,1996,0,0,0,0,0,0,0,0,0,0
550053,0,1,1996,0,0,0,0,0,0,0,0,0,0
550053,1,1,1996,0,0,0,0,0,0,0,0,26,2
550054,1,1,1996,0,0,0,0,0,0,0,0,0,0
550054,2,1,1996,0,0,0,0,0,0,0,0,0,0
550054,3,1,1996,7,0,0,0,0,0,0,0,0,0
550055,1,1,1996,8,8,8,8,8,8,8,8,8,8
550055,2,1,1996,0,0,0,0,0,0,0,0,0,0
550056,1,1,1996,5,5,5,5,5,5,5,5,5,5
550057,1,1,1996,0,0,0,0,0,0,0,0,0,0
550057,2,1,1996,0,0,0,0,0,0,0,0,0,0
550058,0,1,1996,0,0,0,0,0,0,0,0,0,0
550058,1,1,1996,0,0,0,0,0,0,0,0,0,0
550059,1,1,1996,0,0,0,0,0,0,0,0,0,0
550059,2,1,1996,0,0,0,0,0,0,0,0,0,0
550060,1,1,1996,18,18,18,18,18,18,18,18,18,18
550060,2,1,1996,0,0,0,0,0,0,0,0,0,0
550061,1,1,1996,8,8,8,8,8,8,8,8,8,8
550061,2,1,1996,0,0,0,0,0,0,0,0,0,0
550062,1,1,1996,19,19,19,19,19,19,19,19,19,19
550063,1,1,1996,10,10,10,10,10,10,10,10,10,10
550064,1,1,1996,0,0,0,0,0,0,0,0,0,0
550064,2,1,1996,0,0,0,0,0,0,0,0,0,0
550065,1,1,1996,21,21,21,21,21,21,21,21,21,21
550065,2,1,1996,18,18,18,18,18,18,18,18,18,18
550066,0,1,1996,0,0,0,0,0,0,0,0,0,0
550066,1,1,1996,0,0,0,0,0,0,0,0,0,0
550067,1,1,1996,0,0,0,0,0,0,0,0,0,0
550067,2,1,1996,0,0,0,0,0,0,0,7,0,0
550067,3,1,1996,0,0,0,0,0,0,0,0,0,0
550068,1,1,1996,26,26,26,26,26,26,26,26,26,26
550069,1,1,1996,0,0,0,0,0,0,0,0,0,0
550069,2,1,1996,17,17,17,17,17,17,17,17,17,17
550070,1,1,1996,15,15,15,15,15,15,15,15,15,15
550071,1,1,1996,25,25,25,25,25,25,25,25,25,25
550071,2,1,1996,0,0,0,0,0,0,0,0,0,0
550072,1,1,1996,0,0,0,0,0,0,0,0,0,0
550072,2,1,1996,0,0,0,0,0,0,0,0,0,0
550073,1,1,1996,0,0,0,0,0,0,0,0,0,0
550073,2,1,1996,0,0,0,0,0,0,0,0,0,0
550074,1,1,1996,0,0,0,0,0,0,0,0,0,0
550074,2,1,1996,0,0,0,0,0,0,0,0,0,0
550074,3,1,1996,0,0,0,0,0,0,0,0,0,0
550075,1,1,1996,0,0,0,0,0,0,0,0,0,0
550075,2,1,1996,0,0,0,0,0,0,0,0,0,0
550076,0,1,1996,0,0,0,0,0,0,0,0,0,0
550076,1,1,1996,0,0,0,0,0,0,0,0,0,0
550077,1,1,1996,18,18,18,18,18,18,18,18,18,18
550077,2,1,1996,0,0,0,12,0,0,0,0,21,18
550078,1,1,1996,0,0,0,0,0,0,0,0,0,0
550078,2,1,1996,0,0,0,0,0,0,0,0,0,0
550079,1,1,1996,25,25,25,25,25,25,25,25,25,25
550079,2,1,1996,8,8,8,8,8,8,8,8,8,8
550080,1,1,1996,30,30,30,30,30,30,30,30,30,30
550080,2,1,1996,0,0,0,0,0,0,0,0,0,0
550080,3,1,1996,0,0,0,0,0,0,0,0,0,0
550081,1,1,1996,22,22,22,22,22,22,22,22,22,22
550082,1,1,1996,22,22,22,22,22,22,22,22,22,22
550083,1,1,1996,26,26,26,26,26,26,26,26,26,26
550084,1,1,1996,0,0,0,0,0,0,0,0,0,0
550084,2,1,1996,0,0,0,0,0,0,0,0,0,0
550084,3,1,1996,0,0,0,0,0,0,0,0,0,0
550084,4,1,1996,0,0,0,0,0,0,0,0,0,0
550084,5,1,1996,0,0,0,0,0,0,0,0,0,0
550084,6,1,1996,0,0,0,0,0,0,0,0,0,0
550085,1,1,1996,19,19,19,19,19,19,19,19,19,19
550085,2,1,1996,0,0,0,0,0,0,0,0,0,0
550086,1,1,1996,20,20,20,20,20,20,20,20,20,20
550087,1,1,1996,0,0,0,0,0,0,0,0,0,0
550087,2,1,1996,0,0,0,0,0,0,0,0,0,0
550088,1,1,1996,0,0,0,0,0,0,0,0,0,0
550088,2,1,1996,0,0,0,0,0,0,0,0,0,0
550089,1,1,1996,0,0,0,0,0,0,0,0,0,0
550089,2,1,1996,0,0,0,0,0,0,0,0,0,0
550090,1,1,1996,0,0,0,0,0,0,0,0,0,0
550090,2,1,1996,8,0,0,0,0,0,0,0,0,0
550091,1,1,1996,0,0,0,0,0,0,0,0,0,0
550091,2,1,1996,0,0,0,0,0,0,0,0,0,0
550092,1,1,1996,0,0,0,0,0,0,0,0,0,0
550092,2,1,1996,2,2,2,2,2,2,2,2,2,2
550093,1,1,1996,0,0,0,0,0,0,0,0,0,0
550093,2,1,1996,0,0,0,0,0,0,0,0,0,0
550093,3,1,1996,0,0,0,0,0,0,0,0,0,0
550094,1,1,1996,21,21,21,21,21,21,21,21,21,21
550094,2,1,1996,12,12,12,12,12,12,12,12,12,12
550095,1,1,1996,0,0,0,0,0,0,0,0,0,0
550095,2,1,1996,0,0,0,0,0,0,0,0,0,0
550096,0,1,1996,0,0,0,0,0,0,0,0,0,0
550096,1,1,1996,0,0,0,0,0,0,0,0,0,0
550097,1,1,1996,16,16,16,16,16,16,16,16,16,16
550098,1,1,1996,0,0,0,0,0,0,0,0,0,0
550098,2,1,1996,18,18,18,18,18,18,18,18,18,18
550099,1,1,1996,18,18,18,18,18,18,18,18,18,18
550100,0,1,1996,10,0,0,0,0,0,17,0,0,34
550100,1,1,1996,0,0,0,0,0,0,0,0,0,0
550101,1,1,1996,0,0,0,0,0,0,0,0,0,0
550102,1,1,1996,21,21,21,21,21,21,21,21,21,21
550103,1,1,1996,21,21,21,21,21,21,21,21,21,21
550104,1,1,1996,0,0,0,0,0,0,0,0,0,0
550104,2,1,1996,0,0,0,0,0,0,0,0,0,0
550105,1,1,1996,0,0,0,0,0,0,0,0,0,0
550105,2,1,1996,0,0,0,0,0,0,0,0,0,0
550106,1,1,1996,0,0,0,0,0,0,0,0,0,0
550106,2,1,1996,0,0,0,0,0,0,30,0,0,0
550107,0,1,1996,26,26,26,26,26,26,26,26,26,26
550107,1,1,1996,0,0,0,0,0,0,0,0,0,0
550108,0,1,1996,0,0,0,0,0,0,0,0,0,0
550108,0,2,1996,0,0,0,0,0,0,0,0,0,0
550108,1,1,1996,0,0,10,0,24,0,0,0,12,0
550109,1,1,1996,0,0,0,0,0,11,0,0,0,0
550109,2,1,1996,0,0,0,0,0,0,0,0,0,0
550110,0,1,1996,0,0,0,0,0,0,0,0,0,0
550110,1,1,1996,17,17,17,17,17,17,17,17,17,17
550111,0,1,1996,0,0,0,0,0,0,0,0,0,0
550111,1,1,1996,0,0,0,0,0,0,0,0,0,0
550112,1,1,1996,1,1,1,1,1,1,1,1,1,1
550113,1,1,1996,16,16,16,16,16,16,16,16,16,16
550113,2,1,1996,23,23,23,23,23,23,23,23,23,23
550114,1,1,1996,0,0,0,0,0,0,0,0,0,0
550114,2,1,1996,0,0,0,0,0,0,0,0,0,0
550115,1,1,1996,10,10,10,10,10,10,10,10,10,10
550116,1,1,1996,19,19,19,19,19,19,19,19,19,19
550117,1,1,1996,0,0,0,0,0,0,0,0,0,0
550117,2,1,1996,0,0,0,0,0,0,0,0,0,0
550118,1,1,1996,0,0,0,0,0,0,0,0,0,0
550118,2,1,1996,0,0,0,0,0,0,0,0,0,0
550118,3,1,1996,0,0,0,0,0,0,0,0,0,0
550119,1,1,1996,24,24,24,24,24,24,24,24,24,24
550120,1,1,1996,8,8,8,8,8,8,8,8,8,8
550121,1,1,1996,0,0,0,0,0,0,0,0,0,0
550121,2,1,1996,0,0,0,0,0,0,0,0,0,0
550122,1,1,1996,0,0,0,0,0,0,0,0,0,0
550122,2,1,1996,0,0,0,0,0,0,0,0,0,0
550122,3,1,1996,0,0,0,0,0,0,0,0,0,0
550123,1,1,1996,26,26,26,26,26,26,26,26,26,26
550124,1,1,1996,22,22,22,22,22,22,22,22,22,22
550125,1,1,1996,0,0,18,0,0,0,0,0,0,0
550125,2,1,1996,0,0,0,0,0,0,0,0,0,0
550126,1,1,1996,7,7,7,7,7,7,7,7,7,7
550126,2,1,1996,11,11,11,11,11,11,11,11,11,11
550127,1,1,1996,14,14,14,14,14,14,14,14,14,14
550128,1,1,1996,17,17,17,17,17,17,17,17,17,17
550129,1,1,1996,11,11,11,11,11,11,11,11,11,11
550130,1,1,1996,0,0,0,0,0,0,0,0,0,0
550130,2,1,1996,0,0,0,0,0,0,12,0,0,0
550130,3,1,1996,0,0,0,0,0,0,0,0,0,0
550131,1,1,1996,0,0,0,0,0,0,0,0,0,0
550132,1,1,1996,20,6,32,17,20,20,11,28,25,23
550133,1,1,1996,0,0,0,0,0,0,0,0,0,0
550134,1,1,1996,0,0,0,0,0,0,0,0,0,0
550134,2,1,1996,24,0,34,0,0,0,0,9,0,0
550135,1,1,1996,19,19,19,19,19,19,19,19,19,19
550136,1,1,1996,0,0,0,0,0,0,0,0,0,0
550136,2,1,1996,6,6,6,6,6,6,6,6,6,6
550137,1,1,1996,12,12,12,12,12,12,12,12,12,12
550137,2,1,1996,0,0,0,0,0,0,0,0,0,0
550138,1,1,1996,23,23,23,23,23,23,23,23,23,23
550139,1,1,1996,21,21,21,21,21,21,21,21,21,21
550140,1,1,1996,18,18,18,18,18,18,18,18,18,18
550141,0,1,1996,0,0,0,0,0,0,0,0,0,0
550141,1,1,1996,6,0,0,0,0,0,0,0,2,0
550142,1,1,1996,11,11,11,11,11,11,11,11,11,11
550143,1,1,1996,0,0,0,0,0,0,0,0,0,0
550143,2,1,1996,0,0,0,0,0,0,0,0,0,0
550144,1,1,1996,0,0,0,0,0,0,0,0,0,0
550144,2,1,1996,0,0,0,0,0,0,0,0,0,0
550145,1,1,1996,15,15,15,15,15,15,15,15,15,15
550145,2,1,1996,3,3,3,3,3,3,3,3,3,3
550145,3,1,1996,0,0,0,16,0,0,0,0,0,0
550146,0,1,1996,16,16,16,16,16,16,16,16,16,16
550146,1,1,1996,0,0,0,0,9,5,0,3,0,0
550147,1,1,1996,27,27,27,27,27,27,27,27,27,27
550148,1,1,1996,26,26,26,26,26,26,26,26,26,26
550149,1,1,1996,0,0,0,0,0,0,0,0,0,0
550149,2,1,1996,0,0,0,0,0,0,0,0,0,0
550150,1,1,1996,0,0,0,0,0,0,0,0,0,0
550150,2,1,1996,0,0,0,0,0,0,0,0,0,0
550151,1,1,1996,27,27,27,27,27,27,27,27,27,27
550152,1,1,1996,25,25,25,25,25,25,25,25,25,25
550152,2,1,1996,0,0,0,0,0,0,0,0,0,0
550152,3,1,1996,0,0,5,0,0,0,0,0,0,0
550153,1,2,1996,14,22,0,12,12,0,0,16,16,9
550154,1,1,1996,0,0,0,0,0,0,0,0,0,0
550154,2,1,1996,0,0,0,0,0,0,0,0,0,0
550155,1,1,1996,22,22,22,22,22,22,22,22,22,22
550156,1,1,1996,20,20,20,20,20,20,20,20,20,20
550157,1,1,1996,0,0,0,0,0,0,0,0,0,0
550157,2,1,1996,0,0,0,0,0,0,0,0,0,0
550158,1,1,1996,21,21,21,21,21,21,21,21,21,21
550159,1,1,1996,0,0,0,0,0,0,0,0,0,0
550159,2,1,1996,0,0,0,0,0,0,0,0,0,0
550160,1,1,1996,7,22,0,17,0,14,0,0,25,13
550161,1,1,1996,0,0,0,0,0,0,0,0,0,0
550161,2,1,1996,21,21,21,21,21,21,21,21,21,21
550162,1,1,1996,0,0,0,0,0,0,0,0,0,0
550162,2,1,1996,0,0,0,0,0,0,0,0,0,0
550162,3,1,1996,0,0,0,0,0,0,0,0,0,0
550163,1,1,1996,0,0,0,0,0,0,0,0,0,0
550163,2,1,1996,0,0,0,0,0,0,0,0,0,0
550164,1,1,1996,3,3,3,3,3,3,3,3,3,3
550165,1,1,1996,0,0,0,0,0,0,0,0,0,0
550165,2,1,1996,0,0,0,0,0,0,0,0,0,0
550166,1,1,1996,0,0,0,0,0,0,0,0,0,0
550166,2,1,1996,0,0,0,0,0,0,0,0,0,0
550167,1,1,1996,0,0,0,0,0,0,0,0,0,24
550167,2,1,1996,0,0,0,0,0,0,0,22,0,0
550168,1,1,1996,0,0,0,0,0,0,0,0,0,0
550168,2,1,1996,0,0,0,0,0,0,0,0,0,0
550168,3,1,1996,0,0,0,0,0,0,0,0,0,0
550169,0,1,1996,0,0,0,0,0,0,0,0,0,0
550169,1,1,1996,15,15,15,15,15,15,15,15,15,15
550170,1,1,1996,0,0,0,0,0,0,0,0,0,0
550170,2,1,1996,0,0,0,0,0,0,0,0,0,0
550171,1,1,1996,25,25,25,25,25,25,25,25,25,25
550172,1,1,1996,8,22,0,14,15,14,18,0,0,15
550173,1,1,1996,0,0,0,0,0,0,0,0,0,0
550174,1,1,1996,0,0,0,0,0,0,0,0,0,0
550175,1,1,1996,32,32,32,32,32,32,32,32,32,32
550176,1,1,1996,21,21,21,21,21,21,21,21,21,21
550177,0,1,1996,0,0,0,0,0,0,0,0,0,0
550177,1,1,1996,0,0,0,0,0,0,0,0,0,0
550178,1,1,1996,19,19,19,19,19,19,19,19,19,19
550179,0,1,1996,0,0,0,0,0,0,0,0,0,0
550179,1,1,1996,0,0,0,0,0,0,0,0,0,0
550180,1,1,1996,18,18,18,18,18,18,18,18,18,18
550180,2,1,1996,10,10,10,10,10,10,10,10,10,10
550181,1,1,1996,4,4,4,4,4,4,4,4,4,4
550181,2,1,1996,0,0,0,0,0,0,0,0,0,0
550181,3,1,1996,0,0,0,0,0,0,0,0,0,0
550182,1,1,1996,18,32,37,27,21,14,31,13,35,14
550183,1,1,1996,0,0,0,0,0,0,0,0,0,0
550183,2,1,1996,0,0,0,0,0,0,0,0,0,0
550183,3,1,1996,0,0,0,0,0,0,0,0,0,0
550184,1,1,1996,19,19,19,19,19,19,19,19,19,19
550185,1,1,1996,15,15,15,15,15,15,15,15,15,15
550186,1,1,1996,0,0,0,0,0,0,0,0,0,0
550186,2,1,1996,0,0,0,0,0,0,0,0,0,0
550187,1,1,1996,7,7,7,7,7,7,7,7,7,7
550188,1,1,1996,0,0,0,0,0,0,0,0,0,0
550188,2,1,1996,8,0,0,0,15,0,0,0,0,0
550188,3,1,1996,0,0,0,0,0,0,0,0,0,0
550189,0,1,1996,0,0,0,0,0,0,0,0,0,0
550189,1,1,1996,0,0,0,0,0,0,0,0,0,0
550190,1,1,1996,0,0,0,0,0,0,0,0,0,0
550190,2,1,1996,0,0,0,0,0,0,0,0,0,0
550191,1,1,1996,0,0,0,0,0,0,0,0,0,0
550191,2,1,1996,0,0,0,0,0,0,0,0,0,0
550192,0,1,1996,16,16,16,16,16,16,16,16,16,16
550192,1,1,1996,0,0,0,0,0,0,0,0,0,0
550193,0,1,1996,0,0,0,0,0,0,0,0,0,0
550193,1,1,1996,0,0,0,0,0,0,0,0,0,0
550194,1,1,1996,20,20,20,20,20,20,20,20,20,20
550195,1,1,1996,11,11,11,11,11,11,11,11,11,11
550196,0,1,1996,0,0,0,0,0,0,0,0,0,0
550196,1,1,1996,29,29,29,29,29,29,29,29,29,29
550197,1,1,1996,29,29,29,29,29,29,29,29,29,29
550198,1,1,1996,0,0,0,0,0,0,0,0,0,0
550198,2,1,1996,0,0,0,0,0,0,0,0,0,0
550199,1,1,1996,23,23,23,23,23,23,23,23,23,23
550200,1,1,1996,30,30,30,30,30,30,30,30,30,30
550200,2,1,1996,0,0,0,0,0,0,0,0,0,0
550201,1,1,1996,23,23,23,23,23,23,23,23,23,23
550202,1,1,1996,18,18,18,18,18,18,18,18,18,18
550203,0,1,1996,0,0,0,0,0,0,0,0,0,0
550203,1,1,1996,0,0,0,0,0,0,0,0,0,0
550204,1,1,1996,0,0,0,0,0,0,0,0,0,0
550204,2,1,1996,0,0,0,0,0,0,0,0,0,0
550205,1,1,1996,0,0,0,0,0,0,0,0,0,0
550205,2,1,1996,0,0,0,0,0,0,0,0,0,0
550206,1,1,1996,0,0,4,0,9,0,32,5,29,17
550207,1,1,1996,18,18,18,18,18,18,18,18,18,18
550208,1,1,1996,9,9,9,9,9,9,9,9,9,9
550209,1,1,1996,22,22,22,22,22,22,22,22,22,22
550209,2,1,1996,0,0,0,0,0,0,0,0,0,0
550210,1,1,1996,0,0,0,0,0,0,0,0,0,0
550210,2,1,1996,0,0,0,0,0,0,0,0,0,0
550211,1,1,1996,0,0,0,0,0,0,0,0,0,0
550211,2,1,1996,0,0,0,0,0,0,0,0,0,0
550212,1,1,1996,0,0,0,0,0,0,0,0,0,0
550213,1,1,1996,12,0,5,0,0,0,13,0,0,6
550213,2,1,1996,0,0,0,0,0,0,0,0,0,0
550214,1,1,1996,0,0,0,0,0,0,0,0,0,0
550214,2,1,1996,0,0,0,0,0,0,0,0,0,0
550215,1,1,1996,16,16,16,16,16,16,16,16,16,16
550215,2,1,1996,13,13,13,13,13,13,13,13,13,13
550216,1,1,1996,0,0,0,0,0,0,0,0,0,0
550216,2,1,1996,0,0,0,0,0,16,0,0,0,0
550216,3,1,1996,0,0,0,0,0,0,0,0,0,0
550217,1,1,1996,0,0,0,0,0,0,0,0,0,0
550217,2,1,1996,21,21,21,21,21,21,21,21,21,21
550218,1,1,1996,0,0,0,0,0,0,0,0,0,0
550218,2,1,1996,15,15,15,15,15,15,15,15,15,15
550219,1,1,1996,0,0,0,0,0,0,0,0,0,0
550220,1,1,1996,0,0,0,0,0,0,0,0,0,0
550220,2,1,1996,0,0,0,0,0,0,0,0,0,0
550221,1,1,1996,10,10,10,10,10,10,10,10,10,10
550221,2,1,1996,3,3,3,3,3,3,3,3,3,3
550222,1,1,1996,0,0,0,0,0,0,0,0,0,0
550222,2,1,1996,0,0,0,0,0,0,0,0,0,0
550222,3,1,1996,0,0,0,0,0,0,0,0,0,0
550223,1,1,1996,0,0,0,0,0,0,0,0,0,0
550223,2,1,1996,0,0,0,0,0,0,0,0,0,0
550224,1,1,1996,16,16,16,16,16,16,16,16,16,16
550225,1,2,1996,27,27,27,27,27,27,27,27,27,27
550226,0,1,1996,0,0,0,0,0,0,0,0,0,0