ST_CASE,VEH_NO,PER_NO,YEAR,P1,P2,P3,P4,P5,P6,P7,P8,P9,P10
550226,1,1,1996,0,0,0,0,0,0,0,0,0,0
550227,1,1,1996,25,25,25,25,25,25,25,25,25,25
550228,1,1,1996,12,12,12,12,12,12,12,12,12,12
550228,2,1,1996,0,0,0,0,0,0,0,0,0,0
550229,1,1,1996,0,0,0,0,0,0,0,0,0,0
550229,2,1,1996,0,0,0,0,0,0,0,0,0,0
550230,0,1,1996,0,0,0,0,0,0,0,0,0,0
550230,1,1,1996,0,12,0,0,0,0,0,0,0,0
550231,1,1,1996,0,0,0,0,0,0,0,0,15,0
550231,2,1,1996,0,0,0,0,0,0,0,14,0,0
550232,1,1,1996,22,22,22,22,22,22,22,22,22,22
550233,1,1,1996,0,0,0,0,0,0,0,0,0,0
550233,2,1,1996,0,0,0,0,0,0,0,0,0,0
550234,1,1,1996,0,0,0,0,0,0,0,0,0,0
550234,2,1,1996,0,0,0,0,0,0,0,0,0,0
550235,1,1,1996,0,0,0,0,0,0,0,0,0,0
550235,2,1,1996,0,0,0,0,0,0,0,0,0,0
550236,1,1,1996,18,5,0,0,0,0,0,22,0,0
550236,2,1,1996,0,0,0,0,0,0,0,0,0,0
550237,1,1,1996,27,27,27,27,27,27,27,27,27,27
550238,0,1,1996,0,0,0,0,0,0,0,0,0,0
550238,1,1,1996,1,1,1,1,1,1,1,1,1,1
550239,1,1,1996,14,14,14,14,14,14,14,14,14,14
550240,1,1,1996,3,3,3,3,3,3,3,3,3,3
550241,1,1,1996,23,23,23,23,23,23,23,23,23,23
550242,0,2,1996,0,0,0,0,0,0,0,0,0,0
550242,1,1,1996,0,0,0,0,0,0,0,0,0,0
550243,1,1,1996,7,7,7,7,7,7,7,7,7,7
550243,2,1,1996,0,0,0,0,0,0,0,0,0,0
550244,1,1,1996,0,0,11,0,0,0,0,0,0,0
550244,2,1,1996,0,0,0,0,0,0,0,0,0,0
550245,1,1,1996,13,13,13,13,13,13,13,13,13,13
550246,1,1,1996,0,0,0,0,0,0,0,0,0,0
550246,2,1,1996,0,0,0,0,0,0,0,0,0,0
550247,1,1,1996,21,21,21,21,21,21,21,21,21,21
550248,1,1,1996,0,0,0,0,0,0,0,0,0,0
550249,1,1,1996,0,0,0,0,0,0,0,0,0,0
550249,2,1,1996,0,0,0,0,0,0,0,0,0,0
550250,1,1,1996,0,0,0,0,0,0,0,0,0,0
550250,2,1,1996,0,0,0,0,0,0,0,0,0,0
550251,1,1,1996,12,12,12,12,12,12,12,12,12,12
550252,1,1,1996,22,22,22,22,22,22,22,22,22,22
550253,1,1,1996,23,23,23,23,23,23,23,23,23,23
550254,1,1,1996,0,0,0,0,0,0,0,0,0,0
550255,1,1,1996,0,0,0,0,0,0,0,0,0,0
550255,2,1,1996,0,0,0,0,0,0,0,0,0,0
550256,1,1,1996,13,13,13,13,13,13,13,13,13,13
550257,1,1,1996,0,0,0,0,0,0,0,0,0,0
550257,2,1,1996,0,0,0,0,0,0,0,0,0,0
550258,1,1,1996,0,0,0,0,0,0,0,0,0,11
550259,1,1,1996,0,0,0,0,0,0,0,0,0,0
550259,2,1,1996,0,0,0,0,0,0,0,0,0,0
550260,1,1,1996,18,18,18,18,18,18,18,18,18,18
550261,1,1,1996,0,0,0,0,0,0,0,0,0,0
550262,1,1,1996,22,22,22,22,22,22,22,22,22,22
550263,1,1,1996,0,0,0,0,0,0,0,0,0,0
550263,2,1,1996,0,0,0,0,0,0,0,0,0,0
550263,3,1,1996,0,0,0,0,0,0,0,0,0,0
550264,1,1,1996,0,0,0,0,0,0,0,0,0,0
550264,2,1,1996,0,0,0,0,0,0,0,0,0,0
550265,1,1,1996,0,0,0,0,0,0,0,0,0,0
550265,2,1,1996,0,0,0,0,0,0,0,0,0,0
550266,1,1,1996,0,0,0,0,0,0,0,0,0,0
550266,2,1,1996,0,0,0,0,0,0,0,0,0,0
550267,1,1,1996,0,0,0,0,0,0,0,0,0,0
550267,2,1,1996,0,0,0,0,0,0,0,0,0,0
550268,1,1,1996,0,0,0,3,0,0,0,0,0,0
550268,2,1,1996,0,0,0,0,0,0,0,0,0,0
550268,3,1,1996,0,0,0,0,0,0,0,0,0,0
550268,4,1,1996,0,0,0,0,0,0,0,0,0,0
550269,1,1,1996,3,3,3,3,3,3,3,3,3,3
550269,2,1,1996,0,0,0,0,0,0,0,0,0,0
550270,1,1,1996,12,12,12,12,12,12,12,12,12,12
550270,2,1,1996,0,17,0,0,12,0,23,0,0,0
550271,1,1,1996,34,34,34,34,34,34,34,34,34,34
550271,2,1,1996,0,0,0,0,0,0,0,0,0,0
550272,1,1,1996,10,10,10,10,10,10,10,10,10,10
550273,1,1,1996,0,0,0,0,0,0,0,0,0,0
550273,2,1,1996,0,0,0,25,5,0,14,16,0,0
550274,1,1,1996,0,0,0,0,0,0,0,0,0,0
550274,2,1,1996,0,0,0,0,0,0,0,0,0,0
550275,1,1,1996,8,0,0,0,0,0,0,0,0,0
550275,2,1,1996,0,0,0,0,0,0,0,0,0,0
550275,3,1,1996,0,0,12,0,0,0,0,0,0,0
550276,0,1,1996,0,0,0,0,0,0,0,0,0,0
550276,1,1,1996,0,0,0,0,19,0,0,0,0,0
550277,1,1,1996,21,21,21,21,21,21,21,21,21,21
550277,2,1,1996,0,7,14,0,0,0,0,0,0,0
550278,1,1,1996,0,0,0,0,0,0,0,0,0,0
550278,2,1,1996,0,0,0,0,0,0,0,0,0,0
550279,1,1,1996,0,0,0,0,0,0,0,0,0,0
550279,2,1,1996,0,0,0,0,0,0,0,0,0,0
550280,1,1,1996,24,24,24,24,24,24,24,24,24,24
550281,1,1,1996,0,0,0,0,0,0,0,0,0,0
550281,2,1,1996,0,0,0,0,0,0,0,0,0,0
550282,1,1,1996,0,0,0,0,0,0,0,0,0,0
550282,2,1,1996,0,0,0,0,0,0,0,0,0,0
550282,3,1,1996,0,0,0,0,0,0,0,0,0,3
550282,4,1,1996,0,0,0,0,0,0,0,0,0,0
550282,5,1,1996,0,0,0,0,0,0,0,0,0,0
550282,6,1,1996,0,0,0,0,0,0,0,0,0,0
550282,7,1,1996,0,0,0,0,0,0,0,0,0,0
550283,1,1,1996,0,0,0,0,3,0,0,0,0,0
550283,2,1,1996,0,0,0,0,0,12,0,0,0,0
550284,1,1,1996,0,0,0,0,0,0,0,0,0,0
550284,2,1,1996,0,0,0,0,0,0,0,0,0,0
550285,0,1,1996,36,14,0,19,13,16,15,22,23,28
550285,1,1,1996,0,0,0,0,0,0,11,0,0,16
550286,1,1,1996,19,19,19,19,19,19,19,19,19,19
550287,1,1,1996,17,17,17,17,17,17,17,17,17,17
550288,0,1,1996,0,0,0,0,0,0,0,0,0,0
550288,1,1,1996,0,0,0,0,0,0,0,0,0,0
550289,1,1,1996,0,0,0,0,0,0,0,0,0,0
550289,2,1,1996,0,0,0,0,0,0,0,0,0,0
550290,1,1,1996,20,20,20,20,20,20,20,20,20,20
550291,1,1,1996,0,0,0,0,0,0,0,0,0,0
550291,2,1,1996,0,0,0,0,0,0,0,0,0,0
550292,0,1,1996,0,0,0,0,0,0,0,0,0,0
550292,1,1,1996,0,0,13,0,0,0,0,0,0,5
550293,1,1,1996,0,0,0,0,0,0,0,0,0,0
550293,2,1,1996,0,33,25,0,0,0,0,0,0,15
550293,3,1,1996,0,0,0,0,0,8,0,13,0,0
550294,1,1,1996,1,1,1,1,1,1,1,1,1,1
550294,2,1,1996,0,45,0,0,0,0,0,0,0,0
550295,1,1,1996,0,0,0,0,0,0,0,0,0,0
550295,2,1,1996,0,0,0,0,0,0,0,0,0,0
550296,1,1,1996,19,19,19,19,19,19,19,19,19,19
550297,1,1,1996,0,0,0,0,0,0,0,0,0,0
550298,1,1,1996,0,0,0,0,0,0,0,0,0,0
550298,2,1,1996,0,0,0,25,0,0,0,0,0,0
550299,1,1,1996,0,0,0,0,0,0,0,0,0,0
550299,2,1,1996,0,0,0,0,0,0,0,0,0,0
550300,1,1,1996,1,1,1,1,1,1,1,1,1,1
550300,2,1,1996,0,0,0,0,0,0,0,11,0,0
550301,1,1,1996,0,0,0,0,0,0,0,0,0,0
550302,1,1,1996,0,0,0,0,0,0,0,0,0,0
550303,1,1,1996,0,0,0,0,20,0,22,0,0,0
550303,2,1,1996,0,0,0,0,0,0,0,0,0,0
550304,1,1,1996,0,0,0,0,0,0,0,0,0,0
550304,2,1,1996,0,0,0,0,0,0,0,0,0,0
550305,1,1,1996,10,10,10,10,10,10,10,10,10,10
550306,1,1,1996,13,13,13,13,13,13,13,13,13,13
550306,2,1,1996,0,0,0,0,0,0,0,0,0,0
550307,1,1,1996,20,20,20,20,20,20,20,20,20,20
550308,1,1,1996,18,18,18,18,18,18,18,18,18,18
550309,1,1,1996,0,0,0,0,0,0,0,0,0,0
550309,2,1,1996,0,0,0,0,0,0,0,0,0,0
550310,1,1,1996,4,14,21,27,3,10,17,15,0,3
550310,2,1,1996,37,37,37,37,37,37,37,37,37,37
550311,1,1,1996,0,0,0,0,0,0,0,0,0,0
550311,2,1,1996,0,0,0,0,0,0,0,0,0,0
550312,1,1,1996,15,15,15,15,15,15,15,15,15,15
550313,0,1,1996,0,0,0,0,0,0,0,0,0,0
550313,1,1,1996,0,0,0,0,0,0,0,0,0,0
550314,1,1,1996,0,0,0,0,0,0,0,0,0,0
550315,1,1,1996,28,28,28,28,28,28,28,28,28,28
550316,0,1,1996,0,0,0,0,0,0,0,0,0,0
550316,1,1,1996,0,0,0,0,0,0,0,0,0,0
550317,1,1,1996,17,17,17,17,17,17,17,17,17,17
550318,0,1,1996,0,0,0,33,0,0,22,0,25,0
550318,0,2,1996,0,26,0,0,0,0,22,0,0,0
550318,1,1,1996,0,0,0,0,0,0,0,0,0,0
550319,1,1,1996,33,33,33,33,33,33,33,33,33,33
550320,0,1,1996,10,10,10,10,10,10,10,10,10,10
550320,1,1,1996,0,0,0,0,0,0,0,0,0,0
550321,1,1,1996,0,0,0,0,0,0,0,0,0,0
550321,2,1,1996,0,0,0,0,0,0,0,0,0,0
550321,3,1,1996,0,0,0,0,0,0,0,0,0,0
550321,4,1,1996,0,0,0,0,0,0,0,0,0,0
550322,1,1,1996,0,0,0,0,0,0,0,0,0,0
550322,2,1,1996,0,0,0,0,0,0,0,0,0,0
550322,3,1,1996,0,0,0,0,0,0,0,0,0,0
550323,1,1,1996,0,0,0,0,0,0,0,0,0,0
550323,2,1,1996,0,0,0,0,0,0,0,0,0,0
550324,1,1,1996,0,0,0,0,0,0,0,0,0,0
550324,2,1,1996,12,22,0,10,0,0,8,12,13,0
550325,0,1,1996,0,0,0,0,0,0,0,0,0,0
550325,1,1,1996,0,0,0,0,0,0,0,0,0,0
550326,1,1,1996,14,14,14,14,14,14,14,14,14,14
550327,1,1,1996,0,0,0,0,0,0,0,0,0,0
550327,2,1,1996,0,0,0,0,0,0,0,0,0,0
550328,1,1,1996,17,17,17,17,17,17,17,17,17,17
550329,1,1,1996,11,11,11,11,11,11,11,11,11,11
550329,2,1,1996,29,19,19,0,21,4,20,16,11,13
550330,1,1,1996,0,0,0,0,0,0,0,0,0,0
550330,2,1,1996,0,0,0,0,0,0,0,0,0,0
550331,1,1,1996,0,0,0,0,0,0,0,0,0,0
550331,2,1,1996,0,0,0,0,0,0,0,0,0,0
550332,1,1,1996,16,16,16,16,16,16,16,16,16,16
550333,1,1,1996,24,24,24,24,24,24,24,24,24,24
550333,2,1,1996,0,0,32,0,0,0,0,0,0,0
550334,1,1,1996,0,0,0,0,0,0,0,0,0,0
550334,2,1,1996,0,0,0,0,0,0,0,0,0,0
550335,1,1,1996,17,17,17,17,17,17,17,17,17,17
550336,1,1,1996,0,0,0,0,0,0,0,0,0,0
550337,1,1,1996,0,0,0,0,0,0,0,0,0,0
550337,2,1,1996,0,0,0,0,0,0,23,0,0,0
550338,1,1,1996,0,0,0,0,0,0,0,0,0,0
550338,2,1,1996,0,0,0,0,0,0,0,0,0,0
550339,1,1,1996,0,0,0,0,0,0,0,0,0,0
550339,2,1,1996,0,0,0,0,0,0,0,0,0,0
550340,1,1,1996,0,0,0,0,0,0,0,0,0,0
550340,2,1,1996,1,1,1,1,1,1,1,1,1,1
550341,1,1,1996,0,0,0,0,0,0,0,0,0,0
550342,1,1,1996,25,25,25,25,25,25,25,25,25,25
550343,1,1,1996,0,0,0,0,0,0,0,0,0,0
550344,1,1,1996,0,0,0,0,0,0,0,0,0,0
550344,2,1,1996,0,0,0,0,0,0,0,0,0,0
550345,1,1,1996,21,21,21,21,21,21,21,21,21,21
550346,1,1,1996,0,0,0,0,0,0,0,0,0,0
550346,2,1,1996,0,0,0,0,0,0,0,0,12,0
550346,3,1,1996,0,0,0,0,0,0,0,0,0,0
550347,1,1,1996,6,6,6,6,6,6,6,6,6,6
550348,1,1,1996,0,0,0,0,0,0,0,0,0,0
550348,2,1,1996,19,0,9,0,0,0,15,35,25,0
550349,0,1,1996,0,0,0,0,0,0,0,0,0,0
550349,1,1,1996,0,0,0,0,0,0,0,0,0,0
550350,0,1,1996,0,0,0,0,0,0,0,0,0,0
550350,1,1,1996,0,0,0,0,0,0,0,0,0,0
550351,1,1,1996,14,14,14,14,14,14,14,14,14,14
550351,2,1,1996,0,0,0,0,0,0,0,0,0,0
550352,1,1,1996,0,0,0,0,0,0,0,0,0,0
550352,2,1,1996,0,0,7,11,0,0,0,0,0,0
550353,1,1,1996,42,42,42,42,42,42,42,42,42,42
550354,1,1,1996,14,14,14,14,14,14,14,14,14,14
550354,2,1,1996,4,4,4,4,4,4,4,4,4,4
550355,1,1,1996,0,0,0,0,0,0,0,0,0,0
550356,1,1,1996,16,0,0,0,0,0,0,0,0,0
550357,1,1,1996,21,21,21,21,21,21,21,21,21,21
550358,0,1,1996,0,0,0,0,0,0,0,0,0,0
550358,1,1,1996,0,0,0,0,0,0,0,0,0,0
550359,0,1,1996,0,0,0,0,0,0,0,0,0,0
550359,1,1,1996,0,0,8,0,0,0,0,11,15,0
550360,1,1,1996,0,0,0,0,0,0,0,0,0,0
550360,2,1,1996,0,0,0,0,0,0,0,0,0,0
550361,0,1,1996,0,0,0,0,0,0,0,0,0,0
550361,1,1,1996,0,0,0,0,8,0,0,0,0,0
550362,1,1,1996,0,0,0,0,0,0,0,0,0,0
550362,2,1,1996,0,0,0,0,0,0,0,0,0,0
550363,1,1,1996,9,9,9,9,9,9,9,9,9,9
550364,1,1,1996,0,0,0,0,0,0,0,0,0,0
550364,2,1,1996,0,0,0,0,0,0,0,0,0,0
550365,1,1,1996,0,0,0,0,0,0,0,0,0,0
550365,2,1,1996,0,0,0,0,0,0,0,0,0,0
550365,3,1,1996,0,0,0,0,0,7,0,0,0,0
550365,4,1,1996,0,0,0,0,0,0,0,0,0,0
550365,5,1,1996,0,0,0,0,0,0,0,0,0,0
550366,1,1,1996,23,23,23,23,23,23,23,23,23,23
550367,1,1,1996,0,0,0,0,0,0,0,0,0,0
550368,1,1,1996,3,3,3,3,3,3,3,3,3,3
550368,2,1,1996,0,0,0,0,0,0,0,0,0,0
550369,1,1,1996,17,17,17,17,17,17,17,17,17,17
550370,0,1,1996,0,0,0,0,0,0,0,0,0,0
550370,0,2,1996,0,0,0,0,0,0,0,0,0,0
550370,0,3,1996,0,0,0,0,0,0,0,0,0,0
550370,1,1,1996,13,13,13,13,13,13,13,13,13,13
550371,1,1,1996,0,0,0,0,0,0,0,0,0,0
550372,1,1,1996,13,13,13,13,13,13,13,13,13,13
550373,0,1,1996,0,0,0,0,0,0,0,0,0,0
550373,1,1,1996,0,0,0,0,0,0,0,0,0,0
550374,1,1,1996,5,5,5,5,5,5,5,5,5,5
550375,0,1,1996,0,0,0,0,0,0,0,0,0,0
550375,1,1,1996,0,0,0,15,0,0,0,0,0,0
550376,1,1,1996,0,0,0,0,0,0,0,0,0,0
550377,0,1,1996,0,0,26,0,0,0,0,15,0,15
550377,1,1,1996,0,0,0,0,0,0,0,0,0,0
550378,1,1,1996,0,0,0,0,0,0,0,0,0,0
550378,2,1,1996,0,0,0,0,0,0,0,0,0,0
550378,3,1,1996,0,0,0,0,0,0,0,0,0,0
550379,0,1,1996,0,0,0,0,0,0,0,0,0,0
550379,1,1,1996,0,0,0,0,0,0,0,0,0,0
550380,1,1,1996,0,0,0,0,0,0,0,0,0,0
550380,2,1,1996,0,0,0,0,0,0,0,0,0,0
550381,1,1,1996,0,0,0,0,0,0,0,0,0,0
550381,2,1,1996,0,0,0,0,0,0,0,0,0,0
550382,0,1,1996,20,20,20,20,20,20,20,20,20,20
550382,1,1,1996,0,0,0,0,0,0,0,0,0,0
550383,1,1,1996,0,0,0,0,0,0,0,0,0,0
550383,2,1,1996,0,0,0,0,0,0,0,0,0,0
550383,3,1,1996,0,0,0,0,0,0,0,0,0,0
550383,4,1,1996,0,0,0,0,0,0,0,0,0,0
550384,1,1,1996,10,10,10,10,10,10,10,10,10,10
550384,2,1,1996,24,24,24,24,24,24,24,24,24,24
550385,1,1,1996,23,23,23,23,23,23,23,23,23,23
550386,1,1,1996,0,0,10,8,0,10,0,8,0,20
550387,0,1,1996,0,0,0,0,0,0,0,0,0,0
550387,1,1,1996,0,0,0,0,0,0,0,0,0,0
550388,1,1,1996,37,37,37,37,37,37,37,37,37,37
550389,1,1,1996,0,0,0,0,0,0,0,0,0,0
550389,2,1,1996,0,0,0,0,0,0,0,0,0,0
550390,1,1,1996,12,12,12,12,12,12,12,12,12,12
550390,2,1,1996,0,0,0,0,0,0,0,0,0,0
550391,0,1,1996,0,0,0,0,0,0,0,0,0,0
550391,1,1,1996,0,0,0,0,0,0,0,0,0,0
550392,0,1,1996,0,0,0,0,0,0,0,0,0,0
550392,1,1,1996,0,0,0,0,0,0,0,0,0,0
550393,1,1,1996,0,0,0,0,0,0,0,0,0,0
550393,2,1,1996,0,0,0,0,0,0,0,0,0,0
550394,1,1,1996,0,0,0,0,0,0,0,0,0,0
550394,2,1,1996,38,38,38,38,38,38,38,38,38,38
550395,1,1,1996,0,0,0,0,0,0,0,0,0,0
550395,2,1,1996,0,0,0,0,0,0,0,0,0,0
550396,1,1,1996,0,0,0,0,0,0,0,0,0,0
550396,2,1,1996,0,0,0,0,0,0,0,0,0,0
550397,1,1,1996,0,0,0,0,0,0,0,0,0,0
550398,0,1,1996,0,0,0,0,0,9,0,0,0,0
550398,1,1,1996,0,0,0,0,0,0,0,0,0,0
550399,1,1,1996,21,21,21,21,21,21,21,21,21,21
550400,1,1,1996,0,0,0,0,0,0,0,0,0,0
550400,2,1,1996,5,5,5,5,5,5,5,5,5,5
550401,1,1,1996,0,0,0,0,0,0,0,0,8,0
550401,2,1,1996,0,0,0,0,0,0,0,0,0,0
550402,1,1,1996,0,0,0,0,0,0,0,0,0,0
550402,2,1,1996,0,0,0,0,0,0,0,0,0,0
550403,1,1,1996,0,0,0,0,0,0,0,0,0,0
550403,2,1,1996,0,0,0,0,0,0,0,0,0,0
550404,1,1,1996,15,15,15,15,15,15,15,15,15,15
550404,2,1,1996,0,0,0,0,0,0,0,0,0,0
550405,1,1,1996,0,0,0,0,0,0,0,0,0,0
550406,1,1,1996,0,0,0,0,0,0,0,0,0,4
550406,2,1,1996,21,10,0,6,0,10,0,9,13,3
550407,1,1,1996,0,0,0,0,0,0,0,0,0,0
550407,2,1,1996,0,0,0,11,0,0,0,0,0,0
550408,1,1,1996,0,0,0,0,0,0,0,0,0,0
550408,2,1,1996,0,0,0,0,0,0,0,0,0,0
550409,1,1,1996,12,12,12,12,12,12,12,12,12,12
550410,1,1,1996,0,0,0,0,0,0,0,0,0,0
550411,1,1,1996,0,0,0,0,0,0,0,0,0,0
550412,1,1,1996,0,0,0,0,0,0,0,16,0,0
550412,2,1,1996,0,0,0,0,0,0,0,0,0,0
550413,1,1,1996,0,0,0,0,0,0,0,0,0,0
550414,1,1,1996,16,16,16,16,16,16,16,16,16,16
550415,1,1,1996,0,0,0,0,0,0,0,0,0,0
550415,2,1,1996,0,0,0,0,0,0,0,0,0,0
550415,3,1,1996,19,19,19,19,19,19,19,19,19,19
550415,4,1,1996,0,0,0,0,0,0,0,0,0,0
550415,5,1,1996,0,0,15,0,0,0,13,0,7,0
550416,1,1,1996,0,0,0,0,0,0,0,0,0,0
550416,2,1,1996,0,0,0,0,0,0,0,0,0,0
550416,3,1,1996,0,0,0,0,0,0,0,0,0,0
550417,1,1,1996,0,0,0,0,0,0,0,0,0,0
550417,2,1,1996,0,0,0,0,0,0,0,0,0,19
550418,1,1,1996,0,0,28,0,0,24,0,13,0,0
550418,2,1,1996,0,0,0,6,0,0,0,0,0,0
550419,1,1,1996,0,12,0,0,13,0,0,0,0,0
550419,2,1,1996,0,0,0,0,0,0,0,0,0,0
550419,3,1,1996,0,0,0,0,0,0,0,0,0,0
550420,1,1,1996,11,11,11,11,11,11,11,11,11,11
550420,2,1,1996,0,0,0,0,0,0,0,0,0,0
550421,1,1,1996,0,0,0,0,0,0,0,0,0,0
550421,2,1,1996,0,0,19,0,13,24,9,0,0,0
550422,1,1,1996,0,17,0,0,0,0,33,0,0,0
550423,1,1,1996,0,0,0,0,0,0,0,0,0,0
550424,1,1,1996,0,0,0,0,0,0,0,0,0,0
550424,2,1,1996,0,0,0,0,0,0,0,0,0,0
550424,3,1,1996,0,0,0,0,0,0,0,0,0,0
550425,1,1,1996,0,0,0,0,0,0,0,0,0,0
550425,2,1,1996,0,0,0,0,0,0,0,0,0,0
550426,1,1,1996,9,9,9,9,9,9,9,9,9,9
550427,1,1,1996,15,15,15,15,15,15,15,15,15,15
550427,2,1,1996,0,0,0,0,0,0,0,14,0,0
550428,1,1,1996,0,0,9,0,0,0,25,0,4,0
550428,2,1,1996,0,0,0,0,0,0,0,0,0,0
550429,1,1,1996,23,23,23,23,23,23,23,23,23,23
550430,1,1,1996,0,0,0,0,0,0,0,0,0,0
550430,2,1,1996,0,0,0,0,0,0,0,0,0,0
550431,1,1,1996,0,0,0,0,0,0,0,0,0,0
550431,2,1,1996,0,0,0,0,0,0,0,0,0,0
550432,1,1,1996,0,0,0,0,0,0,0,0,0,0
550432,2,1,1996,0,0,0,0,0,0,0,0,0,0
550433,1,1,1996,0,0,0,0,0,0,0,0,0,0
550433,2,1,1996,0,0,0,0,0,0,0,0,0,0
550434,1,1,1996,0,0,0,0,12,0,0,0,0,0
550435,1,1,1996,0,0,0,0,0,0,0,0,0,0
550435,2,1,1996,0,0,0,0,0,0,0,0,0,0
550436,1,1,1996,0,0,0,0,0,0,0,0,0,0
550436,2,1,1996,0,0,0,0,0,0,0,0,0,0
550437,1,1,1996,0,0,0,0,0,0,0,0,0,0
550437,2,1,1996,0,24,0,0,0,0,0,0,0,0
550438,1,1,1996,17,17,17,17,17,17,17,17,17,17
550439,0,1,1996,0,0,0,0,0,0,0,0,0,0
550439,1,1,1996,14,14,14,14,14,14,14,14,14,14
550440,0,1,1996,0,0,0,0,0,0,0,0,0,0
550440,1,1,1996,25,25,25,25,25,25,25,25,25,25
550441,1,1,1996,0,0,0,0,0,0,0,0,0,0
550441,2,1,1996,17,0,0,0,0,0,0,0,0,0
550442,1,1,1996,18,13,45,0,0,0,0,0,0,0
550442,2,1,1996,0,0,0,0,0,0,0,0,0,0
550443,1,1,1996,0,0,0,0,0,0,0,0,0,0
550443,2,1,1996,0,0,0,0,0,0,0,0,0,0
550444,1,1,1996,0,0,0,0,0,0,0,0,0,0
550445,1,1,1996,24,24,24,24,24,24,24,24,24,24
550446,1,1,1996,0,0,0,0,0,0,0,15,0,0
550446,2,1,1996,0,0,0,0,0,0,0,0,0,0
550447,1,1,1996,17,17,17,17,17,17,17,17,17,17
550448,1,1,1996,0,0,0,0,0,0,0,0,0,0
550448,2,1,1996,0,0,0,0,0,0,0,0,0,0
550449,1,1,1996,15,15,15,15,15,15,15,15,15,15
550450,1,1,1996,0,0,0,0,0,0,0,0,0,0
550450,2,1,1996,0,0,0,0,0,0,0,0,0,0
550450,3,1,1996,0,0,0,0,0,0,0,0,0,0
550450,4,1,1996,0,0,0,0,0,0,0,0,0,0
550451,1,1,1996,18,18,18,18,18,18,18,18,18,18
550451,2,1,1996,0,0,0,0,0,0,0,0,0,0
550451,3,1,1996,0,0,0,13,0,0,0,0,0,0
550452,1,1,1996,0,0,0,0,0,0,0,0,0,0
550452,2,1,1996,0,0,0,0,0,0,0,0,0,0
550452,3,1,1996,0,0,0,0,0,0,0,0,0,0
550453,1,1,1996,0,0,0,0,0,0,0,0,0,0
550453,2,1,1996,0,0,0,0,0,0,0,0,0,0
550453,3,1,1996,0,0,0,0,0,0,0,0,0,0
550454,1,1,1996,0,0,0,0,0,0,0,0,0,0
550454,2,1,1996,0,0,0,0,0,0,0,0,0,0
550454,3,1,1996,0,0,0,0,0,0,0,0,0,0
550455,1,1,1996,0,0,0,0,0,0,0,0,0,0
550455,2,1,1996,0,0,0,0,0,0,0,0,0,0
550455,3,1,1996,0,0,0,0,0,0,0,0,0,0
550456,1,1,1996,0,0,0,0,0,0,0,0,0,0
550456,2,1,1996,0,0,0,0,0,0,0,0,0,0
550457,1,1,1996,0,0,0,0,0,0,0,0,0,0
550458,1,1,1996,0,0,0,0,0,0,0,0,0,0
550458,2,1,1996,0,0,0,0,0,0,0,0,0,0
550459,1,1,1996,0,0,0,0,0,0,0,0,0,0
550460,1,1,1996,11,39,20,19,16,11,19,14,21,15
550461,1,1,1996,0,0,0,0,0,0,0,0,0,0
550461,2,1,1996,0,0,0,0,0,0,0,0,0,0
550462,1,1,1996,20,20,20,20,20,20,20,20,20,20
550462,2,1,1996,30,30,30,30,30,30,30,30,30,30
550463,1,1,1996,0,0,0,25,0,0,0,5,0,0
550463,2,1,1996,0,0,0,0,0,0,0,0,0,0
550464,1,1,1996,12,12,12,12,12,12,12,12,12,12
550464,2,1,1996,14,14,14,14,14,14,14,14,14,14
550465,1,1,1996,0,0,0,0,0,0,0,0,0,0
550465,2,1,1996,0,0,0,0,0,0,0,0,0,0
550465,3,1,1996,0,0,0,0,0,0,0,0,0,0
550466,1,1,1996,22,22,22,22,22,22,22,22,22,22
550467,1,1,1996,0,0,0,0,0,0,0,0,0,0
550467,2,1,1996,3,3,3,3,3,3,3,3,3,3
550468,1,1,1996,0,0,0,0,0,0,0,0,0,0
550468,2,1,1996,0,0,0,0,0,0,0,0,0,0
550469,1,1,1996,14,20,2,10,21,8,22,16,24,21
550470,1,1,1996,0,0,0,0,0,0,0,0,0,0
550471,0,1,1996,0,0,0,0,0,0,0,0,0,0
550471,0,2,1996,0,0,0,0,0,0,0,0,0,0
550471,1,1,1996,0,0,0,0,0,0,0,0,0,0
550472,1,1,1996,0,0,0,0,0,0,0,0,0,0
550472,2,1,1996,0,0,0,0,0,0,0,0,0,0
550473,1,1,1996,0,0,0,0,0,0,0,0,0,0
550473,2,1,1996,0,0,0,0,0,0,0,0,0,0
550474,1,1,1996,14,14,14,14,14,14,14,14,14,14
550474,2,1,1996,8,8,8,8,8,8,8,8,8,8
550475,1,1,1996,20,20,20,20,20,20,20,20,20,20
550476,1,1,1996,0,0,0,0,0,0,0,0,0,0
550476,2,1,1996,3,3,3,3,3,3,3,3,3,3
550477,1,1,1996,21,21,21,21,21,21,21,21,21,21
550477,2,1,1996,0,0,0,0,0,0,0,0,0,0
550478,0,1,1996,22,0,0,9,0,0,0,21,4,10
550478,1,1,1996,0,0,0,0,0,0,0,0,0,0
550479,1,1,1996,27,27,27,27,27,27,27,27,27,27
550480,1,1,1996,5,5,5,5,5,5,5,5,5,5
550481,1,1,1996,24,14,23,28,10,18,24,26,19,0