ST_CASE,VEH_NO,PER_NO,YEAR,P1,P2,P3,P4,P5,P6,P7,P8,P9,P10
550482,1,1,1996,0,0,0,0,0,0,0,0,0,0
550482,2,1,1996,0,0,0,0,0,0,0,0,0,0
550483,1,1,1996,0,0,0,0,0,0,0,0,0,0
550483,2,1,1996,0,0,0,0,0,0,0,0,0,0
550484,1,1,1996,0,0,0,0,0,0,0,0,0,0
550485,1,1,1996,0,0,0,0,0,0,0,0,0,0
550485,2,1,1996,0,0,0,0,0,0,0,0,0,0
550486,1,1,1996,8,8,8,8,8,8,8,8,8,8
550486,2,1,1996,0,0,0,0,0,0,0,0,0,0
550487,1,1,1996,0,0,5,5,7,24,0,0,0,9
550487,2,1,1996,0,0,0,0,0,0,0,0,0,0
550488,1,1,1996,27,27,27,27,27,27,27,27,27,27
550488,2,1,1996,0,0,0,0,0,0,0,0,0,0
550489,1,1,1996,0,0,0,0,0,0,0,0,0,0
550489,2,1,1996,0,0,0,0,0,0,0,0,0,0
550490,1,1,1996,14,14,14,14,14,14,14,14,14,14
550491,1,1,1996,0,0,0,0,0,0,0,0,0,0
550492,1,1,1996,0,0,0,0,0,0,0,0,0,0
550492,2,1,1996,0,0,0,0,0,0,0,0,0,0
550493,0,1,1996,0,0,0,0,0,0,0,0,0,0
550493,1,1,1996,0,0,0,0,0,0,0,0,0,0
550494,1,1,1996,6,6,6,6,6,6,6,6,6,6
550495,1,1,1996,27,27,27,27,27,27,27,27,27,27
550496,1,1,1996,23,0,0,14,21,28,18,27,0,26
550497,1,1,1996,10,10,10,10,10,10,10,10,10,10
550498,0,1,1996,0,0,0,0,0,0,0,0,0,0
550498,1,1,1996,0,0,0,0,0,0,0,0,0,0
550499,1,1,1996,27,27,27,27,27,27,27,27,27,27
550500,1,1,1996,0,0,0,0,0,0,0,0,0,0
550500,2,1,1996,0,0,0,0,0,10,0,0,0,0
550500,3,1,1996,0,0,0,0,0,0,0,0,0,0
550501,1,1,1996,7,7,7,7,7,7,7,7,7,7
550502,1,1,1996,2,2,2,2,2,2,2,2,2,2
550503,1,1,1996,12,12,12,12,12,12,12,12,12,12
550504,1,1,1996,25,25,25,25,25,25,25,25,25,25
550505,1,1,1996,0,0,0,0,0,0,0,0,0,0
550505,2,1,1996,0,0,0,0,0,0,0,0,0,0
550506,1,1,1996,0,0,0,0,0,0,0,0,0,0
550507,1,1,1996,0,0,0,0,0,0,0,0,0,0
550508,1,1,1996,0,0,0,0,0,0,0,0,0,0
550509,0,1,1996,0,0,0,0,0,0,0,0,0,0
550509,1,1,1996,0,0,0,0,0,0,0,0,0,0
550510,1,1,1996,22,22,22,22,22,22,22,22,22,22
550511,1,1,1996,0,0,6,0,0,0,10,0,0,0
550511,2,1,1996,0,0,0,0,0,0,0,0,0,0
550511,3,1,1996,0,0,0,0,0,0,0,0,0,0
550512,1,1,1996,19,19,19,19,19,19,19,19,19,19
550512,2,1,1996,0,0,0,0,0,0,0,0,0,0
550513,1,1,1996,10,10,10,10,10,10,10,10,10,10
550514,1,1,1996,0,0,0,0,0,0,0,0,0,0
550514,2,1,1996,0,0,0,0,0,0,0,0,0,0
550515,1,1,1996,0,0,0,0,0,0,0,0,0,0
550515,2,1,1996,0,0,0,0,0,0,0,0,0,0
550516,1,1,1996,0,0,0,0,0,0,0,0,0,0
550517,1,1,1996,0,0,0,0,0,0,0,0,0,0
550518,1,1,1996,0,0,0,0,0,0,0,0,7,0
550518,2,1,1996,0,0,0,0,0,0,0,0,0,0
550518,3,1,1996,0,0,0,0,0,0,0,0,0,0
550519,1,1,1996,0,0,0,0,0,0,0,0,0,0
550519,2,1,1996,0,0,0,0,0,0,0,0,0,0
550520,1,1,1996,0,0,0,0,0,0,0,0,0,0
550520,2,1,1996,0,0,0,0,0,0,0,0,0,0
550521,1,2,1996,0,30,0,0,19,14,7,0,12,19
550522,1,1,1996,0,0,0,0,0,0,0,0,0,0
550523,1,1,1996,18,34,18,23,27,14,22,22,23,21
550524,1,1,1996,0,0,0,0,0,0,0,0,0,0
550525,1,1,1996,0,0,0,0,0,0,0,0,0,0
550526,1,1,1996,16,16,16,16,16,16,16,16,16,16
550526,2,1,1996,0,0,0,0,0,0,0,0,0,0
550527,1,1,1996,24,6,27,0,15,0,0,0,0,0
550528,1,1,1996,0,0,0,0,0,0,0,0,0,0
550528,2,1,1996,0,0,0,0,0,0,19,0,0,0
550529,1,1,1996,0,0,0,0,0,0,0,0,0,0
550530,1,1,1996,0,0,0,0,0,0,0,0,0,0
550531,1,1,1996,17,17,17,17,17,17,17,17,17,17
550532,1,1,1996,20,20,20,20,20,20,20,20,20,20
550533,1,1,1996,17,21,21,12,14,21,16,18,18,0
550534,1,1,1996,3,3,3,3,3,3,3,3,3,3
550534,2,1,1996,12,12,12,12,12,12,12,12,12,12
550535,0,1,1996,0,0,0,0,0,0,0,0,0,0
550535,1,1,1996,0,0,0,0,0,0,0,0,0,0
550536,1,1,1996,0,0,0,0,0,0,0,0,0,0
550537,1,1,1996,0,0,0,0,0,0,0,0,0,0
550538,1,1,1996,21,21,21,21,21,21,21,21,21,21
550538,2,1,1996,0,0,0,0,0,0,0,0,0,0
550539,1,1,1996,12,12,12,12,12,12,12,12,12,12
550540,1,1,1996,16,16,16,16,16,16,16,16,16,16
550541,1,1,1996,0,0,0,0,0,0,0,0,0,0
550542,1,1,1996,0,0,0,0,0,0,0,0,0,0
550542,2,1,1996,14,14,14,14,14,14,14,14,14,14
550543,1,1,1996,9,9,9,9,9,9,9,9,9,9
550544,1,1,1996,20,20,20,20,20,20,20,20,20,20
550545,1,1,1996,10,10,10,10,10,10,10,10,10,10
550546,1,1,1996,22,22,22,22,22,22,22,22,22,22
550547,1,1,1996,0,0,0,0,0,0,0,0,0,0
550547,2,1,1996,0,0,0,0,0,0,0,0,0,0
550548,1,1,1996,0,0,0,0,0,0,0,0,0,0
550548,2,1,1996,0,0,0,0,0,0,0,0,0,0
550549,1,1,1996,0,0,0,0,0,0,0,0,0,0
550550,1,1,1996,20,20,20,20,20,20,20,20,20,20
550551,1,1,1996,0,0,0,0,0,0,0,0,0,0
550551,2,1,1996,0,0,0,0,0,0,0,0,0,0
550552,1,1,1996,21,21,21,21,21,21,21,21,21,21
550552,2,1,1996,0,10,0,0,0,6,0,0,0,0
550553,1,1,1996,0,6,0,0,0,0,0,0,0,0
550553,2,1,1996,0,0,0,0,0,0,0,0,0,0
550554,1,1,1996,7,0,0,0,0,0,0,0,0,0
550554,2,1,1996,0,0,0,0,0,0,0,0,0,0
550555,1,1,1996,0,0,0,0,0,0,0,0,0,0
550556,1,1,1996,0,0,0,0,0,0,0,0,0,0
550556,2,1,1996,0,0,0,0,0,0,0,0,13,0
550557,1,1,1996,0,0,0,0,0,0,0,0,0,0
550558,1,1,1996,0,0,0,0,0,0,0,0,0,10
550558,2,1,1996,10,10,10,10,10,10,10,10,10,10
550559,1,1,1996,0,0,0,0,0,0,0,0,0,0
550560,1,1,1996,0,0,0,0,0,0,0,0,0,0
550561,1,1,1996,0,0,0,0,0,0,0,0,0,0
550561,2,1,1996,0,0,0,0,0,0,0,0,7,0
550562,1,1,1996,0,0,0,0,0,0,0,0,0,0
550562,2,1,1996,0,0,0,0,0,0,0,0,0,0
550563,0,1,1996,0,0,0,0,0,0,0,0,0,0
550563,1,1,1996,0,0,0,0,0,0,0,0,0,0
550564,1,1,1996,17,13,0,13,0,0,0,0,22,0
550564,2,1,1996,13,11,20,14,0,5,0,5,8,0
550565,1,1,1996,13,13,13,13,13,13,13,13,13,13
550566,1,1,1996,10,10,10,10,10,10,10,10,10,10
550566,2,1,1996,0,0,0,0,0,0,0,0,0,0
550567,1,1,1996,17,17,17,17,17,17,17,17,17,17
550568,1,1,1996,0,0,0,0,0,0,0,0,0,0
550568,2,1,1996,18,0,0,0,0,0,0,0,9,0
550568,3,1,1996,0,0,0,30,0,0,0,0,0,19
550569,0,1,1996,0,0,0,0,0,0,0,0,0,0
550569,1,1,1996,0,0,0,0,0,0,0,0,0,0
550570,1,1,1996,0,0,0,0,0,0,0,0,0,0
550571,1,1,1996,10,10,10,10,10,10,10,10,10,10
550572,1,1,1996,0,0,0,0,0,0,0,0,0,0
550573,1,1,1996,20,20,20,20,20,20,20,20,20,20
550573,2,1,1996,0,0,0,0,11,0,21,10,0,13
550574,0,1,1996,0,0,0,0,0,0,0,0,0,0
550574,1,1,1996,9,0,0,16,0,0,0,0,14,0
550575,1,1,1996,0,0,0,0,0,0,0,0,0,0
550576,1,1,1996,0,0,0,0,0,0,0,0,0,0
550577,1,1,1996,11,11,11,11,11,11,11,11,11,11
550578,0,1,1996,0,0,0,0,0,0,0,0,0,0
550578,1,1,1996,0,0,0,0,0,0,0,0,0,0
550579,1,1,1996,0,0,0,14,0,0,0,0,0,0
550579,2,1,1996,0,0,0,0,0,0,0,0,0,0
550580,1,1,1996,16,16,16,16,16,16,16,16,16,16
550581,1,1,1996,10,0,13,0,38,0,8,0,9,0
550582,1,1,1996,0,0,0,0,0,0,0,0,0,0
550583,1,1,1996,12,12,12,12,12,12,12,12,12,12
550584,1,1,1996,0,0,0,0,0,0,0,0,0,0
550585,1,1,1996,0,0,0,0,0,0,0,0,0,0
550586,1,1,1996,0,26,0,0,0,0,0,0,0,0
550586,2,1,1996,0,0,0,0,0,0,0,0,0,0
550587,1,1,1996,28,28,28,28,28,28,28,28,28,28
550588,1,1,1996,0,0,0,0,0,0,0,0,0,0
550588,2,1,1996,0,0,0,0,0,0,0,0,0,0
550588,3,1,1996,0,0,0,0,0,0,0,0,0,0
550589,1,1,1996,0,0,0,0,0,0,0,0,0,0
550589,2,1,1996,0,0,0,0,0,0,0,0,0,0
550590,1,1,1996,22,22,22,22,22,22,22,22,22,22
550591,1,1,1996,0,0,0,0,0,0,0,0,0,0
550591,2,1,1996,0,0,0,0,0,0,0,0,0,0
550592,1,1,1996,19,19,19,19,19,19,19,19,19,19
550592,2,1,1996,0,0,0,0,0,0,0,0,0,0
550593,1,1,1996,21,21,21,21,21,21,21,21,21,21
550594,1,1,1996,16,16,16,16,16,16,16,16,16,16
550595,1,1,1996,0,0,0,0,0,0,0,0,0,0
550595,2,1,1996,0,0,0,0,0,0,0,0,0,0
550596,1,1,1996,0,0,0,0,0,0,0,0,0,0
550596,2,1,1996,0,0,0,0,0,0,0,0,0,0
550597,1,1,1996,1,1,1,1,1,1,1,1,1,1
550597,2,1,1996,0,0,0,0,0,0,0,0,0,0
550598,0,1,1996,0,0,0,0,0,0,0,0,0,0
550598,1,1,1996,0,0,0,0,0,0,0,0,0,0
550599,1,1,1996,0,0,0,0,0,0,0,0,0,0
550599,2,1,1996,1,1,1,1,1,1,1,1,1,1
550599,3,1,1996,0,22,0,0,0,0,0,0,0,0
550600,0,1,1996,0,0,0,0,0,0,0,0,0,0
550600,1,1,1996,0,0,0,0,0,0,0,18,0,0
550601,1,1,1996,0,0,0,0,0,0,0,0,0,0
550601,2,1,1996,0,0,0,0,0,0,0,0,0,0
550602,1,1,1996,0,0,0,0,0,0,0,0,0,0
550602,2,1,1996,0,0,0,0,0,0,0,0,0,0
550603,1,1,1996,23,0,0,0,0,6,18,10,0,0
550603,2,1,1996,0,0,0,9,7,12,16,0,0,19
550603,3,1,1996,14,11,0,17,12,0,22,16,0,6
550604,1,1,1996,9,9,9,9,9,9,9,9,9,9
550605,1,1,1996,2,2,2,2,2,2,2,2,2,2
550605,2,1,1996,0,0,0,0,0,0,0,0,0,0
550606,1,1,1996,10,10,10,10,10,10,10,10,10,10
550606,2,1,1996,0,0,0,0,0,0,0,0,0,0
550607,1,1,1996,25,25,25,25,25,25,25,25,25,25
550607,2,1,1996,5,0,0,0,0,0,0,0,23,0
550608,1,1,1996,25,25,25,25,25,25,25,25,25,25
550609,1,1,1996,6,6,6,6,6,6,6,6,6,6
550610,1,1,1996,15,15,15,15,15,15,15,15,15,15
550611,1,1,1996,7,7,7,7,7,7,7,7,7,7
550612,1,1,1996,0,0,0,0,0,0,0,0,0,0
550612,2,1,1996,0,0,0,0,0,0,0,0,0,0
550613,1,1,1996,0,0,0,0,0,0,0,0,0,0
550613,2,1,1996,0,0,0,0,0,0,0,0,0,0
550614,1,1,1996,31,31,31,31,31,31,31,31,31,31
550614,2,1,1996,0,0,0,0,0,0,0,0,0,0
550615,1,1,1996,0,0,0,0,0,0,0,0,0,0
550615,2,1,1996,0,0,0,0,0,0,0,0,0,0
550615,3,1,1996,0,0,0,0,0,0,0,0,0,0
550615,4,1,1996,0,0,0,0,0,0,0,0,0,0
550616,1,1,1996,15,15,15,15,15,15,15,15,15,15
550616,2,1,1996,0,0,0,0,0,0,0,0,0,0
550617,1,1,1996,15,15,15,15,15,15,15,15,15,15
550618,1,1,1996,20,20,20,20,20,20,20,20,20,20
550619,1,1,1996,0,0,0,0,26,0,0,0,0,0
550620,1,1,1996,20,20,20,20,20,20,20,20,20,20
550620,2,1,1996,0,0,0,0,0,0,0,0,0,0
550621,1,1,1996,0,0,0,0,0,0,0,20,0,0
550621,2,1,1996,0,0,0,0,0,0,0,0,0,0
550622,1,1,1996,0,0,0,0,0,0,0,0,0,0
550623,1,1,1996,0,0,0,0,0,0,0,0,0,0
550623,2,1,1996,21,21,21,21,21,21,21,21,21,21
550624,1,1,1996,0,0,0,0,0,0,0,0,0,0
550624,2,1,1996,0,0,0,0,0,0,0,0,0,0
550625,1,1,1996,9,0,21,40,0,23,9,19,0,7
550625,2,1,1996,27,27,27,27,27,27,27,27,27,27
550626,1,1,1996,0,0,0,0,0,0,0,0,0,0
550627,1,1,1996,0,0,0,0,0,0,0,0,0,0
550628,1,1,1996,0,0,0,0,0,0,0,0,0,0
550628,2,1,1996,0,0,0,0,0,0,0,0,0,0
550629,1,1,1996,0,0,0,0,13,0,0,0,0,0
550630,1,1,1996,28,28,28,28,28,28,28,28,28,28
550631,0,1,1996,0,0,0,0,0,0,0,0,0,0
550631,1,1,1996,0,0,0,0,0,0,0,0,0,0
550632,1,1,1996,0,0,0,0,0,0,0,0,0,0
550632,2,1,1996,0,0,0,0,0,0,0,0,0,0
550633,1,1,1996,0,0,0,0,0,0,0,0,0,0
550633,2,1,1996,0,0,0,0,0,0,0,0,0,0
550634,1,1,1996,0,0,0,0,0,0,0,0,0,0
550635,1,1,1996,30,30,30,30,30,30,30,30,30,30
550635,2,1,1996,0,0,0,0,0,0,0,0,0,0
550635,3,1,1996,0,12,0,0,13,0,0,0,9,0
550636,1,1,1996,0,0,0,0,0,0,13,0,0,0
550637,1,1,1996,0,0,0,0,0,0,0,0,0,0
550637,2,1,1996,0,0,0,0,0,0,0,0,0,0
550638,1,1,1996,23,23,23,23,23,23,23,23,23,23
550638,2,1,1996,0,0,0,0,0,0,0,0,0,0
550639,1,1,1996,0,10,0,8,2,0,0,17,54,9
550639,2,1,1996,0,0,0,0,0,0,0,0,0,0
550640,1,1,1996,16,16,16,16,16,16,16,16,16,16
550640,2,1,1996,11,11,11,11,11,11,11,11,11,11
550641,1,1,1996,29,29,29,29,29,29,29,29,29,29
550642,1,1,1996,0,0,0,0,0,0,8,0,0,0
550642,2,1,1996,0,0,0,0,0,0,0,0,0,7
550643,1,1,1996,0,0,0,0,0,0,0,0,0,0
550643,2,1,1996,17,17,17,17,17,17,17,17,17,17
550644,1,1,1996,0,0,0,0,0,0,0,0,0,0
550644,2,1,1996,0,0,0,0,0,0,0,0,0,0
550645,1,1,1996,5,5,5,5,5,5,5,5,5,5
550645,2,1,1996,0,0,0,0,0,0,0,0,0,0
550646,1,1,1996,0,0,0,0,0,0,0,0,0,0
550646,2,1,1996,0,0,0,0,0,0,0,0,0,0
550647,0,1,1996,0,0,0,0,0,0,0,0,0,0
550647,1,1,1996,0,0,0,0,0,0,0,0,0,0
550648,0,1,1996,0,0,0,0,0,0,0,0,0,0
550648,1,1,1996,0,0,0,0,0,0,0,0,0,0
550649,1,1,1996,0,0,0,0,0,0,0,0,0,0
550650,1,1,1996,0,0,0,0,0,0,0,0,0,0
550650,2,1,1996,0,0,0,0,0,0,0,0,0,0
550651,1,1,1996,0,0,0,0,0,0,0,0,0,0
550651,2,1,1996,0,0,0,0,0,0,15,0,0,0
550651,3,1,1996,0,0,0,0,0,0,0,0,0,0
550651,4,1,1996,0,0,0,0,0,0,0,0,0,28
550651,5,1,1996,0,0,0,0,0,0,0,0,0,0
550651,6,1,1996,0,0,0,0,0,0,0,0,0,0
550651,7,1,1996,9,0,0,0,3,0,0,0,0,0
550652,1,1,1996,15,15,15,15,15,15,15,15,15,15
550653,1,1,1996,0,0,0,0,0,0,0,0,0,0
550653,2,1,1996,0,0,0,0,0,0,0,0,0,0
550654,1,1,1996,0,0,0,0,0,0,0,0,0,0
550655,1,1,1996,0,0,0,0,0,0,0,0,0,0
550655,2,1,1996,0,0,0,0,0,0,0,0,0,0
550656,1,1,1996,0,0,0,0,0,0,0,0,0,0
550656,2,1,1996,0,0,0,0,0,0,0,0,0,0
550657,1,1,1996,5,5,5,5,5,5,5,5,5,5
550658,1,1,1996,8,8,8,8,8,8,8,8,8,8
560001,1,1,1996,13,13,13,13,13,13,13,13,13,13
560002,0,1,1996,0,0,0,0,0,0,0,0,0,0
560002,1,1,1996,0,0,0,0,0,0,0,0,0,0
560003,1,1,1996,0,0,0,0,0,0,0,0,0,0
560003,2,1,1996,0,0,0,0,0,0,0,0,0,0
560004,1,1,1996,14,14,14,14,14,14,14,14,14,14
560005,1,1,1996,0,0,0,0,0,0,0,0,0,0
560006,0,1,1996,22,22,22,22,22,22,22,22,22,22
560006,1,1,1996,3,3,3,3,3,3,3,3,3,3
560007,1,1,1996,0,0,0,0,0,0,12,0,0,0
560008,1,1,1996,0,0,0,0,0,0,0,0,0,0
560008,2,1,1996,0,0,0,0,0,0,0,0,0,0
560009,1,1,1996,12,12,12,12,12,12,12,12,12,12
560010,1,1,1996,0,0,0,0,0,0,0,0,0,0
560011,1,1,1996,0,0,0,0,0,0,0,0,0,0
560011,2,1,1996,0,0,0,0,0,0,0,0,0,0
560012,1,1,1996,11,0,10,0,0,16,0,8,0,0
560013,1,1,1996,0,0,0,0,0,0,0,0,0,0
560014,1,1,1996,27,27,27,27,27,27,27,27,27,27
560015,1,1,1996,0,0,0,0,0,0,0,0,0,0
560015,2,1,1996,0,0,0,0,0,0,0,0,0,0
560016,1,1,1996,0,0,0,0,0,0,0,0,0,0
560017,1,1,1996,0,0,0,0,0,0,0,0,0,0
560018,1,1,1996,0,0,0,0,0,0,0,0,0,0
560019,1,1,1996,0,0,0,0,0,0,0,0,0,0
560020,1,1,1996,21,21,21,21,21,21,21,21,21,21
560020,2,1,1996,15,15,15,15,15,15,15,15,15,15
560021,1,1,1996,7,7,7,7,7,7,7,7,7,7
560022,1,1,1996,3,3,3,3,3,3,3,3,3,3
560023,1,1,1996,0,0,0,0,0,0,0,0,0,0
560024,1,1,1996,22,22,22,22,22,22,22,22,22,22
560025,1,1,1996,0,0,0,0,0,0,0,0,0,0
560025,2,1,1996,0,0,0,0,0,0,0,0,0,0
560026,1,1,1996,0,0,0,0,0,0,0,0,0,0
560026,2,1,1996,0,0,0,0,0,0,0,0,0,0
560027,1,1,1996,0,0,0,0,0,0,0,0,0,0
560027,2,1,1996,0,0,0,0,0,0,0,0,0,0
560028,1,1,1996,0,0,0,0,0,0,0,0,0,0
560029,0,1,1996,43,43,43,43,43,43,43,43,43,43
560029,1,1,1996,0,0,0,0,0,12,0,0,0,0
560030,1,1,1996,0,0,0,0,0,0,0,0,0,0
560030,2,1,1996,0,0,0,0,0,0,0,0,0,0
560031,1,1,1996,18,18,18,18,18,18,18,18,18,18
560031,2,1,1996,0,0,0,0,0,0,0,0,0,0
560032,1,1,1996,0,0,0,0,0,0,0,0,0,0
560032,2,1,1996,0,0,0,0,0,0,0,0,0,0
560033,1,1,1996,0,0,0,0,0,0,0,0,0,0
560033,2,1,1996,0,0,0,0,0,0,0,0,0,0
560034,1,1,1996,11,11,11,11,11,11,11,11,11,11
560035,1,1,1996,0,0,0,0,0,0,0,0,0,0
560036,1,1,1996,14,14,14,14,14,14,14,14,14,14
560037,1,1,1996,0,0,0,0,0,0,0,0,0,0
560037,2,1,1996,3,3,3,3,3,3,3,3,3,3
560038,1,1,1996,0,0,0,0,0,0,2,0,0,0
560038,2,1,1996,0,0,0,0,0,0,0,0,12,0
560039,0,1,1996,4,4,4,4,4,4,4,4,4,4
560039,1,1,1996,0,0,0,0,0,0,0,0,0,0
560040,1,1,1996,5,5,5,5,5,5,5,5,5,5
560041,1,1,1996,0,0,0,0,0,0,0,0,0,0
560042,1,1,1996,5,5,5,5,5,5,5,5,5,5
560043,1,1,1996,0,0,0,0,0,0,0,0,0,0
560044,0,1,1996,0,0,0,0,0,0,0,0,0,0
560044,1,1,1996,0,0,0,0,0,0,0,0,0,0
560045,1,1,1996,0,0,0,0,0,0,0,0,0,0
560046,1,1,1996,14,14,14,14,14,14,14,14,14,14
560047,1,1,1996,0,0,0,0,0,0,0,0,0,0
560047,2,1,1996,0,0,0,0,0,0,0,0,0,0
560048,1,1,1996,15,15,15,15,15,15,15,15,15,15
560049,1,1,1996,13,13,13,13,13,13,13,13,13,13
560050,1,1,1996,0,0,0,0,0,0,0,0,0,0
560051,1,1,1996,16,16,16,16,16,16,16,16,16,16
560052,1,1,1996,19,19,19,19,19,19,19,19,19,19
560053,1,1,1996,2,2,2,2,2,2,2,2,2,2
560054,1,1,1996,0,0,0,0,0,0,0,0,0,0
560055,1,1,1996,0,0,0,0,0,0,0,0,0,0
560056,1,1,1996,11,11,11,11,11,11,11,11,11,11
560057,0,1,1996,0,0,0,0,0,0,0,0,0,0
560057,1,1,1996,0,0,0,0,0,0,0,0,0,0
560058,1,1,1996,0,0,0,0,0,0,0,0,0,0
560059,1,1,1996,25,0,0,27,0,0,0,0,0,0
560059,2,1,1996,0,0,0,0,0,0,0,0,0,0
560060,1,1,1996,26,26,26,26,26,26,26,26,26,26
560061,1,1,1996,0,0,0,0,0,0,0,0,0,0
560062,1,1,1996,0,0,0,0,0,0,0,0,0,0
560063,1,1,1996,7,7,7,7,7,7,7,7,7,7
560064,1,1,1996,0,0,0,0,0,0,0,0,0,0
560065,1,1,1996,8,8,8,8,8,8,8,8,8,8
560066,1,1,1996,0,0,0,0,0,0,0,4,0,0
560066,2,1,1996,0,0,0,0,0,0,0,0,0,0
560067,1,1,1996,9,9,9,9,9,9,9,9,9,9
560068,1,1,1996,0,0,0,0,0,0,0,0,0,0
560069,1,1,1996,0,0,0,0,0,0,0,0,0,0
560070,0,1,1996,0,0,0,0,0,0,0,0,0,0
560070,1,1,1996,0,0,0,0,0,0,0,0,0,0
560071,1,1,1996,0,0,0,0,0,0,0,0,0,0
560072,1,1,1996,26,26,26,26,26,26,26,26,26,26
560073,1,1,1996,0,0,0,0,0,0,0,0,0,0
560073,2,1,1996,19,19,19,19,19,19,19,19,19,19
560074,1,1,1996,8,8,8,8,8,8,8,8,8,8
560075,1,1,1996,0,0,0,0,0,0,0,0,0,0
560075,2,1,1996,0,0,0,0,0,0,0,0,0,0
560076,1,1,1996,0,0,0,0,0,0,0,0,0,0
560077,1,1,1996,0,0,0,0,0,0,0,0,0,0
560078,1,1,1996,0,0,0,0,8,0,10,0,0,0
560079,1,1,1996,19,19,19,19,19,19,19,19,19,19
560079,2,1,1996,0,0,0,0,0,0,0,0,0,0
560080,1,1,1996,20,20,20,20,20,20,20,20,20,20
560080,2,1,1996,18,18,18,18,18,18,18,18,18,18
560081,1,1,1996,37,37,37,37,37,37,37,37,37,37
560082,1,1,1996,0,0,0,0,0,0,0,0,0,0
560083,0,1,1996,16,16,16,16,16,16,16,16,16,16
560083,1,1,1996,19,19,19,19,19,19,19,19,19,19
560084,1,1,1996,0,0,0,0,0,0,0,0,0,10
560084,2,1,1996,0,0,0,0,0,0,0,0,0,0
560085,1,1,1996,25,25,25,25,25,25,25,25,25,25
560086,1,1,1996,19,19,19,19,19,19,19,19,19,19
560087,1,1,1996,21,21,21,21,21,21,21,21,21,21
560088,1,1,1996,6,6,6,6,6,6,6,6,6,6
560089,1,1,1996,0,0,0,0,0,0,0,0,0,0
560090,1,1,1996,16,16,16,16,16,16,16,16,16,16
560091,1,1,1996,0,0,0,0,0,0,0,0,0,0
560091,2,1,1996,0,0,0,0,0,0,0,0,0,0
560092,1,1,1996,0,0,0,0,0,0,0,0,0,0
560093,0,1,1996,24,24,24,24,24,24,24,24,24,24
560093,1,1,1996,8,0,0,13,0,0,0,0,0,17
560094,1,1,1996,13,10,29,30,14,13,19,18,21,2
560095,1,1,1996,21,21,21,21,21,21,21,21,21,21
560096,1,2,1996,21,17,0,12,0,0,30,0,0,13
560097,1,1,1996,10,10,10,10,10,10,10,10,10,10
560098,1,1,1996,0,0,0,0,0,0,0,0,0,0
560099,1,1,1996,0,0,0,0,0,0,0,0,0,0
560099,2,1,1996,0,0,0,0,0,0,0,0,0,0
560099,3,1,1996,0,0,0,0,0,0,0,0,0,0
560099,4,1,1996,0,0,0,0,0,0,0,0,0,0
560100,1,1,1996,2,2,2,2,2,2,2,2,2,2
560101,0,1,1996,0,0,0,0,0,0,0,0,14,0
560101,1,1,1996,0,0,0,0,0,0,0,0,0,0
560102,1,1,1996,0,0,0,0,0,0,0,0,0,0
560103,1,1,1996,0,0,0,0,0,0,0,0,0,0
560104,1,1,1996,5,5,5,5,5,5,5,5,5,5
560104,2,1,1996,0,0,0,0,0,0,0,0,0,0
560105,0,1,1996,0,0,0,0,0,0,0,0,0,0
560105,1,1,1996,7,4,8,23,18,27,8,6,7,6
560106,1,1,1996,0,0,0,0,0,0,0,0,0,0
560106,2,1,1996,0,0,0,0,0,0,0,0,0,0
560107,1,1,1996,0,0,0,0,0,0,0,0,0,0
560107,2,1,1996,0,0,0,0,0,0,0,0,0,0
560108,1,1,1996,26,26,26,26,26,26,26,26,26,26
560108,2,1,1996,15,15,15,15,15,15,15,15,15,15
560109,1,1,1996,0,0,0,0,0,0,0,0,0,0
560109,2,1,1996,0,0,0,0,0,0,0,0,0,0
560110,0,1,1996,0,0,0,0,0,3,0,0,0,0
560110,1,1,1996,0,0,0,0,0,0,0,0,0,0
560111,1,1,1996,0,0,0,0,0,0,0,0,0,0
560112,1,1,1996,14,14,14,14,14,14,14,14,14,14
560113,1,1,1996,0,12,0,0,0,27,0,0,0,0
560114,0,1,1996,21,21,21,21,21,21,21,21,21,21
560114,1,1,1996,0,0,0,0,0,0,0,0,0,0
560115,1,1,1996,0,0,0,0,0,0,0,0,0,0
560115,2,1,1996,0,0,0,0,0,0,0,0,0,0
560116,1,1,1996,0,0,0,0,0,0,0,0,0,0
560117,1,1,1996,0,0,0,0,0,0,0,0,0,0
560118,1,1,1996,0,0,0,0,0,0,0,0,0,0
560118,2,1,1996,0,0,0,0,0,0,0,0,0,0
560119,1,1,1996,0,0,0,0,0,0,0,0,0,0
560119,2,1,1996,0,0,0,0,0,0,0,0,0,0
560120,1,1,1996,0,0,0,0,0,0,0,0,0,0
560120,2,1,1996,0,0,0,0,0,0,0,0,0,0
560120,3,1,1996,0,0,0,0,0,0,0,0,0,0
560120,4,1,1996,0,0,0,0,0,0,0,0,0,0
560121,1,1,1996,0,0,0,0,0,0,0,0,0,0