ST_CASE,VEH_NO,PER_NO,YEAR,P1,P2,P3,P4,P5,P6,P7,P8,P9,P10
60001,1,1,1996,18,18,18,18,18,18,18,18,18,18
60001,2,1,1996,12,12,12,12,12,12,12,12,12,12
60002,1,1,1996,2,2,2,2,2,2,2,2,2,2
60003,0,1,1996,25,25,25,25,25,25,25,25,25,25
60003,1,1,1996,0,19,0,0,0,0,0,0,0,0
60004,1,1,1996,4,4,4,4,4,4,4,4,4,4
60005,1,1,1996,0,0,0,0,0,0,0,0,0,0
60005,2,1,1996,0,0,0,0,0,0,0,0,0,0
60005,3,1,1996,0,0,0,0,0,0,0,0,0,0
60006,1,1,1996,0,0,0,0,0,0,0,0,0,0
60007,1,1,1996,0,0,36,0,0,0,0,0,0,0
60008,1,1,1996,0,0,0,0,0,0,0,0,0,0
60008,2,1,1996,0,0,0,0,0,0,0,0,0,0
60009,0,1,1996,0,0,0,0,0,0,0,0,0,0
60009,1,1,1996,3,0,0,0,0,0,0,0,0,0
60010,0,1,1996,0,0,0,0,0,0,0,0,0,0
60010,1,1,1996,0,0,0,0,0,0,0,0,0,0
60011,1,1,1996,0,0,0,0,0,0,0,0,0,0
60012,1,1,1996,4,4,4,4,4,4,4,4,4,4
60013,1,1,1996,0,0,0,0,0,0,0,0,0,0
60013,2,1,1996,0,0,0,0,0,0,13,0,0,0
60014,1,1,1996,0,0,0,0,0,0,0,0,0,0
60015,1,1,1996,0,0,0,0,0,0,0,0,0,0
60015,2,1,1996,0,0,0,0,0,0,0,0,0,0
60016,1,1,1996,0,0,0,0,0,0,0,0,0,0
60016,2,1,1996,0,0,0,0,0,0,0,0,0,0
60017,1,1,1996,3,3,3,3,3,3,3,3,3,3
60018,1,1,1996,1,1,1,1,1,1,1,1,1,1
60018,2,1,1996,0,0,0,0,0,0,0,0,4,0
60019,0,1,1996,0,0,0,0,0,0,0,0,0,0
60019,1,1,1996,0,0,0,0,0,0,0,0,0,0
60019,2,1,1996,0,0,0,0,0,0,0,0,0,0
60020,1,1,1996,0,0,0,0,0,0,0,0,0,0
60021,1,1,1996,0,0,0,0,0,0,0,0,0,0
60021,2,1,1996,0,0,0,0,0,0,0,0,0,0
60022,0,1,1996,0,0,0,0,0,0,0,0,0,0
60022,0,2,1996,0,0,0,0,0,0,0,0,0,0
60022,1,1,1996,0,0,0,0,0,0,12,0,0,0
60022,2,1,1996,0,0,0,0,0,0,0,0,0,0
60023,1,1,1996,0,0,0,0,0,0,0,0,0,0
60023,2,1,1996,0,0,0,0,0,0,0,0,0,0
60024,0,1,1996,0,0,0,0,0,0,0,0,0,0
60024,1,1,1996,0,0,0,0,0,0,0,0,20,0
60025,1,1,1996,0,0,0,0,0,0,0,0,0,0
60026,0,1,1996,0,0,0,0,0,0,0,0,0,0
60026,1,1,1996,0,0,0,0,0,0,0,0,0,0
60027,1,1,1996,0,0,0,0,0,0,0,0,0,0
60027,2,1,1996,0,0,0,0,0,0,0,0,0,0
60028,1,1,1996,24,24,24,24,24,24,24,24,24,24
60029,1,1,1996,26,26,26,26,26,26,26,26,26,26
60030,1,1,1996,6,6,6,6,6,6,6,6,6,6
60030,2,1,1996,17,17,17,17,17,17,17,17,17,17
60031,1,1,1996,23,23,23,23,23,23,23,23,23,23
60032,1,1,1996,22,22,22,22,22,22,22,22,22,22
60033,1,1,1996,26,26,26,26,26,26,26,26,26,26
60034,0,1,1996,0,0,0,0,0,0,0,0,0,0
60034,1,1,1996,0,0,0,0,0,0,0,0,0,0
60035,1,1,1996,0,0,0,0,0,0,0,4,0,0
60035,2,1,1996,15,15,15,15,15,15,15,15,15,15
60036,0,1,1996,27,27,27,27,27,27,27,27,27,27
60036,1,1,1996,0,0,0,0,0,0,0,0,0,0
60037,1,1,1996,15,15,15,15,15,15,15,15,15,15
60038,1,1,1996,0,0,0,0,0,0,0,0,0,0
60038,2,1,1996,28,28,28,28,28,28,28,28,28,28
60039,1,1,1996,11,11,11,11,11,11,11,11,11,11
60040,1,1,1996,0,0,0,0,0,0,0,0,0,0
60041,1,1,1996,0,0,0,0,0,0,0,0,0,0
60042,0,1,1996,23,23,23,23,23,23,23,23,23,23
60042,1,1,1996,0,0,0,0,0,0,0,0,0,0
60043,1,1,1996,19,13,24,7,22,20,19,12,0,0
60044,0,1,1996,0,0,0,0,0,0,0,0,0,0
60044,1,1,1996,0,0,0,0,0,13,0,0,0,0
60045,1,1,1996,19,19,19,19,19,19,19,19,19,19
60046,0,1,1996,36,36,36,36,36,36,36,36,36,36
60046,1,1,1996,0,0,0,0,0,0,0,0,0,0
60047,1,1,1996,0,0,0,0,0,0,0,0,0,0
60047,2,1,1996,0,0,0,10,13,6,16,0,21,0
60048,1,1,1996,0,0,0,0,0,0,0,0,0,0
60048,2,1,1996,0,0,0,0,0,0,0,0,0,0
60049,1,1,1996,0,14,0,0,0,0,0,0,0,0
60050,0,1,1996,0,0,0,0,0,0,0,0,0,0
60050,1,1,1996,0,0,0,0,0,0,0,0,0,0
60051,1,1,1996,0,0,0,0,0,0,0,0,0,0
60052,1,1,1996,0,0,0,0,0,0,0,0,0,0
60052,2,1,1996,0,0,0,0,0,0,0,0,0,0
60053,0,1,1996,29,29,29,29,29,29,29,29,29,29
60053,1,1,1996,0,0,11,0,14,0,7,0,0,0
60054,0,1,1996,0,0,17,0,0,0,0,0,0,0
60054,1,1,1996,0,0,0,0,0,0,0,0,0,0
60055,1,1,1996,30,30,30,30,30,30,30,30,30,30
60055,2,1,1996,0,0,0,0,0,0,0,0,0,0
60056,1,1,1996,5,5,5,5,5,5,5,5,5,5
60056,2,1,1996,0,0,0,0,0,0,0,0,0,0
60056,3,1,1996,0,0,0,0,0,0,0,0,0,3
60057,0,1,1996,0,0,0,0,0,0,0,0,0,0
60057,1,1,1996,0,0,17,0,0,0,0,0,0,0
60058,0,1,1996,20,20,20,20,20,20,20,20,20,20
60058,1,1,1996,0,0,15,0,0,0,0,0,0,0
60059,1,1,1996,15,15,15,15,15,15,15,15,15,15
60060,1,1,1996,18,18,18,18,18,18,18,18,18,18
60061,0,1,1996,0,0,0,0,0,0,0,0,0,0
60061,1,1,1996,0,0,0,0,0,0,0,0,0,0
60062,1,1,1996,0,0,0,0,0,0,0,0,0,0
60063,1,1,1996,0,0,0,0,0,0,0,0,0,0
60064,0,1,1996,0,0,0,0,0,0,0,0,0,0
60064,1,1,1996,21,0,0,0,27,0,0,0,8,9
60065,0,1,1996,0,0,0,0,0,0,0,0,0,0
60065,1,1,1996,0,0,0,0,0,0,13,0,0,0
60066,0,1,1996,24,24,24,24,24,24,24,24,24,24
60066,1,1,1996,0,0,0,0,0,0,0,0,0,0
60067,0,1,1996,0,0,0,0,0,0,0,0,0,0
60067,1,1,1996,0,0,0,0,0,0,0,0,0,0
60068,0,1,1996,29,29,29,29,29,29,29,29,29,29
60068,1,1,1996,0,0,0,0,0,0,0,0,0,0
60069,0,1,1996,0,0,0,0,0,0,0,0,0,0
60069,1,1,1996,0,0,0,0,0,0,0,0,0,0
60070,1,1,1996,0,0,0,0,0,0,0,0,0,0
60070,2,1,1996,0,0,0,0,0,0,0,0,0,0
60071,1,1,1996,0,0,0,0,0,0,0,0,0,0
60071,2,1,1996,0,0,0,0,0,0,0,0,0,0
60072,0,1,1996,3,3,3,3,3,3,3,3,3,3
60072,1,1,1996,0,0,0,0,0,0,0,0,0,0
60073,0,1,1996,0,0,0,0,0,0,0,0,0,0
60073,1,1,1996,0,0,0,0,0,0,0,0,0,0
60074,1,1,1996,0,0,0,0,0,0,0,0,0,0
60075,0,1,1996,24,24,24,24,24,24,24,24,24,24
60075,1,1,1996,6,0,0,0,20,0,0,0,0,0
60076,0,1,1996,14,14,14,14,14,14,14,14,14,14
60076,1,1,1996,0,0,0,0,0,0,0,0,0,0
60077,1,1,1996,14,14,14,14,14,14,14,14,14,14
60078,1,1,1996,0,0,0,0,0,0,0,0,0,0
60079,1,1,1996,12,12,12,12,12,12,12,12,12,12
60079,2,1,1996,0,0,0,0,0,0,0,32,0,0
60079,3,1,1996,0,0,0,0,0,0,0,0,0,0
60080,1,1,1996,13,13,13,13,13,13,13,13,13,13
60081,0,1,1996,19,19,19,19,19,19,19,19,19,19
60081,1,1,1996,0,0,0,0,0,0,0,0,0,0
60082,1,1,1996,0,0,0,0,0,0,0,0,0,0
60083,1,1,1996,16,0,0,0,0,0,0,0,0,0
60084,1,1,1996,0,0,0,0,0,0,0,0,0,0
60085,1,1,1996,6,6,6,6,6,6,6,6,6,6
60085,2,1,1996,0,0,0,0,0,0,0,0,0,0
60086,1,1,1996,0,0,0,0,0,0,0,0,0,0
60086,2,1,1996,0,0,0,0,0,0,0,0,0,0
60087,1,1,1996,0,0,0,0,0,0,0,0,0,0
60087,2,1,1996,0,0,0,0,0,0,0,0,0,0
60088,0,1,1996,0,0,0,0,0,0,0,0,0,0
60088,1,1,1996,0,0,0,0,0,0,0,0,0,0
60089,0,1,1996,0,0,0,0,0,0,0,0,0,0
60089,1,1,1996,0,0,0,0,0,0,0,0,0,0
60090,0,1,1996,0,0,0,0,0,0,0,0,0,0
60090,1,1,1996,0,0,0,0,0,0,0,0,0,0
60091,0,1,1996,0,0,0,0,0,0,0,0,0,0
60091,1,1,1996,0,0,0,0,0,0,0,0,0,0
60092,1,1,1996,0,0,0,0,0,0,0,0,0,0
60093,0,1,1996,0,0,0,0,0,0,0,0,0,0
60093,1,1,1996,0,0,0,0,0,0,0,0,0,0
60094,1,1,1996,21,0,34,0,1,20,15,18,2,13
60094,2,1,1996,0,0,0,0,0,0,0,0,0,0
60094,3,1,1996,0,0,0,18,17,0,7,0,10,0
60095,1,1,1996,0,0,0,0,0,0,0,0,0,0
60095,2,1,1996,0,0,0,0,0,0,0,0,0,0
60096,1,1,1996,23,23,23,23,23,23,23,23,23,23
60097,0,1,1996,22,22,22,22,22,22,22,22,22,22
60097,1,1,1996,14,14,14,14,14,14,14,14,14,14
60098,1,1,1996,18,18,18,18,18,18,18,18,18,18
60099,1,1,1996,15,15,15,15,15,15,15,15,15,15
60099,2,1,1996,0,0,0,0,0,0,0,0,7,0
60100,1,1,1996,10,10,10,10,10,10,10,10,10,10
60101,1,1,1996,0,0,0,0,0,0,0,0,0,0
60102,1,1,1996,8,8,8,8,8,8,8,8,8,8
60103,1,1,1996,0,0,0,0,0,0,0,0,0,0
60103,2,1,1996,11,32,0,0,22,0,0,33,9,0
60104,1,1,1996,10,10,10,10,10,10,10,10,10,10
60105,1,1,1996,10,10,10,10,10,10,10,10,10,10
60106,1,1,1996,0,0,0,0,0,0,0,0,0,0
60107,1,1,1996,0,0,0,0,0,0,0,0,0,0
60108,1,1,1996,0,0,0,0,0,0,0,0,0,0
60108,2,1,1996,0,0,0,0,0,0,0,0,0,0
60109,1,1,1996,0,0,0,0,0,0,0,0,0,0
60110,1,1,1996,0,0,0,0,0,0,0,0,0,0
60110,2,1,1996,0,0,0,0,0,0,0,0,0,0
60110,3,1,1996,0,0,0,0,0,0,0,0,0,0
60110,4,1,1996,0,0,0,0,0,0,0,0,0,0
60111,1,1,1996,0,0,0,0,0,0,0,0,0,0
60111,2,1,1996,9,9,9,9,9,9,9,9,9,9
60112,1,1,1996,0,0,0,0,0,0,0,0,0,0
60113,1,1,1996,0,0,0,0,0,0,0,0,0,0
60113,2,1,1996,0,0,0,0,0,0,0,0,0,0
60114,1,1,1996,0,0,0,0,0,0,0,0,0,0
60115,1,1,1996,2,0,0,0,0,35,0,4,0,0
60116,1,1,1996,0,0,0,0,0,0,0,0,0,0
60116,2,1,1996,0,0,0,0,0,0,0,0,0,0
60116,3,1,1996,0,0,0,0,0,0,0,0,0,0
60117,1,1,1996,0,0,0,0,0,0,0,0,0,0
60117,2,1,1996,0,0,0,0,0,0,0,0,0,0
60118,1,1,1996,0,0,0,0,0,0,0,0,0,0
60119,0,1,1996,0,0,0,0,0,0,0,0,0,0
60119,1,1,1996,0,0,0,0,0,0,0,0,0,0
60120,1,1,1996,0,0,0,0,0,0,0,0,0,0
60121,1,1,1996,0,0,0,0,0,0,0,0,0,0
60122,1,1,1996,0,19,0,0,0,0,0,0,0,0
60122,2,1,1996,0,0,0,0,0,0,0,0,14,0
60123,1,1,1996,0,0,0,0,0,0,0,0,0,0
60123,2,1,1996,0,0,0,0,0,0,0,0,0,0
60124,1,1,1996,22,22,22,22,22,22,22,22,22,22
60125,1,1,1996,0,0,0,0,0,0,0,0,0,0
60125,2,1,1996,0,0,0,0,0,0,3,0,0,0
60126,0,1,1996,0,0,0,0,0,0,0,29,0,0
60126,1,1,1996,0,0,0,0,0,0,0,0,0,0
60127,0,1,1996,34,34,34,34,34,34,34,34,34,34
60127,1,1,1996,0,3,9,0,0,0,0,21,0,0
60128,1,1,1996,0,0,0,0,0,0,0,0,0,0
60128,2,1,1996,0,0,0,0,0,0,0,0,0,0
60128,3,1,1996,0,0,0,0,0,0,0,0,0,0
60129,1,1,1996,0,0,0,0,0,0,0,0,0,0
60129,2,1,1996,0,0,0,0,0,0,0,0,0,0
60130,1,1,1996,0,0,0,0,0,4,0,0,0,0
60130,2,1,1996,0,0,0,0,0,0,0,0,0,0
60131,0,1,1996,19,19,19,19,19,19,19,19,19,19
60131,1,1,1996,0,8,9,10,0,0,0,0,0,0
60132,1,1,1996,15,15,15,15,15,15,15,15,15,15
60133,1,1,1996,0,0,0,0,0,0,0,17,0,11
60134,1,1,1996,0,0,0,0,0,0,0,0,0,0
60134,2,1,1996,0,0,0,0,0,0,0,0,0,0
60135,0,1,1996,0,0,0,0,0,0,0,0,0,0
60135,1,1,1996,0,0,0,13,0,0,0,0,0,20
60136,1,1,1996,0,0,0,0,0,0,0,0,0,0
60137,1,1,1996,0,0,0,0,0,0,0,0,0,0
60137,2,1,1996,0,0,0,0,0,0,0,0,0,0
60137,3,1,1996,0,0,0,0,0,0,0,0,0,0
60138,0,1,1996,0,0,0,0,0,0,0,0,0,0
60138,0,2,1996,0,0,0,0,0,0,20,0,0,0
60138,1,1,1996,0,0,0,0,0,0,0,0,0,0
60139,1,1,1996,0,0,0,0,0,0,0,0,0,0
60141,1,1,1996,0,0,0,0,0,0,0,0,0,0
60142,1,1,1996,9,0,8,9,0,7,0,15,0,19
60143,1,1,1996,0,0,0,0,0,0,0,0,0,0
60143,2,1,1996,0,0,0,0,0,0,0,0,0,0
60144,1,1,1996,0,0,0,0,0,0,0,0,0,0
60144,2,1,1996,0,0,0,0,0,0,0,0,0,0
60145,1,1,1996,0,0,0,0,0,0,0,0,0,0
60145,2,1,1996,0,0,0,0,0,0,0,0,0,0
60146,1,1,1996,0,0,0,0,0,0,0,0,0,0
60147,1,1,1996,15,15,15,15,15,15,15,15,15,15
60148,1,1,1996,0,0,0,0,0,0,0,0,0,0
60148,2,1,1996,0,0,0,0,0,0,0,0,0,0
60149,1,1,1996,0,0,0,0,0,0,0,0,0,0
60149,2,1,1996,0,0,0,0,0,0,0,0,0,0
60150,1,1,1996,0,0,0,0,0,0,0,12,0,0
60151,0,1,1996,0,0,0,0,0,0,0,0,0,0
60152,1,1,1996,0,25,23,20,13,33,17,0,28,12
60153,1,1,1996,0,0,0,11,0,0,0,10,0,0
60154,1,1,1996,0,0,0,0,0,0,0,0,0,0
60155,1,1,1996,31,31,31,31,31,31,31,31,31,31
60155,2,1,1996,0,0,0,0,0,0,0,0,0,0
60156,1,1,1996,19,19,19,19,19,19,19,19,19,19
60156,2,1,1996,0,0,26,0,0,0,0,0,0,0
60157,0,1,1996,0,0,0,0,0,0,0,0,0,0
60157,1,1,1996,0,0,0,0,0,0,0,0,0,0
60158,0,1,1996,3,3,3,3,3,3,3,3,3,3
60158,1,1,1996,0,0,0,0,0,0,0,0,0,0
60159,0,1,1996,0,0,0,0,0,0,0,0,0,0
60159,1,1,1996,0,0,0,0,0,0,0,0,0,3
60160,0,1,1996,15,15,15,15,15,15,15,15,15,15
60160,1,1,1996,0,0,0,0,0,0,22,0,0,10
60161,1,1,1996,18,18,18,18,18,18,18,18,18,18
60161,2,1,1996,0,0,0,0,0,0,0,0,0,0
60162,1,1,1996,11,11,11,11,11,11,11,11,11,11
60163,1,1,1996,0,0,0,0,0,0,0,15,0,12
60163,2,1,1996,0,0,0,0,0,0,0,0,0,0
60164,1,1,1996,0,0,0,0,0,0,0,0,0,0
60164,2,1,1996,0,0,0,0,0,0,0,0,0,0
60165,0,1,1996,0,0,0,0,11,0,0,0,19,9
60165,1,1,1996,12,12,12,12,12,12,12,12,12,12
60165,2,1,1996,0,0,0,0,0,0,0,0,0,0
60165,3,1,1996,0,0,0,0,0,0,0,0,0,0
60166,1,1,1996,0,0,21,0,27,13,18,0,0,0
60167,1,1,1996,0,0,0,0,0,0,0,0,0,0
60168,1,1,1996,0,0,0,0,0,0,0,0,0,0
60169,1,1,1996,0,0,0,0,0,0,0,0,0,0
60169,2,1,1996,0,0,0,0,0,0,0,0,0,0
60170,0,1,1996,33,33,33,33,33,33,33,33,33,33
60170,1,1,1996,7,7,7,7,7,7,7,7,7,7
60171,0,1,1996,0,0,0,0,0,0,0,0,0,0
60171,1,1,1996,0,0,0,0,0,0,0,0,0,0
60172,1,1,1996,0,0,0,0,0,0,0,0,0,0
60172,2,1,1996,0,0,0,0,0,0,0,0,0,0
60173,1,1,1996,16,16,16,16,16,16,16,16,16,16
60174,1,1,1996,19,19,19,19,19,19,19,19,19,19
60175,0,1,1996,0,0,0,0,0,0,9,25,0,27
60175,0,2,1996,0,0,0,0,0,0,0,0,0,0
60175,1,1,1996,0,0,0,0,0,0,0,0,0,0
60175,2,1,1996,0,0,0,0,0,0,0,0,0,0
60176,0,1,1996,14,14,14,14,14,14,14,14,14,14
60176,1,1,1996,0,0,0,0,0,0,0,0,0,0
60177,1,1,1996,0,0,0,0,0,0,0,0,0,0
60177,2,1,1996,0,0,0,0,0,0,0,0,0,0
60178,1,1,1996,0,0,0,0,0,0,0,0,0,0
60178,2,1,1996,0,0,0,0,0,0,0,0,0,0
60179,0,1,1996,0,0,0,0,0,0,0,0,0,0
60179,1,1,1996,0,0,0,0,0,0,0,0,0,0
60180,0,1,1996,0,0,0,0,0,0,0,0,0,0
60180,1,1,1996,0,0,0,0,0,0,0,0,0,0
60181,1,1,1996,0,0,22,16,0,14,0,0,0,0
60182,1,1,1996,0,34,18,20,0,17,0,0,0,8
60183,0,1,1996,0,0,0,0,0,0,0,0,0,0
60183,1,1,1996,0,0,0,0,0,0,0,0,0,0
60184,1,1,1996,28,28,28,28,28,28,28,28,28,28
60185,1,1,1996,0,0,0,0,0,0,0,0,0,0
60185,2,1,1996,0,0,0,0,0,0,0,0,0,0
60186,1,1,1996,0,0,0,0,0,0,0,0,0,0
60186,2,1,1996,0,0,0,0,0,0,0,0,0,0
60187,1,1,1996,0,0,12,0,0,0,0,0,0,0
60187,2,1,1996,0,0,0,0,10,0,0,0,0,0
60188,0,1,1996,0,0,0,0,0,0,0,0,0,0
60188,1,1,1996,0,0,0,0,0,0,0,0,0,0
60189,1,1,1996,0,0,0,0,0,0,0,0,0,0
60189,2,1,1996,0,0,0,0,0,0,0,0,0,0
60190,1,1,1996,10,18,0,10,24,6,24,34,23,40
60190,2,1,1996,0,25,21,10,0,31,0,0,0,12
60191,1,1,1996,13,13,13,13,13,13,13,13,13,13
60192,0,1,1996,0,0,0,0,0,0,0,0,0,0
60192,1,1,1996,0,0,0,0,17,0,0,0,0,0
60193,1,1,1996,0,0,0,0,0,0,0,0,0,0
60193,2,1,1996,0,0,0,0,0,0,0,0,0,0
60193,3,1,1996,0,0,0,0,0,0,0,0,0,0
60194,0,1,1996,0,0,0,0,0,0,0,0,0,0
60194,1,1,1996,0,0,0,0,0,0,0,0,0,0
60195,1,1,1996,11,11,11,11,11,11,11,11,11,11
60196,0,1,1996,0,0,0,0,0,0,0,0,0,0
60196,2,1,1996,0,0,0,0,0,0,0,0,0,0
60196,3,1,1996,0,0,0,0,0,0,0,0,0,0
60196,4,1,1996,0,0,0,0,10,0,0,0,0,0
60196,5,1,1996,0,0,0,0,0,0,0,0,0,0
60197,1,1,1996,0,0,0,0,0,0,0,0,0,0
60197,2,1,1996,0,0,0,33,0,0,0,0,0,0
60198,0,1,1996,0,0,0,0,0,0,0,0,0,0
60198,1,1,1996,5,0,0,0,0,0,12,0,0,11
60199,1,1,1996,0,0,0,0,0,0,0,0,0,0
60199,2,1,1996,0,0,0,0,0,0,0,0,0,0
60199,3,1,1996,0,0,0,13,0,0,0,20,0,0
60201,1,1,1996,0,0,0,0,0,0,0,0,0,0
60201,2,1,1996,0,0,0,0,0,0,0,0,0,0
60202,0,1,1996,23,0,0,0,18,0,8,19,0,0
60202,1,1,1996,0,0,0,0,0,0,0,0,0,0
60203,0,1,1996,0,0,0,0,0,0,0,0,0,0
60203,1,1,1996,0,0,0,0,0,0,0,0,0,0
60204,1,1,1996,0,0,0,0,0,0,0,0,0,0
60205,0,1,1996,0,0,0,0,0,0,0,0,0,0
60205,1,1,1996,0,0,0,0,0,0,0,0,0,0
60206,1,1,1996,0,0,0,0,0,0,0,0,0,0
60206,2,1,1996,0,0,0,0,0,0,0,0,0,0
60207,1,1,1996,0,0,0,0,0,0,0,0,0,0
60207,2,1,1996,0,0,0,0,0,0,0,0,0,0
60207,3,1,1996,0,0,0,0,0,0,0,0,0,0
60208,1,1,1996,18,18,18,18,18,18,18,18,18,18
60208,2,1,1996,0,0,0,0,0,0,0,0,0,0
60209,0,1,1996,17,17,17,17,17,17,17,17,17,17
60209,1,1,1996,0,0,0,0,0,0,0,0,0,0
60210,0,1,1996,25,25,25,25,25,25,25,25,25,25
60210,1,1,1996,0,0,0,0,0,0,0,0,0,0
60211,1,1,1996,0,0,0,0,0,0,0,0,0,0
60212,0,1,1996,0,0,0,0,0,0,0,0,0,0
60212,1,1,1996,0,0,0,0,0,0,0,0,0,0
60213,1,1,1996,15,24,13,0,13,10,20,0,0,10
60214,1,1,1996,23,23,23,23,23,23,23,23,23,23
60215,1,1,1996,0,0,0,0,0,0,0,0,0,0
60215,2,1,1996,0,0,0,0,0,0,0,0,0,0
60215,3,1,1996,0,0,0,0,0,0,0,0,0,0
60216,1,1,1996,0,0,0,0,0,0,0,0,0,0
60217,1,1,1996,0,0,0,0,0,0,0,0,0,0
60218,1,1,1996,0,0,0,0,0,0,5,0,0,0
60218,2,1,1996,0,0,0,0,0,0,0,0,0,0
60219,0,1,1996,23,23,23,23,23,23,23,23,23,23
60219,1,1,1996,0,0,0,0,0,0,0,0,0,0
60220,1,1,1996,15,15,15,15,15,15,15,15,15,15
60220,2,1,1996,0,0,0,0,0,0,0,0,0,0
60221,0,1,1996,0,0,0,0,0,0,0,0,0,0
60221,1,1,1996,0,0,0,0,0,0,0,0,0,0
60222,1,1,1996,0,0,0,0,0,0,0,0,0,0
60222,2,1,1996,0,0,0,0,0,0,0,0,0,0
60223,1,1,1996,20,20,20,20,20,20,20,20,20,20
60224,0,1,1996,0,0,0,0,0,0,0,0,0,0
60224,1,1,1996,0,0,0,0,0,0,0,0,0,0
60225,1,1,1996,0,0,0,0,0,0,0,0,0,0
60226,1,1,1996,0,0,0,0,0,0,0,0,0,0
60226,2,1,1996,0,0,0,0,0,0,0,0,0,0
60227,0,1,1996,0,0,0,0,0,0,0,0,0,0
60227,1,1,1996,0,0,0,0,0,0,0,0,0,0
60228,1,1,1996,0,0,0,0,0,0,0,0,0,0
60228,2,1,1996,0,0,0,0,0,0,0,0,0,0
60229,1,1,1996,0,0,0,0,0,0,0,0,0,0
60230,1,1,1996,0,0,0,0,0,0,0,0,0,0
60230,2,1,1996,0,0,0,0,0,0,0,0,0,0
60231,1,1,1996,14,14,14,14,14,14,14,14,14,14
60232,1,1,1996,0,0,0,0,0,0,0,0,0,0
60232,2,1,1996,0,0,0,0,0,0,0,0,0,0
60233,1,1,1996,30,30,30,30,30,30,30,30,30,30
60234,0,1,1996,0,0,0,0,0,0,0,0,0,0
60234,1,1,1996,0,0,0,0,0,0,0,0,0,0
60235,1,1,1996,0,0,0,0,0,0,0,0,0,0
60235,2,1,1996,0,0,0,0,0,0,0,0,0,0
60236,1,1,1996,0,0,0,0,0,0,0,0,0,0
60236,2,1,1996,0,0,0,0,0,0,0,0,0,0
60237,1,1,1996,17,17,17,17,17,17,17,17,17,17
60238,1,1,1996,0,0,0,0,7,0,0,0,0,0
60239,0,1,1996,0,0,0,0,0,0,0,0,0,0
60239,1,1,1996,0,0,0,7,0,0,0,0,0,0
60240,0,1,1996,33,33,33,33,33,33,33,33,33,33
60240,1,1,1996,0,0,0,0,0,0,0,0,0,0
60241,0,1,1996,20,20,20,20,20,20,20,20,20,20
60241,1,1,1996,11,7,9,5,6,7,13,13,3,8
60242,1,1,1996,6,6,6,6,6,6,6,6,6,6
60242,2,1,1996,0,0,0,11,0,0,0,0,0,0
60243,1,1,1996,25,25,25,25,25,25,25,25,25,25
60244,1,1,1996,15,15,15,15,15,15,15,15,15,15
60245,1,1,1996,0,0,0,0,0,0,0,0,0,0
60246,1,1,1996,18,18,18,18,18,18,18,18,18,18
60247,1,1,1996,0,0,0,0,0,0,0,0,0,0
60248,1,1,1996,13,13,13,13,13,13,13,13,13,13
60248,2,1,1996,0,0,0,0,0,0,0,0,0,0
60249,0,1,1996,0,0,0,0,0,0,0,0,0,0
60249,0,2,1996,0,0,0,0,0,0,0,0,0,0
60249,1,1,1996,16,16,16,16,16,16,16,16,16,16
60250,1,1,1996,0,0,0,0,0,0,0,0,0,0
60251,1,1,1996,7,7,7,7,7,7,7,7,7,7
60252,0,1,1996,0,0,0,0,0,0,0,0,0,0
60252,1,1,1996,0,0,0,0,0,0,0,0,0,0
60253,0,1,1996,35,35,35,35,35,35,35,35,35,35
60253,1,1,1996,0,0,0,0,7,0,0,0,0,0
60254,1,1,1996,16,16,16,16,16,16,16,16,16,16
60255,1,1,1996,22,22,22,22,22,22,22,22,22,22
60256,1,1,1996,23,23,23,23,23,23,23,23,23,23
60257,1,1,1996,13,25,13,5,27,14,29,20,0,23
60258,0,1,1996,0,0,0,0,0,0,0,0,0,0
60258,1,1,1996,11,0,11,0,0,0,0,14,0,17
60258,2,1,1996,0,0,18,0,13,4,6,4,3,30
60259,0,1,1996,0,0,0,0,0,0,0,0,0,0
60259,1,1,1996,0,0,27,0,0,0,0,0,0,0
60260,1,1,1996,0,0,0,0,0,0,0,0,0,0
60260,2,1,1996,0,0,0,0,0,0,0,0,0,0
60260,3,1,1996,0,0,0,0,0,0,0,0,0,0
60260,4,1,1996,0,0,0,0,0,0,0,0,0,0
60261,1,1,1996,0,0,0,0,0,0,0,0,0,0
60261,2,1,1996,0,0,0,0,0,0,0,0,0,0
60262,1,1,1996,0,0,0,0,0,0,0,0,0,0
60262,2,1,1996,7,7,7,7,7,7,7,7,7,7
60263,0,1,1996,0,0,0,0,0,0,0,0,0,0
60263,1,1,1996,0,0,0,0,0,0,0,0,0,0
60264,1,1,1996,0,0,0,0,0,0,0,0,0,0
60264,2,1,1996,0,0,0,0,0,0,0,0,0,0
60265,1,1,1996,11,11,11,11,11,11,11,11,11,11
60266,1,1,1996,0,0,0,0,0,0,0,0,0,0