ST_CASE,VEH_NO,PER_NO,YEAR,P1,P2,P3,P4,P5,P6,P7,P8,P9,P10
60523,2,1,1996,0,0,0,0,0,0,0,0,0,0
60524,1,1,1996,7,7,7,7,7,7,7,7,7,7
60524,2,1,1996,0,0,0,0,0,0,0,0,0,0
60524,3,1,1996,0,0,0,0,0,0,0,0,0,0
60524,4,1,1996,0,0,0,0,0,0,0,0,0,0
60525,1,1,1996,0,0,0,0,0,0,0,0,0,0
60525,2,1,1996,0,0,0,0,0,0,0,0,0,0
60525,3,1,1996,0,0,0,0,0,0,0,0,0,0
60526,1,1,1996,0,0,0,0,0,0,0,0,0,0
60526,2,1,1996,0,0,0,0,0,0,0,0,0,0
60527,0,1,1996,0,0,0,0,0,0,0,0,0,0
60527,2,1,1996,0,0,0,0,0,0,0,0,0,0
60528,1,1,1996,0,0,0,0,0,0,0,0,0,0
60528,2,1,1996,0,0,0,0,0,0,0,0,0,0
60529,1,1,1996,0,0,0,0,0,0,0,0,0,0
60529,2,1,1996,22,0,0,0,0,0,0,0,0,0
60530,1,1,1996,0,0,0,0,0,0,0,0,0,0
60530,2,1,1996,0,0,0,0,0,0,0,0,0,0
60531,1,1,1996,0,0,0,0,0,0,0,0,0,0
60531,2,1,1996,7,7,7,7,7,7,7,7,7,7
60532,1,1,1996,0,0,0,0,0,0,0,0,0,0
60533,0,1,1996,0,0,0,0,0,0,0,0,0,0
60533,1,1,1996,0,0,0,0,0,0,0,0,0,0
60534,0,1,1996,0,0,0,0,0,0,0,0,0,0
60534,1,1,1996,0,0,0,0,0,0,0,0,0,0
60535,1,1,1996,0,0,0,0,0,0,0,0,0,0
60535,2,1,1996,2,2,2,2,2,2,2,2,2,2
60536,1,1,1996,0,0,0,0,0,0,0,0,0,0
60537,1,1,1996,0,0,0,0,0,0,0,0,0,0
60537,2,1,1996,0,0,0,0,0,0,0,0,0,0
60538,1,1,1996,0,0,0,0,0,0,0,0,0,0
60538,2,1,1996,0,0,0,0,0,0,0,0,0,0
60538,3,1,1996,0,0,0,0,0,0,0,0,0,0
60539,1,1,1996,29,29,29,29,29,29,29,29,29,29
60539,2,1,1996,0,0,0,0,0,0,0,0,0,0
60540,1,1,1996,0,0,0,0,0,0,0,0,0,0
60541,1,1,1996,0,0,0,0,0,0,0,0,0,0
60541,2,1,1996,0,0,0,0,0,0,0,0,0,0
60541,3,1,1996,0,16,44,0,0,0,23,0,0,0
60541,4,1,1996,0,0,0,0,0,0,0,0,0,0
60542,0,1,1996,0,0,0,0,0,0,0,0,0,0
60542,1,1,1996,0,0,0,0,0,0,0,0,0,0
60543,1,1,1996,0,0,0,0,0,0,0,0,0,0
60544,1,1,1996,0,0,0,0,0,0,0,0,0,0
60544,2,1,1996,0,0,0,0,0,0,0,0,0,0
60545,0,1,1996,0,0,0,0,0,0,0,0,0,0
60546,0,1,1996,0,0,0,0,0,0,0,0,0,0
60546,1,1,1996,0,0,0,0,0,0,0,0,0,0
60547,1,1,1996,0,0,0,0,0,0,0,0,0,0
60547,2,1,1996,0,0,0,0,0,0,0,0,0,0
60547,3,1,1996,0,0,0,0,0,0,0,0,0,0
60548,0,1,1996,0,0,0,0,0,0,0,0,0,0
60548,1,1,1996,0,0,0,0,0,0,0,0,0,0
60549,1,1,1996,0,0,0,0,0,0,0,0,0,0
60550,1,1,1996,0,0,0,0,0,0,0,0,0,0
60550,2,1,1996,0,0,0,0,0,0,0,0,0,0
60551,1,1,1996,0,0,0,0,0,0,0,0,0,0
60551,2,1,1996,0,0,0,0,0,0,0,0,0,0
60552,0,1,1996,21,21,21,21,21,21,21,21,21,21
60552,1,1,1996,0,0,0,0,0,0,0,0,0,0
60553,0,1,1996,31,31,31,31,31,31,31,31,31,31
60553,1,1,1996,0,0,0,0,0,0,0,0,0,0
60554,0,1,1996,0,0,0,0,0,0,0,0,0,0
60554,1,1,1996,0,0,0,0,0,0,0,0,0,0
60555,0,1,1996,20,13,20,21,29,0,16,21,19,27
60555,1,1,1996,0,0,0,0,0,0,0,0,0,0
60556,1,1,1996,9,11,16,8,3,12,9,5,5,1
60557,1,1,1996,0,0,0,0,0,0,0,0,0,0
60558,1,1,1996,9,9,0,8,24,19,5,6,0,2
60558,2,1,1996,16,13,16,8,14,12,4,24,13,6
60559,1,1,1996,0,0,0,0,0,0,0,0,0,0
60560,1,1,1996,0,0,0,0,0,0,0,0,0,0
60560,2,1,1996,0,0,0,0,0,0,0,0,0,0
60561,1,1,1996,0,0,0,0,0,0,0,0,0,0
60561,2,1,1996,0,0,0,0,0,0,0,0,0,0
60561,3,1,1996,0,0,0,0,0,0,0,0,0,0
60561,4,1,1996,0,0,0,0,0,0,0,0,0,0
60561,5,1,1996,0,0,0,0,0,0,0,0,0,0
60562,0,1,1996,0,7,0,0,0,0,0,0,33,0
60562,1,1,1996,0,0,0,0,0,0,0,0,0,0
60562,2,1,1996,0,0,0,0,0,0,0,0,0,0
60563,0,1,1996,0,0,0,0,0,0,0,0,0,0
60563,1,1,1996,0,0,0,0,0,0,0,0,0,0
60564,1,1,1996,15,15,15,15,15,15,15,15,15,15
60565,1,1,1996,0,0,0,0,0,0,0,0,0,0
60565,2,1,1996,0,0,0,0,0,0,0,0,0,0
60565,3,1,1996,0,0,0,0,0,0,0,0,0,0
60566,1,1,1996,0,0,17,0,0,0,0,0,0,0
60566,2,1,1996,0,0,0,0,0,0,17,0,0,0
60567,1,1,1996,27,27,27,27,27,27,27,27,27,27
60567,2,1,1996,0,0,0,0,0,0,0,0,0,0
60567,3,1,1996,0,0,0,0,0,0,0,0,0,0
60567,4,1,1996,0,0,0,0,0,0,0,0,0,0
60568,1,1,1996,0,0,0,0,0,0,0,0,0,0
60568,2,1,1996,0,0,0,0,0,0,0,0,0,0
60568,3,1,1996,0,0,0,0,0,0,0,0,0,0
60568,4,1,1996,0,0,0,0,0,0,0,4,0,0
60568,5,1,1996,0,0,0,0,0,0,0,0,0,0
60569,1,1,1996,0,0,0,0,0,0,0,0,0,0
60570,0,1,1996,0,0,0,0,0,0,0,0,0,0
60570,1,1,1996,0,0,0,0,0,0,0,0,0,19
60571,0,1,1996,43,43,43,43,43,43,43,43,43,43
60571,1,1,1996,0,0,0,10,0,13,8,0,10,11
60571,2,1,1996,0,10,0,0,0,0,0,0,11,0
60572,0,1,1996,17,17,17,17,17,17,17,17,17,17
60572,1,1,1996,0,0,0,27,11,0,0,6,0,0
60573,1,1,1996,12,12,12,12,12,12,12,12,12,12
60573,2,1,1996,0,0,0,0,0,0,0,0,0,0
60574,0,1,1996,24,24,24,24,24,24,24,24,24,24
60574,1,1,1996,0,0,0,0,0,0,0,0,0,0
60575,1,1,1996,11,11,11,11,11,11,11,11,11,11
60576,1,1,1996,16,16,16,16,16,16,16,16,16,16
60577,1,1,1996,0,0,0,0,0,0,0,0,0,0
60577,2,1,1996,0,0,0,0,0,0,0,0,0,0
60578,0,1,1996,0,0,0,0,0,0,0,0,0,0
60578,1,1,1996,0,0,0,0,0,0,0,0,0,0
60579,0,1,1996,0,0,0,0,0,0,0,0,0,0
60579,1,1,1996,0,0,0,0,0,0,0,0,0,5
60580,1,1,1996,0,0,0,0,0,0,0,0,0,0
60580,2,1,1996,18,9,0,0,21,0,0,0,9,0
60581,0,1,1996,0,0,0,0,0,0,0,0,0,0
60581,1,1,1996,0,0,0,0,0,0,0,0,0,0
60582,0,1,1996,0,0,0,0,0,0,0,0,0,0
60582,1,1,1996,0,0,0,0,0,0,0,0,0,0
60583,0,1,1996,6,6,6,6,6,6,6,6,6,6
60583,1,1,1996,0,0,0,0,0,0,0,0,0,0
60584,1,1,1996,0,0,0,0,0,0,0,0,0,0
60584,2,1,1996,0,0,0,0,0,0,0,0,0,0
60585,1,1,1996,0,0,0,0,0,0,0,0,0,0
60585,2,1,1996,0,0,0,0,0,0,0,0,0,0
60586,1,1,1996,0,0,0,0,0,0,0,0,0,0
60586,2,1,1996,0,0,0,0,0,0,0,0,0,0
60587,1,1,1996,0,0,0,0,0,0,0,0,0,0
60587,2,1,1996,0,0,0,0,0,0,0,0,0,0
60587,3,1,1996,0,0,0,0,0,0,0,0,0,0
60588,1,1,1996,0,0,0,0,0,0,0,0,0,0
60588,2,1,1996,0,0,0,0,0,0,0,0,0,0
60589,1,1,1996,15,15,15,15,15,15,15,15,15,15
60590,1,1,1996,12,12,12,12,12,12,12,12,12,12
60591,1,1,1996,0,0,0,0,0,0,0,0,0,0
60591,2,1,1996,0,0,0,0,0,0,0,0,0,0
60592,0,1,1996,0,0,0,0,0,0,0,0,0,0
60592,1,1,1996,0,0,0,0,0,0,0,0,0,0
60593,1,1,1996,26,26,26,26,26,26,26,26,26,26
60593,2,1,1996,0,0,0,0,0,0,0,0,0,0
60594,1,1,1996,0,0,0,0,0,0,0,0,0,16
60594,2,1,1996,22,0,0,0,0,0,0,0,0,0
60595,1,1,1996,14,32,16,13,12,10,11,9,25,21
60596,1,1,1996,0,0,0,0,0,0,0,0,0,0
60596,2,1,1996,0,20,9,0,0,0,0,0,0,0
60597,0,1,1996,12,12,12,12,12,12,12,12,12,12
60597,1,1,1996,0,0,0,0,0,0,0,0,0,0
60598,1,1,1996,7,7,7,7,7,7,7,7,7,7
60599,1,1,1996,0,0,0,0,0,0,0,0,0,0
60599,2,1,1996,0,0,0,0,0,0,0,0,0,0
60599,3,1,1996,0,0,0,0,0,0,5,0,0,0
60600,1,1,1996,22,22,22,22,22,22,22,22,22,22
60601,1,1,1996,0,0,0,0,0,0,0,0,0,0
60601,2,1,1996,0,0,0,0,0,0,0,0,0,0
60602,1,1,1996,0,0,0,0,0,0,0,0,0,0
60602,2,1,1996,0,0,0,0,0,0,0,0,0,0
60603,1,1,1996,17,17,17,17,17,17,17,17,17,17
60603,2,1,1996,0,0,0,0,0,0,0,0,0,0
60604,0,1,1996,0,0,0,0,0,0,0,0,0,0
60604,1,1,1996,0,0,0,0,0,0,10,0,0,0
60605,0,1,1996,0,0,0,0,0,0,0,0,0,0
60605,1,1,1996,0,0,0,14,19,9,0,0,0,0
60606,0,1,1996,0,0,0,0,0,0,0,0,0,0
60606,1,1,1996,0,0,0,0,0,0,0,0,0,0
60607,1,1,1996,0,0,0,0,0,0,0,0,0,0
60608,0,1,1996,0,0,0,0,0,0,0,0,0,0
60608,1,1,1996,0,0,0,0,0,0,0,0,0,0
60609,1,1,1996,0,0,0,0,0,0,0,0,0,0
60610,1,1,1996,7,7,7,7,7,7,7,7,7,7
60611,1,1,1996,0,0,0,0,0,0,0,0,0,0
60612,1,1,1996,0,0,0,0,0,7,0,0,0,0
60613,1,1,1996,0,0,0,0,0,0,0,0,0,0
60614,1,1,1996,0,0,0,0,0,0,0,0,0,0
60615,1,1,1996,21,21,21,21,21,21,21,21,21,21
60616,1,1,1996,18,18,18,18,18,18,18,18,18,18
60617,1,1,1996,0,0,0,0,0,0,0,0,0,0
60618,1,1,1996,0,0,0,0,0,0,0,0,0,0
60619,1,1,1996,0,0,0,0,0,0,0,0,0,0
60620,1,1,1996,0,0,0,0,0,0,0,0,0,0
60621,1,1,1996,13,13,13,13,13,13,13,13,13,13
60622,1,1,1996,0,0,0,0,0,0,0,0,0,0
60623,0,1,1996,3,3,3,3,3,3,3,3,3,3
60623,1,1,1996,0,9,0,0,0,16,0,0,0,0
60624,1,1,1996,0,0,0,0,0,0,0,0,0,0
60624,2,1,1996,0,0,0,0,0,0,5,0,0,0
60625,1,1,1996,17,17,17,17,17,17,17,17,17,17
60625,2,1,1996,1,1,1,1,1,1,1,1,1,1
60625,3,1,1996,0,0,0,0,0,0,0,0,0,0
60625,4,1,1996,0,0,0,0,0,0,0,0,0,0
60626,1,1,1996,14,14,14,14,14,14,14,14,14,14
60627,1,1,1996,0,14,15,12,16,36,5,42,15,12
60628,0,1,1996,26,26,26,26,26,26,26,26,26,26
60628,1,1,1996,0,0,0,0,7,0,24,0,0,16
60629,1,1,1996,19,19,19,19,19,19,19,19,19,19
60629,2,1,1996,0,0,0,0,0,0,0,0,0,0
60630,0,1,1996,18,18,18,18,18,18,18,18,18,18
60630,1,1,1996,11,0,0,0,0,0,0,0,13,0
60631,1,1,1996,0,0,0,0,0,0,0,0,0,0
60632,1,1,1996,0,0,0,0,0,0,0,0,0,0
60632,2,1,1996,0,0,0,0,0,0,0,0,0,0
60632,3,1,1996,0,0,0,0,0,0,0,0,0,0
60632,4,1,1996,0,0,0,0,0,0,0,0,0,0
60633,1,1,1996,0,0,0,0,0,0,0,0,0,6
60634,0,1,1996,0,0,0,28,0,0,0,0,0,0
60634,1,1,1996,0,0,0,30,0,0,0,0,0,0
60635,0,1,1996,0,0,0,0,0,0,0,0,0,0
60635,1,1,1996,0,0,0,0,0,0,0,0,0,0
60636,0,1,1996,0,0,0,0,0,0,0,0,0,0
60636,0,2,1996,0,0,0,0,0,0,0,0,0,0
60636,0,3,1996,0,11,0,0,0,0,0,0,0,0
60636,0,4,1996,0,0,0,0,0,0,0,0,20,3
60636,0,5,1996,0,0,0,0,0,0,0,0,0,0
60636,0,6,1996,0,0,0,0,0,0,0,0,0,0
60636,0,7,1996,0,0,0,0,0,0,0,0,0,0
60636,1,1,1996,0,0,0,0,0,0,0,0,0,0
60636,2,1,1996,0,0,0,0,0,0,0,0,0,0
60637,1,1,1996,31,31,31,31,31,31,31,31,31,31
60638,1,1,1996,0,0,0,0,0,0,0,0,0,0
60639,1,1,1996,0,0,0,0,0,0,0,0,0,0
60640,1,1,1996,28,28,28,28,28,28,28,28,28,28
60640,2,1,1996,0,0,0,0,0,0,0,0,0,0
60640,3,1,1996,0,0,0,0,0,0,0,0,0,0
60641,1,1,1996,17,17,17,17,17,17,17,17,17,17
60642,1,1,1996,0,0,0,0,0,0,0,0,0,0
60643,1,1,1996,0,0,0,0,0,10,0,0,0,0
60643,2,1,1996,0,0,0,0,0,0,0,0,0,0
60644,0,1,1996,0,0,0,0,0,0,0,0,0,0
60644,1,1,1996,0,0,0,0,0,0,0,0,0,0
60645,0,1,1996,0,0,0,0,0,0,0,0,0,0
60645,1,1,1996,0,0,0,0,0,0,0,0,0,0
60646,1,1,1996,0,0,0,0,0,0,0,0,0,0
60646,2,1,1996,0,0,0,0,0,0,0,0,0,0
60646,3,1,1996,0,0,0,0,0,0,0,0,0,0
60647,1,1,1996,0,0,0,0,0,0,0,0,0,0
60647,2,1,1996,0,0,0,0,0,0,0,0,0,0
60647,3,1,1996,0,0,0,0,0,0,0,0,0,0
60648,1,1,1996,0,0,0,0,0,0,0,0,0,0
60648,2,1,1996,0,0,0,0,0,0,0,0,0,0
60649,1,1,1996,0,0,0,0,0,0,0,0,0,0
60649,2,1,1996,1,1,1,1,1,1,1,1,1,1
60650,0,1,1996,35,35,35,35,35,35,35,35,35,35
60650,1,1,1996,0,0,0,0,0,0,0,0,0,0
60651,0,1,1996,34,34,34,34,34,34,34,34,34,34
60651,1,1,1996,0,0,0,0,0,0,0,0,0,0
60652,0,1,1996,0,0,0,0,34,0,0,14,0,0
60652,1,1,1996,0,0,0,0,0,0,0,0,0,0
60652,2,1,1996,0,0,0,0,0,0,3,0,0,0
60653,1,1,1996,0,0,0,0,0,0,0,0,0,0
60653,2,1,1996,0,0,0,0,0,0,0,0,0,0
60654,1,1,1996,22,22,22,22,22,22,22,22,22,22
60654,2,1,1996,0,0,0,6,0,0,0,0,0,0
60655,1,1,1996,25,25,25,25,25,25,25,25,25,25
60656,1,1,1996,0,0,0,0,0,0,0,0,0,0
60656,2,1,1996,0,0,0,0,0,30,0,0,0,0
60656,3,1,1996,0,0,0,0,0,0,0,0,0,0
60657,0,1,1996,0,0,0,0,0,0,0,0,0,0
60657,1,1,1996,0,0,0,0,0,0,0,0,0,0
60658,1,1,1996,0,0,0,0,0,0,0,0,0,0
60658,2,1,1996,0,0,0,0,0,0,0,0,0,0
60658,3,1,1996,0,0,0,0,0,0,0,0,0,0
60659,0,1,1996,0,0,0,0,0,0,0,0,0,0
60659,1,1,1996,0,0,0,0,0,0,0,0,0,0
60660,1,1,1996,26,26,26,26,26,26,26,26,26,26
60661,0,1,1996,0,0,0,0,0,0,0,0,0,0
60661,1,1,1996,0,0,0,0,0,0,0,0,0,0
60662,1,1,1996,0,0,0,0,0,0,0,0,0,0
60663,1,1,1996,26,26,26,26,26,26,26,26,26,26
60664,1,1,1996,29,29,29,29,29,29,29,29,29,29
60665,1,1,1996,45,45,45,45,45,45,45,45,45,45
60665,2,1,1996,0,0,0,0,0,0,0,0,0,0
60666,1,1,1996,0,0,0,0,0,0,0,0,0,0
60666,2,1,1996,0,0,0,0,0,0,0,0,0,0
60666,3,1,1996,0,0,0,0,0,0,0,0,0,0
60666,4,1,1996,0,0,0,0,0,0,0,0,0,0
60667,1,1,1996,0,0,0,0,0,0,0,0,0,0
60668,1,1,1996,0,0,0,0,0,0,0,0,0,0
60668,2,1,1996,0,0,0,0,0,0,0,0,0,0
60669,0,1,1996,0,0,0,0,0,0,0,0,0,0
60669,1,1,1996,0,0,0,0,0,0,0,0,0,0
60670,0,1,1996,0,0,0,0,0,0,0,0,0,0
60670,1,1,1996,22,22,22,22,22,22,22,22,22,22
60671,0,1,1996,31,31,31,31,31,31,31,31,31,31
60671,1,1,1996,2,2,2,2,2,2,2,2,2,2
60672,1,1,1996,15,15,15,15,15,15,15,15,15,15
60673,1,1,1996,12,12,12,12,12,12,12,12,12,12
60674,1,1,1996,0,0,0,0,0,0,0,0,0,0
60675,1,1,1996,0,0,0,0,0,0,0,0,0,0
60676,1,1,1996,18,18,18,18,18,18,18,18,18,18
60677,1,1,1996,0,0,0,0,0,0,0,0,0,0
60678,1,1,1996,0,0,0,0,0,0,0,0,0,0
60679,1,1,1996,0,0,0,0,0,0,0,0,0,0
60680,1,1,1996,21,19,34,20,22,28,13,27,28,18
60681,1,1,1996,25,25,25,25,25,25,25,25,25,25
60682,1,1,1996,13,13,13,13,13,13,13,13,13,13
60683,1,1,1996,6,0,0,0,0,0,26,0,0,0
60684,1,1,1996,19,19,19,19,19,19,19,19,19,19
60685,1,1,1996,0,0,0,0,0,0,0,0,0,0
60686,1,1,1996,25,25,25,25,25,25,25,25,25,25
60687,1,1,1996,0,0,0,0,0,0,0,0,0,0
60688,1,1,1996,0,0,0,0,0,0,0,0,0,0
60689,1,1,1996,0,0,0,0,0,0,0,0,0,0
60689,2,1,1996,0,0,0,0,0,0,0,0,0,0
60690,1,1,1996,26,15,20,5,11,14,13,23,20,21
60690,2,1,1996,17,17,17,17,17,17,17,17,17,17
60691,1,1,1996,6,6,6,6,6,6,6,6,6,6
60692,0,1,1996,0,0,0,0,0,0,0,0,0,0
60692,1,1,1996,29,18,17,25,12,22,0,8,0,0
60693,1,1,1996,0,0,0,0,0,0,0,0,0,0
60693,2,1,1996,0,0,0,0,0,0,0,0,0,0
60694,1,1,1996,0,0,0,0,0,0,0,0,0,0
60694,2,1,1996,0,0,0,0,0,0,0,0,0,0
60694,3,1,1996,0,0,0,0,0,0,0,14,0,0
60695,0,1,1996,0,0,18,6,15,18,0,19,0,16
60695,0,2,1996,0,0,0,0,0,0,0,0,0,0
60695,1,1,1996,0,0,0,0,0,0,0,0,0,0
60695,2,1,1996,0,0,0,0,0,0,0,0,0,0
60696,0,1,1996,0,0,0,0,0,0,0,0,0,0
60696,1,1,1996,0,0,0,0,0,0,0,0,0,0
60697,1,1,1996,0,0,0,0,0,0,0,0,0,0
60697,2,1,1996,0,0,0,0,0,0,0,0,0,0
60698,1,1,1996,18,18,18,18,18,18,18,18,18,18
60699,1,1,1996,17,17,17,17,17,17,17,17,17,17
60700,1,1,1996,24,12,0,0,18,13,23,31,30,0
60701,1,1,1996,0,0,0,0,0,0,0,0,0,0
60701,2,1,1996,0,0,0,0,0,0,0,0,0,0
60701,3,1,1996,0,0,0,0,0,0,0,0,0,0
60702,0,1,1996,17,17,17,17,17,17,17,17,17,17
60702,1,1,1996,0,0,0,0,0,13,0,0,0,0
60703,0,1,1996,35,35,35,35,35,35,35,35,35,35
60703,1,1,1996,0,10,0,23,0,0,0,0,0,0
60704,1,1,1996,0,0,0,0,0,0,0,0,0,0
60704,2,1,1996,0,0,0,0,0,0,0,0,0,0
60704,3,1,1996,0,0,0,0,0,0,0,0,0,0
60705,0,1,1996,0,0,0,0,0,0,0,0,0,0
60705,1,1,1996,0,0,0,0,0,0,0,0,0,0
60706,1,1,1996,33,33,33,33,33,33,33,33,33,33
60707,1,1,1996,20,20,20,20,20,20,20,20,20,20
60708,1,1,1996,0,0,0,0,0,0,0,0,0,0
60708,2,1,1996,0,0,0,0,0,0,0,0,0,0
60709,1,1,1996,0,0,0,0,0,0,0,0,0,0
60709,2,1,1996,0,0,0,0,0,0,0,0,0,0
60710,1,1,1996,0,0,0,0,0,0,0,0,0,0
60710,2,1,1996,0,0,0,0,0,0,0,0,0,0
60711,1,1,1996,25,25,25,25,25,25,25,25,25,25
60712,1,1,1996,0,0,0,0,0,0,0,0,0,0
60712,2,1,1996,0,0,0,0,0,0,0,0,0,0
60713,1,1,1996,0,0,0,0,0,0,0,0,0,0
60713,2,1,1996,0,28,0,0,0,0,0,0,0,0
60714,1,1,1996,22,22,22,22,22,22,22,22,22,22
60714,2,1,1996,1,1,1,1,1,1,1,1,1,1
60715,1,1,1996,0,0,0,0,0,0,0,0,0,0
60715,2,1,1996,2,2,2,2,2,2,2,2,2,2
60716,0,1,1996,0,0,0,0,0,0,0,0,0,0
60716,1,1,1996,0,0,0,0,0,0,0,0,0,0
60717,1,1,1996,10,10,10,10,10,10,10,10,10,10
60718,0,1,1996,0,0,0,0,0,0,0,0,0,0
60718,1,1,1996,0,0,0,0,0,0,0,0,0,0
60719,1,1,1996,0,0,0,0,0,0,0,0,0,0
60719,2,1,1996,0,0,0,0,0,0,0,0,0,0
60719,3,1,1996,19,19,19,19,19,19,19,19,19,19
60720,0,1,1996,0,0,0,0,0,0,0,0,0,0
60720,1,1,1996,10,0,0,0,0,0,0,0,0,21
60721,1,1,1996,15,0,16,13,0,39,25,0,16,14
60722,1,1,1996,4,4,4,4,4,4,4,4,4,4
60723,1,1,1996,0,0,0,0,0,0,0,0,0,0
60723,2,1,1996,0,0,0,0,0,0,0,0,0,0
60724,0,1,1996,41,41,41,41,41,41,41,41,41,41
60724,1,1,1996,0,0,0,0,0,20,0,0,0,0
60725,0,1,1996,0,0,0,0,0,0,0,0,0,0
60725,1,1,1996,0,8,0,0,0,0,0,0,5,0
60726,1,1,1996,0,0,0,0,0,0,0,0,0,0
60726,2,1,1996,0,0,0,0,0,0,0,0,0,0
60727,1,1,1996,0,0,0,0,0,0,0,0,0,0
60727,2,1,1996,0,0,0,0,0,0,0,0,0,0
60728,1,1,1996,17,17,17,17,17,17,17,17,17,17
60728,2,1,1996,0,0,0,0,0,0,0,0,0,0
60728,3,1,1996,0,0,0,0,0,0,0,0,0,0
60729,0,1,1996,8,8,8,8,8,8,8,8,8,8
60729,1,1,1996,7,19,0,10,21,10,30,21,38,0
60730,1,1,1996,20,15,20,12,0,15,8,12,0,14
60731,1,1,1996,0,0,0,0,0,0,0,0,0,0
60731,2,1,1996,0,0,0,0,0,0,0,0,0,0
60732,1,1,1996,0,0,0,0,0,0,0,0,0,0
60733,1,1,1996,0,0,0,0,0,0,0,0,0,0
60733,2,1,1996,0,0,0,0,0,0,0,0,0,0
60734,1,1,1996,12,12,12,12,12,12,12,12,12,12
60735,1,1,1996,0,0,0,0,0,0,0,0,0,0
60735,2,1,1996,0,0,0,0,0,0,0,0,0,0
60736,1,1,1996,0,0,0,0,0,0,0,0,0,0
60736,2,1,1996,0,0,0,0,0,0,0,0,0,0
60737,1,1,1996,12,12,12,12,12,12,12,12,12,12
60738,1,1,1996,11,0,0,0,0,0,14,0,0,0
60738,2,1,1996,0,0,0,0,0,12,0,0,0,0
60738,3,1,1996,10,23,0,0,0,0,0,0,11,0
60739,1,1,1996,24,24,24,24,24,24,24,24,24,24
60739,2,1,1996,0,0,0,0,0,0,0,0,0,0
60740,1,1,1996,0,0,0,0,0,0,0,0,0,0
60740,2,1,1996,0,0,14,8,0,19,0,0,0,0
60741,1,1,1996,0,0,0,0,27,0,0,0,0,9
60741,2,1,1996,0,0,0,0,0,0,0,0,0,0
60742,1,1,1996,23,23,23,23,23,23,23,23,23,23
60743,1,1,1996,0,0,0,0,0,0,0,0,0,0
60743,2,1,1996,0,0,0,0,0,0,0,0,0,0
60744,1,1,1996,0,0,0,0,0,0,0,0,0,0
60744,2,1,1996,0,0,0,0,0,0,0,0,0,0
60745,1,1,1996,0,0,0,0,0,0,0,0,0,0
60745,2,1,1996,0,0,0,0,0,0,0,0,0,0
60746,1,1,1996,0,0,0,0,0,0,0,0,0,0
60747,1,1,1996,23,22,14,26,0,23,8,19,10,26
60748,0,1,1996,0,0,0,0,0,0,0,0,0,0
60748,1,1,1996,0,0,0,0,0,0,0,0,0,0
60749,1,1,1996,0,0,0,0,0,0,0,0,0,0
60749,2,1,1996,0,0,0,0,0,0,0,0,0,0
60750,1,1,1996,0,0,0,0,0,0,0,0,0,0
60751,1,1,1996,1,1,1,1,1,1,1,1,1,1
60751,2,1,1996,0,0,0,0,0,0,0,0,0,0
60752,1,1,1996,8,8,8,8,8,8,8,8,8,8
60753,1,1,1996,0,0,0,0,0,0,0,0,0,0
60753,2,1,1996,0,0,0,0,0,0,0,0,0,0
60754,1,1,1996,19,19,19,19,19,19,19,19,19,19
60755,0,1,1996,3,3,3,3,3,3,3,3,3,3
60755,1,1,1996,0,0,0,0,0,0,0,0,0,0
60756,1,1,1996,0,0,0,0,0,0,0,0,0,0
60757,0,1,1996,25,25,25,25,25,25,25,25,25,25
60757,1,1,1996,0,0,0,0,0,0,0,0,0,0
60758,1,1,1996,0,0,0,0,0,0,0,0,0,0
60758,2,1,1996,0,0,0,0,0,0,0,0,0,0
60758,3,1,1996,0,0,5,0,0,0,0,0,0,0
60758,4,1,1996,0,0,0,0,0,0,0,0,0,0
60759,1,1,1996,13,13,13,13,13,13,13,13,13,13
60760,1,1,1996,27,27,27,27,27,27,27,27,27,27
60761,0,1,1996,21,0,17,0,0,0,32,11,0,13
60761,1,1,1996,0,0,0,0,0,0,0,0,0,0
60762,1,1,1996,18,18,18,18,18,18,18,18,18,18
60762,2,1,1996,6,6,6,6,6,6,6,6,6,6
60762,3,1,1996,0,0,0,0,0,0,0,0,0,0
60763,1,1,1996,0,0,0,0,0,0,0,0,0,0
60764,1,1,1996,0,0,0,0,0,0,0,0,0,0
60764,2,1,1996,0,0,0,0,0,0,0,0,0,0
60765,1,1,1996,0,0,0,0,0,0,0,0,0,0
60766,1,1,1996,1,1,1,1,1,1,1,1,1,1
60767,1,1,1996,0,0,0,0,0,0,0,0,0,0
60768,1,1,1996,0,0,0,0,0,0,0,0,0,0
60769,1,1,1996,0,17,0,18,0,6,18,21,12,0
60770,1,1,1996,8,8,8,8,8,8,8,8,8,8
60771,1,1,1996,0,0,0,0,0,0,0,0,0,0
60772,1,1,1996,0,0,0,0,0,0,0,0,0,0
60773,1,1,1996,0,0,0,0,0,0,0,0,0,0
60774,1,1,1996,0,0,0,0,0,0,0,0,0,0
60774,2,1,1996,0,0,0,0,0,0,0,0,0,0
60775,1,1,1996,0,0,0,0,0,0,0,0,0,0