ST_CASE,VEH_NO,PER_NO,YEAR,P1,P2,P3,P4,P5,P6,P7,P8,P9,P10
60776,1,1,1996,0,0,0,0,0,0,0,0,0,0
60777,1,1,1996,0,0,0,0,0,0,0,0,0,0
60778,1,1,1996,0,0,0,0,0,0,0,0,0,0
60778,2,1,1996,0,3,0,0,0,0,0,0,0,0
60779,1,1,1996,0,0,0,0,0,0,0,0,0,0
60780,1,1,1996,0,0,0,0,0,0,0,0,0,0
60780,2,1,1996,0,0,0,0,0,0,0,0,0,0
60781,1,1,1996,0,0,0,0,0,0,0,0,0,0
60781,2,1,1996,0,0,0,0,0,0,0,0,0,0
60782,0,1,1996,26,26,26,26,26,26,26,26,26,26
60782,1,1,1996,0,0,0,0,0,0,0,0,0,0
60783,1,1,1996,0,0,0,0,0,0,0,0,0,0
60783,2,1,1996,0,0,0,0,0,0,0,0,0,0
60784,0,1,1996,0,0,0,0,0,0,0,0,0,0
60784,1,1,1996,0,0,0,0,0,0,0,0,0,0
60785,1,1,1996,0,0,0,0,0,0,0,0,0,0
60785,2,1,1996,23,18,30,0,6,6,16,13,19,0
60785,3,1,1996,0,0,0,0,3,0,0,0,0,0
60786,1,1,1996,29,29,29,29,29,29,29,29,29,29
60786,2,1,1996,0,0,0,0,0,0,0,0,0,0
60786,3,1,1996,0,0,0,0,0,0,0,0,0,0
60787,1,1,1996,0,0,0,0,0,0,0,0,0,0
60787,2,1,1996,0,0,0,0,0,0,0,0,0,0
60787,3,1,1996,0,0,0,0,0,0,0,0,0,0
60788,1,1,1996,13,13,13,13,13,13,13,13,13,13
60789,1,1,1996,0,0,0,0,0,0,0,0,0,0
60789,2,1,1996,0,0,0,0,0,0,0,0,0,0
60789,3,1,1996,0,0,0,0,0,0,0,0,0,0
60790,0,1,1996,0,0,0,0,0,0,0,0,0,0
60790,1,1,1996,0,0,0,0,0,0,0,0,0,0
60791,0,1,1996,0,0,0,0,0,0,0,0,0,0
60791,1,1,1996,13,0,0,0,0,0,0,0,0,0
60791,2,1,1996,0,0,0,0,0,0,9,0,0,0
60792,1,1,1996,17,17,17,17,17,17,17,17,17,17
60793,1,1,1996,0,0,0,0,0,27,5,11,0,16
60794,1,1,1996,13,16,0,0,8,0,0,8,15,0
60795,1,1,1996,0,0,0,0,0,0,0,0,0,0
60796,1,1,1996,25,25,25,25,25,25,25,25,25,25
60796,2,1,1996,0,0,0,0,0,0,0,0,0,0
60797,1,1,1996,0,0,0,0,0,0,0,0,0,0
60798,1,1,1996,0,0,0,0,0,0,0,0,0,0
60798,2,1,1996,0,0,0,0,0,0,0,0,0,0
60799,1,1,1996,0,0,0,0,0,0,0,0,0,0
60800,1,1,1996,0,0,0,0,0,0,0,23,0,0
60801,1,1,1996,0,0,0,0,0,0,0,0,0,0
60802,1,1,1996,0,0,0,0,0,0,0,0,0,0
60803,1,1,1996,0,0,0,0,0,0,0,0,0,0
60804,1,1,1996,18,0,0,0,0,0,0,0,0,10
60805,1,1,1996,0,0,0,0,0,0,0,0,0,0
60805,2,1,1996,0,16,0,0,0,0,0,0,0,0
60806,1,1,1996,21,21,21,21,21,21,21,21,21,21
60807,1,1,1996,0,0,0,0,0,0,0,0,0,0
60808,1,1,1996,0,0,0,0,0,0,0,0,0,0
60809,1,1,1996,0,0,0,0,0,0,0,0,0,0
60809,2,1,1996,0,0,0,0,0,0,0,0,0,0
60810,0,1,1996,0,0,0,0,0,0,0,0,0,0
60810,1,1,1996,0,0,0,0,0,0,0,0,0,0
60811,0,1,1996,0,0,0,0,0,0,0,0,0,0
60811,1,1,1996,0,0,0,0,0,0,0,0,0,0
60812,1,1,1996,0,0,0,0,0,0,0,0,0,0
60812,2,1,1996,0,0,0,0,0,0,0,0,0,0
60813,1,1,1996,20,17,20,14,24,21,22,13,14,28
60813,2,1,1996,0,0,0,0,0,0,0,0,0,0
60813,3,1,1996,0,0,0,0,0,0,0,0,0,0
60814,1,1,1996,26,26,26,26,26,26,26,26,26,26
60815,1,1,1996,0,0,0,0,0,0,0,0,0,0
60815,2,1,1996,0,0,0,0,0,0,0,0,0,0
60816,0,1,1996,29,29,29,29,29,29,29,29,29,29
60816,1,1,1996,0,0,0,0,0,0,0,0,0,0
60817,1,1,1996,0,0,0,0,0,0,0,0,0,0
60818,1,1,1996,18,18,18,18,18,18,18,18,18,18
60818,2,1,1996,12,12,12,12,12,12,12,12,12,12
60819,1,1,1996,20,20,20,20,20,20,20,20,20,20
60819,2,1,1996,0,0,0,0,0,0,0,0,0,0
60820,0,1,1996,0,0,0,0,0,0,0,0,0,0
60820,1,1,1996,0,0,0,0,0,0,0,0,0,0
60820,2,1,1996,0,16,0,0,0,0,0,0,0,0
60821,1,1,1996,25,25,25,25,25,25,25,25,25,25
60822,1,1,1996,0,0,0,0,0,0,0,0,0,0
60823,1,1,1996,0,0,0,0,0,0,13,0,0,0
60823,2,1,1996,0,0,0,0,0,0,0,0,0,0
60824,1,1,1996,1,1,1,1,1,1,1,1,1,1
60825,1,1,1996,16,16,16,16,16,16,16,16,16,16
60826,0,1,1996,0,0,0,0,0,0,0,0,0,0
60826,1,1,1996,0,0,0,0,0,0,0,0,0,0
60827,1,1,1996,28,28,28,28,28,28,28,28,28,28
60828,0,1,1996,0,0,0,0,0,0,0,0,0,0
60828,1,1,1996,7,7,7,7,7,7,7,7,7,7
60829,1,1,1996,24,24,24,24,24,24,24,24,24,24
60830,1,1,1996,0,0,0,0,0,0,0,0,0,0
60830,2,1,1996,0,0,0,0,0,0,0,0,0,0
60831,0,1,1996,0,0,0,0,0,0,0,0,0,0
60831,1,1,1996,0,0,0,0,0,0,0,0,0,0
60832,1,1,1996,18,8,15,0,0,7,12,19,4,0
60832,2,1,1996,0,0,0,0,0,0,0,0,0,0
60833,1,1,1996,0,0,0,0,0,0,0,0,0,0
60833,2,1,1996,0,0,0,0,0,0,0,0,0,0
60834,1,1,1996,0,0,0,0,0,0,0,0,0,0
60835,1,1,1996,0,0,0,0,0,0,0,0,0,0
60835,2,1,1996,0,0,0,0,0,0,0,0,0,0
60835,3,1,1996,0,0,0,0,0,0,0,0,0,0
60836,1,1,1996,0,0,0,0,0,0,0,0,0,0
60836,2,1,1996,0,0,0,0,0,0,0,0,0,0
60837,1,1,1996,16,16,16,16,16,16,16,16,16,16
60837,2,1,1996,0,0,0,0,0,0,0,0,0,0
60838,1,1,1996,13,13,13,13,13,13,13,13,13,13
60838,2,1,1996,7,0,0,0,0,0,13,0,0,0
60839,0,1,1996,20,20,20,20,20,20,20,20,20,20
60839,1,1,1996,0,0,0,20,4,18,26,0,0,0
60840,1,1,1996,11,11,11,11,11,11,11,11,11,11
60841,1,1,1996,0,0,0,0,0,0,0,0,0,0
60841,2,1,1996,0,0,0,0,0,0,0,0,0,0
60841,3,1,1996,0,0,0,0,0,0,0,0,0,0
60842,0,1,1996,0,0,0,0,0,0,0,0,0,0
60842,1,1,1996,0,0,0,0,0,0,0,0,0,0
60843,0,1,1996,0,0,0,0,0,0,0,0,0,0
60843,1,1,1996,0,0,0,0,0,0,0,0,0,0
60844,1,1,1996,0,0,0,0,0,0,0,0,0,0
60844,2,1,1996,0,0,0,0,0,0,0,0,0,0
60845,0,1,1996,0,0,0,0,0,0,0,0,0,0
60845,1,1,1996,0,0,0,0,6,0,11,0,0,0
60846,0,1,1996,0,0,0,0,0,0,0,0,0,0
60846,1,1,1996,0,0,0,0,0,0,0,0,0,0
60847,1,1,1996,0,0,0,0,0,0,0,0,0,0
60847,2,1,1996,0,0,0,0,0,0,0,0,0,0
60847,3,1,1996,0,0,0,0,0,0,0,0,0,0
60848,1,1,1996,14,14,14,14,14,14,14,14,14,14
60848,2,1,1996,0,0,0,0,0,0,0,0,0,0
60848,3,1,1996,0,0,0,0,0,0,0,0,0,0
60849,1,1,1996,0,0,0,0,0,0,0,0,0,0
60849,2,1,1996,0,0,0,0,0,0,0,0,0,0
60850,0,1,1996,0,0,0,0,0,0,0,0,0,0
60850,1,1,1996,0,0,0,0,0,0,0,0,0,0
60851,1,1,1996,0,0,0,0,0,0,0,0,0,0
60851,2,1,1996,0,0,0,0,0,0,0,0,0,0
60852,1,1,1996,0,0,0,0,0,0,0,0,0,0
60852,2,1,1996,0,0,0,0,0,0,0,0,0,0
60852,3,1,1996,13,13,13,13,13,13,13,13,13,13
60852,4,1,1996,0,0,0,0,0,0,0,0,0,0
60853,1,1,1996,3,3,3,3,3,3,3,3,3,3
60853,2,1,1996,0,0,0,0,0,0,0,0,0,0
60854,0,1,1996,0,0,0,0,0,0,0,0,0,0
60854,1,1,1996,0,0,0,0,0,0,0,0,0,0
60855,1,1,1996,20,20,20,20,20,20,20,20,20,20
60855,2,1,1996,0,0,0,0,7,0,0,0,0,0
60856,0,1,1996,0,0,0,0,0,0,0,0,0,0
60856,1,1,1996,0,0,0,0,0,0,0,0,0,0
60856,2,1,1996,0,0,0,0,0,0,0,0,0,0
60857,1,1,1996,13,13,13,13,13,13,13,13,13,13
60857,2,1,1996,0,0,0,0,0,0,0,0,0,0
60858,0,1,1996,0,0,0,0,0,0,0,0,0,0
60858,1,1,1996,0,0,0,0,0,0,0,0,0,0
60859,0,1,1996,0,0,0,0,0,0,0,0,0,0
60859,1,1,1996,3,3,3,3,3,3,3,3,3,3
60860,1,1,1996,12,12,12,12,12,12,12,12,12,12
60861,0,1,1996,1,1,1,1,1,1,1,1,1,1
60861,1,1,1996,8,8,8,8,8,8,8,8,8,8
60862,1,1,1996,0,0,10,0,0,0,0,0,0,0
60863,0,1,1996,8,0,0,0,0,0,20,0,29,0
60863,0,2,1996,0,0,0,0,0,0,0,0,0,19
60863,1,1,1996,0,0,0,0,0,0,0,0,0,0
60863,2,1,1996,0,0,0,0,0,0,0,0,0,0
60864,0,1,1996,0,0,0,0,0,0,0,0,0,0
60864,1,1,1996,0,0,0,0,0,0,0,0,0,0
60865,1,1,1996,0,0,0,0,0,0,0,0,0,0
60865,2,1,1996,0,0,0,0,0,0,0,0,0,0
60866,0,1,1996,0,0,0,0,0,0,19,0,0,16
60866,1,1,1996,0,0,0,0,0,0,0,0,0,0
60867,0,1,1996,0,0,0,0,0,0,0,0,0,0
60867,1,1,1996,0,0,0,0,0,0,0,0,0,0
60868,1,1,1996,0,0,0,0,0,0,10,0,0,0
60868,2,1,1996,0,0,0,0,0,0,0,0,0,0
60869,1,1,1996,0,0,0,0,0,0,0,0,0,0
60869,2,1,1996,0,0,0,0,0,0,0,0,0,0
60870,0,1,1996,11,11,11,11,11,11,11,11,11,11
60870,1,1,1996,0,0,0,0,0,0,0,0,0,0
60871,1,1,1996,5,5,5,5,5,5,5,5,5,5
60872,1,1,1996,19,19,19,19,19,19,19,19,19,19
60873,1,1,1996,0,0,0,0,0,0,0,0,0,0
60874,1,1,1996,1,1,1,1,1,1,1,1,1,1
60875,0,1,1996,0,0,22,21,0,0,0,0,15,20
60875,1,1,1996,0,0,0,0,0,0,13,0,0,7
60876,1,1,1996,20,20,20,20,20,20,20,20,20,20
60877,1,1,1996,14,0,0,0,0,0,0,0,0,0
60877,2,1,1996,0,0,0,0,0,0,0,0,16,0
60877,3,1,1996,0,0,0,0,0,0,0,0,5,0
60878,1,1,1996,0,0,0,0,0,0,0,0,0,0
60878,2,1,1996,0,0,0,0,0,0,0,0,0,0
60879,1,1,1996,0,0,0,0,0,0,0,0,0,0
60880,1,1,1996,0,0,0,0,0,0,0,0,0,0
60881,1,1,1996,0,0,0,0,0,0,0,0,0,0
60881,2,1,1996,0,0,0,0,0,0,0,0,0,0
60882,1,1,1996,0,0,0,0,0,0,0,0,0,0
60882,2,1,1996,0,0,0,0,0,0,0,6,0,13
60883,1,1,1996,0,0,0,0,0,0,0,0,0,0
60883,2,1,1996,0,0,0,0,0,0,0,0,0,0
60884,1,1,1996,8,8,8,8,8,8,8,8,8,8
60884,2,1,1996,0,0,0,0,0,0,0,0,0,0
60885,1,1,1996,0,0,0,0,0,0,0,0,0,0
60885,2,1,1996,0,0,0,0,0,0,0,0,0,0
60886,1,1,1996,17,17,17,17,17,17,17,17,17,17
60886,2,1,1996,0,0,0,0,0,0,0,0,0,0
60887,1,1,1996,0,0,0,0,0,0,0,0,0,0
60888,1,1,1996,10,10,10,10,10,10,10,10,10,10
60889,0,1,1996,0,0,0,0,0,0,0,0,0,0
60889,1,1,1996,0,0,0,0,0,0,0,0,0,0
60890,1,1,1996,0,0,0,0,0,0,0,0,19,0
60890,2,1,1996,0,0,20,0,0,0,0,0,0,19
60890,3,1,1996,0,0,0,0,0,0,0,0,0,0
60891,1,1,1996,22,22,22,22,22,22,22,22,22,22
60892,1,1,1996,0,0,0,0,0,0,0,0,0,0
60893,1,1,1996,0,0,0,0,0,0,0,0,0,0
60893,2,1,1996,0,0,0,0,0,0,0,0,0,0
60894,1,1,1996,0,0,0,0,0,0,0,0,0,0
60894,2,1,1996,0,0,0,0,0,0,0,0,0,0
60895,1,1,1996,12,12,12,12,12,12,12,12,12,12
60895,2,1,1996,0,0,0,0,0,0,0,0,0,0
60896,1,1,1996,9,15,20,17,8,16,20,7,5,27
60897,1,1,1996,15,15,15,15,15,15,15,15,15,15
60897,2,1,1996,0,0,0,0,0,0,0,0,0,0
60898,1,1,1996,0,0,0,0,0,0,0,0,0,0
60898,2,1,1996,9,9,9,9,9,9,9,9,9,9
60899,1,1,1996,12,12,12,12,12,12,12,12,12,12
60899,2,1,1996,6,6,6,6,6,6,6,6,6,6
60900,1,1,1996,4,4,4,4,4,4,4,4,4,4
60901,1,1,1996,0,0,0,0,0,0,0,0,0,0
60901,2,1,1996,16,16,16,16,16,16,16,16,16,16
60902,0,1,1996,30,30,30,30,30,30,30,30,30,30
60902,1,1,1996,14,14,14,14,14,14,14,14,14,14
60903,1,1,1996,0,0,0,0,0,0,0,0,0,0
60903,2,1,1996,0,0,0,0,0,0,0,0,0,0
60903,3,1,1996,0,0,0,0,0,0,0,0,0,0
60904,0,1,1996,0,0,0,0,0,0,0,0,0,0
60904,1,1,1996,0,0,0,0,0,0,0,0,0,0
60905,0,1,1996,16,16,16,16,16,16,16,16,16,16
60906,1,1,1996,0,0,0,0,0,0,0,0,0,0
60906,2,1,1996,0,0,0,0,0,0,0,0,0,0
60906,3,1,1996,0,0,0,0,0,0,0,0,0,0
60906,4,1,1996,0,0,0,0,0,0,0,0,0,0
60907,0,1,1996,4,4,4,4,4,4,4,4,4,4
60907,1,1,1996,0,0,0,0,0,0,0,0,0,0
60908,1,1,1996,0,0,0,0,0,0,0,0,0,0
60909,1,1,1996,0,0,0,0,0,0,0,0,0,0
60909,2,1,1996,0,0,0,0,0,0,0,0,0,0
60910,1,1,1996,0,0,0,0,0,0,0,0,0,0
60910,2,1,1996,19,19,19,19,19,19,19,19,19,19
60911,1,1,1996,0,0,0,0,0,0,0,0,0,0
60911,2,1,1996,0,0,0,0,0,0,0,0,0,0
60911,3,1,1996,0,0,0,0,0,0,0,0,0,0
60912,0,1,1996,0,0,0,0,0,0,0,0,0,0
60912,1,1,1996,0,0,0,0,0,0,0,0,0,0
60913,0,1,1996,0,0,0,0,0,0,0,0,0,0
60913,1,1,1996,0,0,0,0,0,0,0,0,0,0
60914,1,1,1996,22,22,22,22,22,22,22,22,22,22
60914,2,1,1996,0,0,0,0,0,0,0,0,0,0
60914,3,1,1996,0,0,0,0,0,0,0,0,0,0
60915,1,1,1996,0,0,0,0,0,0,0,0,0,0
60915,2,1,1996,0,0,0,0,0,0,0,0,0,0
60916,1,1,1996,20,20,20,20,20,20,20,20,20,20
60917,1,1,1996,0,0,0,0,0,0,9,0,0,0
60917,2,1,1996,0,0,0,0,0,0,0,0,0,0
60918,1,1,1996,0,0,0,0,0,0,0,0,0,0
60918,2,1,1996,0,0,0,0,0,0,0,0,0,0
60919,0,1,1996,15,15,15,15,15,15,15,15,15,15
60919,1,1,1996,43,12,24,0,0,0,0,0,0,0
60920,1,1,1996,0,0,0,0,0,0,0,0,0,0
60920,2,1,1996,0,0,0,0,0,0,0,0,0,0
60921,1,1,1996,0,0,0,0,0,0,0,0,0,0
60921,2,1,1996,0,0,0,0,0,0,0,0,0,0
60922,1,1,1996,14,14,14,14,14,14,14,14,14,14
60922,2,1,1996,0,0,0,0,0,0,0,0,0,0
60923,1,1,1996,11,11,11,11,11,11,11,11,11,11
60924,1,1,1996,17,17,17,17,17,17,17,17,17,17
60924,2,1,1996,0,14,0,0,0,0,0,0,0,0
60925,1,1,1996,0,0,0,0,0,0,0,0,0,0
60925,2,1,1996,0,0,0,0,0,0,0,0,0,0
60926,1,1,1996,8,8,8,8,8,8,8,8,8,8
60927,1,1,1996,12,12,12,12,12,12,12,12,12,12
60927,2,1,1996,7,0,5,14,5,0,16,0,0,22
60928,1,1,1996,14,14,14,14,14,14,14,14,14,14
60929,1,1,1996,0,0,0,0,14,0,0,0,7,0
60930,1,1,1996,0,0,0,0,0,0,0,0,0,0
60930,2,1,1996,0,0,0,0,0,0,0,0,0,0
60931,1,1,1996,3,3,3,3,3,3,3,3,3,3
60931,2,1,1996,0,0,0,0,0,0,0,0,0,0
60932,0,1,1996,0,0,0,0,0,0,0,0,0,0
60932,1,1,1996,0,0,0,0,0,0,0,0,0,0
60933,1,1,1996,0,0,0,0,0,0,0,0,0,0
60933,2,1,1996,0,0,0,0,0,0,0,0,0,0
60934,1,1,1996,12,12,12,12,12,12,12,12,12,12
60934,2,1,1996,0,0,0,0,0,0,0,0,0,0
60935,1,1,1996,10,10,0,0,0,7,0,0,14,0
60935,2,1,1996,0,0,0,0,0,0,0,0,0,0
60936,0,1,1996,0,0,0,0,0,0,0,0,0,0
60936,1,1,1996,0,12,0,0,3,0,0,0,0,0
60936,2,1,1996,0,0,0,0,0,0,0,0,0,0
60937,0,1,1996,0,0,0,0,0,0,0,0,0,0
60937,1,1,1996,0,0,32,0,0,23,0,0,0,0
60938,1,1,1996,0,0,0,0,0,0,0,0,0,0
60938,2,1,1996,0,0,0,0,0,0,0,0,0,0
60939,1,1,1996,9,9,9,9,9,9,9,9,9,9
60939,2,1,1996,26,26,26,26,26,26,26,26,26,26
60940,1,1,1996,0,0,0,0,0,0,0,0,0,0
60940,2,1,1996,0,0,0,0,0,0,0,20,0,0
60941,1,1,1996,0,0,0,0,0,0,0,0,0,0
60941,2,1,1996,0,0,0,0,0,0,0,0,0,0
60942,1,1,1996,0,0,0,0,0,0,0,0,0,0
60942,2,1,1996,0,0,0,0,0,0,0,0,0,0
60943,1,1,1996,28,28,28,28,28,28,28,28,28,28
60944,0,1,1996,32,32,32,32,32,32,32,32,32,32
60944,1,1,1996,0,0,0,0,0,0,0,0,0,0
60945,1,1,1996,0,0,0,0,0,0,0,0,0,0
60946,1,1,1996,18,18,18,18,18,18,18,18,18,18
60947,0,1,1996,0,0,0,0,14,10,0,0,0,0
60947,1,1,1996,0,0,0,10,0,0,0,0,0,0
60948,1,1,1996,0,0,0,0,0,0,0,0,0,0
60949,1,1,1996,0,0,0,0,0,0,0,0,0,0
60949,2,1,1996,0,0,0,0,0,0,0,0,0,0
60950,1,1,1996,0,0,0,0,0,0,0,0,0,0
60951,1,1,1996,0,0,0,0,0,0,0,0,0,0
60951,2,1,1996,0,0,0,0,0,0,0,0,0,0
60952,1,1,1996,15,15,15,15,15,15,15,15,15,15
60953,1,1,1996,0,0,0,0,0,0,0,0,0,0
60953,2,1,1996,0,0,0,0,0,0,0,0,0,0
60954,1,1,1996,25,25,25,25,25,25,25,25,25,25
60954,2,1,1996,0,0,0,0,0,0,0,0,0,4
60955,1,1,1996,0,0,0,0,0,0,0,0,0,0
60955,2,1,1996,0,0,0,0,0,0,0,0,0,0
60956,0,1,1996,0,0,0,0,0,0,0,0,0,0
60956,1,1,1996,0,0,0,0,0,0,0,0,0,0
60957,1,1,1996,40,40,40,40,40,40,40,40,40,40
60958,0,1,1996,0,0,0,0,0,0,0,0,0,0
60958,0,2,1996,0,0,0,0,0,0,0,21,14,0
60958,1,1,1996,0,0,0,0,0,0,0,0,0,0
60959,0,1,1996,0,0,0,0,0,0,0,0,0,0
60959,2,1,1996,0,0,0,0,0,0,0,0,0,0
60959,3,1,1996,0,0,0,0,0,0,0,0,0,0
60960,0,1,1996,0,0,0,0,0,0,0,0,0,0
60960,0,2,1996,0,0,2,0,0,0,42,0,18,0
60960,1,1,1996,2,2,2,2,2,2,2,2,2,2
60961,0,1,1996,0,0,0,0,0,0,0,0,0,0
60961,1,1,1996,0,0,0,0,0,0,0,0,0,0
60962,1,1,1996,6,6,6,6,6,6,6,6,6,6
60962,2,1,1996,0,0,0,0,0,0,0,0,0,13
60963,0,1,1996,37,21,31,27,0,28,58,0,28,36
60963,1,1,1996,0,0,6,0,0,0,0,0,0,0
60963,2,1,1996,0,0,0,0,0,0,0,0,0,0
60964,1,1,1996,16,16,16,16,16,16,16,16,16,16
60965,1,1,1996,0,0,0,0,0,0,0,0,0,0
60965,2,1,1996,0,0,0,0,0,0,0,0,0,0
60965,3,1,1996,0,0,0,0,0,0,0,0,0,0
60966,0,1,1996,0,0,26,0,0,0,0,23,27,14
60966,1,1,1996,0,0,0,0,0,0,0,0,0,0
60967,1,1,1996,0,0,0,0,0,0,0,0,0,0
60967,2,1,1996,0,0,0,0,0,14,0,0,0,0
60967,3,1,1996,0,0,0,0,0,0,0,0,0,0
60968,1,1,1996,0,0,0,0,0,0,0,0,0,0
60968,2,1,1996,2,2,2,2,2,2,2,2,2,2
60969,1,1,1996,30,30,30,30,30,30,30,30,30,30
60969,2,1,1996,31,0,16,0,0,0,0,0,0,0
60970,0,1,1996,0,0,0,0,0,0,0,0,0,0
60970,1,1,1996,15,15,15,15,15,15,15,15,15,15
60971,1,1,1996,0,0,0,0,0,0,0,0,0,0
60971,2,1,1996,0,0,0,0,0,0,0,0,0,0
60972,1,1,1996,0,0,0,0,0,0,0,0,0,0
60972,2,1,1996,0,0,0,0,0,0,0,0,0,0
60973,0,1,1996,32,32,32,32,32,32,32,32,32,32
60973,1,1,1996,0,0,0,0,0,0,0,0,0,0
60974,1,1,1996,0,0,0,0,0,0,0,0,0,0
60974,2,1,1996,0,0,0,0,0,0,0,0,0,0
60974,3,1,1996,0,0,0,0,0,0,0,0,0,0
60975,1,1,1996,0,0,0,0,0,0,0,0,0,0
60975,2,1,1996,0,0,0,0,0,0,0,0,0,0
60975,3,1,1996,0,0,0,0,0,0,0,0,0,0
60976,1,1,1996,0,0,0,9,0,0,0,0,0,0
60976,2,1,1996,0,38,0,0,0,0,0,0,0,0
60976,3,1,1996,0,0,0,0,0,0,0,0,0,0
60976,4,1,1996,0,0,0,0,0,0,0,0,0,0
60977,1,1,1996,0,0,0,0,0,0,0,0,0,0
60978,0,1,1996,0,0,0,0,0,0,0,0,0,0
60978,1,1,1996,0,0,0,0,0,0,0,0,0,0
60979,1,1,1996,0,0,0,0,0,0,0,0,0,0
60979,2,1,1996,0,11,0,2,0,0,0,7,6,0
60979,3,1,1996,0,0,0,0,0,0,0,0,0,0
60980,1,1,1996,11,11,11,11,11,11,11,11,11,11
60981,1,1,1996,24,24,24,24,24,24,24,24,24,24
60981,2,1,1996,0,0,0,0,0,0,0,0,0,0
60982,1,1,1996,0,0,0,0,0,0,0,0,0,0
60983,0,1,1996,25,25,25,25,25,25,25,25,25,25
60983,1,1,1996,18,18,18,18,18,18,18,18,18,18
60984,0,1,1996,22,22,22,22,22,22,22,22,22,22
60984,1,1,1996,0,0,0,0,0,0,0,0,0,0
60985,0,1,1996,10,10,10,10,10,10,10,10,10,10
60985,1,1,1996,0,0,0,0,0,0,0,0,0,0
60986,1,1,1996,0,0,0,0,0,0,0,0,0,0
60987,1,1,1996,0,14,0,0,0,0,0,0,0,0
60988,1,1,1996,19,19,19,19,19,19,19,19,19,19
60989,1,1,1996,0,0,0,0,0,0,0,0,0,0
60989,2,1,1996,0,0,0,0,0,0,0,0,0,0
60990,0,1,1996,13,13,13,13,13,13,13,13,13,13
60990,1,1,1996,0,0,0,0,0,0,0,0,0,0
60991,1,1,1996,0,0,0,0,0,0,0,0,0,0
60991,2,1,1996,0,0,0,0,0,0,0,0,0,0
60992,1,1,1996,0,0,0,0,0,0,0,0,0,0
60993,0,1,1996,22,22,22,22,22,22,22,22,22,22
60993,1,1,1996,0,0,0,0,0,6,0,0,0,0
60994,1,1,1996,20,20,20,20,20,20,20,20,20,20
60994,2,1,1996,0,0,0,0,0,0,0,0,0,0
60994,3,1,1996,0,0,0,0,0,0,0,0,0,0
60994,4,1,1996,0,0,0,0,0,0,0,0,16,8
60995,1,1,1996,0,0,0,0,0,0,0,0,0,0
60995,2,1,1996,0,0,0,0,0,0,0,0,0,0
60996,1,1,1996,20,20,20,20,20,20,20,20,20,20
60996,2,1,1996,0,0,0,0,0,0,0,0,0,0
60997,1,1,1996,18,18,18,18,18,18,18,18,18,18
60997,2,1,1996,0,0,0,0,0,0,0,0,0,14
60998,1,1,1996,0,0,0,0,0,0,0,0,0,0
60998,2,1,1996,0,0,0,0,0,0,0,0,0,0
60999,1,1,1996,0,0,0,13,0,8,13,27,16,0
60999,2,1,1996,0,0,0,0,0,0,0,0,0,0
61000,0,1,1996,0,0,0,0,0,0,0,0,0,0
61000,1,1,1996,5,5,5,5,5,5,5,5,5,5
61001,0,1,1996,13,13,13,13,13,13,13,13,13,13
61001,1,1,1996,13,31,13,16,32,8,8,10,8,21
61001,2,1,1996,0,0,0,0,0,0,0,0,0,0
61002,1,1,1996,0,0,0,0,0,0,0,0,0,0
61002,2,1,1996,0,0,0,0,0,0,0,0,0,0
61003,1,1,1996,19,19,15,11,15,13,8,16,15,10
61003,2,1,1996,0,0,0,0,0,0,0,0,0,0
61004,1,1,1996,0,0,0,0,0,0,0,0,0,0
61004,2,1,1996,0,0,8,0,0,0,0,0,0,0
61004,3,1,1996,0,0,0,0,0,0,0,0,0,0
61005,1,1,1996,0,0,0,0,0,0,0,0,0,0
61006,0,1,1996,0,0,0,0,0,0,0,0,0,0
61006,1,1,1996,0,0,0,0,0,26,0,6,16,18
61007,0,1,1996,23,23,23,23,23,23,23,23,23,23
61007,1,1,1996,0,0,0,0,0,0,0,0,0,0
61007,2,1,1996,0,0,0,0,0,0,0,0,0,0
61008,1,1,1996,16,16,16,16,16,16,16,16,16,16
61009,1,1,1996,0,0,0,0,0,0,0,0,0,0
61009,2,1,1996,0,0,0,0,0,0,0,0,0,0
61010,1,1,1996,26,26,26,26,26,26,26,26,26,26
61011,0,1,1996,0,0,0,0,0,0,0,0,0,0
61011,1,1,1996,0,0,0,0,9,0,0,0,0,0
61012,1,1,1996,10,10,10,10,10,10,10,10,10,10
61012,2,1,1996,16,16,16,16,16,16,16,16,16,16
61013,1,1,1996,0,0,0,0,0,0,0,0,0,0
61013,2,1,1996,0,0,0,0,0,0,0,0,0,0
61014,1,1,1996,0,19,0,0,0,0,0,0,0,0
61014,2,1,1996,0,0,0,0,0,0,0,0,0,0
61015,1,1,1996,22,22,22,22,22,22,22,22,22,22
61016,1,1,1996,18,18,18,18,18,18,18,18,18,18
61016,2,1,1996,0,0,0,0,0,0,0,0,0,0
61017,0,1,1996,0,0,0,0,0,0,0,0,0,0