ST_CASE,VEH_NO,PER_NO,YEAR,P1,P2,P3,P4,P5,P6,P7,P8,P9,P10
61017,1,1,1996,3,3,3,3,3,3,3,3,3,3
61018,1,1,1996,0,0,0,0,0,0,0,0,0,0
61018,2,1,1996,0,4,0,0,0,0,0,0,0,0
61018,3,1,1996,0,0,0,0,0,0,0,0,0,0
61019,1,1,1996,0,0,0,0,0,0,0,0,0,0
61019,2,1,1996,0,0,0,0,0,0,0,0,0,0
61020,1,1,1996,0,0,0,0,0,0,0,0,0,0
61020,2,1,1996,0,0,0,0,0,0,0,0,0,0
61020,3,1,1996,0,0,0,0,0,0,0,0,0,0
61021,0,1,1996,0,0,0,0,0,0,0,0,0,0
61021,1,1,1996,0,0,12,0,0,0,0,0,17,16
61022,1,1,1996,21,18,25,16,22,0,15,26,24,15
61023,1,1,1996,0,0,0,0,0,0,0,0,0,0
61024,1,1,1996,0,0,0,0,0,0,0,0,0,0
61024,2,1,1996,0,0,0,0,0,0,0,0,0,0
61025,1,1,1996,17,17,17,17,17,17,17,17,17,17
61025,2,1,1996,0,0,28,0,0,0,0,0,0,0
61026,1,1,1996,0,20,0,5,15,0,0,0,14,0
61027,1,1,1996,28,28,28,28,28,28,28,28,28,28
61028,1,1,1996,0,0,0,0,0,0,0,0,0,0
61028,2,1,1996,8,8,8,8,8,8,8,8,8,8
61029,1,1,1996,22,22,22,22,22,22,22,22,22,22
61030,1,1,1996,0,0,0,0,0,0,0,0,0,0
61031,1,1,1996,0,0,0,0,0,0,0,0,0,0
61032,1,1,1996,27,27,27,27,27,27,27,27,27,27
61032,2,1,1996,0,0,0,0,0,0,0,0,0,0
61033,1,1,1996,0,0,0,0,0,0,0,0,0,0
61034,1,1,1996,0,0,0,0,0,0,0,0,0,0
61034,2,1,1996,15,15,15,15,15,15,15,15,15,15
61035,1,1,1996,13,13,13,13,13,13,13,13,13,13
61036,1,1,1996,0,0,0,13,0,0,0,0,0,0
61037,1,1,1996,0,19,0,0,0,0,12,0,0,0
61038,1,1,1996,0,0,0,0,0,0,0,0,0,0
61038,2,1,1996,0,0,0,0,0,0,0,0,0,0
61039,0,1,1996,5,5,5,5,5,5,5,5,5,5
61039,1,1,1996,0,8,0,0,0,0,0,10,0,0
61040,1,1,1996,8,8,8,8,8,8,8,8,8,8
61040,2,1,1996,0,0,0,0,0,0,0,0,0,0
61041,1,1,1996,0,0,0,0,0,0,0,0,0,0
61042,1,1,1996,14,14,14,14,14,14,14,14,14,14
61043,1,1,1996,0,0,0,0,0,0,0,0,0,0
61044,1,1,1996,0,0,0,0,0,0,0,0,0,0
61045,1,1,1996,0,0,0,0,0,0,0,0,0,0
61046,1,1,1996,0,0,0,0,0,0,0,33,0,0
61047,0,1,1996,0,0,0,0,0,0,0,0,0,0
61047,0,2,1996,0,15,36,27,28,0,0,20,15,33
61047,1,1,1996,0,0,0,0,0,0,0,0,0,0
61048,1,1,1996,0,0,7,11,0,0,11,0,0,0
61049,1,1,1996,0,0,0,0,0,0,0,0,0,0
61049,2,1,1996,0,0,0,0,0,0,0,0,0,0
61049,3,1,1996,0,0,0,0,0,0,0,0,0,14
61050,0,1,1996,0,0,0,0,0,0,0,0,0,0
61050,1,1,1996,0,0,0,0,0,0,0,0,0,0
61051,1,1,1996,4,4,4,4,4,4,4,4,4,4
61052,1,1,1996,0,0,0,0,0,0,0,0,0,0
61052,2,1,1996,0,0,0,0,0,0,0,0,9,0
61053,1,1,1996,0,0,0,0,0,0,0,0,0,0
61054,1,1,1996,36,36,36,36,36,36,36,36,36,36
61055,0,1,1996,0,0,0,0,0,0,0,0,0,0
61055,1,1,1996,0,0,0,0,0,0,0,0,0,0
61056,1,1,1996,21,7,10,8,37,14,21,22,23,14
61057,0,1,1996,0,0,0,0,0,0,0,0,0,0
61057,1,1,1996,0,0,12,0,0,0,0,0,0,0
61058,1,1,1996,12,12,12,12,12,12,12,12,12,12
61059,1,1,1996,0,0,0,0,0,0,0,0,0,0
61059,2,1,1996,0,0,0,0,0,0,0,0,0,0
61060,1,1,1996,8,8,8,8,8,8,8,8,8,8
61061,1,1,1996,0,0,0,0,0,0,0,0,0,0
61062,0,1,1996,0,0,0,0,0,0,0,0,0,0
61062,1,1,1996,0,0,0,0,0,0,0,0,0,0
61063,1,1,1996,0,0,0,0,0,0,0,0,0,0
61063,2,1,1996,0,0,0,0,0,0,0,0,0,0
61064,1,1,1996,0,0,0,0,0,0,0,0,0,0
61064,2,1,1996,0,0,0,0,0,0,0,0,0,0
61065,1,1,1996,0,0,0,0,0,0,0,0,0,0
61065,2,1,1996,0,0,0,0,0,18,0,0,0,0
61066,1,1,1996,0,0,0,0,0,0,0,0,0,0
61066,2,1,1996,14,5,21,29,0,14,17,21,19,8
61066,3,1,1996,0,0,0,0,0,0,0,7,0,0
61067,1,1,1996,0,0,0,0,0,0,0,0,0,0
61067,2,1,1996,0,0,0,0,0,0,0,0,0,0
61068,0,1,1996,27,27,27,27,27,27,27,27,27,27
61068,1,1,1996,0,0,0,31,0,0,0,0,0,0
61069,0,1,1996,21,21,21,21,21,21,21,21,21,21
61069,1,1,1996,0,0,0,0,0,0,0,0,0,0
61070,1,1,1996,1,1,1,1,1,1,1,1,1,1
61070,2,1,1996,0,0,0,0,0,0,0,0,0,8
61071,1,1,1996,30,30,30,30,30,30,30,30,30,30
61072,1,1,1996,0,0,0,0,0,0,0,0,0,0
61073,1,1,1996,18,18,18,18,18,18,18,18,18,18
61073,2,1,1996,0,0,0,0,0,0,0,0,0,0
61074,0,1,1996,0,0,0,0,0,0,0,0,0,0
61074,1,1,1996,0,0,0,0,0,13,0,0,0,0
61075,1,1,1996,0,0,0,0,0,0,0,0,0,0
61076,1,1,1996,16,16,16,16,16,16,16,16,16,16
61077,1,1,1996,0,0,0,0,0,0,0,0,0,0
61078,1,1,1996,0,0,0,0,0,0,0,0,0,0
61078,2,1,1996,0,0,0,0,14,0,0,0,0,0
61078,3,1,1996,0,0,0,0,0,0,0,0,0,0
61078,4,1,1996,0,0,0,0,0,0,0,0,0,0
61079,1,1,1996,4,4,4,4,4,4,4,4,4,4
61079,2,1,1996,0,0,0,0,0,0,0,0,0,0
61080,1,1,1996,0,0,0,0,0,0,0,0,0,0
61081,1,1,1996,10,10,10,10,10,10,10,10,10,10
61082,1,1,1996,0,0,0,0,0,0,0,0,0,0
61082,2,1,1996,0,0,0,0,0,0,0,0,0,0
61083,1,1,1996,0,0,0,0,0,0,0,0,0,0
61084,1,1,1996,0,0,0,0,0,0,0,0,0,0
61085,0,1,1996,8,8,8,8,8,8,8,8,8,8
61085,1,1,1996,0,0,0,0,0,0,0,0,0,0
61086,1,1,1996,2,2,2,2,2,2,2,2,2,2
61087,1,1,1996,2,2,2,2,2,2,2,2,2,2
61088,1,1,1996,18,18,18,18,18,18,18,18,18,18
61089,1,1,1996,0,0,0,0,0,0,0,0,0,0
61090,1,1,1996,0,0,0,0,0,0,0,0,0,0
61091,1,1,1996,0,0,0,0,0,0,0,0,0,0
61092,1,1,1996,0,0,0,0,0,15,0,0,0,0
61092,2,1,1996,0,0,0,0,0,0,0,0,0,0
61093,1,1,1996,9,0,0,0,0,0,0,0,0,0
61093,2,1,1996,0,0,0,0,0,0,0,0,0,0
61094,1,1,1996,0,0,0,0,0,0,0,0,0,0
61094,2,1,1996,0,0,0,0,0,0,0,0,0,0
61095,1,1,1996,16,16,16,16,16,16,16,16,16,16
61095,2,1,1996,5,5,5,5,5,5,5,5,5,5
61096,1,1,1996,9,9,9,9,9,9,9,9,9,9
61097,1,1,1996,0,0,0,0,0,0,0,0,0,0
61097,2,1,1996,0,0,0,0,0,0,0,0,0,0
61098,1,1,1996,0,0,0,0,0,0,0,0,0,0
61099,1,1,1996,0,0,0,0,0,0,0,0,0,0
61100,1,1,1996,17,17,17,17,17,17,17,17,17,17
61101,1,1,1996,0,0,0,0,0,0,0,0,0,0
61101,2,1,1996,1,1,1,1,1,1,1,1,1,1
61102,1,1,1996,23,23,23,23,23,23,23,23,23,23
61102,2,1,1996,0,9,0,0,0,0,0,0,0,0
61103,1,1,1996,20,20,20,20,20,20,20,20,20,20
61104,1,1,1996,11,11,11,11,11,11,11,11,11,11
61105,1,1,1996,19,19,19,19,19,19,19,19,19,19
61106,1,1,1996,0,0,0,0,0,0,0,0,0,0
61106,2,1,1996,0,0,0,0,0,0,0,0,0,0
61107,0,1,1996,0,0,0,0,0,0,0,0,0,0
61107,1,1,1996,0,0,0,0,0,0,0,0,0,0
61108,1,1,1996,0,0,0,0,0,0,0,0,0,0
61108,2,1,1996,0,0,0,0,0,0,0,0,0,0
61109,1,1,1996,0,0,0,0,0,0,0,0,0,0
61109,2,1,1996,0,0,0,0,0,0,0,0,0,0
61110,0,1,1996,12,12,12,12,12,12,12,12,12,12
61110,1,1,1996,0,0,0,0,0,0,0,0,0,0
61111,1,1,1996,0,0,0,0,0,0,0,0,0,0
61112,0,1,1996,0,0,0,0,0,0,0,0,0,0
61112,1,1,1996,11,0,0,0,0,19,0,0,0,0
61112,2,1,1996,0,0,17,0,0,0,0,0,15,0
61113,1,1,1996,0,0,0,0,0,0,0,0,0,0
61113,2,1,1996,0,0,0,0,0,0,0,0,0,0
61113,3,1,1996,0,0,0,0,0,0,0,0,0,0
61114,1,1,1996,0,0,0,0,0,0,0,0,0,0
61114,2,1,1996,0,0,0,0,0,0,0,0,10,0
61115,1,1,1996,0,0,0,0,0,0,0,0,0,0
61115,2,1,1996,0,0,0,0,0,0,0,0,0,0
61116,0,1,1996,0,0,0,0,0,0,0,0,0,0
61116,1,1,1996,0,0,0,0,0,0,0,0,0,0
61117,1,1,1996,0,0,0,0,0,0,0,0,0,0
61117,2,1,1996,0,0,0,0,0,0,0,0,0,0
61118,1,1,1996,0,0,0,0,0,0,0,0,0,0
61118,2,1,1996,0,0,0,0,0,0,0,0,0,0
61119,1,1,1996,0,0,0,0,0,0,13,0,0,0
61119,2,1,1996,0,0,0,0,0,0,0,9,0,0
61120,0,1,1996,0,0,0,0,0,0,0,0,0,0
61120,1,1,1996,18,18,18,18,18,18,18,18,18,18
61121,0,1,1996,15,15,15,15,15,15,15,15,15,15
61121,1,1,1996,0,0,0,0,0,0,0,0,0,0
61122,1,1,1996,0,0,0,0,0,0,0,0,0,0
61122,2,1,1996,0,0,0,0,0,0,0,0,0,0
61123,1,1,1996,0,0,0,0,0,0,0,0,0,0
61123,2,1,1996,0,0,0,0,0,0,0,0,0,0
61124,0,1,1996,0,0,0,0,0,0,0,0,0,0
61124,1,1,1996,0,0,0,0,0,0,0,0,0,0
61125,0,1,1996,0,0,0,0,0,0,0,0,0,0
61125,1,1,1996,0,0,0,0,0,0,0,0,0,0
61126,1,1,1996,0,0,0,0,0,0,0,0,0,0
61126,2,1,1996,21,21,21,21,21,21,21,21,21,21
61127,1,1,1996,0,0,0,0,0,0,0,0,0,0
61128,0,1,1996,0,0,0,0,0,0,0,0,0,0
61128,1,1,1996,21,21,21,21,21,21,21,21,21,21
61129,1,1,1996,0,0,0,0,0,0,0,0,0,0
61129,2,1,1996,0,0,0,0,0,0,0,0,0,0
61130,1,1,1996,0,0,0,0,0,0,0,0,0,0
61130,2,1,1996,0,0,11,0,0,0,0,0,0,0
61131,1,1,1996,8,8,8,8,8,8,8,8,8,8
61131,2,1,1996,0,0,0,0,0,0,0,0,0,0
61132,1,1,1996,28,28,28,28,28,28,28,28,28,28
61132,2,1,1996,0,0,0,0,0,0,0,0,0,0
61133,1,1,1996,0,0,0,0,0,0,0,0,0,0
61133,2,1,1996,0,0,0,0,0,0,0,0,11,0
61134,1,1,1996,25,25,25,25,25,25,25,25,25,25
61134,2,1,1996,0,0,0,0,0,0,0,0,0,0
61135,1,1,1996,0,0,0,0,0,0,0,0,0,0
61135,2,1,1996,0,0,25,10,12,0,0,0,0,0
61136,0,1,1996,0,0,0,0,0,0,0,0,0,0
61136,1,1,1996,0,0,0,0,0,0,0,0,0,0
61137,1,1,1996,0,0,0,0,0,0,0,0,0,0
61137,2,1,1996,0,0,0,0,0,0,0,0,0,7
61138,1,1,1996,0,0,0,0,0,0,0,0,0,0
61139,1,1,1996,0,0,0,0,0,0,0,0,0,0
61139,2,1,1996,0,0,0,0,0,0,0,0,0,0
61140,1,1,1996,0,0,0,0,0,0,0,0,0,0
61140,2,1,1996,0,0,0,0,14,0,0,0,0,0
61141,1,1,1996,21,21,21,21,21,21,21,21,21,21
61141,2,1,1996,0,0,0,0,0,0,0,0,0,0
61142,1,1,1996,0,0,0,0,0,0,0,0,0,0
61143,1,1,1996,0,0,0,0,0,0,0,0,0,0
61144,1,1,1996,0,0,0,0,0,0,0,0,0,0
61144,2,1,1996,0,0,0,0,0,0,0,0,0,0
61145,1,1,1996,0,0,0,0,0,0,0,0,0,0
61145,2,1,1996,0,0,0,0,0,0,0,0,0,0
61146,1,1,1996,0,0,0,0,0,0,0,0,0,0
61147,1,1,1996,0,0,0,0,0,0,0,0,0,0
61148,0,1,1996,2,2,2,2,2,2,2,2,2,2
61148,1,1,1996,0,0,0,0,0,0,0,0,0,0
61149,1,1,1996,0,0,0,0,0,0,0,0,0,0
61149,2,1,1996,0,0,0,0,0,0,0,0,0,0
61150,1,1,1996,25,25,25,25,25,25,25,25,25,25
61151,1,1,1996,0,0,0,0,0,0,0,0,0,0
61151,2,1,1996,0,0,0,0,0,0,0,0,0,0
61152,1,1,1996,23,23,23,23,23,23,23,23,23,23
61153,1,1,1996,0,0,0,0,0,0,0,0,0,0
61153,2,1,1996,0,0,0,0,0,0,0,0,0,0
61153,3,1,1996,0,0,0,0,0,0,0,0,0,0
61154,1,1,1996,0,0,0,0,0,0,0,0,0,0
61155,1,1,1996,10,10,10,10,10,10,10,10,10,10
61155,2,1,1996,0,0,0,0,0,0,0,0,5,0
61155,3,1,1996,0,0,0,0,0,0,0,0,0,0
61156,0,1,1996,0,0,0,0,0,0,0,0,0,0
61156,1,1,1996,0,0,0,0,0,0,0,0,0,0
61157,1,1,1996,0,0,20,0,0,0,0,1,0,0
61157,2,1,1996,0,0,0,0,0,0,0,0,0,0
61158,1,1,1996,19,19,19,19,19,19,19,19,19,19
61159,1,1,1996,0,0,0,8,11,0,0,0,0,0
61159,2,1,1996,0,0,0,0,0,0,0,0,0,0
61160,1,1,1996,0,0,0,0,0,0,0,0,0,0
61160,2,1,1996,0,0,0,0,0,0,0,0,0,0
61161,1,1,1996,3,3,3,3,3,3,3,3,3,3
61162,1,1,1996,0,0,0,0,0,0,0,0,0,0
61163,1,1,1996,0,0,0,0,0,0,0,0,0,0
61164,0,1,1996,21,21,21,21,21,21,21,21,21,21
61164,1,1,1996,0,0,0,0,23,11,0,0,0,0
61165,1,1,1996,0,0,0,0,0,0,0,0,0,0
61166,1,1,1996,0,0,0,0,0,0,0,0,0,0
61166,2,1,1996,0,0,15,0,0,0,0,21,0,0
61167,0,1,1996,0,0,0,0,0,0,0,0,0,0
61167,1,1,1996,0,0,0,0,0,0,0,0,0,20
61168,1,1,1996,0,0,0,0,0,0,0,0,0,0
61169,0,1,1996,0,0,0,0,0,0,0,0,0,0
61169,1,1,1996,0,0,0,0,0,0,0,0,13,0
61170,1,1,1996,0,0,0,0,0,0,0,0,0,0
61171,1,1,1996,0,0,0,0,0,0,0,0,0,0
61171,2,1,1996,0,11,0,0,0,0,0,0,0,11
61172,1,1,1996,6,6,6,6,6,6,6,6,6,6
61172,2,1,1996,0,0,0,0,0,0,0,0,0,0
61173,1,1,1996,0,14,0,0,0,0,0,0,0,0
61173,2,1,1996,0,4,0,0,0,0,0,0,0,0
61174,1,1,1996,7,7,7,7,7,7,7,7,7,7
61174,2,1,1996,0,0,0,0,0,0,0,0,0,0
61174,3,1,1996,0,0,0,0,0,0,0,0,0,0
61175,1,1,1996,0,0,0,0,0,0,0,0,0,0
61176,1,1,1996,12,12,12,12,12,12,12,12,12,12
61177,1,1,1996,15,15,15,15,15,15,15,15,15,15
61178,1,1,1996,0,0,0,0,0,0,0,0,0,0
61179,1,1,1996,3,3,3,3,3,3,3,3,3,3
61179,2,1,1996,0,0,0,0,0,0,0,0,0,0
61180,1,1,1996,17,17,17,17,17,17,17,17,17,17
61181,1,1,1996,30,30,30,30,30,30,30,30,30,30
61182,1,1,1996,2,2,2,2,2,2,2,2,2,2
61183,1,1,1996,6,6,6,6,6,6,6,6,6,6
61183,2,1,1996,0,0,0,0,0,0,0,0,0,0
61184,1,1,1996,3,3,3,3,3,3,3,3,3,3
61184,2,1,1996,0,0,0,6,0,0,0,0,0,0
61185,1,1,1996,15,15,15,15,15,15,15,15,15,15
61186,1,1,1996,0,0,0,0,0,0,0,0,0,0
61186,2,1,1996,0,0,0,0,0,0,0,0,0,0
61187,1,1,1996,0,0,0,0,0,0,0,0,0,0
61187,2,1,1996,0,0,0,0,0,0,0,0,0,0
61188,1,1,1996,0,0,0,0,0,0,0,0,0,0
61188,2,1,1996,0,0,0,0,0,0,0,0,0,0
61189,1,1,1996,3,3,3,3,3,3,3,3,3,3
61190,0,1,1996,16,16,16,16,16,16,16,16,16,16
61190,1,1,1996,0,0,0,0,0,0,0,0,0,0
61191,1,1,1996,0,0,19,0,0,9,0,0,0,0
61192,1,1,1996,0,0,0,0,0,0,0,0,0,0
61193,1,1,1996,0,0,0,0,0,0,0,0,0,0
61194,0,1,1996,18,18,18,18,18,18,18,18,18,18
61194,1,1,1996,0,0,0,0,0,0,0,0,0,0
61195,1,1,1996,0,0,0,0,0,0,0,0,0,0
61196,1,1,1996,0,0,0,0,0,0,0,0,0,0
61197,1,1,1996,0,0,0,0,0,0,0,5,0,0
61198,1,1,1996,0,0,0,0,0,0,0,0,0,0
61199,0,1,1996,0,0,0,0,0,0,0,0,0,0
61199,1,1,1996,0,0,0,0,0,0,0,0,0,0
61200,1,1,1996,16,16,16,16,16,16,16,16,16,16
61201,1,1,1996,10,10,10,10,10,10,10,10,10,10
61202,0,1,1996,0,0,0,0,0,27,0,0,0,0
61202,1,1,1996,0,0,0,0,0,0,0,0,0,0
61203,1,1,1996,0,0,0,0,0,0,0,0,0,0
61204,1,1,1996,14,0,0,0,0,0,0,0,0,0
61204,2,1,1996,0,0,0,0,0,0,0,0,0,0
61205,1,1,1996,3,3,3,3,3,3,3,3,3,3
61205,2,1,1996,0,0,0,0,0,0,0,0,0,0
61206,0,1,1996,13,13,13,13,13,13,13,13,13,13
61206,1,1,1996,0,0,0,0,0,0,15,0,0,0
61207,1,1,1996,3,3,3,3,3,3,3,3,3,3
61208,1,1,1996,23,0,0,0,0,0,0,0,0,0
61208,2,1,1996,0,0,0,0,0,0,0,0,0,0
61208,3,1,1996,13,0,0,0,0,0,0,0,0,0
61208,4,1,1996,0,0,0,0,0,0,0,0,0,0
61209,1,1,1996,31,0,0,0,21,0,0,28,14,25
61210,1,1,1996,0,0,0,0,0,0,0,0,0,0
61211,1,1,1996,0,0,0,0,0,0,0,0,0,0
61211,2,1,1996,0,0,0,0,0,0,0,0,0,0
61212,1,1,1996,0,0,0,0,0,0,0,0,0,0
61213,1,1,1996,0,0,0,0,0,0,0,0,0,0
61213,2,1,1996,0,0,0,0,0,0,0,0,0,0
61213,3,1,1996,0,0,0,0,0,0,0,0,0,0
61214,1,1,1996,17,17,17,17,17,17,17,17,17,17
61214,2,1,1996,16,16,16,16,16,16,16,16,16,16
61215,1,1,1996,0,0,0,0,0,0,0,0,0,0
61215,2,1,1996,0,0,0,0,0,0,0,0,0,0
61215,3,1,1996,0,0,0,0,0,0,0,0,0,0
61215,4,1,1996,0,0,0,0,0,0,0,0,0,0
61215,5,1,1996,0,0,0,0,0,0,0,0,0,0
61216,1,1,1996,33,0,23,0,0,26,18,3,29,10
61217,1,1,1996,0,0,0,0,0,0,0,0,0,0
61218,0,1,1996,0,0,0,0,0,0,0,0,0,0
61218,1,1,1996,0,0,0,0,0,0,0,0,0,0
61219,1,1,1996,0,0,0,0,0,0,0,0,0,0
61219,2,1,1996,0,0,0,0,0,0,0,0,0,0
61220,0,1,1996,0,0,0,0,0,0,0,0,0,0
61220,1,1,1996,0,0,0,0,0,0,0,0,0,0
61221,1,1,1996,27,9,8,13,0,19,0,28,30,10
61222,0,1,1996,15,15,15,15,15,15,15,15,15,15
61222,1,1,1996,0,0,0,0,0,0,0,0,0,0
61223,0,1,1996,27,27,27,27,27,27,27,27,27,27
61223,1,1,1996,0,0,0,0,0,0,0,0,0,0
61224,1,1,1996,0,0,0,0,0,0,0,0,0,0
61224,2,1,1996,0,0,0,0,0,0,0,0,0,0
61225,1,1,1996,17,17,17,17,17,17,17,17,17,17
61226,0,1,1996,0,0,0,0,0,0,0,0,0,0
61226,1,1,1996,0,0,0,0,0,0,0,14,0,0
61227,0,1,1996,0,0,0,0,0,0,0,0,0,0
61227,1,1,1996,0,0,0,0,0,0,0,0,0,0
61228,1,1,1996,0,0,0,0,0,0,0,0,0,0
61229,1,1,1996,0,0,0,0,0,0,0,0,0,0
61229,2,1,1996,0,0,0,0,0,0,0,0,0,0
61230,1,1,1996,23,23,23,23,23,23,23,23,23,23
61231,1,1,1996,0,0,0,0,0,0,0,0,0,0
61231,2,1,1996,0,0,0,0,0,0,0,0,0,0
61232,1,1,1996,0,0,0,0,0,0,0,0,0,0
61232,2,1,1996,4,4,4,4,4,4,4,4,4,4
61232,3,1,1996,0,0,0,0,0,0,0,0,0,0
61233,0,1,1996,0,0,0,0,0,0,0,0,0,0
61233,1,1,1996,0,0,0,0,0,0,0,0,0,0
61234,0,1,1996,0,0,0,0,0,0,0,0,0,0
61235,0,1,1996,0,0,0,0,0,0,0,0,0,0
61235,1,1,1996,0,0,0,0,0,0,0,0,0,0
61236,1,1,1996,4,4,4,4,4,4,4,4,4,4
61236,2,1,1996,0,0,0,0,0,0,0,0,0,0
61237,1,1,1996,0,0,0,0,0,0,0,0,0,0
61238,1,1,1996,0,0,0,0,0,0,0,0,0,0
61238,2,1,1996,0,0,0,0,0,0,0,0,0,0
61239,1,1,1996,0,0,0,0,0,0,0,0,0,0
61239,2,1,1996,0,0,0,0,0,0,0,0,0,0
61240,1,1,1996,0,0,0,0,0,0,0,0,0,0
61240,2,1,1996,0,0,0,0,0,0,0,0,0,0
61241,0,1,1996,14,14,14,14,14,14,14,14,14,14
61241,1,1,1996,0,0,0,0,0,0,0,0,0,0
61242,1,1,1996,0,0,0,0,0,0,0,0,0,0
61242,2,1,1996,0,0,0,0,0,0,0,0,0,0
61243,1,1,1996,0,0,0,0,0,0,0,0,0,0
61243,2,1,1996,0,0,0,0,0,0,0,0,0,0
61244,1,1,1996,0,0,0,0,9,0,0,0,0,0
61244,2,1,1996,0,0,0,0,0,0,0,0,0,0
61244,3,1,1996,0,0,21,0,0,0,0,0,0,10
61245,1,1,1996,0,0,0,0,0,0,0,0,0,0
61245,2,1,1996,0,0,0,0,0,0,0,0,0,0
61246,1,1,1996,19,19,19,19,19,19,19,19,19,19
61246,2,1,1996,0,0,0,0,0,0,0,0,0,0
61246,3,1,1996,0,0,0,0,0,0,0,0,0,0
61247,1,1,1996,0,0,0,0,0,0,0,0,0,0
61248,1,1,1996,0,0,0,0,0,0,0,0,0,0
61248,2,1,1996,0,0,0,0,0,0,0,0,0,0
61248,3,1,1996,26,6,0,0,0,0,0,16,0,0
61248,4,1,1996,0,0,0,0,0,0,0,0,0,0
61249,0,1,1996,3,3,3,3,3,3,3,3,3,3
61249,1,1,1996,0,0,0,0,0,0,0,0,0,0
61250,1,1,1996,0,0,0,0,0,0,0,0,0,0
61250,2,1,1996,0,0,0,0,0,0,0,13,0,0
61251,1,1,1996,0,0,0,0,0,0,0,0,0,0
61252,1,1,1996,0,0,0,0,0,0,0,0,0,0
61252,2,1,1996,0,0,0,0,0,0,0,0,0,0
61253,1,1,1996,0,0,0,0,0,0,0,0,0,0
61254,1,1,1996,0,0,0,0,0,0,0,0,0,0
61254,2,1,1996,0,0,0,0,0,0,0,0,0,0
61255,1,1,1996,9,9,9,9,9,9,9,9,9,9
61256,0,1,1996,0,0,0,0,0,0,0,0,0,0
61256,0,2,1996,0,23,8,0,0,0,0,21,22,7
61256,1,1,1996,0,0,0,0,0,0,0,0,0,0
61257,1,1,1996,0,0,0,0,0,0,0,0,0,0
61258,1,1,1996,0,18,22,0,0,33,0,0,0,0
61259,0,1,1996,0,0,0,0,0,0,0,0,0,0
61259,1,1,1996,0,0,0,0,0,0,0,0,0,0
61260,1,1,1996,0,0,0,0,0,0,0,0,0,0
61260,2,1,1996,16,16,16,16,16,16,16,16,16,16
61260,3,1,1996,0,0,0,0,0,0,0,0,0,0
61261,1,1,1996,11,11,11,11,11,11,11,11,11,11
61261,2,1,1996,0,0,0,0,0,0,0,0,0,0
61262,1,1,1996,0,0,0,0,0,0,0,0,0,0
61263,1,1,1996,0,0,15,0,0,0,0,0,0,0
61263,2,1,1996,0,0,0,10,0,0,0,0,0,0
61264,1,1,1996,6,6,6,6,6,6,6,6,6,6
61264,2,1,1996,5,5,5,5,5,5,5,5,5,5
61265,1,1,1996,18,18,18,18,18,18,18,18,18,18
61266,0,1,1996,25,25,25,25,25,25,25,25,25,25
61266,1,1,1996,0,0,0,0,0,0,0,0,0,0
61267,1,1,1996,10,10,10,10,10,10,10,10,10,10
61268,1,1,1996,17,17,17,17,17,17,17,17,17,17
61268,2,1,1996,0,0,0,6,0,0,0,0,0,0
61269,1,1,1996,13,13,13,13,13,13,13,13,13,13
61269,2,1,1996,0,0,0,0,0,0,0,0,0,0
61270,1,1,1996,19,19,19,19,19,19,19,19,19,19
61271,1,1,1996,0,0,0,0,0,0,0,0,0,0
61272,1,1,1996,0,0,0,0,0,0,0,0,0,0
61273,1,1,1996,0,0,0,0,0,0,0,0,0,0
61273,2,1,1996,0,0,0,0,0,0,0,0,0,0
61273,3,1,1996,0,0,0,0,0,0,0,0,0,0
61274,1,1,1996,0,0,0,0,0,0,0,0,0,0
61275,1,1,1996,0,0,0,0,0,0,0,0,0,0
61276,1,1,1996,0,0,0,0,0,0,0,0,0,0
61276,2,1,1996,0,0,0,0,0,0,0,0,0,0
61277,0,1,1996,0,0,0,0,0,0,0,0,0,0
61277,1,1,1996,14,0,0,0,0,0,0,9,0,0
61278,1,1,1996,0,0,0,0,0,0,0,0,0,0
61278,2,1,1996,0,0,0,0,0,0,0,0,0,0
61279,0,1,1996,0,0,0,0,0,0,0,0,0,0
61279,1,1,1996,0,10,0,0,0,0,0,0,0,0
61280,1,1,1996,0,0,0,0,0,0,0,0,0,0
61280,2,1,1996,0,0,0,0,0,0,0,0,0,0
61281,0,1,1996,10,19,25,14,15,0,11,23,29,21
61281,1,1,1996,0,15,0,10,0,0,0,0,7,0
61282,0,1,1996,31,31,31,31,31,31,31,31,31,31
61283,1,1,1996,0,0,0,0,0,0,0,0,0,0
61283,2,1,1996,0,0,0,0,0,0,0,0,0,0
61283,3,1,1996,0,0,0,0,0,0,0,0,0,0
61283,4,1,1996,0,0,0,0,0,0,0,0,0,0
61284,1,1,1996,16,16,16,16,16,16,16,16,16,16
61285,1,1,1996,0,0,0,0,0,0,0,0,0,0
61286,0,1,1996,0,0,0,0,0,0,0,0,0,0
61286,1,1,1996,0,0,0,0,0,0,0,0,0,0
61287,1,1,1996,12,12,12,12,12,12,12,12,12,12
61287,2,1,1996,0,0,0,0,0,0,0,0,0,0