ST_CASE,VEH_NO,PER_NO,YEAR,P1,P2,P3,P4,P5,P6,P7,P8,P9,P10
61288,1,1,1996,24,24,24,24,24,24,24,24,24,24
61289,1,1,1996,0,0,0,0,0,0,0,0,18,0
61290,1,1,1996,16,16,16,16,16,16,16,16,16,16
61291,0,1,1996,14,14,14,14,14,14,14,14,14,14
61291,1,1,1996,0,0,0,0,0,0,0,0,0,0
61292,1,1,1996,20,20,20,20,20,20,20,20,20,20
61292,2,1,1996,0,0,0,0,0,0,0,0,0,0
61293,0,1,1996,22,22,22,22,22,22,22,22,22,22
61293,1,1,1996,0,0,0,0,0,0,13,7,0,0
61293,2,1,1996,0,0,0,0,0,0,0,0,0,0
61294,0,1,1996,6,6,6,6,6,6,6,6,6,6
61294,1,1,1996,0,0,27,29,0,0,19,20,0,0
61295,1,1,1996,0,9,0,0,0,15,0,13,18,12
61296,1,1,1996,6,6,6,6,6,6,6,6,6,6
61296,2,1,1996,0,0,0,0,0,0,0,0,0,0
61297,1,1,1996,18,18,18,18,18,18,18,18,18,18
61297,2,1,1996,0,0,0,0,0,0,0,0,16,0
61297,3,1,1996,0,0,0,0,0,0,0,0,0,0
61297,4,1,1996,0,0,0,0,0,0,0,0,0,0
61298,1,1,1996,0,0,0,0,0,0,0,0,0,0
61299,0,1,1996,0,0,0,0,0,0,0,0,0,0
61299,1,1,1996,0,0,0,0,0,0,0,0,0,0
61300,1,1,1996,0,0,0,0,0,0,0,0,0,0
61301,1,1,1996,0,0,0,0,0,0,0,0,0,0
61302,1,1,1996,0,0,0,0,0,0,0,0,0,0
61302,2,1,1996,0,0,0,0,28,0,0,0,0,0
61303,0,1,1996,0,0,0,0,0,0,0,0,0,0
61303,1,1,1996,0,0,0,0,0,0,0,0,0,0
61304,1,1,1996,0,0,0,0,0,0,0,0,0,0
61305,0,1,1996,0,0,0,0,0,0,0,0,0,0
61305,1,1,1996,0,0,0,0,0,0,0,0,0,0
61306,1,1,1996,17,17,17,17,17,17,17,17,17,17
61307,0,1,1996,17,17,17,17,17,17,17,17,17,17
61307,1,1,1996,0,0,0,24,0,0,0,0,0,0
61308,1,1,1996,0,0,0,0,0,0,0,0,0,0
61309,1,1,1996,0,0,0,0,0,0,0,0,0,0
61309,2,1,1996,0,0,0,0,0,0,0,0,0,0
61309,3,1,1996,0,14,0,0,0,0,0,0,0,8
61309,4,1,1996,0,0,0,0,0,0,0,0,0,0
61309,5,1,1996,0,0,0,0,0,0,0,0,0,0
61309,6,1,1996,0,0,0,0,0,0,15,0,0,0
61309,7,1,1996,0,0,0,0,0,17,0,0,0,0
61309,8,1,1996,0,0,0,0,0,0,0,0,5,0
61309,9,1,1996,0,0,0,0,0,0,0,0,0,0
61310,1,1,1996,0,0,0,0,0,0,0,0,0,0
61310,2,1,1996,0,0,0,0,0,0,0,0,0,0
61311,0,1,1996,0,0,0,0,0,0,0,0,0,0
61311,1,1,1996,0,0,0,0,0,0,0,0,0,0
61312,1,1,1996,16,16,16,16,16,16,16,16,16,16
61313,1,1,1996,0,0,0,0,0,0,0,0,0,0
61313,2,1,1996,0,0,0,0,0,0,0,0,0,0
61314,1,1,1996,18,18,18,18,18,18,18,18,18,18
61314,2,1,1996,0,0,0,0,0,0,0,0,0,0
61314,3,1,1996,0,0,0,0,0,0,0,0,0,0
61315,1,1,1996,0,0,0,0,0,0,0,0,0,0
61315,2,1,1996,0,0,0,0,0,0,0,0,0,0
61316,1,1,1996,2,2,2,2,2,2,2,2,2,2
61317,1,1,1996,9,0,0,0,0,0,0,0,0,0
61317,2,1,1996,0,0,0,0,0,0,0,0,0,0
61318,1,1,1996,4,4,4,4,4,4,4,4,4,4
61319,1,1,1996,22,22,22,22,22,22,22,22,22,22
61320,1,1,1996,0,0,0,0,0,0,0,0,0,0
61321,1,1,1996,0,0,0,0,0,0,0,0,0,0
61321,2,1,1996,7,0,12,0,0,0,0,0,0,0
61322,0,1,1996,14,26,34,15,19,6,11,11,22,29
61322,1,1,1996,4,14,0,0,0,0,5,0,0,0
61323,0,1,1996,0,0,0,0,0,0,0,0,0,0
61323,1,1,1996,0,0,0,0,0,0,0,0,0,0
61324,1,1,1996,1,1,1,1,1,1,1,1,1,1
61324,2,1,1996,0,0,0,0,0,0,0,0,0,0
61325,1,1,1996,0,0,0,0,0,0,0,0,0,0
61325,2,1,1996,0,0,0,0,0,0,0,0,0,0
61325,3,1,1996,0,0,0,0,0,0,0,0,0,0
61325,4,1,1996,0,0,0,0,0,6,0,0,0,0
61325,5,1,1996,0,0,0,16,6,0,0,13,0,0
61326,0,1,1996,0,0,0,0,0,0,0,0,0,0
61326,1,1,1996,22,0,0,0,0,0,9,0,0,0
61327,1,1,1996,0,0,0,0,0,0,0,0,0,0
61327,2,1,1996,0,0,0,0,0,0,0,0,0,0
61327,3,1,1996,0,0,0,0,0,0,0,3,0,0
61327,4,1,1996,0,0,0,0,0,0,0,0,0,0
61327,5,1,1996,0,0,0,0,0,0,0,0,0,0
61328,1,1,1996,0,0,0,0,0,0,0,0,0,0
61328,2,1,1996,0,0,0,4,0,0,0,0,0,0
61329,1,1,1996,21,21,21,21,21,21,21,21,21,21
61330,1,1,1996,12,12,12,12,12,12,12,12,12,12
61331,1,1,1996,0,0,0,0,0,0,0,0,0,0
61331,2,1,1996,0,0,0,0,0,0,0,0,0,0
61332,0,1,1996,0,0,0,0,0,0,0,0,0,0
61332,1,1,1996,0,0,0,0,0,0,0,0,0,0
61333,1,1,1996,0,0,0,0,0,12,0,0,0,0
61333,2,1,1996,0,0,0,0,0,0,0,0,0,0
61334,0,1,1996,8,8,8,8,8,8,8,8,8,8
61334,1,1,1996,0,0,18,0,0,0,0,26,0,14
61335,0,1,1996,0,0,0,0,0,0,0,0,0,0
61335,1,1,1996,13,13,13,13,13,13,13,13,13,13
61336,1,1,1996,18,18,18,18,18,18,18,18,18,18
61337,0,1,1996,0,34,0,0,0,0,16,0,14,0
61337,1,1,1996,0,0,0,0,0,0,0,0,0,0
61338,1,1,1996,0,0,0,0,0,0,0,0,0,0
61339,0,1,1996,0,0,0,0,0,0,0,0,0,0
61339,1,1,1996,0,0,0,0,0,0,0,0,0,0
61340,0,1,1996,19,25,30,19,10,28,0,6,0,0
61340,1,1,1996,0,0,0,0,0,0,0,0,0,0
61341,1,1,1996,0,0,0,0,0,0,0,0,0,0
61341,2,1,1996,0,0,0,0,0,0,0,0,0,0
61342,1,1,1996,18,18,18,18,18,18,18,18,18,18
61343,1,1,1996,12,12,12,12,12,12,12,12,12,12
61343,2,1,1996,0,0,0,0,0,0,24,0,0,0
61343,3,1,1996,0,0,0,0,0,0,0,0,0,0
61344,0,1,1996,0,0,0,0,0,0,0,0,0,0
61344,1,1,1996,0,0,0,0,0,0,0,0,0,0
61345,1,1,1996,0,0,0,0,0,0,0,0,0,0
61346,0,1,1996,8,8,8,8,8,8,8,8,8,8
61346,1,1,1996,0,0,0,23,6,0,0,0,0,0
61347,0,1,1996,20,20,20,20,20,20,20,20,20,20
61347,1,1,1996,0,0,0,0,0,0,0,0,0,0
61348,1,1,1996,0,0,0,0,0,0,0,0,0,0
61349,1,1,1996,0,0,0,0,0,0,0,0,0,0
61349,2,1,1996,0,0,0,0,0,0,0,0,0,0
61350,0,1,1996,0,0,0,0,0,0,0,0,0,0
61350,0,2,1996,0,0,0,0,0,0,0,0,0,0
61350,1,1,1996,2,2,2,2,2,2,2,2,2,2
61350,2,1,1996,0,0,0,0,0,0,0,0,0,0
61350,3,1,1996,0,0,21,0,0,0,0,0,0,0
61350,4,1,1996,0,0,0,0,9,0,0,0,0,0
61351,1,1,1996,0,0,0,0,0,0,0,0,0,0
61351,2,1,1996,0,0,0,0,0,0,0,0,0,0
61352,1,1,1996,0,0,0,0,0,0,0,0,10,0
61353,1,1,1996,0,0,0,0,0,0,0,0,0,0
61353,2,1,1996,0,0,0,0,0,0,0,0,0,0
61353,3,1,1996,9,0,0,0,0,0,0,0,0,0
61354,0,1,1996,0,0,0,0,0,0,0,0,0,0
61354,1,1,1996,18,18,18,18,18,18,18,18,18,18
61355,1,1,1996,16,16,16,16,16,16,16,16,16,16
61355,2,1,1996,0,0,0,0,0,0,0,0,0,0
61356,0,1,1996,27,27,27,27,27,27,27,27,27,27
61356,1,1,1996,0,0,0,22,0,0,0,0,0,0
61357,1,1,1996,8,8,8,8,8,8,8,8,8,8
61358,1,1,1996,2,2,2,2,2,2,2,2,2,2
61359,1,1,1996,0,0,0,0,0,0,0,0,0,0
61359,2,1,1996,0,0,0,0,0,0,0,0,0,0
61360,1,1,1996,0,0,0,0,0,0,0,0,0,0
61360,2,1,1996,0,0,0,0,0,0,0,0,0,0
61362,1,1,1996,0,0,0,0,0,0,0,0,0,0
61363,1,1,1996,7,7,7,7,7,7,7,7,7,7
61364,1,1,1996,0,0,0,0,0,0,0,0,0,0
61364,2,1,1996,22,0,0,0,0,0,0,0,0,0
61365,1,1,1996,0,13,17,5,16,0,39,29,19,21
61366,1,1,1996,0,6,0,0,5,0,7,0,17,11
61366,2,1,1996,0,0,0,0,0,0,0,0,0,0
61367,1,1,1996,0,0,0,0,0,0,0,30,0,0
61367,2,1,1996,0,0,0,0,0,0,0,0,0,0
61368,1,1,1996,0,0,0,0,0,0,0,0,0,0
61369,0,1,1996,0,0,0,0,0,0,0,0,0,0
61369,1,1,1996,0,0,0,0,0,0,0,0,0,0
61370,0,1,1996,0,0,0,0,0,0,0,0,0,0
61370,1,1,1996,0,0,0,0,0,0,0,0,0,0
61371,1,1,1996,0,0,0,0,0,4,0,0,0,0
61372,0,1,1996,0,0,0,0,0,0,0,0,0,0
61372,0,2,1996,11,16,6,0,0,13,0,6,6,19
61372,1,1,1996,0,0,0,9,0,0,0,0,0,0
61373,1,1,1996,5,5,5,5,5,5,5,5,5,5
61374,1,1,1996,2,2,2,2,2,2,2,2,2,2
61375,1,1,1996,21,19,23,0,0,0,20,11,0,0
61376,1,1,1996,0,0,0,0,0,0,0,0,0,0
61376,2,1,1996,0,0,0,0,0,0,0,0,0,0
61377,1,1,1996,19,19,19,19,19,19,19,19,19,19
61378,1,1,1996,18,18,18,18,18,18,18,18,18,18
61379,1,1,1996,0,0,0,0,0,0,0,0,0,0
61380,1,1,1996,0,0,0,0,0,0,0,0,0,0
61381,0,1,1996,0,0,0,0,0,0,0,0,0,0
61381,1,1,1996,0,0,0,0,0,0,0,0,0,0
61382,1,1,1996,0,0,0,0,0,0,0,0,0,0
61382,2,1,1996,0,0,0,0,0,0,0,0,0,0
61383,1,1,1996,0,0,0,0,0,0,0,0,0,0
61383,2,1,1996,0,0,0,0,0,0,0,0,0,0
61384,1,1,1996,21,21,21,21,21,21,21,21,21,21
61385,0,1,1996,21,21,21,21,21,21,21,21,21,21
61385,1,1,1996,0,0,0,0,0,0,0,0,0,0
61386,0,1,1996,35,35,35,35,35,35,35,35,35,35
61386,1,1,1996,0,0,0,0,0,0,0,0,0,0
61387,1,1,1996,3,3,3,3,3,3,3,3,3,3
61388,1,1,1996,0,0,0,0,0,0,0,0,0,0
61389,0,1,1996,8,8,8,8,8,8,8,8,8,8
61389,1,1,1996,0,0,0,0,0,0,0,0,0,0
61390,1,1,1996,0,0,0,0,0,0,0,0,0,0
61390,2,1,1996,0,0,0,0,0,0,0,0,0,0
61391,1,1,1996,0,0,0,0,0,0,0,0,0,0
61392,1,1,1996,0,0,0,0,0,0,0,0,0,0
61392,2,1,1996,0,0,0,0,0,0,0,0,9,0
61393,1,1,1996,0,0,0,0,0,0,0,0,0,0
61393,2,1,1996,0,0,0,0,0,0,0,0,0,0
61394,1,1,1996,16,16,16,16,16,16,16,16,16,16
61395,0,1,1996,0,0,0,0,0,0,0,0,0,0
61395,1,1,1996,0,5,0,0,17,0,0,0,0,35
61396,1,1,1996,13,13,13,13,13,13,13,13,13,13
61396,2,1,1996,0,0,0,12,0,0,0,0,0,0
61397,0,1,1996,0,0,0,0,0,0,0,0,0,0
61397,1,1,1996,0,0,0,0,0,0,0,0,0,0
61398,1,1,1996,0,0,0,0,0,0,0,0,0,0
61398,2,1,1996,0,0,0,0,0,0,0,0,0,0
61399,1,1,1996,7,7,7,7,7,7,7,7,7,7
61399,2,1,1996,0,0,0,0,0,0,0,0,0,0
61399,3,1,1996,0,0,0,0,0,0,0,0,0,0
61400,1,1,1996,9,17,17,28,13,8,11,8,27,9
61401,1,1,1996,5,19,0,0,0,0,13,0,12,0
61401,2,1,1996,0,0,0,0,0,6,0,0,0,0
61402,1,1,1996,23,23,23,23,23,23,23,23,23,23
61403,1,1,1996,0,0,0,0,0,0,0,0,0,0
61404,1,1,1996,0,0,0,0,0,0,0,0,0,19
61404,2,1,1996,0,0,0,0,0,0,0,0,0,0
61404,3,1,1996,0,0,0,0,0,0,0,0,0,0
61404,4,1,1996,0,18,0,0,0,7,7,0,0,0
61405,1,1,1996,0,0,0,0,0,0,0,0,0,0
61405,2,1,1996,0,0,0,0,0,0,0,0,7,0
61405,3,1,1996,0,0,0,0,0,0,0,0,0,0
61405,4,1,1996,0,0,0,0,0,0,0,0,0,0
61406,1,1,1996,15,15,15,15,15,15,15,15,15,15
61407,1,1,1996,0,0,0,0,0,0,0,0,0,0
61407,2,1,1996,0,0,0,0,0,0,0,0,0,0
61408,1,1,1996,0,0,0,0,0,0,0,0,0,0
61408,2,1,1996,0,0,0,0,0,0,0,0,0,0
61409,0,1,1996,0,0,0,0,0,0,0,0,0,0
61409,1,1,1996,0,0,0,0,0,0,0,0,0,0
61410,1,1,1996,0,0,0,0,0,0,0,0,0,0
61410,2,1,1996,0,0,0,0,0,0,0,0,0,0
61410,3,1,1996,0,0,0,0,0,0,0,0,0,0
61411,0,1,1996,0,0,0,0,0,0,0,0,0,0
61411,1,1,1996,0,0,0,0,0,0,0,2,0,0
61412,1,1,1996,0,0,0,0,0,0,0,0,0,0
61412,2,1,1996,0,0,0,0,0,0,0,0,0,0
61412,3,1,1996,0,0,0,0,0,0,0,0,0,0
61412,4,1,1996,0,0,0,0,0,0,0,0,0,0
61413,1,1,1996,0,0,0,0,0,0,0,0,0,0
61413,2,1,1996,0,0,0,0,0,0,0,0,0,0
61414,1,1,1996,0,0,0,0,0,0,0,0,0,0
61415,1,1,1996,14,14,14,14,14,14,14,14,14,14
61416,1,1,1996,0,0,0,0,0,0,0,0,0,0
61417,1,1,1996,0,0,0,0,0,0,0,0,0,0
61418,1,1,1996,20,20,20,20,20,20,20,20,20,20
61418,2,1,1996,0,0,0,0,0,0,6,0,0,0
61418,3,1,1996,0,0,0,0,0,0,6,0,0,0
61419,1,1,1996,0,0,0,0,0,0,0,0,0,0
61421,1,1,1996,7,7,7,7,7,7,7,7,7,7
61421,2,1,1996,0,0,0,0,0,0,0,0,0,0
61421,3,1,1996,0,0,0,0,0,0,0,0,0,0
61422,1,1,1996,16,16,16,16,16,16,16,16,16,16
61423,1,1,1996,9,9,9,9,9,9,9,9,9,9
61423,2,1,1996,1,1,1,1,1,1,1,1,1,1
61424,1,1,1996,2,2,2,2,2,2,2,2,2,2
61425,1,1,1996,0,0,0,0,0,0,0,0,0,0
61426,1,1,1996,0,0,0,0,0,0,0,0,0,0
61427,1,1,1996,0,0,0,0,0,0,0,0,0,0
61428,1,1,1996,4,4,4,4,4,4,4,4,4,4
61428,2,1,1996,0,0,0,0,0,0,17,0,0,0
61429,1,1,1996,17,17,17,17,17,17,17,17,17,17
61429,2,1,1996,0,0,0,0,0,0,0,0,0,0
61430,1,1,1996,11,11,11,11,11,11,11,11,11,11
61431,1,1,1996,0,0,0,0,0,0,0,0,0,0
61432,1,1,1996,18,18,18,18,18,18,18,18,18,18
61433,1,1,1996,0,0,0,0,0,0,0,0,0,0
61433,2,1,1996,0,0,0,0,0,0,0,0,0,0
61434,0,1,1996,0,0,0,0,0,0,0,0,0,0
61434,1,1,1996,0,0,0,0,0,0,0,0,0,0
61435,1,1,1996,27,27,27,27,27,27,27,27,27,27
61435,2,1,1996,23,23,23,23,23,23,23,23,23,23
61436,1,1,1996,8,8,8,8,8,8,8,8,8,8
61437,1,1,1996,0,0,0,0,0,0,0,0,0,0
61438,1,1,1996,16,16,16,16,16,16,16,16,16,16
61438,2,1,1996,0,0,0,0,0,0,0,0,0,0
61439,1,1,1996,0,0,28,0,0,0,0,0,0,0
61440,1,1,1996,26,26,26,26,26,26,26,26,26,26
61441,1,1,1996,0,0,0,0,0,0,0,0,0,0
61441,2,1,1996,0,0,0,0,0,0,0,0,0,0
61442,1,1,1996,0,0,0,0,0,0,0,0,0,13
61442,2,1,1996,0,0,0,0,0,0,0,0,0,0
61443,1,1,1996,0,0,0,0,0,0,0,0,0,0
61443,2,1,1996,0,0,0,0,0,0,0,0,0,0
61443,3,1,1996,0,0,0,0,0,0,0,0,0,0
61444,1,1,1996,0,0,0,0,0,0,0,0,0,0
61445,1,1,1996,23,23,23,23,23,23,23,23,23,23
61445,2,1,1996,0,0,0,0,0,0,0,0,0,0
61446,1,1,1996,0,0,0,0,0,0,0,0,0,0
61446,2,1,1996,0,0,0,0,0,0,0,0,0,0
61446,3,1,1996,0,0,0,0,0,0,0,0,0,0
61446,4,1,1996,0,0,0,0,0,0,0,0,0,0
61447,0,1,1996,0,0,0,0,0,0,0,0,0,0
61447,1,1,1996,0,4,0,0,0,5,15,11,0,0
61448,1,1,1996,0,0,5,0,0,0,0,0,0,0
61448,2,1,1996,0,0,0,0,0,0,0,0,0,0
61448,3,1,1996,0,0,0,0,0,0,0,0,0,0
61449,1,1,1996,6,6,6,6,6,6,6,6,6,6
61449,2,1,1996,0,0,0,0,0,0,0,0,0,0
61450,0,1,1996,0,0,0,0,13,0,0,16,0,0
61450,1,1,1996,0,0,0,0,0,0,0,0,0,0
61451,1,1,1996,27,27,27,27,27,27,27,27,27,27
61452,1,1,1996,0,0,0,0,0,0,0,0,0,0
61453,1,1,1996,0,0,0,0,0,13,0,0,0,0
61453,2,1,1996,0,0,0,0,0,0,0,0,0,0
61454,1,1,1996,13,13,13,13,13,13,13,13,13,13
61455,1,1,1996,0,0,0,0,0,12,0,0,0,0
61455,2,1,1996,0,0,0,0,0,0,0,0,0,0
61456,1,1,1996,0,0,0,0,0,0,0,0,0,0
61456,2,1,1996,0,0,0,0,0,0,0,0,0,0
61457,1,1,1996,19,19,19,19,19,19,19,19,19,19
61458,1,1,1996,13,13,13,13,13,13,13,13,13,13
61459,0,1,1996,0,0,0,0,0,0,0,0,0,0
61459,0,2,1996,0,18,12,0,0,19,15,10,27,21
61459,2,1,1996,5,5,5,5,5,5,5,5,5,5
61460,1,1,1996,8,8,8,8,8,8,8,8,8,8
61461,1,1,1996,14,14,14,14,14,14,14,14,14,14
61461,2,1,1996,9,0,0,0,0,0,0,0,0,0
61462,1,1,1996,0,0,0,0,0,0,0,0,0,0
61463,1,1,1996,23,23,23,23,23,23,23,23,23,23
61464,1,1,1996,0,0,0,0,0,0,0,0,0,0
61465,1,1,1996,15,15,15,15,15,15,15,15,15,15
61465,2,1,1996,0,0,0,0,0,0,18,0,0,0
61466,1,1,1996,18,18,18,18,18,18,18,18,18,18
61467,0,1,1996,0,0,0,0,0,0,0,0,0,0
61467,1,1,1996,0,0,0,0,0,0,0,0,0,0
61468,1,1,1996,0,0,0,0,0,0,0,0,0,0
61469,1,1,1996,10,10,10,10,10,10,10,10,10,10
61470,0,1,1996,0,0,0,0,0,0,0,0,0,23
61470,1,1,1996,0,0,0,0,0,0,0,0,0,0
61471,1,1,1996,0,0,0,0,0,0,0,0,0,0
61472,1,1,1996,8,8,8,8,8,8,8,8,8,8
61473,0,1,1996,12,12,12,12,12,12,12,12,12,12
61473,1,1,1996,0,11,0,0,0,0,0,11,7,0
61474,0,1,1996,2,2,2,2,2,2,2,2,2,2
61475,0,1,1996,0,0,0,0,0,0,0,0,0,0
61475,1,1,1996,0,0,0,0,0,0,0,0,0,0
61476,1,1,1996,0,0,0,0,0,0,0,0,0,0
61476,2,1,1996,0,0,0,0,0,0,0,0,0,0
61477,1,1,1996,0,0,0,0,0,0,0,0,0,0
61478,1,1,1996,0,0,0,0,0,0,0,0,0,0
61479,1,1,1996,0,0,0,0,0,0,0,0,0,0
61480,1,1,1996,9,9,9,9,9,9,9,9,9,9
61481,0,1,1996,0,0,0,0,0,0,0,0,0,0
61481,0,2,1996,0,14,0,0,0,0,16,0,0,0
61481,1,1,1996,0,0,0,0,0,0,0,0,0,0
61482,1,1,1996,0,0,0,0,0,0,0,0,0,0
61483,1,1,1996,0,0,0,0,0,0,0,0,0,0
61483,2,1,1996,0,0,0,0,0,0,0,0,0,0
61484,0,1,1996,0,0,0,0,0,0,0,0,0,0
61484,1,1,1996,0,0,0,0,0,0,0,0,0,0
61485,1,1,1996,8,16,21,7,14,17,12,32,18,14
61485,2,1,1996,0,0,0,0,0,0,0,0,0,0
61486,1,1,1996,0,0,0,0,0,0,0,0,0,0
61486,2,1,1996,0,0,0,0,0,0,0,0,0,0
61487,1,1,1996,13,0,14,0,17,16,0,11,16,0
61488,0,1,1996,0,0,0,0,0,0,0,0,0,0
61488,1,1,1996,0,0,0,0,0,0,0,0,0,0
61489,0,1,1996,0,0,0,0,0,0,0,0,19,0
61489,1,1,1996,0,0,0,0,0,0,0,0,0,0
61490,1,1,1996,0,0,0,0,0,0,0,0,0,0
61490,2,1,1996,0,0,0,0,0,0,0,0,0,0
61491,1,1,1996,21,16,18,5,18,24,13,11,18,12
61492,1,1,1996,0,0,0,0,0,0,0,0,0,0
61493,1,1,1996,4,4,4,4,4,4,4,4,4,4
61494,0,1,1996,0,0,0,0,0,0,0,0,0,0
61494,1,1,1996,6,8,5,7,9,14,15,20,26,14
61495,1,1,1996,0,0,0,0,0,0,0,0,0,0
61496,1,1,1996,0,0,14,0,0,0,0,0,0,0
61497,0,1,1996,0,0,0,0,0,0,0,0,0,0
61497,1,1,1996,0,0,0,0,0,0,0,0,0,0
61498,1,1,1996,0,0,0,0,0,0,0,0,0,0
61498,2,1,1996,0,0,0,0,0,0,0,0,0,0
61499,1,1,1996,15,15,15,15,15,15,15,15,15,15
61499,2,1,1996,0,0,0,0,0,0,0,0,0,0
61500,1,1,1996,0,15,0,7,14,0,0,0,5,0
61501,1,1,1996,0,0,0,0,0,0,0,0,0,0
61502,1,1,1996,0,0,0,0,0,0,0,0,0,0
61502,2,1,1996,0,0,0,0,0,0,0,0,0,0
61503,1,1,1996,0,0,0,0,12,0,0,0,0,0
61504,1,1,1996,6,6,6,6,6,6,6,6,6,6
61504,2,1,1996,0,0,0,0,0,0,0,0,0,0
61505,1,1,1996,0,0,0,0,0,0,0,0,0,0
61505,2,1,1996,0,5,9,7,15,7,15,14,13,12
61506,1,1,1996,8,8,8,8,8,8,8,8,8,8
61507,1,1,1996,0,14,10,14,0,15,0,0,18,0
61507,2,1,1996,0,0,0,0,0,0,0,0,0,0
61508,1,1,1996,8,8,8,8,8,8,8,8,8,8
61509,1,1,1996,0,0,0,0,0,0,0,0,0,0
61510,0,1,1996,0,0,0,16,0,0,0,0,0,0
61510,0,2,1996,0,0,0,0,0,0,0,0,0,0
61510,1,1,1996,0,0,0,0,0,0,0,0,11,0
61511,1,1,1996,45,45,45,45,45,45,45,45,45,45
61511,2,1,1996,0,0,0,0,0,0,0,0,0,0
61512,1,1,1996,9,9,9,9,9,9,9,9,9,9
61513,0,1,1996,23,23,23,23,23,23,23,23,23,23
61513,1,1,1996,14,0,5,0,0,0,0,0,14,0
61514,1,1,1996,17,17,17,17,17,17,17,17,17,17
61515,0,1,1996,0,0,0,0,0,0,0,0,0,0
61515,1,1,1996,0,16,0,0,0,0,0,0,0,0
61516,1,1,1996,0,0,0,0,0,0,0,0,0,0
61517,1,1,1996,0,0,0,0,0,0,0,0,0,0
61518,1,1,1996,13,13,13,13,13,13,13,13,13,13
61518,2,1,1996,0,0,0,0,0,0,0,0,0,10
61519,1,1,1996,19,19,19,19,19,19,19,19,19,19
61520,1,1,1996,12,12,12,12,12,12,12,12,12,12
61521,1,1,1996,23,23,23,23,23,23,23,23,23,23
61522,1,1,1996,0,0,0,0,0,0,0,0,0,0
61523,0,1,1996,0,0,0,0,0,0,0,0,0,0
61523,1,1,1996,0,0,0,0,0,0,0,0,0,0
61524,1,1,1996,0,0,0,0,0,0,0,0,0,0
61525,1,1,1996,28,28,28,28,28,28,28,28,28,28
61525,2,1,1996,0,0,0,0,0,0,0,0,0,0
61526,0,1,1996,0,0,0,0,0,0,0,0,0,0
61526,1,1,1996,0,0,0,0,0,0,0,0,0,0
61527,0,1,1996,0,14,0,0,0,31,9,4,8,0
61527,1,1,1996,0,0,0,0,0,0,0,0,0,0
61528,1,1,1996,0,0,0,0,0,0,0,0,0,0
61528,2,1,1996,0,0,0,0,0,0,0,0,0,0
61529,0,1,1996,0,0,0,0,0,0,0,0,0,0
61529,1,1,1996,0,0,0,0,0,0,0,0,0,0
61530,1,1,1996,28,28,28,28,28,28,28,28,28,28
61530,2,1,1996,0,0,0,0,0,0,0,0,0,0
61531,1,1,1996,0,0,0,0,0,0,0,0,0,0
61531,2,1,1996,0,0,0,0,0,14,0,0,0,0
61532,0,1,1996,0,0,0,0,0,0,0,0,0,0
61532,2,1,1996,0,0,0,0,0,9,0,0,0,0
61532,3,1,1996,0,0,0,0,0,0,0,0,0,0
61532,4,1,1996,0,0,0,9,0,0,0,0,0,0
61533,1,1,1996,7,7,7,7,7,7,7,7,7,7
61534,1,1,1996,0,0,0,0,0,0,0,0,0,0
61535,1,1,1996,0,13,0,0,0,0,0,0,0,0
61535,2,1,1996,0,0,0,0,0,0,0,0,0,0
61535,3,1,1996,0,0,0,0,0,0,0,0,0,0
61535,4,1,1996,0,0,0,0,0,0,0,0,0,0
61536,0,1,1996,0,0,0,0,0,0,0,0,0,19
61536,1,1,1996,0,0,0,0,0,0,0,0,0,0
61537,1,1,1996,0,0,0,0,0,0,0,0,0,0
61538,0,1,1996,0,0,0,0,0,0,0,0,0,0
61538,1,1,1996,0,0,0,0,0,0,0,0,0,0
61539,1,1,1996,20,20,20,20,20,20,20,20,20,20
61539,2,1,1996,0,0,0,18,0,0,0,0,0,0
61540,2,1,1996,15,15,15,15,15,15,15,15,15,15
61540,3,1,1996,19,19,19,19,19,19,19,19,19,19
61540,4,1,1996,0,0,0,0,0,0,0,0,0,0
61541,0,1,1996,19,19,19,19,19,19,19,19,19,19
61541,1,1,1996,0,0,0,0,0,0,0,0,0,0
61542,1,1,1996,0,0,0,0,0,0,0,0,0,0
61542,2,1,1996,0,0,0,0,0,0,0,0,0,0
61543,1,1,1996,0,0,0,0,0,0,0,0,0,0
61543,2,1,1996,0,0,0,0,0,0,0,0,0,0
61544,0,1,1996,0,0,0,0,0,0,0,0,0,0
61544,1,1,1996,0,12,0,0,4,0,15,0,0,0
61545,1,1,1996,0,0,0,0,0,0,0,0,0,0
61545,2,1,1996,0,0,0,0,0,0,0,0,0,0
61546,1,1,1996,0,0,19,0,0,0,0,0,0,0
61546,2,1,1996,0,0,0,0,0,0,0,0,0,0
61547,0,1,1996,21,21,21,21,21,21,21,21,21,21
61547,1,1,1996,0,0,0,0,0,0,0,0,0,0
61548,1,1,1996,19,19,19,19,19,19,19,19,19,19
61549,1,1,1996,0,0,13,0,0,0,14,0,0,42