ST_CASE,VEH_NO,PER_NO,YEAR,P1,P2,P3,P4,P5,P6,P7,P8,P9,P10
61549,2,1,1996,0,0,0,0,0,0,0,0,0,0
61549,3,1,1996,0,0,0,0,0,0,0,0,0,0
61550,1,1,1996,0,0,0,0,0,0,0,0,0,0
61551,1,1,1996,0,0,0,0,0,0,0,0,0,0
61551,2,1,1996,0,0,0,0,0,0,0,0,0,0
61552,1,1,1996,0,0,0,0,0,0,0,0,0,0
61553,1,1,1996,0,0,0,0,0,0,0,0,0,0
61553,2,1,1996,0,0,0,0,0,0,0,0,0,0
61553,3,1,1996,0,0,0,0,0,0,0,0,0,0
61554,1,1,1996,0,0,0,0,0,0,0,0,0,0
61555,0,1,1996,14,14,14,14,14,14,14,14,14,14
61555,1,1,1996,0,0,0,0,0,24,0,0,0,0
61556,0,1,1996,9,9,9,9,9,9,9,9,9,9
61556,1,1,1996,0,0,0,0,0,0,0,0,0,0
61557,1,1,1996,14,14,14,14,14,14,14,14,14,14
61558,0,1,1996,23,23,23,23,23,23,23,23,23,23
61558,0,2,1996,32,15,0,32,0,0,10,0,28,16
61558,1,1,1996,0,0,28,0,0,0,13,0,0,0
61559,0,1,1996,0,0,0,0,0,0,0,0,0,0
61559,1,1,1996,0,0,0,0,0,0,0,0,0,0
61560,1,1,1996,0,0,0,0,0,0,0,0,0,0
61560,2,1,1996,0,9,0,0,0,0,0,0,0,0
61561,1,1,1996,0,0,0,0,0,0,0,0,0,0
61561,2,1,1996,0,13,0,0,0,0,0,0,15,23
61562,1,1,1996,0,0,0,0,0,0,0,0,0,0
61562,2,1,1996,0,0,0,0,0,0,0,0,0,0
61563,1,1,1996,22,22,22,22,22,22,22,22,22,22
61564,0,1,1996,0,0,0,0,0,0,0,0,0,0
61564,1,1,1996,0,0,0,0,14,0,0,0,0,0
61565,1,1,1996,0,0,0,0,0,0,0,0,0,0
61565,2,1,1996,0,0,0,0,0,0,0,0,0,0
61565,3,1,1996,0,0,0,0,0,0,0,0,0,0
61566,1,1,1996,7,7,7,7,7,7,7,7,7,7
61567,1,1,1996,0,0,0,0,0,0,0,0,0,0
61567,2,1,1996,0,0,0,19,15,0,0,0,0,0
61568,1,1,1996,8,8,8,8,8,8,8,8,8,8
61569,1,1,1996,0,0,0,0,0,0,0,0,0,0
61570,1,1,1996,13,13,13,13,13,13,13,13,13,13
61571,1,1,1996,0,0,0,0,0,0,0,0,0,0
61571,2,1,1996,0,0,0,0,0,0,0,0,0,0
61572,0,1,1996,22,22,22,22,22,22,22,22,22,22
61572,1,1,1996,0,0,0,0,0,0,0,0,0,0
61573,1,1,1996,0,0,0,0,0,0,0,0,25,0
61574,1,1,1996,0,0,0,0,0,0,0,0,0,0
61575,1,1,1996,0,0,0,0,0,0,0,0,0,0
61575,2,1,1996,0,0,0,0,0,0,0,0,0,0
61576,1,1,1996,5,0,0,0,0,25,0,0,0,0
61577,1,1,1996,0,0,0,0,0,0,0,0,0,0
61577,2,1,1996,23,23,23,23,23,23,23,23,23,23
61578,1,1,1996,26,26,26,26,26,26,26,26,26,26
61579,1,1,1996,0,0,0,0,0,0,0,0,0,0
61580,0,1,1996,19,36,13,0,20,0,19,0,22,36
61580,1,1,1996,0,0,0,0,0,0,0,0,0,0
61581,1,1,1996,0,0,0,0,0,0,0,0,0,0
61582,1,1,1996,3,3,3,3,3,3,3,3,3,3
61583,1,1,1996,26,26,26,26,26,26,26,26,26,26
61584,1,1,1996,0,0,0,0,0,0,0,0,0,0
61584,2,1,1996,0,0,0,0,0,0,0,0,0,0
61585,1,1,1996,0,0,0,0,0,0,0,0,0,0
61585,2,1,1996,0,0,0,0,0,0,0,0,0,0
61586,1,1,1996,19,19,19,19,19,19,19,19,19,19
61586,2,1,1996,0,0,0,0,0,0,0,0,0,0
61587,1,1,1996,2,2,2,2,2,2,2,2,2,2
61588,1,1,1996,0,0,0,0,0,0,0,0,0,0
61589,0,1,1996,30,30,30,30,30,30,30,30,30,30
61589,1,1,1996,0,0,0,0,0,0,0,0,0,0
61589,2,1,1996,0,0,0,0,0,0,0,0,0,0
61590,1,1,1996,13,13,13,13,13,13,13,13,13,13
61591,1,1,1996,14,0,0,0,0,0,0,0,0,0
61592,1,1,1996,0,0,0,0,0,0,0,0,0,0
61593,1,1,1996,0,0,0,0,0,0,0,0,0,0
61593,2,1,1996,0,0,0,4,0,0,7,0,0,0
61594,1,1,1996,16,16,16,16,16,16,16,16,16,16
61595,1,1,1996,15,33,0,13,30,33,15,32,19,7
61595,2,1,1996,0,0,0,0,0,0,0,0,0,0
61595,3,1,1996,0,0,0,0,0,0,0,0,0,0
61596,0,1,1996,6,6,6,6,6,6,6,6,6,6
61596,1,1,1996,21,21,21,21,21,21,21,21,21,21
61597,1,1,1996,14,13,10,12,19,7,3,15,14,19
61598,1,1,1996,16,16,16,16,16,16,16,16,16,16
61599,1,1,1996,28,0,44,0,0,0,0,0,0,0
61599,2,1,1996,0,0,0,0,0,30,0,0,0,0
61600,1,1,1996,0,0,0,0,0,0,0,0,0,0
61600,2,1,1996,16,0,0,0,0,0,0,0,0,0
61601,1,1,1996,16,20,31,0,0,0,0,0,19,0
61602,1,1,1996,0,0,0,0,0,0,0,0,0,0
61603,1,1,1996,0,0,0,0,0,0,0,0,0,0
61604,1,1,1996,0,0,0,0,0,0,0,0,0,0
61604,2,1,1996,2,2,2,2,2,2,2,2,2,2
61605,1,1,1996,16,16,16,16,16,16,16,16,16,16
61605,2,1,1996,0,0,0,0,0,0,15,0,0,0
61605,3,1,1996,0,0,0,0,0,0,0,0,0,0
61606,1,1,1996,0,0,0,0,0,0,0,0,0,0
61606,2,1,1996,0,0,0,0,0,0,0,0,0,0
61607,0,1,1996,0,0,0,0,0,0,0,0,0,0
61607,1,1,1996,3,3,3,3,3,3,3,3,3,3
61608,0,1,1996,0,0,0,0,0,0,0,0,0,0
61608,1,1,1996,0,0,0,0,0,0,0,0,0,0
61609,0,1,1996,0,0,0,0,0,0,0,0,0,0
61609,1,1,1996,0,0,0,14,0,25,0,0,0,27
61610,1,1,1996,7,7,7,7,7,7,7,7,7,7
61611,1,1,1996,9,9,9,9,9,9,9,9,9,9
61612,1,1,1996,0,16,0,0,8,7,0,20,0,0
61613,0,1,1996,0,0,0,0,0,0,0,0,0,0
61613,1,1,1996,0,0,0,0,0,0,0,0,0,0
61614,0,1,1996,0,0,0,0,0,0,0,0,0,0
61614,1,1,1996,0,0,0,0,0,0,0,0,0,0
61615,1,1,1996,0,0,0,0,0,0,0,0,0,0
61616,1,1,1996,0,0,0,0,0,0,0,0,0,0
61616,2,1,1996,0,0,0,0,0,0,0,0,0,0
61616,3,1,1996,0,0,0,0,0,0,0,0,0,0
61617,1,1,1996,0,0,0,0,0,0,0,0,0,0
61617,2,1,1996,0,0,0,0,0,0,0,0,0,0
61618,1,1,1996,6,6,6,6,6,6,6,6,6,6
61618,2,1,1996,0,0,0,0,0,0,0,0,0,0
61619,1,1,1996,6,6,6,6,6,6,6,6,6,6
61620,1,1,1996,17,17,17,17,17,17,17,17,17,17
61621,1,1,1996,29,29,29,29,29,29,29,29,29,29
61621,2,1,1996,0,0,0,0,0,0,0,0,0,0
61622,0,1,1996,0,0,0,0,0,0,0,0,0,0
61622,1,1,1996,0,0,0,0,0,0,0,0,0,0
61623,1,1,1996,13,13,13,13,13,13,13,13,13,13
61624,1,1,1996,24,24,24,24,24,24,24,24,24,24
61625,0,1,1996,20,20,20,20,20,20,20,20,20,20
61625,1,1,1996,0,8,7,14,0,0,0,0,0,7
61625,2,1,1996,0,8,0,0,0,10,0,0,0,6
61625,3,1,1996,0,0,0,0,0,8,5,0,0,0
61625,4,1,1996,12,17,0,0,0,0,0,0,0,0
61626,1,1,1996,0,0,0,0,0,0,0,0,0,0
61626,2,1,1996,0,0,0,0,0,0,0,0,0,0
61627,0,1,1996,0,0,0,0,31,0,0,34,0,0
61627,1,1,1996,0,0,0,0,0,0,0,0,0,0
61628,1,1,1996,0,0,0,0,0,0,0,0,0,0
61628,2,1,1996,0,0,14,0,0,0,0,0,0,0
61628,3,1,1996,0,12,0,16,6,0,0,0,0,0
61629,1,1,1996,0,0,0,0,0,0,0,0,0,0
61629,2,1,1996,0,0,0,0,0,0,0,0,0,0
61630,1,1,1996,0,0,0,0,0,0,0,0,0,0
61630,2,1,1996,0,0,0,0,0,0,0,0,0,0
61631,1,1,1996,0,0,0,0,0,0,0,0,0,0
61632,1,1,1996,0,0,0,0,0,0,0,0,0,0
61632,2,1,1996,0,0,0,0,0,0,0,0,0,0
61633,0,1,1996,0,0,0,0,0,0,0,0,0,0
61633,1,1,1996,0,0,0,0,0,0,0,0,0,0
61634,1,1,1996,0,0,0,0,0,0,0,0,0,17
61635,1,1,1996,0,0,0,0,0,0,0,0,0,0
61636,0,1,1996,0,0,0,0,0,0,0,0,0,0
61636,1,1,1996,0,0,0,0,0,0,0,0,0,0
61637,1,1,1996,0,0,0,0,0,0,0,0,0,0
61638,0,1,1996,29,24,31,0,18,31,0,20,19,11
61638,1,1,1996,12,0,5,0,8,12,9,10,29,15
61639,0,1,1996,23,18,0,15,0,0,0,0,0,0
61639,1,1,1996,0,0,0,0,0,0,0,0,12,0
61640,0,1,1996,0,0,0,0,0,0,0,0,0,0
61640,1,1,1996,0,0,0,0,0,0,0,0,0,0
61641,1,1,1996,0,0,0,0,0,0,0,0,0,0
61641,2,1,1996,0,0,0,0,0,0,0,0,0,0
61642,1,1,1996,0,0,0,0,0,0,0,0,0,0
61642,2,1,1996,0,0,0,0,0,0,0,0,0,0
61643,0,1,1996,0,0,0,0,0,0,0,0,0,0
61643,1,1,1996,0,0,0,0,0,0,0,18,7,0
61644,0,1,1996,4,4,4,4,4,4,4,4,4,4
61644,1,1,1996,0,0,0,0,0,0,0,0,0,0
61645,1,1,1996,10,10,10,10,10,10,10,10,10,10
61646,1,1,1996,0,0,0,0,0,0,0,0,0,0
61646,2,1,1996,0,0,0,0,0,0,0,0,0,0
61647,0,1,1996,0,0,0,0,0,0,0,0,0,0
61647,1,1,1996,0,0,0,0,0,0,0,0,0,0
61648,1,1,1996,20,20,20,20,20,20,20,20,20,20
61649,1,1,1996,11,0,0,0,0,0,0,0,0,0
61649,2,1,1996,2,2,2,2,2,2,2,2,2,2
61649,3,1,1996,0,0,0,0,0,10,0,0,0,0
61650,1,1,1996,35,35,35,35,35,35,35,35,35,35
61651,1,1,1996,7,7,7,7,7,7,7,7,7,7
61652,1,1,1996,15,15,15,15,15,15,15,15,15,15
61653,1,1,1996,0,0,0,0,0,0,0,0,0,0
61654,1,1,1996,0,0,0,0,0,0,0,0,0,0
61654,2,1,1996,0,0,0,0,0,0,0,0,0,0
61655,1,1,1996,0,0,0,0,0,0,0,0,0,0
61655,2,1,1996,0,0,0,0,0,0,0,0,0,0
61656,1,1,1996,0,0,0,0,0,0,0,0,0,0
61657,1,1,1996,0,0,0,0,0,0,0,0,0,0
61658,1,1,1996,0,0,0,0,0,0,0,0,0,0
61658,2,1,1996,0,0,0,0,0,0,0,0,0,0
61659,1,1,1996,0,0,0,0,0,0,0,0,0,0
61660,1,1,1996,0,0,0,0,0,0,0,0,0,0
61661,1,1,1996,17,17,17,17,17,17,17,17,17,17
61662,1,1,1996,13,13,13,13,13,13,13,13,13,13
61663,1,1,1996,38,38,38,38,38,38,38,38,38,38
61664,1,1,1996,16,16,16,16,16,16,16,16,16,16
61665,1,1,1996,0,0,0,0,15,0,0,9,0,0
61665,2,1,1996,9,9,9,9,9,9,9,9,9,9
61666,1,1,1996,18,18,18,18,18,18,18,18,18,18
61667,1,1,1996,0,0,0,0,0,0,0,0,0,0
61668,0,1,1996,0,0,0,0,0,0,0,0,0,0
61668,1,1,1996,0,0,0,0,0,0,0,0,0,0
61669,0,1,1996,0,0,0,0,0,0,0,0,0,0
61669,0,2,1996,0,0,0,0,0,0,0,0,0,0
61669,1,1,1996,0,0,0,0,0,0,0,0,0,0
61670,1,1,1996,18,0,15,0,15,0,12,17,19,0
61670,2,1,1996,0,0,0,0,0,0,0,0,0,0
61670,3,1,1996,0,0,0,0,0,0,24,0,13,0
61670,4,1,1996,0,0,0,0,0,0,0,0,0,0
61671,1,1,1996,0,0,0,0,0,0,0,0,0,0
61672,1,1,1996,17,17,17,17,17,17,17,17,17,17
61673,1,1,1996,12,12,12,12,12,12,12,12,12,12
61674,1,1,1996,4,4,4,4,4,4,4,4,4,4
61675,1,1,1996,5,5,5,5,5,5,5,5,5,5
61675,2,1,1996,0,0,0,0,0,0,0,0,0,0
61675,3,1,1996,0,0,0,0,0,0,0,0,0,0
61675,4,1,1996,0,0,0,0,0,0,0,0,0,0
61676,1,1,1996,0,0,0,0,0,0,0,0,0,0
61676,2,1,1996,16,16,16,16,16,16,16,16,16,16
61677,0,1,1996,0,0,0,0,0,0,0,0,0,0
61677,1,1,1996,0,0,0,0,0,0,0,0,0,0
61678,1,1,1996,7,7,7,7,7,7,7,7,7,7
61678,2,1,1996,0,0,0,0,0,0,0,0,0,0
61678,3,1,1996,0,0,0,0,0,0,0,0,0,0
61679,1,1,1996,0,0,0,0,0,0,0,0,0,0
61679,2,1,1996,0,0,0,0,0,0,0,0,0,0
61679,3,1,1996,0,0,0,0,0,0,0,0,0,0
61680,1,1,1996,3,3,3,3,3,3,3,3,3,3
61681,1,1,1996,0,0,0,0,0,0,0,0,0,0
61681,2,1,1996,0,0,0,0,0,0,0,0,0,0
61682,1,1,1996,0,0,0,0,0,0,0,0,0,0
61682,2,1,1996,0,0,0,0,0,0,0,0,0,0
61683,0,1,1996,0,0,0,0,0,0,0,0,0,0
61683,1,1,1996,0,0,0,0,0,0,0,0,0,0
61684,0,1,1996,7,7,7,7,7,7,7,7,7,7
61684,1,1,1996,0,2,0,0,0,0,3,0,12,0
61685,1,1,1996,13,13,13,13,13,13,13,13,13,13
61685,2,1,1996,0,0,0,0,0,0,0,0,0,0
61686,1,1,1996,0,0,0,0,0,0,0,0,0,0
61686,2,1,1996,0,0,0,0,0,0,0,0,0,0
61686,3,1,1996,13,0,0,0,0,0,0,0,0,0
61687,1,1,1996,11,11,11,11,11,11,11,11,11,11
61687,2,1,1996,0,0,0,0,0,0,0,0,0,0
61687,3,1,1996,0,0,0,0,0,0,0,0,0,0
61688,1,1,1996,0,0,0,0,0,0,0,0,0,0
61688,2,1,1996,0,0,0,0,0,0,0,0,0,0
61689,0,1,1996,0,12,0,0,0,0,0,0,0,0
61689,1,1,1996,0,0,0,0,0,0,0,0,0,0
61690,0,1,1996,35,35,35,35,35,35,35,35,35,35
61690,1,1,1996,0,0,0,0,0,0,0,0,0,0
61691,0,1,1996,0,0,0,0,0,0,0,0,0,0
61691,1,1,1996,0,0,0,0,0,0,0,0,0,0
61692,0,1,1996,0,0,0,0,0,0,0,0,0,0
61692,1,1,1996,0,0,0,0,0,0,0,0,0,0
61693,1,1,1996,0,0,0,0,0,0,0,0,0,0
61693,2,1,1996,0,0,0,0,0,0,0,0,0,0
61694,1,1,1996,26,26,26,26,26,26,26,26,26,26
61695,0,1,1996,6,0,0,17,5,0,0,20,0,0
61695,1,1,1996,0,0,0,0,8,0,0,0,0,0
61696,1,1,1996,16,4,22,19,22,5,26,2,14,13
61696,2,1,1996,0,0,0,0,0,0,0,0,0,0
61697,1,1,1996,12,12,12,12,12,12,12,12,12,12
61697,2,1,1996,7,7,7,7,7,7,7,7,7,7
61698,1,1,1996,9,9,9,9,9,9,9,9,9,9
61698,2,1,1996,0,0,0,0,0,0,0,0,0,0
61699,1,1,1996,0,0,14,0,0,30,0,0,0,24
61700,1,1,1996,0,0,0,0,0,0,0,0,0,0
61701,0,1,1996,0,0,0,0,0,0,0,0,0,0
61701,1,1,1996,0,0,0,0,0,0,0,0,2,0
61702,0,1,1996,17,17,17,17,17,17,17,17,17,17
61702,1,1,1996,0,0,0,0,0,0,0,0,0,0
61703,1,1,1996,0,0,0,0,0,0,0,0,0,0
61703,2,1,1996,0,0,0,0,0,0,0,0,0,0
61704,1,1,1996,37,37,37,37,37,37,37,37,37,37
61704,2,1,1996,0,0,0,0,0,0,0,0,0,0
61705,1,1,1996,0,0,0,0,0,0,0,0,0,0
61705,2,1,1996,0,0,0,0,0,0,0,0,0,0
61706,1,1,1996,0,0,0,0,0,0,0,0,0,0
61706,2,1,1996,0,0,0,0,0,0,0,0,0,0
61707,0,1,1996,0,0,0,0,0,0,0,0,0,0
61707,0,2,1996,0,0,0,0,0,0,0,0,0,0
61707,0,3,1996,0,0,10,0,2,0,0,0,0,8
61707,0,4,1996,0,0,0,0,0,0,0,0,0,0
61707,1,1,1996,14,0,10,24,0,0,0,0,0,0
61708,1,1,1996,0,0,0,0,0,0,0,0,0,0
61709,1,1,1996,0,0,0,0,0,0,0,0,0,0
61709,2,1,1996,0,0,0,0,0,0,0,0,0,0
61710,1,1,1996,0,0,0,0,0,0,0,0,19,0
61711,0,1,1996,0,0,0,0,0,0,0,0,0,0
61711,1,1,1996,0,0,0,0,0,0,0,0,0,0
61712,0,1,1996,0,22,0,5,0,25,0,16,33,8
61712,0,2,1996,0,0,0,0,0,0,0,0,0,0
61712,1,1,1996,14,14,14,14,14,14,14,14,14,14
61713,1,1,1996,23,23,23,23,23,23,23,23,23,23
61713,2,1,1996,0,0,0,0,0,0,0,0,0,0
61713,3,1,1996,0,0,0,0,15,31,0,0,0,0
61714,1,1,1996,20,20,20,20,20,20,20,20,20,20
61715,1,1,1996,0,0,0,0,9,0,0,0,0,0
61716,1,1,1996,24,24,24,24,24,24,24,24,24,24
61717,1,1,1996,0,0,0,0,0,3,5,13,0,0
61718,0,1,1996,0,0,0,0,0,0,0,0,0,0
61718,0,2,1996,0,0,0,0,0,0,0,0,0,0
61718,0,3,1996,0,0,0,0,0,0,0,0,0,0
61718,1,1,1996,0,0,0,0,0,20,14,34,0,34
61719,1,1,1996,3,3,3,3,3,3,3,3,3,3
61720,1,1,1996,0,0,0,0,0,0,0,0,0,0
61721,1,1,1996,7,7,7,7,7,7,7,7,7,7
61721,2,1,1996,0,0,0,17,0,0,0,0,0,0
61722,1,1,1996,0,0,0,0,0,0,0,0,0,0
61722,2,1,1996,0,0,0,12,0,0,0,0,0,0
61723,1,1,1996,19,19,19,19,19,19,19,19,19,19
61724,0,1,1996,0,0,0,0,0,0,0,0,0,0
61724,1,1,1996,18,18,18,18,18,18,18,18,18,18
61725,1,1,1996,13,13,13,13,13,13,13,13,13,13
61725,2,1,1996,0,0,0,0,0,0,0,0,0,0
61726,1,1,1996,27,5,7,20,12,9,21,15,16,22
61726,2,1,1996,0,0,0,0,0,0,0,0,0,0
61727,1,1,1996,0,0,0,0,0,0,0,0,0,0
61727,2,1,1996,0,0,0,0,0,0,0,0,0,0
61728,1,1,1996,0,0,0,0,0,0,15,0,0,0
61729,1,1,1996,0,0,0,0,0,0,0,0,0,0
61729,2,1,1996,0,0,0,0,0,0,0,0,0,0
61730,0,1,1996,0,0,0,0,0,0,0,0,0,0
61730,1,1,1996,0,0,0,0,0,0,0,0,0,0
61731,1,1,1996,0,0,0,0,0,11,11,0,0,0
61731,2,1,1996,0,0,0,0,0,0,0,0,0,0
61731,3,1,1996,0,0,0,0,0,0,0,0,18,0
61731,4,1,1996,8,0,0,0,0,0,0,0,0,0
61732,1,1,1996,18,18,18,18,18,18,18,18,18,18
61732,2,1,1996,0,0,0,0,0,0,0,0,0,0
61733,1,1,1996,24,24,24,24,24,24,24,24,24,24
61734,1,1,1996,0,0,0,0,0,0,0,0,0,0
61734,2,1,1996,0,0,0,0,0,0,0,0,0,0
61735,0,1,1996,0,0,0,0,0,0,0,0,0,0
61735,1,1,1996,0,14,0,0,0,0,0,0,0,0
61736,1,1,1996,27,22,27,15,15,8,13,23,18,19
61736,2,1,1996,0,33,0,17,0,0,0,22,0,0
61737,1,1,1996,0,0,0,0,0,0,0,0,0,0
61737,2,1,1996,0,10,0,0,0,0,0,0,0,0
61738,1,1,1996,12,12,12,12,12,12,12,12,12,12
61739,0,1,1996,0,0,0,0,0,0,0,0,0,0
61739,1,1,1996,14,0,9,0,0,5,0,0,0,0
61739,2,1,1996,0,0,0,0,0,0,0,0,0,0
61740,1,1,1996,10,10,10,10,10,10,10,10,10,10
61740,2,1,1996,14,14,14,14,14,14,14,14,14,14
61741,1,1,1996,24,24,24,24,24,24,24,24,24,24
61741,2,1,1996,7,7,7,7,7,7,7,7,7,7
61742,0,1,1996,0,0,0,0,0,0,0,0,0,0
61742,1,1,1996,0,0,0,0,0,0,0,0,0,0
61743,0,1,1996,0,0,0,0,0,0,0,0,0,0
61743,0,2,1996,0,0,0,0,0,7,12,23,0,0
61743,0,3,1996,0,0,0,0,0,0,0,0,0,0
61743,1,1,1996,0,0,0,0,0,0,0,0,0,0
61743,2,1,1996,0,0,0,0,0,0,0,0,0,0
61744,1,1,1996,0,0,0,0,0,0,0,0,0,0
61744,2,1,1996,0,0,0,0,0,0,0,0,0,0
61745,1,1,1996,0,0,0,0,0,0,0,0,0,0
61745,2,1,1996,0,0,0,0,0,0,0,0,0,0
61746,0,1,1996,23,23,23,23,23,23,23,23,23,23
61746,1,1,1996,0,0,0,0,0,0,0,0,0,0
61747,0,1,1996,0,0,0,0,0,0,0,0,0,0
61747,1,1,1996,0,0,0,0,0,0,0,0,0,0
61748,1,1,1996,10,31,0,0,0,13,0,0,18,0
61749,1,1,1996,8,8,8,8,8,8,8,8,8,8
61750,1,1,1996,0,0,0,0,0,0,0,0,0,0
61750,2,1,1996,0,0,0,0,0,0,0,0,0,0
61750,3,1,1996,0,0,0,0,0,0,0,0,0,0
61751,1,1,1996,15,15,15,15,15,15,15,15,15,15
61751,2,1,1996,0,0,0,0,0,0,0,0,0,0
61752,0,1,1996,0,0,0,0,0,0,0,0,0,0
61752,1,1,1996,0,0,0,0,0,0,0,0,0,0
61753,0,1,1996,24,29,20,20,50,12,9,17,20,28
61753,1,1,1996,28,0,0,20,0,0,0,22,0,0
61754,0,1,1996,0,0,0,0,0,0,0,0,0,0
61754,1,1,1996,0,0,0,0,0,0,0,0,0,0
61755,0,1,1996,0,0,0,0,0,0,0,0,0,0
61755,1,1,1996,0,0,0,0,0,0,0,0,0,0
61756,1,1,1996,28,28,28,28,28,28,28,28,28,28
61757,1,1,1996,9,9,9,9,9,9,9,9,9,9
61758,1,1,1996,27,27,27,27,27,27,27,27,27,27
61759,1,1,1996,0,0,0,0,0,0,0,0,0,0
61759,2,1,1996,0,0,9,0,0,0,0,3,15,0
61759,3,1,1996,0,0,0,0,0,0,0,0,0,0
61760,1,1,1996,0,0,0,0,0,0,0,0,0,0
61760,2,1,1996,0,0,0,0,0,0,0,0,0,0
61761,1,1,1996,4,4,4,4,4,4,4,4,4,4
61761,2,1,1996,0,0,0,0,0,0,0,0,0,0
61761,3,1,1996,0,0,0,0,0,0,0,0,0,0
61762,0,1,1996,0,0,0,0,0,0,0,0,0,0
61762,1,1,1996,0,0,0,0,0,0,0,0,0,0
61763,1,1,1996,15,15,15,15,15,15,15,15,15,15
61764,0,1,1996,13,0,23,15,0,12,25,16,23,0
61764,1,1,1996,0,27,0,0,0,10,23,0,0,0
61765,0,1,1996,0,0,0,0,0,0,0,0,0,0
61765,1,1,1996,0,0,0,0,0,0,0,0,0,0
61766,1,1,1996,0,0,0,0,0,0,0,0,0,0
61766,2,1,1996,0,0,0,0,0,0,0,0,0,0
61767,0,1,1996,0,0,0,0,0,0,0,0,0,0
61767,1,1,1996,0,0,0,0,0,0,0,0,0,0
61768,1,1,1996,0,0,0,0,0,0,0,0,0,0
61768,2,1,1996,0,0,0,0,0,0,0,0,0,0
61769,0,1,1996,0,0,0,0,0,0,0,0,0,0
61769,1,1,1996,0,0,0,0,0,0,0,0,0,0
61770,1,1,1996,0,9,0,0,0,0,0,0,0,0
61770,2,1,1996,0,0,0,0,0,0,0,0,0,0
61771,1,1,1996,10,10,10,10,10,10,10,10,10,10
61771,2,1,1996,7,7,7,7,7,7,7,7,7,7
61772,1,1,1996,0,0,0,0,0,0,0,0,0,0
61772,2,1,1996,0,0,0,0,0,0,0,0,0,0
61773,0,1,1996,5,0,0,35,14,0,30,17,19,0
61773,1,1,1996,0,0,0,0,0,0,0,0,0,0
61774,0,1,1996,0,0,0,0,0,0,0,0,0,0
61774,1,1,1996,0,0,0,0,0,0,0,0,0,0
61775,0,1,1996,0,0,0,0,0,0,0,0,0,0
61775,1,1,1996,0,0,0,0,0,0,0,0,0,0
61776,1,1,1996,0,0,0,0,0,0,0,0,0,0
61777,1,1,1996,0,0,0,0,0,0,0,0,0,0
61777,2,1,1996,0,0,0,0,0,0,0,0,0,0
61777,3,1,1996,0,0,0,0,0,0,0,0,0,0
61777,4,1,1996,0,0,0,0,0,0,0,0,0,0
61777,5,1,1996,0,0,0,0,0,0,0,0,0,0
61778,0,1,1996,0,0,0,0,0,0,0,0,0,0
61778,1,1,1996,0,0,0,0,0,0,0,0,0,0
61779,0,1,1996,32,32,32,32,32,32,32,32,32,32
61779,1,1,1996,0,0,0,0,0,0,0,0,0,0
61780,1,1,1996,27,27,27,27,27,27,27,27,27,27
61781,1,1,1996,25,25,25,25,25,25,25,25,25,25
61781,2,1,1996,0,0,0,0,0,0,0,0,0,0
61781,3,1,1996,12,0,0,0,0,0,0,0,0,0
61782,1,1,1996,0,0,0,0,0,0,0,0,0,0
61783,1,1,1996,0,0,0,0,0,0,0,0,0,0
61784,0,1,1996,0,0,0,0,0,0,0,0,0,0
61784,1,1,1996,18,0,0,0,0,0,0,0,0,0
61785,0,1,1996,0,0,0,0,16,0,0,0,0,0
61785,1,1,1996,0,0,0,0,0,0,0,0,0,0
61786,0,1,1996,16,16,16,16,16,16,16,16,16,16
61786,1,1,1996,0,0,0,0,0,0,0,0,0,0
61787,0,1,1996,10,10,10,10,10,10,10,10,10,10
61787,1,1,1996,0,0,0,0,0,0,0,0,0,0
61788,1,1,1996,7,7,7,7,7,7,7,7,7,7
61789,1,1,1996,0,0,16,0,0,0,0,0,0,0
61790,1,1,1996,0,0,0,0,0,0,0,0,0,0
61790,2,1,1996,0,0,0,0,0,0,0,0,0,0
61791,1,1,1996,15,0,0,0,0,20,0,0,0,0
61792,1,1,1996,0,0,0,0,0,0,0,0,0,0
61792,2,1,1996,6,0,0,0,0,0,0,0,0,0
61793,1,1,1996,0,0,0,0,0,0,0,0,0,0
61794,1,1,1996,13,17,25,0,0,14,0,0,0,0
61795,1,1,1996,0,0,0,0,0,0,0,0,0,0
61796,0,1,1996,16,16,16,16,16,16,16,16,16,16
61796,1,1,1996,0,0,0,0,0,0,0,0,0,0
61797,1,1,1996,14,14,14,14,14,14,14,14,14,14
61798,0,1,1996,32,32,32,32,32,32,32,32,32,32
61798,1,1,1996,0,0,0,0,0,0,0,0,0,0
61799,1,1,1996,13,13,13,13,13,13,13,13,13,13
61800,1,1,1996,0,0,0,0,0,0,0,0,0,0
61801,1,1,1996,0,0,0,0,0,0,0,0,0,0
61801,2,1,1996,0,0,0,0,0,0,0,0,0,0
61802,1,1,1996,0,0,0,0,0,0,0,0,0,0
61802,2,1,1996,0,0,0,0,0,0,0,0,0,0
61803,1,1,1996,0,0,0,0,0,0,0,0,0,0