ST_CASE,VEH_NO,PER_NO,YEAR,P1,P2,P3,P4,P5,P6,P7,P8,P9,P10
61803,2,1,1996,0,0,0,0,0,0,0,0,0,0
61804,1,1,1996,0,0,0,0,0,0,0,0,0,0
61804,2,1,1996,0,0,0,0,0,0,0,0,0,0
61805,0,1,1996,0,0,0,0,0,0,0,0,0,0
61805,1,1,1996,0,0,0,0,0,6,0,0,0,0
61806,1,1,1996,0,0,0,0,0,0,0,0,0,0
61806,2,1,1996,13,0,0,0,0,0,0,0,0,6
61807,1,1,1996,24,24,24,24,24,24,24,24,24,24
61807,2,1,1996,0,19,0,0,0,0,0,0,0,0
61808,1,1,1996,20,20,20,20,20,20,20,20,20,20
61809,1,1,1996,11,11,11,11,11,11,11,11,11,11
61810,1,1,1996,10,10,10,10,10,10,10,10,10,10
61810,2,1,1996,0,0,0,0,0,0,0,0,0,0
61811,0,1,1996,11,11,11,11,11,11,11,11,11,11
61811,0,2,1996,26,27,30,14,47,23,32,16,10,33
61811,1,1,1996,4,4,4,4,4,4,4,4,4,4
61812,1,1,1996,23,23,23,23,23,23,23,23,23,23
61813,1,1,1996,0,0,0,0,0,0,0,0,0,0
61813,2,1,1996,0,0,0,0,0,0,0,0,0,0
61814,0,1,1996,0,0,0,0,0,0,0,0,0,0
61814,1,1,1996,0,0,0,0,0,0,0,0,0,0
61815,1,1,1996,0,0,0,0,0,0,0,0,0,0
61815,2,1,1996,0,0,0,0,0,0,0,0,0,0
61816,0,1,1996,0,0,0,0,0,0,0,0,0,0
61816,1,1,1996,0,0,0,0,0,0,11,0,0,0
61817,1,1,1996,0,0,0,0,0,0,0,0,0,0
61818,1,1,1996,0,0,0,0,0,0,0,0,0,0
61819,0,1,1996,0,0,0,0,0,0,0,0,0,0
61819,0,2,1996,0,0,0,0,0,0,0,0,0,0
61819,0,3,1996,0,0,0,20,0,10,20,0,0,9
61819,0,4,1996,0,0,27,0,15,0,0,17,2,0
61819,0,5,1996,0,19,0,0,0,0,0,0,0,0
61819,1,1,1996,0,0,0,0,0,0,0,0,0,0
61819,2,1,1996,0,0,0,0,0,0,0,0,0,0
61820,1,1,1996,0,0,0,0,0,0,0,0,0,0
61820,2,1,1996,0,0,0,0,0,0,9,0,0,31
61820,3,1,1996,0,14,0,0,0,0,20,3,0,7
61820,4,1,1996,19,7,0,0,18,0,0,0,16,0
61820,5,1,1996,0,0,0,0,0,0,0,0,15,28
61821,1,1,1996,0,0,0,0,0,0,0,0,0,0
61821,2,1,1996,0,0,0,0,0,0,0,0,0,0
61822,1,1,1996,24,24,24,24,24,24,24,24,24,24
61823,0,1,1996,0,0,0,0,0,0,0,0,0,0
61823,1,1,1996,0,0,0,0,0,8,0,0,0,0
61824,1,1,1996,0,0,0,0,0,0,0,0,0,23
61824,2,1,1996,0,0,0,0,0,0,0,0,0,0
61825,1,1,1996,17,17,17,17,17,17,17,17,17,17
61826,1,1,1996,0,0,0,0,0,0,0,0,0,0
61826,2,1,1996,0,0,0,0,0,0,0,0,0,0
61827,0,1,1996,0,0,0,0,0,0,0,0,0,0
61827,1,1,1996,0,0,0,0,0,0,0,0,0,0
61828,0,1,1996,0,0,0,0,0,0,0,0,0,0
61828,1,1,1996,0,0,0,0,28,0,29,0,0,0
61828,2,1,1996,0,0,0,0,0,0,0,0,0,0
61829,1,1,1996,28,28,28,28,28,28,28,28,28,28
61830,0,1,1996,0,0,0,0,0,0,0,0,0,0
61830,1,1,1996,0,0,0,0,0,0,0,0,0,0
61831,1,1,1996,0,0,0,0,0,0,0,0,0,0
61831,2,1,1996,0,0,0,0,0,0,0,0,0,0
61832,1,1,1996,0,0,0,0,0,0,0,0,0,0
61832,2,1,1996,8,0,0,0,0,0,0,0,0,0
61832,3,1,1996,0,0,0,0,0,0,0,0,0,0
61833,0,1,1996,0,0,0,0,0,0,0,0,0,0
61833,1,1,1996,0,0,0,0,0,0,0,0,0,0
61834,1,1,1996,17,17,17,17,17,17,17,17,17,17
61834,2,1,1996,0,0,0,0,0,9,0,0,0,0
61835,1,1,1996,0,0,0,0,0,0,0,0,0,0
61835,2,1,1996,0,0,0,0,0,0,0,0,0,0
61836,1,1,1996,42,42,42,42,42,42,42,42,42,42
61837,1,1,1996,25,25,25,25,25,25,25,25,25,25
61838,1,1,1996,0,0,0,0,0,0,0,0,0,0
61839,1,1,1996,0,0,0,0,0,0,0,0,0,0
61840,1,1,1996,22,22,22,22,22,22,22,22,22,22
61841,1,1,1996,0,0,0,0,0,0,0,0,0,0
61842,1,1,1996,14,14,14,14,14,14,14,14,14,14
61843,1,1,1996,0,0,0,0,0,0,0,0,0,0
61844,1,1,1996,0,0,0,0,0,0,0,0,0,0
61844,2,1,1996,0,0,0,0,0,0,0,0,4,0
61845,1,1,1996,0,0,0,0,0,0,0,0,0,0
61846,1,1,1996,0,0,0,0,0,0,0,0,0,0
61847,1,1,1996,33,33,33,33,33,33,33,33,33,33
61848,1,1,1996,0,0,0,0,0,0,0,0,0,7
61849,1,1,1996,51,51,51,51,51,51,51,51,51,51
61850,1,1,1996,0,0,0,0,0,0,0,0,0,0
61850,2,1,1996,0,0,0,0,0,0,0,0,0,0
61850,3,1,1996,0,0,0,0,0,0,0,0,0,0
61851,1,1,1996,0,0,0,0,0,0,0,0,0,0
61852,1,1,1996,0,0,0,0,0,0,0,0,0,0
61853,1,1,1996,0,0,0,0,0,0,0,0,0,0
61854,1,1,1996,0,0,0,0,0,0,0,0,0,0
61854,2,1,1996,0,0,0,0,0,0,0,0,0,0
61855,0,1,1996,20,20,20,20,20,20,20,20,20,20
61855,1,1,1996,11,10,0,17,0,0,0,10,9,4
61856,1,1,1996,0,0,0,0,0,0,0,0,0,0
61856,2,1,1996,7,7,7,7,7,7,7,7,7,7
61857,1,1,1996,0,0,0,0,0,0,0,0,0,0
61857,2,1,1996,0,0,0,0,0,0,0,0,0,0
61858,0,1,1996,0,0,0,0,0,0,0,0,0,0
61858,1,1,1996,0,0,11,0,0,0,0,0,0,0
61859,1,1,1996,14,14,14,14,14,14,14,14,14,14
61860,1,1,1996,10,10,10,10,10,10,10,10,10,10
61861,0,1,1996,13,13,13,13,13,13,13,13,13,13
61861,1,1,1996,9,19,9,0,0,7,0,17,0,6
61862,1,1,1996,0,0,0,0,0,0,0,0,0,0
61862,2,1,1996,0,6,0,7,0,0,0,0,0,0
61863,1,1,1996,14,14,14,14,14,14,14,14,14,14
61864,0,1,1996,32,32,32,32,32,32,32,32,32,32
61864,1,1,1996,0,0,0,0,0,0,0,0,0,0
61864,2,1,1996,0,0,0,7,33,7,0,0,10,0
61865,0,1,1996,19,19,19,19,19,19,19,19,19,19
61865,1,1,1996,0,0,0,0,0,0,0,0,0,0
61866,0,1,1996,10,10,10,10,10,10,10,10,10,10
61866,1,1,1996,0,0,0,0,9,0,0,0,0,0
61867,1,1,1996,0,0,0,0,17,0,0,11,0,0
61868,1,1,1996,0,0,0,0,0,0,0,0,0,0
61868,2,1,1996,0,0,0,0,0,0,0,0,0,0
61869,1,1,1996,0,0,0,0,0,0,0,0,0,0
61870,1,1,1996,21,21,21,21,21,21,21,21,21,21
61871,1,1,1996,0,0,0,0,0,0,0,0,0,0
61872,1,1,1996,3,3,3,3,3,3,3,3,3,3
61872,2,1,1996,0,0,0,0,0,0,0,0,0,0
61872,3,1,1996,0,0,0,0,0,0,0,0,0,0
61873,0,1,1996,15,15,15,15,15,15,15,15,15,15
61873,1,1,1996,0,0,0,0,0,0,0,0,0,0
61874,1,1,1996,0,0,0,0,0,0,0,0,0,0
61875,1,1,1996,0,0,0,0,0,0,0,0,0,0
61876,1,1,1996,0,0,0,0,0,0,0,0,0,0
61877,1,1,1996,0,0,0,0,0,0,0,0,0,0
61878,1,1,1996,20,20,20,20,20,20,20,20,20,20
61879,1,1,1996,2,2,2,2,2,2,2,2,2,2
61880,0,1,1996,0,0,0,0,0,0,0,0,0,0
61880,0,2,1996,0,0,0,0,0,0,0,0,0,0
61880,1,1,1996,0,0,18,6,0,0,0,0,0,0
61881,0,1,1996,0,0,0,0,0,0,0,0,0,0
61881,1,1,1996,0,0,0,0,0,0,0,0,0,0
61882,1,1,1996,21,21,21,21,21,21,21,21,21,21
61883,1,1,1996,0,0,0,0,0,0,0,0,0,0
61884,0,1,1996,17,0,15,0,0,10,0,0,15,0
61884,1,1,1996,0,0,0,0,0,0,0,0,0,0
61885,1,1,1996,0,0,0,0,0,0,0,0,0,0
61886,1,1,1996,0,0,0,0,0,0,0,0,0,0
61886,2,1,1996,31,31,31,31,31,31,31,31,31,31
61887,1,1,1996,0,0,0,0,0,0,0,0,0,0
61887,2,1,1996,0,0,0,0,0,0,0,0,0,0
61887,3,1,1996,0,0,0,0,0,0,0,0,0,0
61887,4,1,1996,0,0,0,0,0,0,0,0,0,0
61888,1,1,1996,0,0,0,0,0,0,0,0,0,0
61888,2,1,1996,0,0,0,0,0,0,0,0,0,0
61889,1,1,1996,0,0,0,0,0,0,0,0,0,0
61891,1,1,1996,6,6,6,6,6,6,6,6,6,6
61892,1,1,1996,0,0,0,0,0,0,0,0,0,0
61893,1,1,1996,0,0,0,0,0,0,0,0,0,0
61893,2,1,1996,0,0,0,0,0,0,0,0,0,0
61893,3,1,1996,0,0,0,0,0,0,0,23,0,0
61894,1,1,1996,0,0,0,0,0,0,0,0,0,0
61894,2,1,1996,0,0,0,0,0,0,0,0,0,0
61895,1,1,1996,26,26,26,26,26,26,26,26,26,26
61896,0,1,1996,0,0,0,0,0,0,0,0,0,0
61896,1,1,1996,0,0,0,0,0,0,0,0,22,0
61897,1,1,1996,0,0,0,0,0,0,0,0,0,0
61898,1,1,1996,13,13,13,13,13,13,13,13,13,13
61899,1,1,1996,0,0,0,0,0,5,0,0,12,0
61900,1,1,1996,26,26,26,26,26,26,26,26,26,26
61901,0,1,1996,19,19,19,19,19,19,19,19,19,19
61901,1,1,1996,0,0,13,0,0,0,0,0,0,0
61902,1,1,1996,12,12,12,12,12,12,12,12,12,12
61902,2,1,1996,0,0,0,0,0,0,0,0,0,0
61903,1,1,1996,0,0,0,0,0,0,0,0,0,0
61903,2,1,1996,0,0,0,0,0,0,0,0,0,0
61903,3,1,1996,0,0,0,0,0,0,0,0,0,0
61904,0,1,1996,31,31,31,31,31,31,31,31,31,31
61904,1,1,1996,1,1,1,1,1,1,1,1,1,1
61905,0,1,1996,0,0,0,0,0,0,0,0,0,0
61905,1,1,1996,9,0,0,0,0,0,0,0,0,0
61906,0,1,1996,16,10,17,7,7,7,29,13,14,19
61906,1,1,1996,0,0,0,0,0,0,0,13,0,0
61907,1,1,1996,6,6,6,6,6,6,6,6,6,6
61907,2,1,1996,0,0,0,0,0,0,0,0,0,0
61908,1,1,1996,0,0,0,0,0,0,0,0,9,0
61908,2,1,1996,0,0,0,0,0,0,0,0,0,0
61909,1,1,1996,0,0,0,0,0,0,0,0,0,0
61909,2,1,1996,0,0,0,0,0,0,0,0,0,0
61910,1,1,1996,0,0,0,0,0,0,0,0,0,0
61911,1,1,1996,17,17,17,17,17,17,17,17,17,17
61912,1,1,1996,0,0,0,0,0,0,0,0,0,0
61913,1,1,1996,0,0,0,0,0,0,0,0,0,0
61914,1,1,1996,12,12,12,12,12,12,12,12,12,12
61915,1,1,1996,0,0,0,0,0,0,0,0,0,8
61915,2,1,1996,0,0,0,0,0,0,0,0,0,0
61916,0,1,1996,4,4,4,4,4,4,4,4,4,4
61916,1,1,1996,24,24,24,24,24,24,24,24,24,24
61917,1,1,1996,24,24,24,24,24,24,24,24,24,24
61918,1,1,1996,18,18,18,18,18,18,18,18,18,18
61918,2,1,1996,0,0,0,0,0,0,0,0,0,0
61919,1,1,1996,0,0,0,0,0,0,0,0,0,0
61919,2,1,1996,15,15,15,15,15,15,15,15,15,15
61919,3,1,1996,0,0,0,0,0,0,0,0,0,0
61919,4,1,1996,0,0,0,0,0,0,28,0,0,0
61920,0,1,1996,0,0,0,0,0,0,0,0,0,0
61921,1,1,1996,0,0,0,0,0,0,0,0,0,0
61921,2,1,1996,0,0,0,0,0,0,0,0,0,0
61921,3,1,1996,0,0,0,0,0,0,0,0,0,0
61922,1,1,1996,0,0,0,0,0,0,0,0,0,0
61923,1,1,1996,12,12,12,12,12,12,12,12,12,12
61924,0,1,1996,21,21,21,21,21,21,21,21,21,21
61924,1,1,1996,0,32,0,10,0,25,12,20,18,26
61925,1,1,1996,3,3,3,3,3,3,3,3,3,3
61926,1,1,1996,0,0,0,0,0,0,0,0,0,0
61927,0,1,1996,39,39,39,39,39,39,39,39,39,39
61927,1,1,1996,0,0,0,0,0,0,0,0,0,0
61927,2,1,1996,0,0,0,15,0,0,0,0,0,0
61928,0,1,1996,2,2,2,2,2,2,2,2,2,2
61928,1,1,1996,9,6,9,5,7,8,0,6,4,6
61929,0,1,1996,0,0,0,0,0,0,0,0,0,0
61929,1,1,1996,0,0,0,0,0,0,0,0,0,0
61930,1,1,1996,0,0,0,0,0,0,0,0,0,0
61930,2,1,1996,0,0,0,0,0,0,0,0,0,0
61931,0,1,1996,0,0,0,0,0,0,0,0,0,0
61931,2,1,1996,0,0,0,0,0,0,0,0,0,0
61931,3,1,1996,0,0,0,0,0,0,0,0,2,0
61932,1,1,1996,20,20,20,20,20,20,20,20,20,20
61933,1,1,1996,7,7,7,7,7,7,7,7,7,7
61934,0,1,1996,0,0,0,0,0,0,0,0,0,0
61934,1,1,1996,0,0,0,0,13,18,0,15,21,23
61934,2,1,1996,0,0,0,0,0,0,0,7,0,0
61935,0,1,1996,0,0,0,0,0,0,0,0,0,0
61935,1,1,1996,0,0,0,0,0,0,0,0,0,0
61936,1,1,1996,0,0,0,0,0,0,25,0,0,0
61937,1,1,1996,0,0,0,0,0,0,0,0,0,0
61938,1,1,1996,0,0,0,0,0,0,0,0,0,0
61939,1,1,1996,8,8,8,8,8,8,8,8,8,8
61940,0,1,1996,5,5,5,5,5,5,5,5,5,5
61940,1,1,1996,0,0,0,0,0,0,0,0,0,0
61941,1,1,1996,0,0,0,0,0,0,0,0,0,0
61942,1,1,1996,0,0,0,0,0,0,0,0,0,0
61943,1,1,1996,0,0,0,0,0,0,0,0,0,0
61944,1,1,1996,0,0,0,0,0,0,0,0,0,0
61944,2,1,1996,0,0,0,0,0,0,0,0,0,0
61945,1,1,1996,18,18,18,18,18,18,18,18,18,18
61946,1,1,1996,0,0,0,0,0,0,0,0,0,0
61947,1,1,1996,0,0,0,0,0,0,0,0,0,0
61948,1,1,1996,0,0,0,0,0,0,0,0,0,0
61949,1,1,1996,19,19,19,19,19,19,19,19,19,19
61950,1,1,1996,1,1,1,1,1,1,1,1,1,1
61950,2,1,1996,0,0,0,0,0,0,0,0,0,0
61951,0,1,1996,15,15,15,15,15,15,15,15,15,15
61951,1,1,1996,15,15,15,15,15,15,15,15,15,15
61952,1,1,1996,0,0,0,0,0,0,0,0,0,0
61953,0,1,1996,0,0,0,0,0,0,0,0,0,0
61953,1,1,1996,27,20,0,0,0,0,0,0,19,0
61953,2,1,1996,16,0,15,10,19,8,0,0,7,23
61954,0,1,1996,6,6,6,6,6,6,6,6,6,6
61954,1,1,1996,0,0,0,0,0,0,0,0,0,0
61955,1,1,1996,0,0,0,0,0,0,0,0,0,19
61956,1,1,1996,15,15,15,15,15,15,15,15,15,15
61957,1,1,1996,9,9,9,9,9,9,9,9,9,9
61958,1,1,1996,20,20,20,20,20,20,20,20,20,20
61958,2,1,1996,0,0,0,0,15,0,0,0,0,0
61959,1,1,1996,19,19,19,19,19,19,19,19,19,19
61960,1,1,1996,0,0,40,0,0,0,0,0,0,0
61960,2,1,1996,0,0,0,0,0,0,0,0,0,0
61961,0,1,1996,0,0,0,10,0,0,12,17,0,0
61961,1,1,1996,20,20,20,20,20,20,20,20,20,20
61961,2,1,1996,0,0,0,0,0,0,0,0,0,0
61962,1,1,1996,0,0,0,0,0,0,0,0,0,0
61962,2,1,1996,0,0,14,0,0,0,0,0,0,0
61963,0,1,1996,41,41,41,41,41,41,41,41,41,41
61963,1,1,1996,0,0,0,0,0,0,0,0,0,0
61964,0,1,1996,0,0,0,0,0,0,0,0,0,0
61964,1,1,1996,0,0,0,0,0,0,0,0,0,0
61965,0,1,1996,0,0,0,0,0,0,0,0,0,0
61965,1,1,1996,0,0,0,10,0,10,0,0,22,0
61966,0,1,1996,14,14,14,14,14,14,14,14,14,14
61966,1,1,1996,0,0,0,0,0,0,0,0,0,0
61967,0,1,1996,0,0,0,0,0,0,0,0,0,0
61967,1,1,1996,0,0,0,0,0,0,0,0,0,0
61968,0,1,1996,31,31,31,31,31,31,31,31,31,31
61968,1,1,1996,0,0,0,0,10,0,0,18,0,5
61969,1,1,1996,2,2,2,2,2,2,2,2,2,2
61970,1,1,1996,0,0,0,0,0,0,0,0,0,0
61970,2,1,1996,0,0,0,0,0,0,0,0,0,0
61971,0,1,1996,0,0,0,0,0,0,0,0,0,0
61971,0,2,1996,0,0,0,3,0,12,0,13,0,6
61971,0,3,1996,0,0,0,0,0,0,0,0,0,0
61971,1,1,1996,0,0,0,0,0,0,0,0,0,0
61972,1,1,1996,0,0,0,0,0,0,0,0,0,0
61972,2,1,1996,0,0,0,0,0,0,0,0,0,0
61973,1,1,1996,27,27,27,27,27,27,27,27,27,27
61974,0,1,1996,19,19,19,19,19,19,19,19,19,19
61974,1,1,1996,0,0,0,12,0,16,10,0,0,0
61975,1,1,1996,0,0,0,0,0,0,0,0,0,0
61976,1,1,1996,0,0,0,0,0,0,0,0,0,0
61976,2,1,1996,0,0,0,0,0,0,0,0,0,0
61977,1,1,1996,0,0,0,0,0,0,0,0,0,0
61977,2,1,1996,0,0,0,0,0,0,0,0,0,0
61978,1,1,1996,14,14,14,14,14,14,14,14,14,14
61979,1,1,1996,8,8,8,8,8,8,8,8,8,8
61980,0,1,1996,17,17,17,17,17,17,17,17,17,17
61980,1,1,1996,0,0,8,0,0,0,0,0,0,0
61981,1,1,1996,22,22,22,22,22,22,22,22,22,22
61982,1,1,1996,15,15,15,15,15,15,15,15,15,15
61982,2,1,1996,0,0,0,0,0,0,0,0,0,0
61983,1,1,1996,23,0,7,0,0,6,0,0,0,17
61984,1,1,1996,0,15,0,0,0,0,0,14,0,0
61985,0,1,1996,0,0,0,0,0,0,0,0,0,0
61985,1,1,1996,0,0,0,0,0,0,0,0,0,0
61986,1,1,1996,0,0,0,0,0,0,0,0,0,0
61987,1,1,1996,8,8,8,8,8,8,8,8,8,8
61987,2,1,1996,0,0,0,0,0,0,0,0,0,0
61987,3,1,1996,0,0,0,0,0,0,0,0,0,0
61988,1,1,1996,22,22,22,22,22,22,22,22,22,22
61988,2,1,1996,0,0,0,0,0,0,0,0,0,0
61988,3,1,1996,0,0,31,0,0,0,0,0,0,0
61989,1,1,1996,0,0,0,0,0,0,0,0,0,0
61989,2,1,1996,0,0,0,0,0,0,0,0,0,0
61990,1,1,1996,0,0,0,0,0,0,0,0,0,0
61991,1,1,1996,0,0,0,0,0,0,0,0,0,0
61992,1,1,1996,1,1,1,1,1,1,1,1,1,1
61992,2,1,1996,0,0,4,0,0,0,0,0,0,0
61992,3,1,1996,0,0,0,0,0,0,0,0,0,0
61993,1,1,1996,0,0,0,0,0,0,0,0,0,0
61993,2,1,1996,0,0,0,0,0,0,0,0,0,0
61994,0,1,1996,0,0,0,0,0,0,0,0,0,0
61994,1,1,1996,0,0,0,0,0,0,0,0,0,0
61995,0,1,1996,0,0,0,0,0,0,0,0,0,0
61995,1,1,1996,0,0,0,0,0,0,0,0,0,0
61996,0,1,1996,0,0,0,0,0,0,0,0,0,0
61996,1,1,1996,9,5,8,12,0,4,0,15,5,0
61997,1,1,1996,0,0,0,0,0,0,0,0,0,0
61997,2,1,1996,22,0,0,0,0,0,0,0,0,0
61998,0,1,1996,33,33,33,33,33,33,33,33,33,33
61998,1,1,1996,0,0,0,0,17,0,0,0,0,0
61999,0,1,1996,23,23,23,23,23,23,23,23,23,23
61999,1,1,1996,0,0,0,0,0,0,0,0,0,0
62000,1,1,1996,0,0,0,0,0,0,0,0,0,0
62001,1,1,1996,0,0,0,0,0,0,0,0,0,0
62002,1,1,1996,0,0,0,0,0,0,0,0,0,0
62002,2,1,1996,0,0,0,0,0,0,0,0,0,0
62003,1,1,1996,0,0,0,0,0,0,0,0,0,0
62004,1,1,1996,8,8,8,8,8,8,8,8,8,8
62004,2,1,1996,0,0,0,19,15,0,0,15,0,0
62005,0,1,1996,0,0,0,0,0,0,0,0,0,0
62005,1,1,1996,0,0,0,0,0,0,0,0,0,0
62006,1,1,1996,0,0,0,0,0,0,0,0,0,0
62007,1,1,1996,0,0,13,0,0,0,0,0,0,0
62007,2,1,1996,0,0,0,0,0,0,0,0,0,0
62008,1,1,1996,0,0,0,0,0,0,0,0,0,0
62008,2,1,1996,4,0,0,0,0,0,0,0,0,0
62009,1,1,1996,0,0,0,0,0,0,0,0,0,0
62009,2,1,1996,0,0,0,0,0,0,0,0,0,0
62010,1,1,1996,24,24,24,24,24,24,24,24,24,24
62010,2,1,1996,0,0,0,0,0,4,0,8,0,0
62011,1,1,1996,0,0,0,0,0,0,0,0,0,0
62011,2,1,1996,0,0,0,0,0,0,0,0,0,0
62012,1,1,1996,0,0,0,0,0,0,0,0,0,0
62012,2,1,1996,0,0,0,0,0,0,0,0,0,0
62013,1,1,1996,0,0,0,0,0,0,0,0,0,0
62013,2,1,1996,0,0,0,0,0,0,0,0,0,0
62014,1,1,1996,0,0,0,0,0,0,0,0,0,0
62015,1,1,1996,12,12,12,12,12,12,12,12,12,12
62015,2,1,1996,0,0,0,0,0,0,0,0,0,0
62016,1,1,1996,6,0,21,10,19,11,10,0,0,10
62016,2,1,1996,3,3,3,3,3,3,3,3,3,3
62017,1,1,1996,0,0,0,0,0,0,0,0,0,0
62017,2,1,1996,20,0,23,0,0,0,15,0,0,3
62018,1,1,1996,0,0,0,0,0,0,0,0,19,0
62018,2,1,1996,0,0,0,0,0,0,0,0,0,0
62018,3,1,1996,9,0,0,0,0,0,0,0,0,0
62019,1,1,1996,23,23,23,23,23,23,23,23,23,23
62019,2,1,1996,0,0,0,0,0,0,0,0,0,0
62019,3,1,1996,0,0,0,0,0,0,0,0,0,0
62020,0,1,1996,18,18,18,18,18,18,18,18,18,18
62020,1,1,1996,5,0,0,6,13,0,12,14,0,0
62021,1,1,1996,18,18,18,18,18,18,18,18,18,18
62021,2,1,1996,0,0,0,0,0,0,0,0,0,0
62022,1,1,1996,0,0,0,0,0,0,0,0,0,0
62022,2,1,1996,0,0,0,0,0,0,0,0,0,0
62023,1,1,1996,0,0,0,0,0,0,0,0,0,0
62023,2,1,1996,0,0,0,0,0,0,0,0,0,0
62023,3,1,1996,0,23,0,0,0,0,0,0,6,0
62024,1,1,1996,0,0,0,0,0,0,0,0,0,0
62025,1,1,1996,0,0,0,0,0,0,0,0,0,0
62026,1,1,1996,8,8,8,8,8,8,8,8,8,8
62027,1,1,1996,0,0,0,0,0,0,0,0,0,0
62027,2,1,1996,0,0,0,0,0,0,0,0,0,0
62028,0,1,1996,0,0,0,0,0,0,0,0,0,0
62028,1,1,1996,0,0,0,0,0,0,0,0,0,0
62029,1,1,1996,0,0,0,0,0,0,0,0,0,0
62030,1,1,1996,0,0,5,12,0,0,14,29,0,0
62031,1,1,1996,0,0,0,0,0,0,0,0,0,0
62031,2,1,1996,0,0,0,0,0,0,0,0,0,0
62032,1,1,1996,0,0,0,0,0,0,0,0,0,0
62032,2,1,1996,0,0,0,0,0,0,0,0,0,0
62032,3,1,1996,0,0,0,0,0,0,0,0,10,0
62033,0,1,1996,24,24,24,24,24,24,24,24,24,24
62033,1,1,1996,0,0,0,0,0,0,0,0,0,0
62034,0,1,1996,14,14,14,14,14,14,14,14,14,14
62034,1,1,1996,0,0,0,0,0,0,0,0,0,0
62035,1,1,1996,31,31,31,31,31,31,31,31,31,31
62036,1,1,1996,0,0,0,0,0,0,0,0,0,0
62037,1,1,1996,28,28,28,28,28,28,28,28,28,28
62037,2,1,1996,0,0,0,0,0,0,0,26,0,0
62038,1,1,1996,0,0,0,0,0,0,0,0,0,0
62038,2,1,1996,0,0,0,0,0,0,0,0,0,0
62038,3,1,1996,0,0,0,0,0,0,14,0,0,0
62039,1,1,1996,0,0,0,0,20,0,0,0,0,0
62039,2,1,1996,0,0,0,0,0,0,0,13,0,0
62039,3,1,1996,0,0,0,0,0,0,0,0,0,0
62040,1,1,1996,11,11,11,11,11,11,11,11,11,11
62041,1,1,1996,9,9,9,9,9,9,9,9,9,9
62041,2,1,1996,0,0,0,0,0,0,0,0,0,0
62041,3,1,1996,0,0,0,0,0,0,0,0,0,0
62041,4,1,1996,0,0,0,0,0,0,0,0,0,0
62042,1,1,1996,9,9,9,9,9,9,9,9,9,9
62042,2,1,1996,0,0,0,0,0,0,0,0,0,0
62043,0,1,1996,29,29,29,29,29,29,29,29,29,29
62043,1,1,1996,16,12,0,0,13,9,13,0,0,6
62044,1,1,1996,0,0,0,0,0,0,17,0,0,0
62044,2,1,1996,0,0,0,0,0,0,0,0,0,0
62045,0,1,1996,11,11,11,11,11,11,11,11,11,11
62045,1,1,1996,0,0,0,0,0,0,0,0,17,0
62046,1,1,1996,0,0,0,0,0,0,0,0,0,0
62046,2,1,1996,0,0,0,0,0,0,0,0,0,0
62047,1,1,1996,0,0,0,0,0,0,0,0,0,0
62047,2,1,1996,0,0,0,0,0,0,0,0,0,0
62048,0,1,1996,0,0,0,0,0,0,0,0,0,0
62048,1,1,1996,0,0,0,0,0,0,0,0,0,0
62049,0,1,1996,8,8,8,8,8,8,8,8,8,8
62049,1,1,1996,0,0,0,0,0,0,0,0,0,0
62050,1,1,1996,9,9,9,9,9,9,9,9,9,9
62051,1,1,1996,2,2,2,2,2,2,2,2,2,2
62052,0,1,1996,27,0,22,0,0,17,18,0,21,24
62052,1,1,1996,18,0,0,0,10,14,0,15,18,10
62053,1,1,1996,10,10,10,10,10,10,10,10,10,10
62054,1,1,1996,22,15,22,0,0,0,20,0,14,0
62054,2,1,1996,0,0,0,0,0,0,0,0,0,0
62055,1,1,1996,17,6,9,20,0,2,31,0,4,12
62056,1,1,1996,0,0,0,0,0,0,0,0,0,0
62057,0,1,1996,0,0,0,0,0,0,0,0,0,0
62057,0,2,1996,0,0,0,0,0,0,0,0,0,0
62057,1,1,1996,0,0,0,0,0,0,0,0,0,0
62058,1,1,1996,0,0,0,0,0,0,0,0,0,0
62058,2,1,1996,0,0,0,0,0,0,0,0,0,0
62059,1,1,1996,20,20,20,20,20,20,20,20,20,20
62059,2,1,1996,0,0,0,0,0,0,0,15,0,0
62060,0,1,1996,0,0,0,0,0,0,0,0,0,0
62060,0,3,1996,0,0,0,0,0,0,0,0,0,0
62060,1,1,1996,19,16,0,7,36,31,0,16,26,0
62061,1,1,1996,0,0,0,0,0,0,0,0,0,0
62061,2,1,1996,0,0,0,0,0,0,0,0,0,0
62061,3,1,1996,0,0,0,0,0,0,0,0,0,0
62061,4,1,1996,0,0,0,0,0,0,0,0,0,0