ST_CASE,VEH_NO,PER_NO,YEAR,P1,P2,P3,P4,P5,P6,P7,P8,P9,P10
62061,5,1,1996,0,0,0,0,0,0,0,0,0,0
62062,0,1,1996,0,0,0,0,0,0,0,0,0,0
62062,0,2,1996,0,0,0,0,0,0,0,0,10,26
62062,0,3,1996,0,0,11,0,0,0,6,7,0,0
62062,1,1,1996,0,0,0,0,0,0,0,0,0,0
62063,1,1,1996,0,0,0,0,0,0,0,0,0,0
62064,1,1,1996,19,19,19,19,19,19,19,19,19,19
62064,2,1,1996,0,0,0,0,0,0,0,0,0,0
62065,1,1,1996,1,1,1,1,1,1,1,1,1,1
62065,2,1,1996,0,0,0,0,0,0,0,0,0,0
62065,3,1,1996,0,0,0,0,0,17,0,0,0,0
62066,1,1,1996,11,7,13,12,0,20,8,12,3,12
62067,1,1,1996,0,0,0,0,0,0,0,0,0,0
62068,1,1,1996,0,0,0,0,0,18,0,0,0,0
62069,0,1,1996,0,0,0,0,0,0,0,0,0,0
62069,1,1,1996,0,0,0,0,0,0,19,0,0,0
62070,1,1,1996,9,9,9,9,9,9,9,9,9,9
62070,2,1,1996,0,0,0,0,0,0,0,0,0,0
62071,0,1,1996,0,0,0,0,0,0,0,0,0,0
62071,1,1,1996,0,0,0,0,0,0,0,0,0,0
62072,0,1,1996,0,0,0,0,0,0,0,0,0,0
62072,1,1,1996,0,12,0,0,11,8,0,0,0,0
62073,1,1,1996,0,0,0,0,0,0,0,0,0,0
62074,1,1,1996,0,0,0,0,0,0,0,0,0,0
62074,2,1,1996,0,0,0,0,0,0,0,0,0,0
62075,0,1,1996,0,0,0,0,0,0,0,0,0,0
62075,1,1,1996,0,0,0,0,0,0,0,0,0,0
62076,1,1,1996,0,0,0,0,0,0,0,0,0,0
62077,1,1,1996,0,0,0,0,0,0,0,0,0,0
62077,2,1,1996,0,0,0,0,0,0,0,0,0,0
62078,1,1,1996,0,0,0,0,0,10,0,0,0,0
62078,2,1,1996,0,0,0,0,0,0,0,0,0,0
62078,3,1,1996,0,0,0,0,0,0,0,0,0,0
62078,4,1,1996,0,0,0,0,0,0,0,0,0,0
62079,0,1,1996,17,17,17,17,17,17,17,17,17,17
62079,1,1,1996,0,0,0,0,0,0,0,0,0,0
62080,1,1,1996,0,0,0,0,0,0,0,0,0,0
62081,1,1,1996,33,33,33,33,33,33,33,33,33,33
62081,2,1,1996,0,0,0,0,0,0,0,0,0,0
62081,3,1,1996,0,0,0,0,0,0,0,0,0,0
62081,4,1,1996,0,0,0,0,0,0,0,0,0,0
62082,0,1,1996,0,0,0,0,0,0,0,0,0,0
62082,1,1,1996,0,0,0,0,0,0,0,0,0,0
62083,1,1,1996,21,21,21,21,21,21,21,21,21,21
62083,2,1,1996,0,0,0,0,0,0,0,0,0,0
62084,1,1,1996,0,0,0,0,0,0,0,0,0,0
62084,2,1,1996,0,0,0,0,0,0,0,0,0,0
62085,1,1,1996,0,0,0,0,0,0,0,0,0,0
62085,2,1,1996,0,0,0,0,0,0,0,0,0,0
62086,0,2,1996,0,0,0,0,0,0,0,0,0,0
62086,1,1,1996,0,0,0,0,0,0,0,0,0,0
62087,1,1,1996,18,18,18,18,18,18,18,18,18,18
62088,0,1,1996,24,24,24,24,24,24,24,24,24,24
62088,1,1,1996,0,0,0,0,0,0,0,0,0,0
62089,0,1,1996,0,29,0,26,0,0,52,0,0,0
62089,1,1,1996,18,12,4,0,0,0,0,0,0,12
62090,1,1,1996,0,0,0,0,0,0,0,0,0,0
62091,0,1,1996,0,0,0,0,0,0,6,0,0,0
62091,0,2,1996,0,0,0,0,0,0,0,0,0,0
62091,1,1,1996,0,0,0,0,0,0,0,0,0,0
62092,1,1,1996,13,13,13,13,13,13,13,13,13,13
62093,0,1,1996,12,12,12,12,12,12,12,12,12,12
62093,1,1,1996,0,0,0,20,0,0,0,22,0,0
62094,0,1,1996,0,0,0,0,0,0,0,0,0,0
62094,0,2,1996,5,13,29,0,3,14,0,22,27,27
62094,1,1,1996,21,21,21,21,21,21,21,21,21,21
62095,0,1,1996,0,0,0,0,0,0,0,0,0,0
62095,1,1,1996,0,0,0,6,0,0,0,0,0,0
62095,2,1,1996,0,0,0,7,0,0,0,0,0,0
62096,1,1,1996,24,24,24,24,24,24,24,24,24,24
62097,1,1,1996,16,16,16,16,16,16,16,16,16,16
62097,2,1,1996,0,0,0,0,0,0,0,0,0,0
62098,1,1,1996,16,26,17,0,24,19,0,4,15,16
62098,2,1,1996,0,0,0,0,0,0,0,0,0,0
62099,1,1,1996,0,0,0,0,0,0,0,0,0,0
62100,1,1,1996,0,0,0,0,0,0,0,0,0,0
62101,1,1,1996,2,2,2,2,2,2,2,2,2,2
62101,2,1,1996,0,0,0,0,0,0,0,0,0,0
62101,3,1,1996,0,0,0,0,0,0,0,0,0,0
62101,4,1,1996,0,0,0,0,0,0,0,0,0,0
62102,1,1,1996,0,0,0,0,0,0,0,0,0,0
62103,1,1,1996,0,0,0,0,0,0,0,0,0,0
62103,2,1,1996,0,0,0,0,0,0,0,0,0,0
62104,1,1,1996,0,0,0,0,0,0,0,0,0,0
62105,1,1,1996,0,0,0,0,0,0,0,0,0,0
62106,1,1,1996,15,15,15,15,15,15,15,15,15,15
62107,1,1,1996,13,13,13,13,13,13,13,13,13,13
62108,1,1,1996,14,0,16,0,0,16,0,0,0,0
62108,2,1,1996,0,0,23,0,0,0,0,0,0,0
62109,1,1,1996,26,26,26,26,26,26,26,26,26,26
62110,0,1,1996,13,13,13,13,13,13,13,13,13,13
62110,1,1,1996,0,0,0,0,0,0,0,14,0,0
62111,1,1,1996,23,23,23,23,23,23,23,23,23,23
62112,1,1,1996,10,10,10,10,10,10,10,10,10,10
62113,0,1,1996,0,0,0,0,0,0,0,18,29,0
62113,1,1,1996,0,0,0,0,0,0,0,0,0,0
62114,0,1,1996,0,0,0,0,0,0,0,0,0,0
62114,1,1,1996,0,0,0,0,0,0,0,0,0,0
62115,1,1,1996,0,0,0,0,0,0,0,0,0,0
62116,0,1,1996,0,0,0,0,0,0,0,0,0,0
62116,0,2,1996,0,0,0,0,0,0,0,0,0,0
62116,1,1,1996,0,0,0,0,0,0,0,0,0,0
62116,2,1,1996,0,0,0,0,0,0,0,0,0,0
62117,1,1,1996,0,0,0,0,0,0,0,0,0,27
62117,2,1,1996,0,0,0,0,0,0,0,0,0,0
62118,1,1,1996,0,0,0,0,0,0,0,0,0,0
62119,1,1,1996,0,0,0,0,0,0,0,0,0,0
62120,1,1,1996,0,0,0,0,0,0,0,0,0,0
62120,2,1,1996,0,0,0,0,0,0,0,0,0,0
62121,0,1,1996,30,0,15,0,0,0,0,0,12,39
62121,1,1,1996,0,0,0,0,0,0,0,0,0,0
62122,1,1,1996,13,13,13,13,13,13,13,13,13,13
62123,1,1,1996,0,0,0,0,0,0,0,0,0,0
62124,1,1,1996,20,20,20,20,20,20,20,20,20,20
62125,1,1,1996,0,0,0,0,0,0,0,0,0,0
62126,0,1,1996,0,0,0,0,0,0,0,0,0,0
62127,1,1,1996,0,0,0,0,0,0,0,0,0,0
62127,2,1,1996,0,0,0,0,17,0,31,10,0,0
62128,1,1,1996,0,0,0,0,0,0,0,0,0,0
62128,2,1,1996,0,0,0,0,0,0,0,0,0,0
62129,1,1,1996,0,0,0,0,0,0,0,0,0,0
62130,1,1,1996,23,23,23,23,23,23,23,23,23,23
62131,0,1,1996,26,26,26,26,26,26,26,26,26,26
62131,1,1,1996,0,0,0,0,0,0,17,0,0,0
62132,1,1,1996,18,18,18,18,18,18,18,18,18,18
62132,2,1,1996,0,0,0,0,0,0,0,0,0,0
62133,1,1,1996,13,13,13,13,13,13,13,13,13,13
62133,2,1,1996,0,0,0,0,0,0,0,0,0,0
62134,1,1,1996,0,0,0,0,0,0,0,0,0,0
62135,1,1,1996,0,0,0,0,0,0,11,0,0,0
62136,0,1,1996,0,0,0,0,0,0,0,0,0,0
62136,1,1,1996,0,0,0,0,0,0,0,0,0,0
62137,1,1,1996,0,0,0,0,0,0,0,0,0,0
62137,2,1,1996,0,0,0,0,0,0,0,0,0,0
62138,1,1,1996,21,21,21,21,21,21,21,21,21,21
62138,2,1,1996,0,0,0,11,18,0,0,0,10,0
62139,1,1,1996,0,0,0,0,0,0,0,0,0,0
62139,2,1,1996,0,0,0,0,0,0,0,0,0,0
62140,0,1,1996,0,0,0,0,0,0,0,0,0,0
62140,1,1,1996,0,0,0,0,0,0,0,0,0,0
62141,0,1,1996,25,28,17,10,4,14,29,25,25,24
62141,1,1,1996,0,0,0,0,0,0,0,0,0,0
62142,1,1,1996,0,0,0,0,0,0,0,0,0,0
62142,2,1,1996,0,0,0,0,0,0,0,0,0,0
62143,1,1,1996,0,0,0,0,0,0,0,0,0,0
62143,2,1,1996,0,0,0,0,0,0,0,0,0,0
62144,1,1,1996,9,9,9,9,9,9,9,9,9,9
62145,1,1,1996,0,0,0,0,0,0,0,0,0,0
62146,1,1,1996,0,0,0,0,0,0,0,0,0,0
62147,0,1,1996,10,10,10,10,10,10,10,10,10,10
62147,1,1,1996,0,23,14,0,0,0,0,0,0,0
62148,1,1,1996,25,18,0,0,19,0,0,0,0,0
62148,2,1,1996,0,0,0,0,0,0,0,0,0,0
62149,1,1,1996,27,27,27,27,27,27,27,27,27,27
62149,2,1,1996,0,0,0,0,0,0,0,0,0,0
62149,3,1,1996,0,0,0,0,0,0,0,0,0,0
62150,1,1,1996,22,22,22,22,22,22,22,22,22,22
62151,0,1,1996,0,0,0,0,0,0,0,0,0,0
62151,0,2,1996,0,0,0,0,0,0,0,0,0,0
62151,1,1,1996,0,10,0,24,0,11,0,0,0,0
62152,1,1,1996,0,0,0,0,0,0,0,0,0,0
62152,2,1,1996,0,0,0,0,0,0,0,0,0,0
62153,1,1,1996,0,0,0,0,0,0,0,0,0,0
62154,0,1,1996,0,0,0,0,0,0,0,0,0,0
62154,1,1,1996,0,0,0,0,0,0,0,0,0,0
62155,0,1,1996,0,0,0,0,0,0,0,0,0,0
62155,1,1,1996,0,0,0,0,0,0,0,0,0,0
62156,0,1,1996,2,2,2,2,2,2,2,2,2,2
62156,1,1,1996,0,0,0,0,0,0,0,0,0,0
62157,1,1,1996,0,0,0,0,0,0,0,0,0,0
62158,1,1,1996,0,0,0,0,0,0,0,0,0,0
62159,0,1,1996,9,9,9,9,9,9,9,9,9,9
62159,1,1,1996,0,0,0,0,0,19,28,0,28,21
62159,2,1,1996,0,0,0,0,0,0,0,0,0,0
62160,1,1,1996,0,0,0,0,0,0,0,0,0,0
62160,2,1,1996,0,0,0,0,0,0,0,0,0,0
62160,3,1,1996,0,0,0,0,0,0,0,0,0,0
62161,0,1,1996,0,0,0,0,0,0,0,0,0,0
62161,1,1,1996,1,1,1,1,1,1,1,1,1,1
62162,0,1,1996,0,0,0,0,0,0,0,0,0,0
62162,1,1,1996,0,0,0,0,0,10,0,0,0,0
62163,1,1,1996,11,11,11,11,11,11,11,11,11,11
62164,1,1,1996,7,7,7,7,7,7,7,7,7,7
62164,2,1,1996,7,0,0,0,0,0,0,0,0,0
62165,1,1,1996,0,0,0,0,0,19,0,8,0,19
62166,1,1,1996,0,0,0,0,0,0,0,0,0,0
62166,2,1,1996,0,0,0,0,0,0,0,0,0,0
62166,3,1,1996,0,0,0,0,0,0,0,0,0,0
62166,4,1,1996,0,0,0,0,0,0,0,0,0,0
62167,1,1,1996,0,0,0,0,0,0,0,0,0,0
62167,2,1,1996,0,0,0,0,0,0,0,0,0,0
62168,1,1,1996,0,0,0,0,0,0,0,0,0,0
62168,2,1,1996,0,0,0,12,30,0,0,0,0,0
62169,1,1,1996,0,0,0,0,0,0,0,0,0,0
62169,2,1,1996,0,0,0,0,0,0,0,0,0,0
62170,0,1,1996,0,0,0,0,0,0,0,0,0,0
62170,1,1,1996,0,0,0,0,0,0,0,0,0,0
62171,1,1,1996,0,0,0,0,0,0,0,0,0,0
62171,2,1,1996,0,0,0,0,0,0,0,0,0,0
62172,1,1,1996,0,0,0,0,0,0,0,0,0,0
62172,2,1,1996,0,0,0,0,0,0,0,0,0,0
62173,1,1,1996,0,0,0,0,0,0,0,0,0,0
62173,2,1,1996,0,0,0,0,0,0,0,0,0,0
62174,1,1,1996,0,0,0,0,0,0,0,0,14,0
62174,2,1,1996,0,0,0,0,0,0,0,0,0,0
62174,3,1,1996,0,0,0,0,0,0,0,0,0,0
62174,4,1,1996,0,0,0,0,0,0,0,0,0,0
62175,1,1,1996,21,21,21,21,21,21,21,21,21,21
62176,1,1,1996,38,38,38,38,38,38,38,38,38,38
62177,0,1,1996,28,0,17,0,0,0,0,0,0,0
62177,0,2,1996,28,0,19,0,10,0,17,43,6,20
62177,1,1,1996,0,0,0,0,0,0,0,0,0,0
62177,2,1,1996,0,0,0,0,0,0,0,0,0,0
62178,0,1,1996,0,0,0,0,0,0,0,0,0,0
62178,1,1,1996,0,0,0,0,0,0,0,0,0,0
62179,0,1,1996,0,0,0,0,0,0,0,0,0,0
62179,1,1,1996,0,0,0,0,0,0,0,0,0,0
62180,1,1,1996,0,0,0,0,0,0,0,0,0,0
62180,2,1,1996,0,0,0,0,0,0,0,0,0,0
62181,0,1,1996,0,0,0,0,0,0,0,0,0,0
62181,1,1,1996,0,0,0,0,0,0,0,0,0,0
62182,1,1,1996,0,0,0,0,0,0,0,0,0,0
62182,2,1,1996,0,0,0,0,0,0,0,0,0,0
62183,1,1,1996,0,0,0,0,0,0,0,0,0,0
62183,2,1,1996,0,0,0,0,0,0,0,0,0,0
62184,1,1,1996,0,0,17,0,0,0,0,0,0,0
62184,2,1,1996,0,0,0,0,0,13,0,13,0,0
62184,3,1,1996,0,0,0,0,0,0,0,0,0,0
62184,4,1,1996,0,0,0,0,0,0,0,0,0,0
62184,5,1,1996,2,2,2,2,2,2,2,2,2,2
62185,1,1,1996,17,17,17,17,17,17,17,17,17,17
62186,0,1,1996,0,0,0,0,0,0,0,0,0,0
62186,1,1,1996,0,31,26,12,10,0,0,11,42,27
62187,1,1,1996,0,0,0,0,0,0,0,0,0,0
62188,1,1,1996,12,12,12,12,12,12,12,12,12,12
62189,1,1,1996,0,0,0,0,0,0,0,0,0,0
62189,2,1,1996,0,0,0,0,0,0,0,0,0,0
62189,3,1,1996,0,0,0,0,0,0,0,0,0,0
62190,0,1,1996,0,0,0,0,0,0,0,0,0,0
62190,1,1,1996,0,0,0,0,0,0,0,0,0,0
62191,1,1,1996,0,0,0,0,0,5,0,0,0,0
62192,1,1,1996,5,10,7,13,11,14,7,4,13,19
62193,0,1,1996,6,6,6,6,6,6,6,6,6,6
62193,1,1,1996,0,0,0,0,0,0,0,0,0,0
62194,1,1,1996,22,22,22,22,22,22,22,22,22,22
62195,1,1,1996,0,0,0,0,0,0,0,0,0,0
62195,2,1,1996,0,0,0,0,0,0,0,0,0,0
62195,3,1,1996,0,0,0,0,0,0,0,0,0,0
62196,0,1,1996,11,11,11,11,11,11,11,11,11,11
62196,0,2,1996,6,6,6,6,6,6,6,6,6,6
62196,1,1,1996,0,0,0,0,0,0,0,0,0,0
62197,0,1,1996,0,0,0,0,0,0,0,0,0,0
62197,1,1,1996,0,0,0,0,0,0,0,0,0,0
62198,1,1,1996,21,0,0,0,0,0,0,0,0,0
62199,1,1,1996,0,0,0,0,0,0,0,0,0,0
62199,2,1,1996,39,39,39,39,39,39,39,39,39,39
62199,3,1,1996,0,0,0,0,0,0,0,0,0,0
62200,0,1,1996,0,0,0,0,0,0,0,0,0,0
62200,1,1,1996,6,0,13,22,0,0,0,0,0,0
62201,0,1,1996,0,0,0,0,0,0,0,0,0,0
62201,1,1,1996,0,0,0,0,0,2,0,0,0,0
62202,1,1,1996,0,0,0,0,0,0,0,0,0,0
62202,2,1,1996,0,0,0,0,0,0,0,0,0,0
62202,3,1,1996,0,0,0,0,0,0,0,0,0,0
62203,1,1,1996,7,7,7,7,7,7,7,7,7,7
62203,2,1,1996,0,6,0,0,0,0,0,0,0,0
62204,0,1,1996,0,0,0,0,0,0,0,0,0,0
62204,1,1,1996,0,0,0,0,7,0,0,0,0,0
62205,1,1,1996,0,0,0,0,0,0,0,0,0,0
62205,2,1,1996,0,0,0,0,0,0,0,0,0,0
62206,1,1,1996,0,0,0,0,0,0,0,0,0,0
62207,0,1,1996,19,19,19,19,19,19,19,19,19,19
62207,1,1,1996,0,0,11,11,0,0,0,0,0,0
62208,1,1,1996,0,0,0,0,0,0,0,0,0,0
62208,2,1,1996,0,0,0,0,0,0,0,0,0,0
62209,1,1,1996,0,0,0,0,0,0,0,0,0,0
62209,2,1,1996,0,0,0,0,0,0,0,0,0,0
62209,3,1,1996,0,0,0,4,0,0,0,15,0,0
62210,0,1,1996,0,0,0,0,0,0,0,0,0,0
62210,1,1,1996,4,4,4,4,4,4,4,4,4,4
62211,0,1,1996,0,0,0,0,0,0,0,0,0,0
62211,1,1,1996,0,15,0,0,22,9,0,0,7,16
62212,1,1,1996,0,0,0,0,0,0,0,0,0,0
62212,2,1,1996,0,0,0,0,0,0,9,0,0,0
62213,1,1,1996,0,0,0,0,0,0,0,0,0,0
62214,1,1,1996,0,0,0,0,0,0,0,0,0,0
62215,1,1,1996,0,0,0,0,0,0,0,0,0,0
62215,2,1,1996,0,0,0,0,0,0,0,0,0,0
62216,1,1,1996,27,27,27,27,27,27,27,27,27,27
62217,1,1,1996,21,21,21,21,21,21,21,21,21,21
62218,1,1,1996,21,21,21,21,21,21,21,21,21,21
62219,0,1,1996,10,10,10,10,10,10,10,10,10,10
62219,1,1,1996,0,0,0,20,0,7,10,0,0,0
62220,0,1,1996,0,0,0,0,0,0,0,0,0,0
62220,1,1,1996,0,0,0,0,0,0,0,0,0,0
62221,0,1,1996,0,0,0,0,0,0,0,0,0,0
62221,1,1,1996,0,0,0,0,0,0,0,0,0,0
62222,0,1,1996,0,0,0,0,0,0,0,0,0,0
62222,1,1,1996,0,0,0,0,0,0,0,0,0,0
62223,1,1,1996,0,0,0,0,0,0,0,0,0,0
62223,2,1,1996,0,0,0,0,0,0,0,0,0,0
62224,0,1,1996,8,20,44,13,19,18,27,19,19,17
62224,1,1,1996,1,1,1,1,1,1,1,1,1,1
62225,0,1,1996,0,0,0,0,0,0,0,0,0,0
62225,1,1,1996,0,0,0,0,0,0,0,0,0,0
62225,2,1,1996,0,0,0,0,0,0,0,0,0,0
62226,1,1,1996,45,0,0,0,5,0,8,28,36,0
62227,1,1,1996,3,3,3,3,3,3,3,3,3,3
62227,2,1,1996,6,6,6,6,6,6,6,6,6,6
62228,1,1,1996,0,0,0,0,0,0,0,0,0,0
62228,2,1,1996,0,0,0,0,0,0,0,0,0,0
62228,3,1,1996,0,0,0,0,0,0,0,0,0,0
62229,1,1,1996,0,0,0,0,0,0,0,0,0,0
62229,2,1,1996,0,0,0,0,0,0,0,0,0,0
62229,3,1,1996,0,0,0,0,0,0,0,0,0,0
62230,1,1,1996,0,0,0,0,0,0,0,0,0,0
62231,1,1,1996,0,0,0,0,0,0,0,17,0,0
62231,2,1,1996,0,0,0,0,0,0,0,0,0,0
62232,0,1,1996,0,0,0,0,0,0,0,0,0,0
62232,1,1,1996,0,0,0,0,0,0,0,0,0,0
62234,0,1,1996,0,0,0,0,0,0,0,0,0,0
62234,1,1,1996,0,0,0,0,0,0,32,0,0,0
62235,1,1,1996,12,12,12,12,12,12,12,12,12,12
62235,2,1,1996,17,17,17,17,17,17,17,17,17,17
62236,0,1,1996,21,21,21,21,21,21,21,21,21,21
62236,1,1,1996,0,6,19,11,0,0,0,0,0,14
62237,1,1,1996,0,0,0,0,0,0,0,0,0,0
62237,2,1,1996,4,4,4,4,4,4,4,4,4,4
62237,3,1,1996,0,0,0,0,0,0,0,0,0,0
62238,0,1,1996,0,0,0,0,0,0,0,0,0,0
62238,1,1,1996,0,0,19,0,0,0,0,30,0,0
62239,1,1,1996,0,0,0,0,0,0,0,0,0,0
62240,1,1,1996,0,0,0,0,0,23,0,0,0,0
62241,1,1,1996,0,0,0,0,0,0,0,0,0,0
62241,2,1,1996,0,0,0,0,0,0,0,0,0,0
62242,1,1,1996,0,0,0,0,0,0,0,0,0,0
62242,2,1,1996,0,0,0,0,0,0,0,0,0,0
62243,1,1,1996,0,16,13,0,24,0,22,17,30,14
62244,1,1,1996,0,0,0,0,0,0,0,0,0,0
62244,2,1,1996,0,0,0,0,0,0,0,0,0,0
62244,3,1,1996,0,0,0,0,0,0,0,0,0,0
62245,0,1,1996,0,0,0,0,0,0,0,0,0,0
62245,1,1,1996,0,0,0,0,0,0,0,0,0,0
62246,1,1,1996,20,20,20,20,20,20,20,20,20,20
62247,1,1,1996,0,0,0,0,0,0,0,0,0,0
62247,2,1,1996,0,0,0,0,0,0,0,0,0,0
62248,1,1,1996,0,21,0,0,0,0,2,8,0,14
62249,1,1,1996,16,16,16,16,16,16,16,16,16,16
62250,0,1,1996,0,0,0,0,0,0,13,0,0,6
62250,1,1,1996,0,0,0,0,0,0,0,0,0,0
62251,1,1,1996,0,0,0,0,0,0,0,0,0,0
62251,2,1,1996,0,0,0,0,0,0,0,0,0,0
62252,0,1,1996,0,0,0,0,0,0,0,0,0,0
62252,1,1,1996,0,0,0,0,0,0,0,0,0,0
62253,1,1,1996,0,0,0,0,0,0,0,0,0,0
62253,2,1,1996,0,0,0,18,0,0,0,0,6,0
62254,1,1,1996,27,27,27,27,27,27,27,27,27,27
62255,1,1,1996,0,0,0,0,0,0,0,0,0,0
62256,1,1,1996,16,16,16,16,16,16,16,16,16,16
62257,0,1,1996,18,18,18,18,18,18,18,18,18,18
62257,0,2,1996,23,0,0,0,0,0,17,0,21,0
62257,1,1,1996,0,0,0,0,0,0,0,0,0,0
62258,0,1,1996,33,33,33,33,33,33,33,33,33,33
62258,1,1,1996,0,0,0,10,0,0,0,0,16,0
62259,1,1,1996,22,22,22,22,22,22,22,22,22,22
62260,1,1,1996,0,0,0,0,0,0,0,0,0,0
62261,1,1,1996,17,17,17,17,17,17,17,17,17,17
62261,2,1,1996,0,0,0,0,0,0,0,0,0,0
62262,1,1,1996,0,0,0,0,0,0,0,0,0,0
62263,1,1,1996,11,6,0,11,13,16,19,0,0,10
62264,1,1,1996,0,0,0,0,0,0,0,0,0,0
62265,1,1,1996,0,0,0,0,0,0,0,0,0,0
62265,2,1,1996,0,0,0,0,0,0,0,0,0,0
62266,0,1,1996,0,0,0,0,0,0,0,0,0,0
62266,1,1,1996,0,0,0,0,0,0,0,0,0,16
62267,1,1,1996,12,12,12,12,12,12,12,12,12,12
62267,2,1,1996,19,19,19,19,19,19,19,19,19,19
62268,1,1,1996,0,0,0,0,0,25,0,0,0,0
62269,1,1,1996,5,5,5,5,5,5,5,5,5,5
62270,0,1,1996,26,26,26,26,26,26,26,26,26,26
62270,1,1,1996,11,0,0,16,0,0,5,0,0,0
62271,1,1,1996,0,0,2,0,0,38,0,0,0,25
62272,1,1,1996,0,0,0,0,0,0,0,0,0,0
62272,2,1,1996,0,0,0,0,0,0,0,0,0,0
62273,0,1,1996,0,0,0,0,0,10,0,0,0,0
62273,1,1,1996,0,0,0,0,0,0,0,0,0,0
62274,1,1,1996,0,0,0,0,0,0,0,0,0,0
62274,2,1,1996,0,0,0,0,0,0,0,0,0,0
62274,3,1,1996,0,0,0,0,0,0,0,0,0,0
62274,4,1,1996,0,0,0,0,0,0,7,0,0,14
62275,1,1,1996,2,2,2,2,2,2,2,2,2,2
62275,2,1,1996,0,0,0,0,0,0,8,0,0,0
62276,1,1,1996,0,0,0,0,0,0,0,0,0,0
62277,0,1,1996,27,27,27,27,27,27,27,27,27,27
62277,1,1,1996,5,5,5,5,5,5,5,5,5,5
62277,2,1,1996,0,0,0,0,0,0,0,0,0,0
62277,3,1,1996,0,0,0,0,0,0,0,0,0,0
62278,1,1,1996,0,0,0,0,0,0,0,0,0,0
62278,2,1,1996,0,0,0,0,0,0,0,0,0,0
62279,0,1,1996,0,0,0,0,0,0,0,0,0,0
62279,1,1,1996,0,0,0,0,0,0,0,0,0,0
62280,0,1,1996,0,0,0,0,0,0,0,0,0,0
62280,1,1,1996,0,0,0,0,0,0,0,0,0,0
62281,1,1,1996,0,0,0,0,0,0,12,0,0,0
62281,2,1,1996,0,0,0,0,16,4,0,0,0,0
62281,3,1,1996,0,0,0,0,0,0,0,0,0,0
62282,1,1,1996,0,0,0,0,0,0,0,0,0,0
62283,1,1,1996,0,0,0,0,0,0,0,0,0,0
62284,1,1,1996,0,0,0,0,0,0,0,0,0,0
62285,1,1,1996,22,22,22,22,22,22,22,22,22,22
62286,1,1,1996,30,21,0,0,0,12,0,0,15,18
62286,2,1,1996,0,0,0,0,0,0,0,0,0,0
62287,1,1,1996,0,0,0,0,0,0,0,0,0,0
62287,2,1,1996,0,6,9,13,0,15,11,5,0,25
62288,0,1,1996,0,29,28,0,28,0,0,17,0,20
62288,1,1,1996,0,0,0,0,0,0,0,0,0,0
62289,1,1,1996,22,22,22,22,22,22,22,22,22,22
62289,2,1,1996,0,0,0,0,0,0,0,0,0,0
62290,0,1,1996,0,0,0,0,0,0,0,0,0,0
62290,1,1,1996,0,0,0,0,0,0,0,0,0,0
62291,1,1,1996,0,0,0,0,0,0,0,0,0,0
62291,2,1,1996,0,0,0,0,0,0,0,0,0,0
62292,1,1,1996,0,0,0,0,0,0,0,0,0,0
62292,2,1,1996,0,0,0,0,0,0,0,0,0,0
62293,1,1,1996,13,13,13,13,13,13,13,13,13,13
62294,0,1,1996,0,0,0,0,0,0,0,0,0,0
62294,1,1,1996,0,0,0,0,0,0,0,0,0,0
62295,1,1,1996,3,3,3,3,3,3,3,3,3,3
62295,2,1,1996,0,0,0,0,0,0,0,0,0,0
62296,1,1,1996,0,0,0,0,0,0,0,0,0,0
62297,1,1,1996,0,0,0,0,0,0,0,0,0,0
62297,2,1,1996,0,0,0,0,0,0,0,0,0,0
62298,1,1,1996,0,0,0,0,0,0,0,0,0,0
62298,2,1,1996,0,0,0,0,0,0,0,0,0,0
62299,1,1,1996,0,0,0,0,0,0,0,0,0,0
62299,2,1,1996,0,0,0,0,0,0,0,0,0,0
62300,1,1,1996,14,14,14,14,14,14,14,14,14,14
62300,2,1,1996,0,13,0,0,0,0,0,0,0,0
62300,3,1,1996,0,0,0,0,0,0,0,0,0,0
62301,1,1,1996,0,0,0,0,0,0,0,0,0,0
62301,2,1,1996,0,0,0,0,0,0,0,0,0,0
62302,1,1,1996,5,27,0,0,0,0,0,0,0,11
62302,2,1,1996,0,0,0,0,0,0,0,10,0,0
62303,1,1,1996,14,14,14,14,14,14,14,14,14,14
62303,2,1,1996,0,0,0,0,0,0,0,0,0,0
62304,1,1,1996,10,10,10,10,10,10,10,10,10,10
62305,1,1,1996,15,15,15,15,15,15,15,15,15,15
62306,1,1,1996,0,0,0,0,0,0,0,0,0,0
62306,2,1,1996,0,0,0,0,0,0,0,0,0,0
62307,1,1,1996,0,0,0,0,0,0,0,0,0,0
62307,2,1,1996,0,0,0,0,0,0,0,0,0,0
62308,1,1,1996,0,0,0,0,0,0,0,0,0,0
62308,2,1,1996,0,0,0,0,0,0,0,0,0,0
62309,1,1,1996,13,13,13,13,13,13,13,13,13,13
62309,2,1,1996,0,0,0,0,0,0,0,0,0,0
62310,1,1,1996,22,39,28,23,28,19,11,18,21,26
62311,0,1,1996,0,0,0,0,0,0,0,0,0,0