ST_CASE,VEH_NO,PER_NO,YEAR,P1,P2,P3,P4,P5,P6,P7,P8,P9,P10
62311,1,1,1996,16,16,16,16,16,16,16,16,16,16
62312,0,1,1996,25,25,25,25,25,25,25,25,25,25
62312,0,2,1996,16,16,16,16,16,16,16,16,16,16
62312,1,1,1996,10,0,0,0,18,0,0,10,0,14
62313,1,1,1996,0,0,0,13,0,0,4,0,0,0
62313,2,1,1996,0,0,0,0,0,0,0,0,0,0
62314,1,1,1996,28,28,28,28,28,28,28,28,28,28
62314,2,1,1996,0,0,0,0,0,0,0,0,0,0
62315,0,1,1996,8,8,8,8,8,8,8,8,8,8
62315,1,1,1996,0,11,0,0,0,0,0,0,37,0
62316,1,1,1996,0,0,0,0,0,0,0,0,0,0
62316,2,1,1996,0,0,0,0,0,0,0,0,0,0
62317,1,1,1996,0,0,0,0,0,0,0,0,0,0
62318,1,1,1996,16,16,16,16,16,16,16,16,16,16
62319,1,1,1996,0,0,0,0,0,0,0,0,0,0
62319,2,1,1996,0,0,0,0,0,0,0,0,0,0
62320,0,1,1996,0,0,0,0,0,0,0,0,0,0
62320,1,1,1996,23,0,0,0,0,0,0,19,0,15
62321,1,1,1996,30,30,30,30,30,30,30,30,30,30
62321,2,1,1996,0,0,0,0,0,0,0,0,0,0
62322,0,1,1996,15,15,15,15,15,15,15,15,15,15
62322,1,1,1996,0,0,0,0,0,0,0,0,0,0
62323,0,1,1996,0,0,0,0,0,0,0,0,0,0
62323,1,1,1996,17,0,0,0,0,0,0,0,0,0
62324,0,1,1996,0,0,0,0,0,0,0,0,0,0
62324,1,1,1996,0,0,0,0,0,0,0,0,0,0
62325,0,1,1996,0,0,0,0,0,0,0,0,0,0
62325,1,1,1996,0,0,0,0,0,0,0,0,0,0
62326,0,1,1996,25,25,25,25,25,25,25,25,25,25
62326,1,1,1996,0,0,0,0,0,0,0,0,0,0
62327,1,1,1996,10,10,10,10,10,10,10,10,10,10
62327,2,1,1996,0,0,0,0,0,0,0,0,0,0
62327,3,1,1996,0,0,0,0,0,0,0,0,16,0
62327,4,1,1996,0,0,0,0,0,0,0,0,0,0
62328,1,1,1996,17,17,17,17,17,17,17,17,17,17
62329,1,1,1996,0,0,0,0,0,0,0,0,0,0
62329,2,1,1996,0,0,0,0,0,0,0,0,0,0
62329,3,1,1996,0,0,0,0,0,0,0,0,0,0
62330,1,1,1996,0,0,0,0,0,0,0,0,0,0
62330,2,1,1996,0,0,0,0,0,0,0,0,0,0
62330,3,1,1996,0,0,0,0,0,0,0,0,0,0
62330,4,1,1996,0,0,0,0,0,0,0,0,0,0
62331,1,1,1996,0,0,0,0,0,0,0,0,0,0
62331,2,1,1996,0,0,0,0,0,0,0,0,0,0
62331,3,1,1996,0,0,0,0,0,0,0,0,0,15
62332,0,1,1996,22,22,22,22,22,22,22,22,22,22
62332,1,1,1996,14,14,14,14,14,14,14,14,14,14
62333,1,1,1996,0,0,0,0,0,0,0,0,0,0
62333,2,1,1996,0,0,0,0,0,0,0,0,0,0
62333,3,1,1996,0,0,0,0,0,0,0,0,0,0
62333,4,1,1996,0,0,0,0,0,14,0,0,0,0
62334,1,1,1996,0,0,0,0,0,0,0,0,0,0
62334,2,1,1996,0,0,0,0,0,0,0,0,0,0
62335,1,1,1996,0,0,0,0,0,0,0,0,0,0
62335,2,1,1996,0,0,0,0,0,0,0,0,0,0
62336,1,1,1996,0,0,0,0,0,0,0,0,0,0
62336,2,1,1996,28,0,0,0,0,0,0,0,0,0
62337,1,1,1996,12,12,12,12,12,12,12,12,12,12
62337,2,1,1996,4,4,4,4,4,4,4,4,4,4
62338,1,1,1996,0,0,0,0,0,0,0,0,0,0
62339,1,1,1996,5,13,18,22,14,23,9,21,23,25
62340,1,1,1996,15,15,15,15,15,15,15,15,15,15
62341,1,1,1996,5,5,5,5,5,5,5,5,5,5
62342,1,1,1996,0,0,0,0,0,0,0,0,0,0
62342,2,1,1996,0,0,0,0,0,0,0,0,0,0
62343,1,1,1996,0,0,0,0,0,0,0,0,0,0
62344,1,1,1996,0,0,0,0,0,0,0,0,0,0
62344,2,1,1996,16,0,0,0,0,0,0,0,0,0
62345,1,1,1996,0,0,0,0,0,0,0,0,0,0
62345,2,1,1996,0,0,0,0,0,0,0,0,0,0
62346,1,1,1996,8,8,8,8,8,8,8,8,8,8
62346,2,1,1996,0,0,0,0,0,0,0,0,0,0
62347,1,1,1996,0,0,0,0,0,0,0,0,0,0
62347,2,1,1996,0,0,0,0,0,0,0,0,0,0
62348,1,1,1996,25,38,8,18,10,19,16,6,15,19
62349,1,1,1996,0,0,0,0,0,0,0,0,0,0
62349,2,1,1996,0,0,0,0,0,0,0,0,0,0
62350,0,1,1996,18,18,18,18,18,18,18,18,18,18
62350,1,1,1996,11,11,11,11,11,11,11,11,11,11
62351,1,1,1996,0,0,0,0,0,0,0,0,0,0
62351,2,1,1996,0,0,0,0,0,0,0,0,0,0
62352,1,1,1996,3,3,3,3,3,3,3,3,3,3
62353,0,1,1996,19,19,19,19,19,19,19,19,19,19
62353,1,1,1996,0,0,15,0,0,0,0,0,0,0
62354,0,1,1996,33,33,33,33,33,33,33,33,33,33
62354,1,1,1996,0,0,0,0,0,0,0,0,0,0
62355,1,1,1996,21,21,21,21,21,21,21,21,21,21
62355,2,1,1996,0,0,0,0,0,0,0,0,0,0
62356,0,1,1996,0,0,0,0,0,0,0,0,0,0
62356,1,1,1996,0,0,0,0,0,0,0,0,0,0
62357,1,1,1996,22,0,0,0,23,0,0,0,0,0
62358,1,1,1996,0,0,0,0,0,0,0,0,0,0
62358,2,1,1996,0,0,0,0,0,0,0,0,0,6
62359,0,1,1996,0,0,0,0,0,0,0,0,0,0
62359,1,1,1996,0,0,22,0,0,0,0,0,0,0
62360,0,1,1996,0,0,0,0,0,0,0,0,0,0
62360,1,1,1996,13,24,17,0,0,10,0,0,16,0
62361,1,1,1996,0,0,0,0,0,0,0,0,0,0
62361,2,1,1996,0,0,0,0,0,0,0,0,0,0
62362,1,1,1996,0,0,0,0,0,0,0,0,0,0
62362,2,1,1996,0,0,0,0,0,0,0,0,0,0
62363,1,1,1996,0,0,0,0,0,0,0,0,0,0
62363,2,1,1996,0,0,0,0,0,0,0,0,0,0
62364,1,1,1996,0,0,0,0,0,0,0,0,0,0
62365,0,1,1996,0,0,0,0,0,0,0,0,0,0
62365,1,1,1996,0,0,0,0,0,0,0,0,0,0
62366,1,1,1996,0,0,0,0,9,0,0,0,0,18
62367,1,1,1996,0,0,0,0,0,0,0,0,0,0
62368,0,1,1996,0,0,0,0,0,0,0,0,0,0
62368,1,1,1996,0,0,0,0,0,0,0,0,0,0
62369,0,1,1996,26,26,26,26,26,26,26,26,26,26
62369,1,1,1996,0,0,0,0,0,0,0,0,0,0
62370,0,1,1996,0,0,0,0,0,0,0,0,0,0
62370,1,1,1996,0,0,0,0,0,0,0,0,0,0
62371,1,1,1996,0,0,0,0,0,0,0,0,0,0
62372,0,1,1996,0,0,0,0,0,0,0,0,0,0
62372,1,1,1996,0,0,0,0,0,0,0,0,0,0
62373,1,1,1996,0,0,0,0,0,0,0,15,0,0
62374,1,1,1996,0,0,0,0,0,11,30,0,0,0
62374,2,1,1996,0,0,0,0,0,0,0,0,0,0
62375,1,1,1996,0,0,0,0,0,0,0,0,0,0
62376,0,1,1996,0,0,0,0,0,0,0,0,0,0
62376,1,1,1996,0,0,0,0,0,0,0,0,0,0
62377,1,1,1996,11,11,11,11,11,11,11,11,11,11
62378,1,1,1996,22,22,22,22,22,22,22,22,22,22
62378,2,1,1996,0,0,0,0,0,0,0,0,0,0
62378,3,1,1996,0,0,0,0,0,10,0,0,0,0
62379,0,1,1996,0,0,0,0,0,0,0,0,0,0
62379,1,1,1996,0,0,0,0,0,0,0,0,0,0
62380,1,1,1996,37,37,37,37,37,37,37,37,37,37
62380,2,1,1996,0,0,0,0,7,0,0,0,0,0
62381,1,1,1996,19,19,19,19,19,19,19,19,19,19
62381,2,1,1996,0,0,0,0,0,0,0,0,0,0
62381,3,1,1996,0,0,0,0,0,0,0,0,0,0
62382,1,1,1996,0,0,0,0,0,0,0,0,0,0
62382,2,1,1996,0,0,0,0,0,0,0,0,0,0
62383,0,1,1996,0,0,0,0,0,0,0,0,0,0
62383,1,1,1996,0,0,0,0,0,0,0,0,0,0
62384,1,1,1996,0,0,0,0,0,0,0,0,0,0
62385,1,1,1996,0,0,0,0,0,0,0,0,0,0
62385,2,1,1996,0,0,0,22,0,0,0,0,0,0
62386,1,1,1996,0,0,0,0,0,0,0,0,0,0
62387,1,1,1996,22,22,22,22,22,22,22,22,22,22
62388,1,1,1996,0,0,0,0,0,0,0,0,0,0
62389,0,1,1996,40,40,40,40,40,40,40,40,40,40
62389,1,1,1996,0,0,0,0,0,0,0,0,0,0
62390,1,1,1996,16,16,16,16,16,16,16,16,16,16
62391,1,1,1996,9,9,9,9,9,9,9,9,9,9
62392,1,1,1996,1,1,1,1,1,1,1,1,1,1
62393,1,1,1996,19,19,19,19,19,19,19,19,19,19
62394,1,1,1996,0,0,0,0,0,0,0,0,0,0
62394,2,1,1996,0,0,0,0,0,0,0,0,0,0
62395,0,1,1996,0,0,0,0,0,0,0,0,0,0
62395,1,1,1996,0,0,0,0,0,0,0,0,0,0
62396,1,1,1996,18,18,18,18,18,18,18,18,18,18
62397,1,1,1996,0,0,13,18,19,28,15,17,15,0
62397,2,1,1996,0,0,0,0,0,0,0,0,0,0
62398,1,1,1996,0,0,0,0,0,0,0,0,0,0
62399,0,1,1996,0,0,0,0,0,0,0,0,0,0
62399,1,1,1996,0,0,0,0,0,0,0,0,0,0
62400,1,1,1996,0,0,0,0,0,0,0,0,0,0
62401,1,1,1996,0,0,0,0,0,0,0,0,0,0
62401,2,1,1996,0,0,0,0,9,0,0,0,0,0
62402,0,1,1996,29,29,29,29,29,29,29,29,29,29
62402,1,1,1996,0,0,0,0,0,0,0,0,0,11
62403,1,1,1996,11,11,11,11,11,11,11,11,11,11
62404,1,1,1996,0,0,0,0,0,0,0,0,0,0
62405,1,1,1996,0,0,0,0,0,0,0,0,0,0
62406,1,1,1996,0,0,0,0,0,0,0,0,0,0
62407,1,1,1996,11,11,11,11,11,11,11,11,11,11
62408,0,1,1996,14,14,14,14,14,14,14,14,14,14
62408,1,1,1996,0,0,0,0,0,0,0,0,0,11
62409,1,1,1996,9,9,9,9,9,9,9,9,9,9
62410,0,1,1996,0,0,0,0,0,0,0,0,0,0
62410,1,1,1996,15,30,0,12,0,14,7,0,0,8
62411,1,1,1996,0,0,0,0,0,0,0,0,0,0
62411,2,1,1996,0,0,0,0,0,0,0,0,0,0
62412,1,1,1996,0,0,0,0,0,0,0,0,0,0
62413,1,1,1996,0,0,0,0,0,0,0,0,0,0
62413,2,1,1996,0,0,0,0,0,0,0,0,0,0
62414,1,1,1996,0,0,0,0,0,0,0,0,0,0
62415,1,1,1996,0,0,0,0,0,0,0,0,0,0
62416,1,1,1996,19,19,19,19,19,19,19,19,19,19
62416,2,1,1996,0,25,0,0,0,0,0,0,0,17
62417,1,1,1996,19,19,19,19,19,19,19,19,19,19
62418,1,1,1996,5,5,5,5,5,5,5,5,5,5
62419,1,1,1996,9,9,9,9,9,9,9,9,9,9
62420,1,1,1996,0,0,0,0,0,0,0,0,0,0
62421,1,1,1996,0,0,35,0,8,27,0,0,0,0
62421,2,1,1996,21,21,21,21,21,21,21,21,21,21
62422,1,1,1996,0,0,0,0,0,0,0,0,0,0
62423,1,1,1996,0,0,0,0,0,0,0,0,19,0
62424,1,1,1996,11,11,11,11,11,11,11,11,11,11
62425,1,1,1996,0,0,0,0,0,0,0,0,0,0
62426,1,1,1996,0,0,0,0,0,0,13,0,0,0
62427,1,1,1996,18,18,18,18,18,18,18,18,18,18
62427,2,1,1996,0,0,0,0,0,0,0,0,0,0
62428,1,1,1996,0,0,0,0,0,0,0,0,0,0
62429,1,1,1996,0,0,0,0,0,0,0,0,0,0
62430,1,1,1996,10,10,10,10,10,10,10,10,10,10
62431,1,1,1996,7,7,7,7,7,7,7,7,7,7
62432,1,1,1996,21,21,21,21,21,21,21,21,21,21
62433,1,1,1996,10,10,10,10,10,10,10,10,10,10
62434,1,1,1996,0,0,0,0,0,0,0,0,0,0
62435,1,1,1996,0,0,0,0,0,0,0,0,0,0
62436,1,1,1996,0,0,0,0,0,0,0,0,0,0
62437,1,1,1996,16,16,16,16,16,16,16,16,16,16
62438,1,1,1996,0,0,0,0,0,0,0,0,0,0
62439,1,1,1996,17,0,0,0,0,0,0,0,38,21
62440,1,1,1996,13,13,13,13,13,13,13,13,13,13
62441,1,1,1996,13,13,13,13,13,13,13,13,13,13
62442,1,1,1996,0,0,0,0,0,0,0,0,0,0
62443,1,1,1996,0,0,0,0,0,0,0,0,0,0
62444,1,1,1996,0,0,0,0,0,0,0,0,0,0
62445,1,1,1996,0,0,0,0,0,0,0,0,0,0
62446,1,1,1996,25,25,25,25,25,25,25,25,25,25
62447,1,1,1996,0,0,0,0,0,0,0,0,0,0
62448,1,1,1996,0,12,0,0,10,13,0,24,0,0
62449,1,1,1996,7,7,7,7,7,7,7,7,7,7
62450,1,1,1996,0,0,0,0,0,0,0,0,0,0
62451,1,1,1996,0,0,0,0,0,0,0,0,0,0
62452,1,1,1996,29,0,0,0,0,0,0,0,0,0
62453,1,1,1996,12,12,12,12,12,12,12,12,12,12
62453,2,1,1996,0,0,0,0,0,0,0,0,0,0
62454,0,1,1996,0,0,0,0,0,0,0,0,0,0
62454,1,1,1996,0,0,0,0,0,0,0,0,0,0
62455,1,1,1996,15,15,15,15,15,15,15,15,15,15
62456,1,1,1996,0,0,0,0,0,0,0,0,0,0
62457,0,1,1996,19,19,19,19,19,19,19,19,19,19
62457,1,1,1996,0,6,0,0,0,0,17,0,15,12
62458,1,1,1996,11,11,11,11,11,11,11,11,11,11
62459,1,1,1996,24,14,13,28,19,19,35,27,22,18
62460,1,1,1996,0,0,0,0,0,0,0,0,0,0
62461,1,1,1996,3,3,3,3,3,3,3,3,3,3
62462,1,1,1996,0,0,0,0,0,0,0,0,0,0
62463,1,1,1996,12,12,12,12,12,12,12,12,12,12
62464,1,1,1996,17,17,17,17,17,17,17,17,17,17
62464,2,1,1996,0,0,0,0,0,0,0,0,0,0
62465,1,1,1996,0,0,0,0,0,0,0,0,0,0
62465,2,1,1996,0,0,0,0,0,0,0,0,0,0
62466,1,1,1996,0,0,0,0,0,0,0,0,0,0
62467,1,1,1996,21,21,21,21,21,21,21,21,21,21
62467,2,1,1996,0,0,0,0,0,0,0,0,0,0
62468,1,1,1996,0,0,0,0,0,0,0,0,0,0
62469,1,1,1996,0,0,19,13,28,16,17,14,0,21
62470,1,1,1996,9,9,9,9,9,9,9,9,9,9
62471,1,1,1996,9,9,9,9,9,9,9,9,9,9
62472,1,1,1996,0,0,11,0,0,0,0,0,0,0
62473,1,1,1996,34,34,34,34,34,34,34,34,34,34
62474,1,1,1996,28,28,28,28,28,28,28,28,28,28
62475,1,1,1996,4,4,4,4,4,4,4,4,4,4
62476,1,1,1996,0,0,0,0,0,0,0,0,0,0
62477,1,1,1996,0,0,0,0,0,0,0,0,0,0
62478,1,1,1996,19,19,19,19,19,19,19,19,19,19
62479,1,1,1996,0,0,0,0,0,0,0,0,0,0
62480,1,1,1996,17,17,17,17,17,17,17,17,17,17
62481,1,1,1996,14,14,14,14,14,14,14,14,14,14
62482,0,1,1996,0,0,0,0,0,0,0,0,0,0
62482,1,1,1996,0,0,0,0,0,0,0,0,0,0
62483,1,1,1996,3,3,3,3,3,3,3,3,3,3
62484,1,1,1996,16,16,16,16,16,16,16,16,16,16
62485,1,1,1996,0,0,0,0,12,0,0,0,0,0
62486,1,1,1996,11,11,11,11,11,11,11,11,11,11
62487,1,1,1996,19,19,19,19,19,19,19,19,19,19
62488,1,1,1996,0,0,0,0,0,0,0,0,0,0
62489,1,1,1996,0,0,0,0,0,0,0,5,0,35
62490,1,1,1996,0,0,0,0,0,0,0,0,0,0
62491,0,1,1996,0,0,0,0,0,0,0,0,0,0
62491,1,1,1996,0,0,0,0,0,0,0,0,0,0
62492,1,1,1996,0,0,38,0,0,0,0,0,0,0
62493,1,1,1996,0,0,0,0,0,0,0,0,0,0
62494,1,1,1996,0,0,0,0,0,0,0,0,0,0
62495,1,1,1996,17,17,17,17,17,17,17,17,17,17
62496,1,1,1996,0,0,0,0,0,0,0,0,0,0
62497,1,1,1996,0,0,0,0,0,0,0,0,0,0
62498,1,1,1996,0,0,0,0,0,0,0,0,0,0
62499,1,1,1996,0,0,0,0,0,0,0,0,0,0
62500,1,1,1996,0,0,0,0,0,0,0,0,0,0
62501,1,1,1996,52,52,52,52,52,52,52,52,52,52
62502,1,1,1996,36,36,36,36,36,36,36,36,36,36
62503,1,1,1996,22,22,22,22,22,22,22,22,22,22
62504,1,1,1996,15,15,15,15,15,15,15,15,15,15
62505,1,1,1996,0,19,10,6,11,12,7,7,14,0
62506,1,1,1996,0,0,0,0,0,0,0,0,0,0
62507,1,1,1996,0,0,0,0,0,0,0,0,0,0
62508,1,1,1996,0,0,0,0,0,0,0,0,0,0
62508,2,1,1996,0,0,0,0,0,0,0,0,0,0
62509,1,1,1996,0,0,0,0,0,0,0,0,0,0
62510,1,1,1996,0,0,0,0,0,0,0,0,0,14
62511,1,1,1996,0,0,0,0,0,0,0,0,0,0
62511,2,1,1996,0,0,0,0,0,0,0,0,0,0
62512,1,1,1996,0,0,0,0,0,0,0,0,0,0
62512,2,1,1996,0,0,0,0,0,0,0,0,0,0
62513,1,1,1996,0,0,0,0,0,0,0,0,0,0
62513,2,1,1996,0,16,0,0,19,0,0,15,0,0
62514,1,1,1996,0,0,0,0,0,0,0,0,0,0
62514,2,1,1996,7,0,0,0,0,0,0,0,0,0
62515,1,1,1996,8,8,8,8,8,8,8,8,8,8
62516,1,1,1996,0,0,0,0,0,0,0,0,0,0
62517,1,1,1996,0,0,10,0,20,0,14,0,0,0
62518,1,1,1996,0,0,0,0,0,0,12,0,0,0
62519,1,1,1996,0,0,0,0,0,0,0,0,0,0
62520,1,1,1996,13,13,13,13,13,13,13,13,13,13
62521,1,1,1996,23,23,23,23,23,23,23,23,23,23
62521,2,1,1996,0,0,0,0,0,0,0,0,0,0
62521,3,1,1996,0,0,0,0,0,0,0,0,0,0
62522,1,1,1996,0,0,0,0,0,0,0,0,0,0
62523,1,1,1996,0,0,0,0,0,0,0,0,0,0
62524,1,1,1996,0,0,0,11,0,0,0,0,0,0
62525,0,1,1996,16,16,16,16,16,16,16,16,16,16
62525,1,1,1996,4,0,17,0,0,0,13,18,0,29
62526,1,1,1996,0,0,0,0,0,0,0,0,0,0
62527,1,1,1996,0,0,0,0,0,0,0,0,0,0
62527,2,1,1996,0,0,0,0,0,5,0,0,0,0
62528,1,1,1996,0,0,0,0,0,0,0,0,0,0
62528,2,1,1996,0,0,0,0,0,0,0,0,0,0
62529,1,1,1996,4,4,4,4,4,4,4,4,4,4
62530,1,1,1996,0,0,0,0,0,0,0,0,0,0
62531,1,1,1996,0,0,0,0,0,0,0,0,7,0
62532,1,1,1996,0,0,0,0,0,0,0,0,0,0
62533,1,1,1996,24,24,24,24,24,24,24,24,24,24
62534,1,1,1996,0,0,0,0,0,0,0,0,0,0
62535,1,1,1996,0,0,0,0,0,0,0,0,0,0
62535,2,1,1996,0,0,0,0,0,0,0,0,0,0
62536,1,1,1996,0,0,0,0,0,0,0,0,0,0
62536,2,1,1996,0,0,0,0,0,0,0,0,0,0
62536,3,1,1996,0,0,0,0,0,0,0,0,0,0
62537,0,1,1996,3,3,3,3,3,3,3,3,3,3
62537,1,1,1996,0,0,0,0,0,0,0,0,0,0
62538,1,1,1996,0,0,0,0,0,0,0,0,0,0
62538,2,1,1996,0,0,0,0,0,0,0,0,0,0
62539,0,1,1996,0,0,0,16,0,0,0,0,0,0
62539,0,2,1996,0,0,0,0,0,0,0,0,0,0
62539,0,3,1996,0,0,0,0,0,0,0,0,0,0
62539,0,4,1996,0,0,0,0,0,0,0,0,0,0
62539,0,5,1996,0,0,0,0,0,0,12,0,0,0
62539,1,1,1996,0,0,0,0,0,0,0,0,0,0
62540,1,1,1996,21,21,21,21,21,21,21,21,21,21
62540,2,1,1996,0,0,0,0,0,0,0,0,0,0
62540,3,1,1996,0,0,0,0,0,0,0,0,0,5
62541,1,1,1996,4,4,4,4,4,4,4,4,4,4
62541,2,1,1996,0,0,0,0,0,0,0,0,0,0
62542,1,1,1996,0,0,0,0,0,0,0,0,0,0
62542,2,1,1996,0,0,0,0,0,0,0,0,0,0
62542,3,1,1996,0,0,0,0,0,0,0,0,0,0
62543,0,1,1996,0,0,0,0,0,0,0,0,0,32
62543,0,2,1996,0,0,0,0,0,0,0,0,0,0
62543,0,3,1996,0,0,0,0,0,0,0,24,0,0
62543,1,1,1996,0,0,0,0,0,0,0,0,0,0
62544,1,1,1996,0,0,0,0,0,0,0,0,0,0
62544,2,1,1996,0,0,22,0,0,0,0,0,0,0
62545,0,1,1996,0,0,0,0,0,0,0,0,0,0
62545,0,2,1996,0,0,0,0,0,0,16,27,0,0
62545,1,1,1996,11,11,11,11,11,11,11,11,11,11
62545,2,1,1996,0,0,0,0,0,0,0,0,0,0
62546,1,1,1996,0,0,0,0,0,0,0,0,0,0
62547,1,1,1996,0,21,0,28,22,20,15,0,14,13
62548,1,1,1996,16,16,16,16,16,16,16,16,16,16
62549,0,1,1996,0,0,0,0,0,0,0,0,0,0
62549,1,1,1996,0,0,0,0,0,0,0,0,0,0
62550,1,1,1996,6,0,28,0,0,0,0,0,0,0
62550,2,1,1996,0,0,0,0,0,0,0,0,0,0
62551,1,1,1996,0,0,0,0,0,0,0,0,0,0
62551,2,1,1996,0,0,0,0,0,0,0,0,0,0
62552,1,1,1996,0,0,0,0,0,0,0,0,0,0
62552,2,1,1996,0,0,0,0,0,0,0,0,0,0
62552,3,1,1996,3,0,0,0,0,0,0,0,0,0
62552,4,1,1996,0,0,0,0,15,0,0,0,0,0
62552,5,1,1996,0,0,0,0,0,0,0,0,0,0
62553,1,1,1996,27,27,27,27,27,27,27,27,27,27
62554,1,1,1996,0,0,0,0,0,0,0,0,0,0
62554,2,1,1996,0,0,0,0,0,0,0,0,0,0
62554,3,1,1996,0,0,0,0,0,0,0,0,0,0
62554,4,1,1996,0,0,0,0,0,0,0,0,0,0
62554,5,1,1996,0,0,0,0,0,0,0,0,0,0
62554,6,1,1996,0,0,0,0,0,0,0,0,0,0
62555,1,1,1996,0,0,0,0,0,0,0,0,0,0
62555,2,1,1996,0,0,0,0,0,0,0,0,0,0
62555,3,1,1996,0,0,0,0,0,0,0,0,0,0
62556,1,1,1996,0,0,0,0,0,0,0,0,0,0
62557,0,1,1996,0,0,0,0,0,0,0,0,0,0
62557,1,1,1996,10,0,0,0,0,0,0,0,0,0
62558,1,1,1996,17,9,21,27,27,15,16,17,7,28
62558,2,1,1996,0,0,0,0,0,0,0,0,0,0
62559,1,1,1996,13,30,0,27,12,9,12,11,11,9
62560,0,1,1996,0,0,0,0,0,0,0,0,0,0
62560,1,1,1996,0,0,0,0,0,0,0,0,0,0
62561,0,1,1996,7,7,7,7,7,7,7,7,7,7
62561,1,1,1996,0,0,0,0,0,0,0,0,0,0
62562,1,1,1996,0,0,0,0,0,0,0,0,0,0
62562,2,1,1996,0,0,0,0,0,0,0,0,0,0
62562,3,1,1996,0,0,0,0,0,0,0,0,0,0
62563,0,1,1996,0,0,0,0,0,36,0,0,0,0
62563,1,1,1996,7,0,0,0,0,12,0,0,0,5
62564,0,1,1996,0,0,8,0,0,7,0,0,0,0
62564,1,1,1996,48,48,48,48,48,48,48,48,48,48
62565,1,1,1996,20,3,14,5,35,20,7,7,8,11
62566,1,1,1996,13,13,13,13,13,13,13,13,13,13
62567,1,1,1996,24,24,24,24,24,24,24,24,24,24
62568,1,1,1996,0,0,0,0,0,0,0,0,0,0
62568,2,1,1996,0,0,0,0,0,0,0,0,0,0
62569,1,1,1996,24,24,24,24,24,24,24,24,24,24
62570,1,1,1996,0,0,0,0,0,0,0,0,0,0
62570,2,1,1996,0,0,0,0,0,0,0,0,0,0
62571,1,1,1996,0,0,0,0,0,0,0,0,0,0
62572,1,1,1996,0,0,0,0,0,0,0,0,0,0
62572,2,1,1996,0,0,0,0,0,0,0,0,0,0
62573,1,1,1996,0,0,0,0,0,0,0,0,0,0
62574,1,1,1996,0,0,0,0,0,0,0,0,0,0
62574,2,1,1996,1,1,1,1,1,1,1,1,1,1
62575,1,1,1996,9,9,9,9,9,9,9,9,9,9
62575,2,1,1996,4,4,4,4,4,4,4,4,4,4
62576,1,1,1996,0,0,0,0,0,0,0,0,0,0
62577,0,1,1996,0,0,0,0,0,0,0,0,0,0
62577,1,1,1996,28,0,0,0,0,0,0,0,0,0
62578,1,1,1996,0,0,0,0,0,0,0,0,0,0
62578,2,1,1996,0,0,0,0,0,0,0,0,0,0
62579,0,1,1996,10,10,10,10,10,10,10,10,10,10
62579,1,1,1996,0,0,0,0,0,0,0,0,0,0
62580,1,1,1996,21,21,21,21,21,21,21,21,21,21
62581,0,1,1996,0,0,0,0,0,0,0,0,0,0
62581,1,1,1996,0,0,0,0,0,0,0,0,0,0
62582,0,1,1996,0,0,0,0,0,0,0,0,0,0
62582,1,1,1996,21,21,21,21,21,21,21,21,21,21
62583,1,1,1996,26,26,26,26,26,26,26,26,26,26
62583,2,1,1996,0,0,0,0,0,0,0,0,0,0
62584,1,1,1996,0,0,0,0,0,0,0,0,0,0
62584,2,1,1996,0,0,0,0,0,0,15,0,0,0
62584,3,1,1996,0,0,0,0,0,0,0,0,0,0
62585,1,1,1996,0,0,0,0,0,0,0,0,0,0
62585,2,1,1996,0,0,0,0,0,0,0,0,0,0
62585,3,1,1996,0,0,0,0,0,0,0,0,0,0
62586,1,1,1996,0,0,0,0,0,0,0,0,0,0
62586,2,1,1996,0,0,0,0,0,0,0,0,0,0
62586,3,1,1996,0,0,0,0,0,0,0,0,0,0
62586,4,1,1996,0,0,0,0,0,0,0,0,0,0
62587,0,1,1996,22,22,31,28,15,22,33,12,5,21
62587,1,1,1996,0,0,0,0,0,0,0,0,0,0
62588,0,1,1996,19,19,19,19,19,19,19,19,19,19
62588,1,1,1996,0,0,0,0,0,0,0,0,0,0
62589,0,1,1996,0,0,0,0,0,0,0,0,0,0
62589,1,1,1996,0,0,0,0,0,0,0,0,0,0
62590,1,1,1996,0,0,0,0,0,0,0,0,0,0
62591,1,1,1996,0,0,0,0,0,0,0,0,0,0
62591,2,1,1996,0,0,0,0,0,0,0,0,0,0
62592,1,1,1996,0,0,0,0,0,0,0,0,0,0
62592,2,1,1996,0,0,0,0,0,0,0,0,0,0
62593,1,1,1996,43,43,43,43,43,43,43,43,43,43
62593,2,1,1996,0,0,0,0,0,0,0,0,0,0
62594,1,1,1996,0,0,0,14,0,0,0,0,7,0
62595,1,1,1996,0,0,0,0,0,0,0,0,0,0