ST_CASE,VEH_NO,PER_NO,YEAR,P1,P2,P3,P4,P5,P6,P7,P8,P9,P10
62596,1,1,1996,0,0,0,0,0,0,0,0,0,0
62596,2,1,1996,0,0,0,0,0,0,0,0,0,0
62597,1,1,1996,0,0,0,0,0,0,0,0,0,0
62597,2,1,1996,0,0,0,0,0,0,0,0,0,0
62598,1,1,1996,0,0,0,0,0,0,0,0,0,0
62599,1,1,1996,0,0,0,0,0,0,0,0,0,0
62600,1,1,1996,17,17,17,17,17,17,17,17,17,17
62601,1,1,1996,10,10,10,10,10,10,10,10,10,10
62602,1,1,1996,0,0,0,0,0,0,0,0,0,0
62602,2,1,1996,0,0,0,0,0,0,0,0,0,0
62603,1,1,1996,19,19,19,19,19,19,19,19,19,19
62604,1,1,1996,0,0,0,0,0,0,0,0,0,7
62604,2,1,1996,0,0,0,0,0,0,0,0,0,0
62605,0,1,1996,0,0,0,0,0,0,0,0,0,0
62605,1,1,1996,0,0,0,0,0,0,0,0,0,0
62606,0,1,1996,31,31,31,31,31,31,31,31,31,31
62606,1,1,1996,7,7,7,7,7,7,7,7,7,7
62607,1,1,1996,0,0,29,0,0,0,0,0,0,0
62608,0,1,1996,2,2,2,2,2,2,2,2,2,2
62608,1,1,1996,0,0,0,0,0,0,0,0,0,0
62609,1,1,1996,13,13,13,13,13,13,13,13,13,13
62610,1,1,1996,0,0,0,0,0,18,0,0,0,0
62611,0,1,1996,0,0,0,0,0,0,0,0,0,0
62611,1,1,1996,0,0,0,0,0,0,0,0,0,0
62612,1,1,1996,0,0,0,0,0,0,0,0,0,0
62612,2,1,1996,0,0,0,0,0,0,0,0,0,0
62613,1,1,1996,8,8,8,8,8,8,8,8,8,8
62614,1,1,1996,0,0,0,0,0,0,0,0,0,0
62615,1,1,1996,0,0,0,0,0,0,0,0,0,0
62615,2,1,1996,0,0,0,0,0,0,0,0,0,0
62615,3,1,1996,0,0,0,0,0,0,0,0,0,0
62616,1,1,1996,6,6,6,6,6,6,6,6,6,6
62616,2,1,1996,0,0,0,0,0,0,0,0,0,0
62617,1,1,1996,0,0,0,0,0,0,0,0,0,0
62617,2,1,1996,0,0,0,0,0,0,0,0,0,0
62618,1,1,1996,10,10,10,10,10,10,10,10,10,10
62619,1,1,1996,0,0,0,0,0,0,0,0,0,0
62619,2,1,1996,0,0,0,0,0,0,0,0,0,0
62619,3,1,1996,0,0,0,0,0,0,0,0,0,0
62620,1,1,1996,0,0,0,0,0,0,0,0,0,0
62621,1,1,1996,0,0,0,0,0,0,0,0,0,0
62621,2,1,1996,0,0,0,0,0,0,0,0,0,0
62622,1,1,1996,21,21,21,21,21,21,21,21,21,21
62623,1,1,1996,18,18,18,18,18,18,18,18,18,18
62624,1,1,1996,0,0,0,0,0,0,0,0,0,0
62624,2,1,1996,0,0,0,0,0,0,0,0,0,0
62625,1,1,1996,0,0,0,0,0,0,0,0,0,0
62625,2,1,1996,0,0,0,0,0,0,0,0,0,0
62626,1,1,1996,0,0,0,0,0,0,0,0,0,0
62626,2,1,1996,0,0,0,0,0,0,0,0,0,0
62627,1,1,1996,11,11,11,11,11,11,11,11,11,11
62628,0,1,1996,0,0,0,0,0,0,0,0,0,0
62628,1,1,1996,0,0,0,0,0,0,0,0,0,0
62629,1,1,1996,0,0,0,0,0,0,0,34,0,0
62630,1,1,1996,0,0,0,0,0,0,0,0,0,0
62630,2,1,1996,0,0,0,0,0,0,0,0,0,0
62631,1,1,1996,0,0,0,0,0,0,0,0,0,0
62631,2,1,1996,3,3,3,3,3,3,3,3,3,3
62632,1,1,1996,0,0,0,0,0,31,0,0,0,0
62632,2,1,1996,0,0,0,0,0,0,0,0,0,0
62633,1,1,1996,0,0,0,0,0,0,0,0,0,0
62633,2,1,1996,0,0,0,0,0,0,0,0,0,0
62634,1,1,1996,0,0,0,0,0,0,0,0,0,0
62634,2,1,1996,20,0,45,22,0,0,0,0,0,9
62635,0,1,1996,26,26,26,26,26,26,26,26,26,26
62635,1,1,1996,12,12,12,12,12,12,12,12,12,12
62636,1,1,1996,0,0,0,0,0,0,0,0,0,0
62637,1,1,1996,14,14,14,14,14,14,14,14,14,14
62638,1,1,1996,0,0,0,0,0,0,0,0,0,0
62638,2,1,1996,0,0,0,0,0,0,0,0,0,0
62639,1,1,1996,0,0,0,0,14,0,0,0,0,0
62639,2,1,1996,0,0,0,0,0,0,0,0,0,0
62640,1,1,1996,15,15,15,15,15,15,15,15,15,15
62640,2,1,1996,0,0,0,0,0,0,0,0,0,0
62641,0,1,1996,0,0,0,0,0,0,0,0,0,0
62641,1,1,1996,0,0,0,0,0,0,0,0,0,0
62641,2,1,1996,0,0,0,0,0,0,0,0,0,0
62642,1,1,1996,0,0,0,0,0,0,0,0,0,0
62643,1,1,1996,0,0,14,8,0,12,0,0,0,17
62643,2,1,1996,2,2,2,2,2,2,2,2,2,2
62644,1,1,1996,0,0,0,0,0,0,0,0,0,11
62644,2,1,1996,0,0,0,0,0,0,0,0,0,0
62645,1,1,1996,0,0,0,0,0,0,0,0,0,0
62645,2,1,1996,0,0,0,0,0,0,0,0,0,0
62646,0,1,1996,0,0,0,0,0,0,0,0,0,0
62646,1,1,1996,0,0,0,0,0,22,0,16,11,0
62647,0,1,1996,0,0,0,0,0,0,0,0,0,0
62647,1,1,1996,0,0,0,0,0,0,0,0,0,0
62648,1,1,1996,16,16,16,16,16,16,16,16,16,16
62648,2,1,1996,4,4,4,4,4,4,4,4,4,4
62649,1,1,1996,0,14,0,0,0,18,0,0,7,0
62649,2,1,1996,0,30,20,0,0,0,0,0,0,0
62650,0,1,1996,27,27,27,27,27,27,27,27,27,27
62650,1,1,1996,0,0,0,0,0,0,0,0,0,0
62651,1,1,1996,0,0,8,0,0,0,0,0,0,10
62651,2,1,1996,0,0,0,0,0,0,0,0,0,0
62652,1,1,1996,0,0,0,0,0,0,0,0,0,0
62653,1,1,1996,7,7,7,7,7,7,7,7,7,7
62653,2,1,1996,0,0,0,0,0,0,0,0,0,0
62654,1,1,1996,0,0,0,0,0,0,0,0,0,0
62655,1,1,1996,0,0,0,0,0,0,0,0,0,0
62655,2,1,1996,0,0,0,0,0,0,0,0,0,0
62656,1,1,1996,12,12,12,12,12,12,12,12,12,12
62656,2,1,1996,33,0,0,18,0,17,0,0,0,20
62657,1,1,1996,0,0,0,0,0,0,0,0,0,0
62657,2,1,1996,0,0,0,0,0,0,0,0,0,0
62658,1,1,1996,3,3,3,3,3,3,3,3,3,3
62659,1,1,1996,0,0,0,0,0,0,0,0,0,0
62659,2,1,1996,11,11,11,11,11,11,11,11,11,11
62660,0,1,1996,18,18,18,18,18,18,18,18,18,18
62660,1,1,1996,0,0,0,0,0,0,0,0,0,0
62661,1,1,1996,0,0,0,3,0,0,0,0,0,0
62661,2,1,1996,0,0,0,0,0,0,0,0,0,0
62662,1,1,1996,0,0,0,0,0,0,0,0,0,0
62663,1,1,1996,0,0,0,0,0,0,0,0,0,0
62664,1,1,1996,22,22,22,22,22,22,22,22,22,22
62664,2,1,1996,0,0,0,0,0,0,0,0,0,0
62665,1,1,1996,0,0,0,0,0,0,0,0,0,0
62665,2,1,1996,0,0,0,0,0,0,23,0,0,0
62666,1,1,1996,0,0,0,0,0,0,0,0,0,0
62666,2,1,1996,0,0,0,0,0,0,0,0,0,0
62666,3,1,1996,0,0,0,0,0,0,0,0,0,0
62667,0,1,1996,0,0,0,0,0,0,0,0,0,0
62667,1,1,1996,0,0,0,0,0,0,0,0,0,0
62669,0,1,1996,21,21,21,21,21,21,21,21,21,21
62669,1,1,1996,0,0,0,0,0,0,0,0,0,0
62670,1,1,1996,0,0,0,0,0,0,0,0,0,0
62670,2,1,1996,0,0,0,0,0,0,0,0,0,0
62670,3,1,1996,0,16,18,6,18,0,29,0,0,17
62671,1,1,1996,0,0,0,0,0,0,0,0,0,0
62671,2,1,1996,10,10,10,10,10,10,10,10,10,10
62672,1,1,1996,0,0,0,0,0,0,0,0,0,0
62672,2,1,1996,0,0,0,0,0,0,0,0,0,0
62673,1,1,1996,0,0,0,0,0,0,0,0,0,0
62673,2,1,1996,0,0,0,0,0,0,0,0,0,0
62674,1,1,1996,0,0,0,0,0,0,0,0,0,0
62675,1,1,1996,0,0,0,0,0,0,0,0,0,0
62676,1,1,1996,0,0,0,0,0,0,0,0,0,0
62676,2,1,1996,0,0,0,0,0,0,0,0,0,0
62677,1,1,1996,0,0,0,0,0,0,0,0,0,0
62677,2,1,1996,0,0,0,0,0,0,0,0,0,0
62677,3,1,1996,0,0,0,0,0,0,0,0,0,0
62677,4,1,1996,0,0,0,0,0,0,0,0,0,0
62677,5,1,1996,0,0,0,0,0,0,0,0,0,0
62678,1,1,1996,0,0,0,0,0,0,0,0,0,0
62678,2,1,1996,0,0,0,0,0,0,0,0,0,0
62678,3,1,1996,0,0,0,0,0,0,0,0,0,0
62678,4,1,1996,0,0,0,0,0,0,0,0,0,0
62678,5,1,1996,0,0,0,0,0,0,0,0,0,0
62678,6,1,1996,0,0,0,0,0,0,0,0,0,0
62678,7,1,1996,0,0,0,0,0,0,0,0,0,0
62678,8,1,1996,0,0,0,0,0,0,0,0,0,0
62678,9,1,1996,0,0,0,0,0,0,0,0,0,0
62678,10,1,1996,0,0,0,0,0,0,0,0,0,0
62678,11,1,1996,0,0,0,0,0,0,0,0,0,0
62678,12,1,1996,0,0,0,0,0,0,0,0,0,0
62679,1,1,1996,0,0,0,0,0,0,0,0,0,0
62679,2,1,1996,3,3,3,3,3,3,3,3,3,3
62680,1,1,1996,20,20,20,20,20,20,20,20,20,20
62681,1,1,1996,6,13,0,16,9,0,15,12,32,0
62682,1,1,1996,0,0,0,0,0,0,0,0,0,0
62682,2,1,1996,0,0,0,0,0,0,0,0,0,0
62683,0,1,1996,0,0,16,0,0,0,0,0,0,0
62683,0,2,1996,0,0,0,0,0,0,4,19,0,0
62683,1,1,1996,0,0,0,0,0,0,0,0,0,0
62684,0,1,1996,0,0,0,0,0,0,0,0,0,0
62684,1,1,1996,0,0,0,0,0,0,0,0,0,0
62684,2,1,1996,0,0,0,0,0,0,0,0,0,0
62685,1,1,1996,0,0,0,0,0,0,0,0,0,0
62685,2,1,1996,0,0,0,0,0,0,0,0,0,0
62685,3,1,1996,0,0,0,0,0,0,0,0,0,0
62685,4,1,1996,0,0,0,0,0,0,0,0,0,0
62686,1,1,1996,0,0,0,0,0,0,0,0,0,0
62686,2,1,1996,12,12,12,12,12,12,12,12,12,12
62687,1,1,1996,0,0,0,0,0,0,0,0,0,0
62687,2,1,1996,0,0,0,0,0,0,0,0,0,0
62688,1,1,1996,0,0,0,0,0,0,0,0,0,0
62689,1,1,1996,0,0,0,0,0,0,0,0,0,0
62689,2,1,1996,0,0,0,0,0,0,0,0,0,0
62690,1,1,1996,18,18,18,18,18,18,18,18,18,18
62690,2,1,1996,0,0,0,0,0,0,0,0,0,0
62691,1,1,1996,12,12,12,12,12,12,12,12,12,12
62692,1,1,1996,20,20,20,20,20,20,20,20,20,20
62692,2,1,1996,0,0,0,0,0,0,0,0,0,0
62693,0,1,1996,0,0,0,0,0,0,0,0,0,0
62693,1,1,1996,0,0,0,0,0,0,0,0,19,0
62694,1,1,1996,0,0,0,0,0,0,0,0,0,0
62695,0,1,1996,20,20,20,20,20,20,20,20,20,20
62695,1,1,1996,0,0,0,0,0,0,0,0,0,0
62696,1,1,1996,8,8,8,8,8,8,8,8,8,8
62697,0,1,1996,0,0,0,0,0,0,0,0,0,0
62697,1,1,1996,0,0,0,0,0,0,0,0,0,0
62698,1,1,1996,0,0,0,0,0,0,0,0,0,0
62698,2,1,1996,12,0,0,0,0,0,0,0,0,0
62698,3,1,1996,0,0,0,0,0,0,0,0,0,0
62699,0,1,1996,0,0,0,8,0,0,0,0,0,0
62699,1,1,1996,0,0,0,0,0,0,4,0,0,0
62700,0,1,1996,0,0,0,0,0,0,0,0,0,0
62700,1,1,1996,0,0,16,15,19,12,0,0,0,0
62701,1,1,1996,21,21,21,21,21,21,21,21,21,21
62702,0,1,1996,0,0,0,0,0,0,0,0,0,0
62702,1,1,1996,0,0,0,0,0,0,0,0,0,0
62703,0,1,1996,0,0,0,0,0,0,0,0,0,0
62703,1,1,1996,16,15,0,24,24,20,33,22,20,6
62704,1,1,1996,3,3,3,3,3,3,3,3,3,3
62705,1,1,1996,0,0,0,0,0,0,0,0,0,0
62705,2,1,1996,0,0,0,0,0,0,0,0,0,0
62706,1,1,1996,25,25,25,25,25,25,25,25,25,25
62706,2,1,1996,0,0,0,0,0,0,0,0,0,0
62706,3,1,1996,13,24,16,17,14,6,9,11,21,25
62707,1,1,1996,17,17,17,17,17,17,17,17,17,17
62708,1,1,1996,0,0,0,0,0,0,0,0,0,0
62708,2,1,1996,0,0,0,10,0,12,30,0,0,20
62709,0,1,1996,0,0,0,0,0,0,0,0,0,0
62709,1,1,1996,0,0,0,0,0,0,0,0,13,0
62710,1,1,1996,0,0,0,0,0,0,0,0,0,0
62711,1,1,1996,0,0,0,0,0,0,0,0,0,0
62711,2,1,1996,0,0,0,0,0,0,0,0,0,0
62712,0,1,1996,18,18,18,18,18,18,18,18,18,18
62712,1,1,1996,0,0,0,0,0,0,0,0,0,0
62713,1,1,1996,11,11,11,11,11,11,11,11,11,11
62714,1,1,1996,27,27,27,27,27,27,27,27,27,27
62715,0,1,1996,23,28,21,15,21,32,8,39,24,22
62715,1,1,1996,0,0,0,0,0,0,0,0,0,0
62716,1,1,1996,0,0,0,0,0,0,0,0,0,0
62717,1,1,1996,0,0,0,0,0,0,0,0,0,0
62717,2,1,1996,0,0,0,0,0,0,0,0,0,0
62718,0,1,1996,18,18,18,18,18,18,18,18,18,18
62718,1,1,1996,0,0,0,0,0,0,0,0,0,0
62718,2,1,1996,0,0,0,0,0,0,0,0,0,0
62719,1,1,1996,23,23,23,23,23,23,23,23,23,23
62720,1,1,1996,0,0,0,0,0,0,0,0,0,0
62720,2,1,1996,0,0,0,0,0,0,0,0,0,0
62721,1,1,1996,0,0,0,0,0,0,0,0,0,20
62721,2,1,1996,0,0,0,0,0,0,0,0,0,0
62722,1,1,1996,0,0,0,0,0,0,0,0,0,0
62722,2,1,1996,9,9,9,9,9,9,9,9,9,9
62723,0,1,1996,0,0,0,0,0,0,0,0,0,0
62723,1,1,1996,0,0,0,0,0,0,0,0,0,0
62724,1,1,1996,0,0,0,0,0,0,0,0,0,0
62724,2,1,1996,0,0,0,0,0,0,0,0,0,0
62725,1,1,1996,0,0,0,0,0,0,0,0,0,0
62726,1,1,1996,16,16,16,16,16,16,16,16,16,16
62726,2,1,1996,0,0,0,0,0,0,0,8,9,0
62727,0,1,1996,0,0,0,0,0,0,0,0,0,0
62727,1,1,1996,0,0,0,0,0,0,0,0,0,0
62728,1,1,1996,19,19,19,19,19,19,19,19,19,19
62729,1,1,1996,26,26,26,26,26,26,26,26,26,26
62729,2,1,1996,0,0,0,0,0,0,0,0,0,0
62730,1,1,1996,0,0,0,0,0,0,0,0,0,0
62730,2,1,1996,4,4,4,4,4,4,4,4,4,4
62731,1,1,1996,11,11,11,11,11,11,11,11,11,11
62731,2,1,1996,0,0,0,0,0,0,0,0,0,0
62732,1,1,1996,15,15,15,15,15,15,15,15,15,15
62733,1,1,1996,13,13,13,13,13,13,13,13,13,13
62733,2,1,1996,0,0,11,0,0,0,0,0,0,0
62734,0,1,1996,18,18,18,18,18,18,18,18,18,18
62734,1,1,1996,0,0,0,0,0,0,0,0,0,0
62735,1,1,1996,0,8,0,0,0,0,5,0,0,0
62736,1,1,1996,5,5,5,5,5,5,5,5,5,5
62736,2,1,1996,14,7,0,0,8,0,0,10,16,0
62737,1,1,1996,25,2,3,0,0,0,18,19,0,0
62737,2,1,1996,2,2,2,2,2,2,2,2,2,2
62738,1,1,1996,0,0,0,0,0,0,0,0,0,0
62738,2,1,1996,0,0,0,0,0,0,0,0,0,0
62739,0,1,1996,21,21,21,21,21,21,21,21,21,21
62739,1,1,1996,0,0,0,0,0,0,0,0,0,0
62740,0,1,1996,0,0,0,0,0,0,0,0,0,0
62740,0,2,1996,0,0,0,0,0,0,15,0,0,0
62740,1,1,1996,0,0,0,0,0,0,0,0,0,0
62741,1,1,1996,19,19,19,19,19,19,19,19,19,19
62741,2,1,1996,0,0,0,7,0,0,0,0,0,0
62742,1,1,1996,0,0,0,0,0,0,0,0,0,0
62742,2,1,1996,0,0,0,0,0,0,0,0,0,0
62743,1,1,1996,0,0,0,0,0,0,0,0,0,0
62744,1,1,1996,0,0,0,0,0,0,0,0,0,0
62744,2,1,1996,0,0,0,0,0,0,0,0,0,0
62745,1,1,1996,34,34,34,34,34,34,34,34,34,34
62746,0,1,1996,0,0,0,0,0,0,0,0,0,0
62746,1,1,1996,0,0,0,0,0,0,0,0,0,0
62747,1,1,1996,17,17,17,17,17,17,17,17,17,17
62748,0,1,1996,12,12,12,12,12,12,12,12,12,12
62748,1,1,1996,0,0,0,0,0,0,0,0,0,0
62749,0,1,1996,0,0,0,0,0,0,0,0,0,0
62749,1,1,1996,0,0,0,14,0,0,18,0,0,19
62749,2,1,1996,0,0,0,0,10,0,4,0,0,9
62749,3,1,1996,30,0,0,0,16,16,5,11,15,0
62749,4,1,1996,0,14,14,9,0,0,8,0,30,0
62749,5,1,1996,0,0,0,0,0,0,24,0,22,0
62750,0,1,1996,12,12,12,12,12,12,12,12,12,12
62750,2,1,1996,0,0,0,0,0,0,0,0,0,0
62750,3,1,1996,0,0,0,0,0,0,0,0,19,0
62751,1,1,1996,0,0,0,0,0,0,0,0,0,0
62752,1,1,1996,11,11,11,11,11,11,11,11,11,11
62753,1,1,1996,0,0,0,0,0,0,0,0,0,0
62753,2,1,1996,0,0,0,0,0,0,0,0,0,0
62754,1,1,1996,0,0,0,0,0,0,0,0,0,0
62755,1,1,1996,0,0,11,0,0,11,0,15,0,0
62756,1,1,1996,0,0,0,0,0,0,0,0,0,0
62757,1,1,1996,0,10,0,0,0,0,0,0,0,0
62758,0,1,1996,0,0,0,0,0,0,0,0,0,4
62759,0,1,1996,0,0,0,0,0,0,0,0,0,0
62759,1,1,1996,0,0,0,0,0,0,0,0,0,0
62760,1,1,1996,0,0,0,0,0,0,0,0,0,0
62761,0,1,1996,0,0,0,0,0,0,0,0,0,0
62761,1,1,1996,0,0,8,0,0,0,0,0,0,0
62762,0,1,1996,0,0,0,0,0,0,0,0,0,0
62762,1,1,1996,0,0,0,0,0,0,0,0,0,0
62763,1,1,1996,17,17,17,17,17,17,17,17,17,17
62763,2,1,1996,0,0,0,0,0,0,0,0,0,0
62764,1,1,1996,13,13,13,13,13,13,13,13,13,13
62765,1,1,1996,10,10,10,10,10,10,10,10,10,10
62766,0,1,1996,0,0,0,0,0,0,0,0,0,0
62766,1,1,1996,0,0,0,0,0,0,0,0,0,0
62767,1,1,1996,0,0,0,0,0,0,0,0,0,0
62768,1,1,1996,0,0,0,0,0,0,0,0,0,0
62769,1,1,1996,30,30,30,30,30,30,30,30,30,30
62770,1,1,1996,18,18,18,18,18,18,18,18,18,18
62771,1,1,1996,14,14,14,14,14,14,14,14,14,14
62772,1,1,1996,0,0,0,0,0,0,0,0,0,0
62773,1,1,1996,22,22,22,22,22,22,22,22,22,22
62774,1,1,1996,32,32,32,32,32,32,32,32,32,32
62775,0,1,1996,0,0,0,0,0,0,0,0,0,0
62775,1,1,1996,7,13,0,0,0,0,0,0,0,7
62776,1,1,1996,0,0,0,0,0,0,0,0,0,0
62777,1,1,1996,0,0,0,0,0,0,0,0,0,0
62778,1,1,1996,1,1,1,1,1,1,1,1,1,1
62779,1,1,1996,21,21,21,21,21,21,21,21,21,21
62780,1,1,1996,10,10,10,10,10,10,10,10,10,10
62781,1,1,1996,6,6,6,6,6,6,6,6,6,6
62782,1,1,1996,5,5,5,5,5,5,5,5,5,5
62783,0,1,1996,36,36,36,36,36,36,36,36,36,36
62783,1,1,1996,0,0,0,0,0,11,0,0,0,0
62784,0,1,1996,22,14,35,20,23,29,9,17,25,35
62784,1,1,1996,0,11,18,26,0,25,10,3,6,16
62785,1,1,1996,0,0,0,0,19,0,0,0,0,0
62786,1,1,1996,0,0,0,0,0,0,0,0,0,0
62786,2,1,1996,0,0,0,0,0,0,0,0,0,0
62787,1,1,1996,0,0,0,0,0,0,0,0,0,0
62788,1,1,1996,0,0,0,0,0,0,0,0,0,0
62789,0,1,1996,0,0,0,0,0,0,0,0,10,0
62789,1,1,1996,0,0,0,0,0,0,0,0,0,0
62790,1,1,1996,0,0,0,0,0,0,0,0,0,0
62790,2,1,1996,20,20,20,20,20,20,20,20,20,20
62791,1,1,1996,0,0,0,0,0,0,0,0,0,0
62792,1,1,1996,0,0,0,0,0,0,0,0,0,0
62793,0,1,1996,0,0,0,0,0,0,0,0,0,0
62793,0,2,1996,0,0,0,0,0,0,0,0,0,0
62793,1,1,1996,0,0,0,0,0,0,0,0,0,0
62794,1,1,1996,0,0,0,0,0,0,0,0,0,0
62795,1,1,1996,0,0,0,0,0,0,0,0,0,0
62795,2,1,1996,0,0,0,0,0,0,0,0,0,0
62795,3,1,1996,0,0,0,0,0,0,0,0,0,0
62796,0,1,1996,0,0,0,0,0,0,0,0,0,0
62796,1,1,1996,0,0,0,0,0,0,0,0,0,0
62797,1,1,1996,0,0,0,0,0,0,0,0,0,0
62797,2,1,1996,4,8,0,29,0,0,37,32,13,12
62798,0,1,1996,4,4,4,4,4,4,4,4,4,4
62798,1,1,1996,0,0,0,0,0,0,0,0,0,0
62799,1,1,1996,22,22,22,22,22,22,22,22,22,22
62800,1,1,1996,0,0,0,0,0,0,0,0,0,0
62800,2,1,1996,0,0,0,0,0,0,0,0,0,0
62801,1,1,1996,0,0,0,0,0,0,0,0,0,0
62802,0,1,1996,0,0,0,0,0,0,0,0,0,0
62802,1,1,1996,0,0,0,0,8,0,17,5,0,0
62803,0,1,1996,0,0,0,0,0,0,0,0,0,0
62803,1,1,1996,0,0,0,0,0,0,0,0,0,0
62803,2,1,1996,0,0,0,0,0,0,0,0,0,0
62804,1,1,1996,0,0,0,0,9,0,0,0,0,0
62804,2,1,1996,0,0,13,7,15,23,7,17,6,21
62805,0,1,1996,7,7,7,7,7,7,7,7,7,7
62805,1,1,1996,0,0,0,0,0,0,15,0,0,0
62806,1,1,1996,9,9,9,9,9,9,9,9,9,9
62806,2,1,1996,0,14,0,0,0,0,0,0,0,0
62807,1,1,1996,0,0,0,0,0,0,0,0,0,0
62807,2,1,1996,0,0,0,0,0,0,0,0,0,0
62808,0,1,1996,0,0,0,0,0,12,0,0,0,0
62808,1,1,1996,0,0,0,0,0,0,0,0,0,0
62809,0,1,1996,9,9,9,9,9,9,9,9,9,9
62809,1,1,1996,24,24,24,24,24,24,24,24,24,24
62810,1,1,1996,0,0,0,0,0,0,0,0,0,0
62810,2,1,1996,0,0,0,0,0,0,0,0,0,0
62811,0,1,1996,0,0,0,0,0,0,0,0,0,0
62811,1,1,1996,0,0,0,0,0,0,0,0,0,0
62811,2,1,1996,0,0,0,0,0,0,0,0,0,0
62812,1,1,1996,12,12,12,12,12,12,12,12,12,12
62813,1,1,1996,19,16,13,17,24,0,0,0,4,20
62814,1,1,1996,0,0,0,0,0,0,0,0,0,0
62814,2,1,1996,0,0,0,0,0,0,0,0,0,0
62814,3,1,1996,0,0,0,0,0,0,0,10,0,13
62815,1,1,1996,0,0,0,0,0,0,0,0,0,0
62815,2,1,1996,0,0,0,0,0,0,0,0,0,0
62815,3,1,1996,0,0,0,0,0,0,0,0,0,0
62816,0,1,1996,16,16,16,16,16,16,16,16,16,16
62816,1,1,1996,0,0,0,0,0,13,0,0,0,0
62817,1,1,1996,21,21,21,21,21,21,21,21,21,21
62818,0,1,1996,0,0,0,0,0,0,0,0,0,0
62818,1,1,1996,0,0,0,0,0,0,0,0,0,0
62819,1,1,1996,15,15,15,15,15,15,15,15,15,15
62820,1,1,1996,21,20,28,27,34,19,26,20,12,22
62821,1,1,1996,34,20,10,17,15,8,25,17,13,20
62821,2,1,1996,12,12,12,12,12,12,12,12,12,12
62822,1,1,1996,0,0,0,0,0,0,0,0,0,0
62822,2,1,1996,0,0,0,0,0,0,0,0,0,0
62823,0,1,1996,0,0,0,0,0,0,0,0,0,0
62823,1,1,1996,0,0,0,0,0,0,3,0,20,0
62824,1,1,1996,0,0,0,0,0,0,0,0,0,0
62824,2,1,1996,9,0,0,0,0,0,0,0,0,0
62825,0,1,1996,0,0,0,0,0,0,0,0,0,0
62825,1,1,1996,0,0,0,0,0,0,0,0,0,0
62826,1,1,1996,0,0,0,0,0,0,0,0,0,0
62826,2,1,1996,0,0,0,0,0,0,0,0,0,0
62827,1,1,1996,0,0,0,0,0,0,0,0,0,0
62827,2,1,1996,0,0,0,0,0,0,0,0,0,0
62828,0,1,1996,23,23,23,23,23,23,23,23,23,23
62828,1,1,1996,0,0,0,0,0,0,0,0,0,0
62828,2,1,1996,0,0,0,27,0,0,0,0,0,0
62829,1,1,1996,0,0,0,0,0,0,0,0,0,0
62830,0,1,1996,0,0,0,0,0,0,0,0,0,0
62830,1,1,1996,0,0,0,0,0,0,0,0,0,0
62830,2,1,1996,0,0,0,0,0,0,0,0,0,0
62831,1,1,1996,0,0,0,0,0,0,0,0,0,0
62831,2,1,1996,0,0,0,0,0,0,0,0,0,0
62832,1,1,1996,0,0,0,0,0,0,0,0,0,0
62832,2,1,1996,0,0,0,0,0,13,0,0,0,0
62833,1,1,1996,0,0,0,0,0,0,0,0,0,0
62833,2,1,1996,0,0,0,0,0,0,0,0,0,0
62833,3,1,1996,0,0,0,0,0,0,0,0,0,0
62834,1,1,1996,19,19,19,19,19,19,19,19,19,19
62835,0,1,1996,0,0,0,0,0,0,0,0,0,0
62835,1,1,1996,0,12,0,0,5,0,0,13,0,11
62836,1,1,1996,7,7,7,7,7,7,7,7,7,7
62836,2,1,1996,10,16,0,0,0,16,0,8,25,5
62837,0,1,1996,19,19,19,19,19,19,19,19,19,19
62837,1,1,1996,0,0,0,0,0,0,0,0,0,13
62838,1,1,1996,0,0,0,0,0,0,0,0,0,0
62839,1,1,1996,0,0,0,0,0,0,0,0,0,0
62840,1,1,1996,0,0,0,0,0,0,0,0,0,0
62841,1,1,1996,0,0,0,0,0,0,0,0,0,0
62841,2,1,1996,0,0,0,0,0,0,0,0,0,0
62842,1,1,1996,20,20,20,20,20,20,20,20,20,20
62842,2,1,1996,0,0,0,0,0,0,0,0,0,0
62843,0,1,1996,0,0,0,0,0,0,0,0,0,0
62843,1,1,1996,0,0,0,0,0,0,0,0,0,0
62844,1,1,1996,3,3,3,3,3,3,3,3,3,3
62845,1,1,1996,0,0,0,0,0,0,0,0,0,0
62846,1,1,1996,22,22,22,22,22,22,22,22,22,22
62847,0,1,1996,0,0,0,0,0,0,0,0,0,0
62847,1,1,1996,0,0,0,0,0,0,0,0,0,0
62848,1,1,1996,0,0,0,0,0,0,0,0,9,0
62848,2,1,1996,0,0,0,0,0,0,0,0,0,0
62849,1,1,1996,0,0,0,0,0,0,0,0,0,0
62850,1,1,1996,0,0,0,0,0,0,0,0,0,0
62851,0,1,1996,4,8,0,0,0,0,0,0,0,0