ST_CASE,VEH_NO,PER_NO,YEAR,P1,P2,P3,P4,P5,P6,P7,P8,P9,P10
62851,1,1,1996,0,0,0,0,0,0,0,0,0,0
62852,0,1,1996,0,0,0,0,0,0,0,0,0,0
62852,1,1,1996,0,0,0,0,0,0,0,0,0,0
62853,1,1,1996,0,0,0,0,0,0,0,0,0,0
62853,2,1,1996,0,0,0,0,0,0,0,0,0,0
62853,3,1,1996,0,0,0,0,0,0,0,0,0,0
62854,1,1,1996,0,0,0,0,0,0,0,0,0,0
62855,1,1,1996,0,0,0,0,0,0,0,0,0,0
62855,2,1,1996,0,0,0,0,0,0,0,0,0,0
62856,0,1,1996,0,0,0,0,0,0,0,0,0,0
62856,1,1,1996,0,0,12,0,12,0,0,0,23,0
62857,1,1,1996,0,0,0,0,0,0,0,0,0,0
62857,2,1,1996,0,0,0,0,0,0,0,0,0,0
62858,0,1,1996,6,6,6,6,6,6,6,6,6,6
62858,1,1,1996,0,0,0,8,0,0,0,0,0,0
62859,1,1,1996,21,21,21,21,21,21,21,21,21,21
62859,2,1,1996,0,0,0,0,0,0,0,0,0,0
62860,0,1,1996,0,0,0,0,0,0,0,0,0,0
62860,1,1,1996,0,0,0,0,0,0,0,0,0,0
62861,1,1,1996,0,0,0,0,0,0,0,0,0,0
62861,2,1,1996,0,0,0,0,0,18,15,0,0,0
62862,0,1,1996,0,13,0,0,0,0,0,0,0,0
62862,1,1,1996,0,0,0,0,0,0,0,0,0,0
62863,1,1,1996,22,22,22,22,22,22,22,22,22,22
62864,1,1,1996,0,0,0,0,0,0,0,0,0,0
62865,1,1,1996,9,9,9,9,9,9,9,9,9,9
62865,2,1,1996,0,0,0,0,0,0,0,0,0,0
62865,3,1,1996,0,0,0,0,0,0,0,0,0,0
62866,1,1,1996,0,0,0,0,0,0,0,0,0,0
62866,2,1,1996,0,0,0,0,0,0,0,0,0,0
62867,1,1,1996,0,0,0,0,0,0,0,0,0,0
62867,2,1,1996,0,0,0,0,0,0,0,0,0,0
62868,1,1,1996,0,0,0,0,0,0,0,0,0,0
62869,1,1,1996,13,13,13,13,13,13,13,13,13,13
62869,2,1,1996,15,0,0,0,0,0,0,0,0,0
62870,1,1,1996,3,3,3,3,3,3,3,3,3,3
62871,1,1,1996,0,0,0,0,0,0,0,0,0,0
62871,2,1,1996,0,0,0,0,0,0,0,0,0,0
62871,3,1,1996,0,0,3,0,0,0,0,0,0,0
62872,1,1,1996,0,0,0,0,0,0,0,0,0,0
62872,2,1,1996,0,0,0,0,0,0,0,0,0,0
62872,3,1,1996,0,0,0,0,1,0,0,0,0,0
62873,1,1,1996,13,13,13,13,13,13,13,13,13,13
62873,2,1,1996,0,0,0,0,0,0,0,0,0,0
62874,1,1,1996,0,0,0,0,0,0,0,0,0,0
62874,2,1,1996,0,0,0,0,0,0,0,0,0,0
62875,1,1,1996,0,0,0,0,0,0,0,0,0,0
62875,2,1,1996,0,0,0,0,0,0,0,0,0,0
62876,1,1,1996,0,0,0,0,0,0,0,0,0,0
62876,2,1,1996,0,0,0,0,0,0,0,0,0,0
62877,0,1,1996,0,0,0,0,0,0,0,0,0,0
62877,1,1,1996,0,0,0,0,0,0,0,0,0,0
62878,0,1,1996,0,33,0,0,0,0,0,0,16,20
62878,1,1,1996,18,18,18,18,18,18,18,18,18,18
62879,1,1,1996,23,23,23,23,23,23,23,23,23,23
62880,1,1,1996,0,0,0,0,0,0,18,0,0,0
62880,2,1,1996,0,0,0,0,0,0,0,0,0,0
62881,1,1,1996,0,0,0,0,0,0,0,0,0,0
62882,1,1,1996,8,8,8,8,8,8,8,8,8,8
62882,2,1,1996,0,0,0,0,0,0,0,0,15,0
62883,1,1,1996,6,26,0,0,19,28,11,22,18,0
62883,2,1,1996,0,0,0,0,0,0,0,0,0,0
62884,1,1,1996,0,0,0,0,0,0,0,0,0,0
62884,2,1,1996,0,0,0,0,0,0,0,0,0,0
62885,1,1,1996,0,0,0,0,0,0,0,0,0,0
62885,3,1,1996,0,0,0,0,0,0,0,0,0,0
62886,1,1,1996,0,21,17,0,22,18,26,25,0,14
62887,1,1,1996,0,0,0,0,0,0,0,0,0,0
62888,1,1,1996,0,0,0,0,0,0,0,0,0,0
62889,0,1,1996,0,0,0,0,0,0,0,0,0,0
62889,1,1,1996,0,0,0,0,0,0,0,0,0,0
62890,1,1,1996,0,0,0,0,0,0,0,0,0,0
62890,2,1,1996,0,0,0,0,0,0,0,0,0,0
62891,1,1,1996,8,8,8,8,8,8,8,8,8,8
62892,1,1,1996,0,0,0,0,0,0,0,0,0,0
62893,1,1,1996,0,0,0,0,0,0,0,0,0,0
62894,1,1,1996,0,0,0,0,0,0,0,0,0,0
62895,1,1,1996,22,22,22,22,22,22,22,22,22,22
62896,0,1,1996,0,0,0,0,0,0,0,0,0,0
62896,1,1,1996,0,0,0,0,0,0,0,0,0,0
62897,1,1,1996,19,19,19,19,19,19,19,19,19,19
62898,1,1,1996,0,0,0,0,0,0,0,0,0,0
62898,2,1,1996,0,0,0,0,0,0,0,0,0,0
62899,1,1,1996,0,0,0,0,0,0,0,0,0,0
62899,2,1,1996,0,0,0,0,0,0,0,0,0,0
62899,3,1,1996,0,0,0,0,0,0,0,0,0,0
62900,1,1,1996,0,0,0,0,0,0,0,0,0,0
62901,1,1,1996,0,0,0,0,0,0,0,0,0,0
62901,2,1,1996,0,0,0,0,0,0,0,0,0,0
62902,1,1,1996,2,2,2,2,2,2,2,2,2,2
62902,2,1,1996,0,0,0,22,0,0,0,0,0,0
62903,0,1,1996,36,36,36,36,36,36,36,36,36,36
62903,1,1,1996,0,0,0,0,0,0,0,0,0,0
62904,1,1,1996,0,0,0,0,0,0,0,0,0,0
62904,2,1,1996,0,0,0,0,0,0,0,0,0,0
62905,0,1,1996,0,0,0,0,0,0,0,0,0,0
62905,1,1,1996,0,0,0,0,0,0,0,0,0,0
62906,1,1,1996,8,8,8,8,8,8,8,8,8,8
62907,1,1,1996,0,0,0,0,0,0,0,0,0,0
62907,2,1,1996,0,0,0,0,0,0,0,0,0,0
62908,0,1,1996,5,5,5,5,5,5,5,5,5,5
62908,1,1,1996,0,0,0,0,0,0,0,0,0,15
62909,1,1,1996,0,0,0,0,0,0,0,0,0,0
62910,1,1,1996,0,0,0,0,0,0,0,0,0,0
62911,0,1,1996,13,13,13,13,13,13,13,13,13,13
62911,1,1,1996,0,19,0,0,0,0,0,17,0,0
62912,1,1,1996,20,20,20,20,20,20,20,20,20,20
62913,1,1,1996,15,15,15,15,15,15,15,15,15,15
62914,0,1,1996,2,2,2,2,2,2,2,2,2,2
62914,1,1,1996,21,21,21,21,21,21,21,21,21,21
62915,1,1,1996,10,12,0,0,0,0,0,24,0,0
62915,2,1,1996,0,0,0,0,0,0,0,0,0,0
62916,1,1,1996,8,8,8,8,8,8,8,8,8,8
62916,2,1,1996,0,0,0,0,0,0,0,0,0,0
62917,1,1,1996,29,29,29,29,29,29,29,29,29,29
62918,1,1,1996,17,17,17,17,17,17,17,17,17,17
62918,2,1,1996,0,0,0,0,0,0,0,0,15,0
62919,1,1,1996,0,0,0,0,0,0,0,0,0,0
62919,2,1,1996,0,0,0,0,0,0,0,0,0,0
62920,0,1,1996,0,0,0,0,0,0,0,0,0,0
62920,1,1,1996,0,0,0,0,0,0,0,0,0,0
62921,0,1,1996,0,0,0,0,0,0,0,0,0,0
62921,0,2,1996,0,6,0,0,0,4,11,0,0,0
62921,1,1,1996,15,25,7,11,26,16,14,11,20,27
62922,1,1,1996,0,0,0,0,0,0,0,0,0,0
62922,2,1,1996,0,0,0,0,0,0,0,0,0,0
62923,1,1,1996,0,0,0,0,0,0,0,0,0,0
62923,2,1,1996,0,0,0,0,0,0,0,0,0,0
62924,0,1,1996,0,0,0,0,0,0,0,0,0,0
62924,1,1,1996,0,7,0,0,0,0,16,0,0,21
62925,1,1,1996,0,0,0,0,0,0,0,0,0,0
62926,1,1,1996,0,0,0,0,0,0,0,0,0,0
62926,2,1,1996,0,0,0,0,0,0,0,0,0,0
62927,0,1,1996,0,0,0,0,0,0,0,0,0,0
62927,1,1,1996,0,0,0,0,0,0,0,0,0,0
62927,2,1,1996,0,0,14,5,42,22,0,6,0,0
62928,1,1,1996,31,21,0,0,0,5,0,0,7,21
62929,1,1,1996,0,0,0,0,0,0,0,0,0,0
62929,2,1,1996,0,0,0,0,0,0,0,0,0,0
62930,1,1,1996,0,0,0,0,0,0,0,0,0,0
62930,2,1,1996,0,0,0,0,0,0,0,0,0,0
62930,3,1,1996,0,0,0,0,0,0,0,0,29,0
62931,1,1,1996,11,17,22,0,12,0,11,5,5,19
62931,2,1,1996,0,0,0,0,15,0,0,0,0,0
62932,1,1,1996,20,20,20,20,20,20,20,20,20,20
62933,1,1,1996,0,0,0,0,0,0,0,0,0,0
62934,0,1,1996,13,13,13,13,13,13,13,13,13,13
62934,1,1,1996,0,0,0,0,0,0,0,0,0,0
62935,1,1,1996,0,0,0,0,0,0,0,0,0,0
62935,2,1,1996,0,0,0,0,0,0,0,0,0,0
62936,1,1,1996,0,0,0,0,0,0,0,0,0,0
62937,1,1,1996,32,0,0,12,9,30,0,0,16,0
62938,1,1,1996,0,0,0,0,0,0,0,0,0,0
62939,1,1,1996,0,0,0,0,0,0,0,0,0,0
62939,2,1,1996,0,0,0,0,0,0,0,0,0,0
62940,0,1,1996,0,0,0,0,0,0,0,0,0,0
62940,0,2,1996,0,0,0,0,0,0,0,0,0,0
62940,0,3,1996,0,25,0,0,0,0,0,22,0,0
62940,1,1,1996,0,0,0,0,0,0,0,0,0,0
62941,1,1,1996,16,16,16,16,16,16,16,16,16,16
62942,1,1,1996,0,0,0,0,0,0,0,0,0,0
62942,2,1,1996,0,0,0,0,0,0,0,0,0,7
62943,1,1,1996,0,0,0,0,0,0,0,0,0,0
62944,1,1,1996,0,0,0,0,0,0,0,0,0,0
62944,2,1,1996,0,0,0,0,0,0,0,0,0,0
62945,1,1,1996,18,18,18,18,18,18,18,18,18,18
62945,2,1,1996,0,0,0,0,0,0,0,0,0,0
62946,1,1,1996,3,3,3,3,3,3,3,3,3,3
62947,1,1,1996,17,17,17,17,17,17,17,17,17,17
62948,1,1,1996,10,10,10,10,10,10,10,10,10,10
62949,1,1,1996,0,0,0,0,0,0,0,0,0,0
62950,1,1,1996,27,23,24,9,28,21,12,0,41,31
62951,1,1,1996,9,10,27,15,17,18,19,17,32,19
62951,2,1,1996,0,0,0,0,0,0,0,0,0,0
62952,1,1,1996,0,0,0,0,0,0,0,0,0,12
62953,1,1,1996,0,0,0,0,0,0,0,0,0,0
62953,2,1,1996,0,0,0,0,0,0,0,0,0,0
62954,1,1,1996,0,0,0,0,0,0,0,0,0,0
62955,0,1,1996,0,0,0,0,0,0,0,0,0,0
62955,1,1,1996,0,0,0,0,0,0,0,0,0,0
62956,1,1,1996,0,0,0,0,0,0,0,0,0,0
62956,2,1,1996,0,19,0,0,0,0,15,0,14,0
62956,3,1,1996,13,0,0,0,0,0,0,0,0,0
62956,4,1,1996,0,0,11,20,0,30,0,31,23,0
62957,1,1,1996,0,0,0,0,0,0,0,0,0,0
62957,2,1,1996,0,0,0,0,0,0,0,0,0,0
62958,0,1,1996,0,0,0,0,0,0,0,0,0,0
62958,1,1,1996,0,0,0,0,0,0,0,0,0,0
62959,1,1,1996,0,0,0,0,0,0,0,0,0,0
62959,2,1,1996,0,0,0,0,0,0,0,0,0,0
62960,1,1,1996,0,0,0,0,0,0,0,0,0,0
62960,2,1,1996,0,0,0,0,0,0,0,17,0,0
62960,3,1,1996,0,0,0,0,0,0,0,0,0,0
62960,4,1,1996,0,0,0,21,0,0,0,0,0,0
62960,5,1,1996,0,0,0,0,0,0,0,0,0,0
62960,6,1,1996,0,0,0,0,12,0,0,0,0,0
62961,1,1,1996,32,32,32,32,32,32,32,32,32,32
62961,2,1,1996,0,0,7,0,0,7,0,0,0,0
62962,1,1,1996,0,0,0,0,0,0,0,0,0,0
62964,0,1,1996,5,5,5,5,5,5,5,5,5,5
62964,1,1,1996,0,0,0,0,0,0,0,0,0,0
62965,1,1,1996,2,2,2,2,2,2,2,2,2,2
62965,2,1,1996,0,0,0,0,0,0,0,0,0,0
62965,3,1,1996,0,0,0,0,0,0,0,0,0,0
62966,1,1,1996,7,7,7,7,7,7,7,7,7,7
62967,1,1,1996,0,0,11,0,10,0,0,0,0,0
62968,1,1,1996,22,22,22,22,22,22,22,22,22,22
62969,1,1,1996,0,0,0,18,0,0,10,23,11,0
62970,0,1,1996,0,19,0,18,7,0,6,0,14,36
62970,1,1,1996,0,0,0,0,0,0,0,0,0,0
62971,1,1,1996,21,21,21,21,21,21,21,21,21,21
62971,2,1,1996,0,0,29,0,8,0,0,0,0,0
62972,0,1,1996,18,18,18,18,18,18,18,18,18,18
62972,1,1,1996,0,0,0,0,0,0,0,0,0,0
62972,2,1,1996,0,0,0,0,0,0,0,0,0,0
62973,1,1,1996,0,0,0,0,0,0,0,0,0,0
62973,2,1,1996,0,0,0,0,0,0,0,0,0,0
62974,1,1,1996,0,0,0,0,0,0,0,0,0,0
62975,1,1,1996,0,0,0,0,0,0,0,0,0,0
62976,1,1,1996,16,16,16,16,16,16,16,16,16,16
62976,2,1,1996,0,0,0,0,0,0,0,0,0,0
62977,0,1,1996,13,13,13,13,13,13,13,13,13,13
62977,2,1,1996,0,0,0,0,0,0,3,0,0,0
62978,1,1,1996,19,19,19,19,19,19,19,19,19,19
62979,0,1,1996,0,0,0,0,0,0,0,0,0,0
62979,1,1,1996,0,0,0,0,0,0,0,0,0,0
62980,1,1,1996,14,14,14,14,14,14,14,14,14,14
62981,0,1,1996,20,20,20,20,20,20,20,20,20,20
62981,1,1,1996,0,0,0,0,0,0,0,0,0,0
62982,1,1,1996,0,0,0,0,0,0,0,0,0,0
62982,2,1,1996,0,0,0,0,0,0,0,0,0,0
62983,1,1,1996,21,14,0,22,14,4,2,21,8,12
62984,1,1,1996,0,0,0,0,0,0,0,0,0,0
62985,1,1,1996,0,0,0,0,0,0,0,0,0,0
62985,2,1,1996,37,37,37,37,37,37,37,37,37,37
62986,0,1,1996,22,22,22,22,22,22,22,22,22,22
62986,1,1,1996,0,0,0,0,0,0,0,0,0,0
62987,0,1,1996,0,0,0,22,0,4,24,23,21,30
62987,1,1,1996,0,0,0,0,0,0,0,0,0,0
62988,1,1,1996,23,23,23,23,23,23,23,23,23,23
62988,2,1,1996,0,0,0,0,0,0,0,0,0,0
62989,1,1,1996,0,0,0,0,0,0,0,0,0,0
62989,2,1,1996,0,0,0,0,0,0,0,0,0,0
62990,1,1,1996,0,0,0,0,0,0,0,0,0,0
62990,2,1,1996,0,0,0,0,0,0,0,0,0,0
62990,3,1,1996,0,0,0,0,0,0,0,0,0,0
62990,4,1,1996,0,0,0,0,0,0,0,0,0,0
62990,5,1,1996,0,0,0,0,0,0,0,0,0,0
62991,1,1,1996,4,4,4,4,4,4,4,4,4,4
62992,1,1,1996,0,0,0,0,0,0,0,0,0,0
62993,1,1,1996,0,0,0,0,0,0,0,0,0,0
62994,0,1,1996,0,0,0,0,0,0,0,0,0,0
62994,1,1,1996,0,0,0,0,0,0,0,0,0,0
62995,0,1,1996,36,36,36,36,36,36,36,36,36,36
62995,1,1,1996,0,0,0,0,0,0,0,0,0,0
62996,1,1,1996,5,5,5,5,5,5,5,5,5,5
62996,2,1,1996,0,0,0,0,0,0,0,0,0,0
62997,1,1,1996,0,0,0,0,0,0,0,0,0,0
62997,2,1,1996,0,0,0,0,0,0,0,0,0,0
62998,1,1,1996,0,0,0,0,0,0,0,0,0,0
62998,2,1,1996,0,0,0,0,0,16,12,0,0,0
62999,1,1,1996,0,0,0,0,0,0,0,0,0,0
62999,2,1,1996,0,0,0,0,0,0,0,0,0,0
63000,1,1,1996,0,0,0,0,0,0,0,0,0,0
63001,1,1,1996,32,32,32,32,32,32,32,32,32,32
63002,1,1,1996,0,0,0,0,0,0,0,0,0,0
63002,2,1,1996,0,0,0,0,0,0,0,0,0,0
63003,1,1,1996,0,0,0,0,0,0,0,0,0,0
63004,1,1,1996,27,27,27,27,27,27,27,27,27,27
63005,1,1,1996,14,14,14,14,14,14,14,14,14,14
63006,1,2,1996,0,0,13,18,0,33,32,16,0,0
63007,1,1,1996,17,17,17,17,17,17,17,17,17,17
63008,1,1,1996,0,0,0,0,0,0,0,0,0,0
63008,2,1,1996,0,0,0,0,0,0,0,0,0,0
63009,0,1,1996,3,3,3,3,3,3,3,3,3,3
63009,1,1,1996,0,0,0,0,0,0,0,0,0,0
63010,0,1,1996,0,0,0,0,0,0,0,0,0,0
63010,1,1,1996,0,0,0,0,0,0,0,0,0,0
63011,1,1,1996,0,0,0,0,0,0,0,0,0,0
63011,2,1,1996,0,0,0,0,0,0,0,0,0,0
63012,1,1,1996,4,4,4,4,4,4,4,4,4,4
63012,2,1,1996,0,0,0,0,0,0,0,0,0,0
63013,1,1,1996,0,0,0,0,0,0,0,0,0,0
63014,0,1,1996,0,0,0,0,0,0,0,0,0,0
63014,1,1,1996,0,7,0,0,0,0,0,12,0,0
63015,0,1,1996,9,9,9,9,9,9,9,9,9,9
63015,1,1,1996,0,0,0,0,0,0,0,0,0,0
63017,1,1,1996,0,0,0,0,0,0,0,0,0,0
63017,2,1,1996,0,0,0,0,0,0,0,0,0,0
63018,1,1,1996,0,0,0,0,0,0,0,0,0,0
63019,1,1,1996,0,0,0,0,0,0,0,0,0,0
63019,2,1,1996,0,0,0,0,0,0,0,0,0,0
63020,1,1,1996,0,0,0,0,0,0,0,0,0,0
63020,2,1,1996,0,0,0,0,0,0,0,0,0,0
63020,3,1,1996,0,0,0,0,0,0,0,0,0,0
63021,1,1,1996,27,18,6,21,24,37,6,26,18,0
63022,0,1,1996,0,26,0,0,0,17,26,33,0,16
63022,1,1,1996,0,0,0,0,0,0,0,0,0,0
63023,1,1,1996,17,17,17,17,17,17,17,17,17,17
63023,2,1,1996,0,0,0,0,0,0,0,0,0,0
63024,1,1,1996,0,0,0,0,0,0,0,0,0,0
63024,2,1,1996,0,0,0,0,0,0,0,0,0,0
63025,1,1,1996,0,0,0,0,0,0,0,0,0,0
63025,2,1,1996,19,19,19,19,19,19,19,19,19,19
63026,1,1,1996,0,0,0,0,0,0,0,0,0,0
63026,2,1,1996,0,0,0,0,12,15,0,0,21,26
63026,3,1,1996,0,23,0,0,5,0,11,7,0,0
63027,0,1,1996,0,0,0,0,0,0,0,0,0,0
63027,1,1,1996,8,8,8,8,8,8,8,8,8,8
63028,1,1,1996,0,0,0,0,0,0,0,0,0,0
63028,2,1,1996,0,16,0,0,0,0,0,0,0,0
63029,1,1,1996,0,0,0,0,0,0,0,0,0,0
63029,2,1,1996,0,0,0,0,0,0,0,0,0,0
63030,1,1,1996,17,17,17,17,17,17,17,17,17,17
63030,2,1,1996,0,0,0,0,0,0,0,0,0,0
63031,0,1,1996,15,15,15,15,15,15,15,15,15,15
63031,1,1,1996,14,14,14,14,14,14,14,14,14,14
63032,1,1,1996,0,0,0,0,0,0,0,0,0,0
63033,1,1,1996,0,0,0,0,0,0,0,0,0,0
63034,1,1,1996,0,0,0,0,0,12,0,0,0,0
63035,1,1,1996,0,0,0,0,0,0,0,0,0,0
63035,2,1,1996,0,19,0,0,0,0,0,0,0,0
63036,1,1,1996,20,20,20,20,20,20,20,20,20,20
63037,0,1,1996,25,25,25,25,25,25,25,25,25,25
63037,1,1,1996,6,3,14,0,0,0,0,25,17,14
63038,1,1,1996,0,0,0,0,0,0,0,0,0,0
63038,2,1,1996,0,0,0,0,0,0,0,0,0,0
63039,1,1,1996,0,0,0,10,0,0,0,0,0,0
63040,1,1,1996,0,0,0,0,0,0,0,0,0,0
63040,2,1,1996,0,0,0,0,0,0,0,0,0,0
63041,1,1,1996,17,17,17,17,17,17,17,17,17,17
63041,2,1,1996,0,0,0,0,0,0,0,0,0,0
63041,3,1,1996,0,0,0,0,0,0,0,0,0,0
63042,1,1,1996,0,0,0,0,0,0,0,0,0,0
63043,1,1,1996,0,0,0,0,0,0,0,0,0,0
63043,2,1,1996,0,0,0,0,0,0,0,0,0,0
63044,1,1,1996,0,0,0,0,0,0,0,0,0,0
63044,2,1,1996,0,0,0,0,0,0,0,0,0,0
63045,1,1,1996,28,28,28,28,28,28,28,28,28,28
63046,0,1,1996,0,0,0,0,0,0,0,0,0,0
63046,1,1,1996,0,0,0,0,0,0,0,0,0,0
63047,1,1,1996,26,26,26,26,26,26,26,26,26,26
63048,0,1,1996,4,4,4,4,4,4,4,4,4,4
63048,1,1,1996,0,0,0,0,12,0,0,0,0,0
63049,0,1,1996,0,0,0,0,0,0,0,0,0,0
63049,0,2,1996,0,23,18,10,0,0,19,0,26,15
63049,1,1,1996,0,0,0,0,0,0,0,0,0,0
63049,2,1,1996,0,0,0,0,0,0,0,0,0,0
63050,0,1,1996,0,0,0,0,0,0,0,0,0,0
63050,1,1,1996,0,20,0,0,5,0,0,0,0,0
63051,0,1,1996,0,0,0,0,0,0,0,0,0,0
63051,1,1,1996,0,0,0,0,0,0,0,0,0,0
63052,1,1,1996,18,18,18,18,18,18,18,18,18,18
63053,0,1,1996,15,15,15,15,15,15,15,15,15,15
63053,1,1,1996,9,0,0,0,0,0,0,0,0,0
63054,1,1,1996,0,0,0,0,0,0,0,0,0,0
63055,1,1,1996,7,7,7,7,7,7,7,7,7,7
63056,1,1,1996,11,11,11,11,11,11,11,11,11,11
63057,1,1,1996,0,0,0,0,0,0,0,0,0,0
63058,1,1,1996,0,0,0,0,0,0,0,0,0,0
63058,2,1,1996,0,0,0,0,0,0,0,0,0,0
63059,1,1,1996,17,28,14,27,8,11,0,35,24,12
63059,2,1,1996,0,0,0,0,14,0,0,0,20,0
63060,1,1,1996,0,0,0,0,0,0,0,0,0,0
63060,2,1,1996,0,0,0,0,0,0,0,0,0,0
63060,3,1,1996,0,0,0,0,0,0,0,0,0,0
63060,4,1,1996,0,0,0,0,0,0,0,0,0,0
63061,1,1,1996,29,29,29,29,29,29,29,29,29,29
63062,0,1,1996,4,4,4,4,4,4,4,4,4,4
63062,1,1,1996,0,0,0,0,0,0,0,0,0,0
63063,0,1,1996,0,0,0,0,0,0,0,0,0,0
63063,1,1,1996,0,0,0,0,0,0,0,0,0,0
63064,1,1,1996,27,27,27,27,27,27,27,27,27,27
63065,1,1,1996,0,0,0,0,0,12,0,0,0,0
63066,1,1,1996,12,12,12,12,12,12,12,12,12,12
63067,1,1,1996,16,16,16,16,16,16,16,16,16,16
63068,1,1,1996,5,5,5,5,5,5,5,5,5,5
63069,1,1,1996,0,0,0,0,0,0,0,0,0,0
63069,2,1,1996,0,0,0,0,0,0,0,0,0,0
63070,1,1,1996,0,0,0,0,0,0,0,0,0,0
63070,2,1,1996,0,0,0,0,0,0,0,0,0,0
63071,1,1,1996,0,0,0,0,5,0,0,0,0,0
63071,2,1,1996,0,0,0,0,0,0,0,0,0,0
63071,3,1,1996,0,0,0,0,0,0,0,0,0,0
63071,4,1,1996,0,0,0,0,0,0,0,0,0,0
63071,5,1,1996,0,0,0,0,0,0,0,0,0,0
63071,6,1,1996,0,0,0,0,0,0,0,0,0,0
63072,0,1,1996,0,0,0,0,0,0,0,0,0,0
63072,1,1,1996,0,0,0,0,0,0,0,0,0,0
63072,2,1,1996,0,0,0,0,0,0,0,0,0,0
63072,3,1,1996,0,0,0,0,0,0,0,0,0,0
63073,1,1,1996,5,5,5,5,5,5,5,5,5,5
63074,1,1,1996,12,12,12,12,12,12,12,12,12,12
63074,2,1,1996,0,0,0,0,0,0,0,0,0,0
63075,1,1,1996,0,0,0,0,0,0,0,0,0,0
63075,2,1,1996,0,0,0,0,0,0,0,0,0,0
63076,0,1,1996,0,0,0,0,0,0,0,0,0,0
63076,1,1,1996,0,0,0,0,0,0,0,0,0,0
63077,1,1,1996,0,0,0,0,0,0,0,0,0,0
63078,0,1,1996,0,0,0,0,0,0,0,0,0,0
63078,1,1,1996,0,0,0,0,0,0,0,0,0,0
63079,1,1,1996,17,17,17,17,17,17,17,17,17,17
63079,2,1,1996,0,0,0,0,0,0,0,0,0,0
63079,3,1,1996,0,0,0,0,0,0,0,0,0,0
63080,0,1,1996,18,31,39,0,15,11,0,30,14,13
63080,1,1,1996,0,0,0,0,0,0,0,0,0,0
63081,1,1,1996,0,0,0,0,0,0,0,0,0,0
63081,2,1,1996,0,0,0,0,0,0,0,0,0,0
63082,1,1,1996,0,0,0,0,0,0,0,0,0,0
63082,2,1,1996,17,17,17,17,17,17,17,17,17,17
63083,1,1,1996,0,0,0,0,0,0,0,0,0,0
63084,1,1,1996,0,0,0,0,0,0,0,0,0,0
63084,2,1,1996,0,0,0,0,0,0,0,0,0,0
63085,0,1,1996,0,0,0,0,0,0,0,0,0,0
63085,1,1,1996,0,0,0,0,0,0,0,0,0,0
63086,1,1,1996,0,0,0,0,0,0,0,0,0,0
63086,2,1,1996,0,0,0,0,0,0,0,0,0,0
63086,3,1,1996,0,0,0,0,0,0,0,0,0,0
63086,4,1,1996,0,0,0,0,0,0,0,0,0,0
63087,0,1,1996,0,0,0,0,0,0,0,0,8,0
63087,1,1,1996,0,0,0,0,0,0,0,0,0,0
63088,1,1,1996,14,14,14,14,14,14,14,14,14,14
63088,2,1,1996,0,0,0,0,0,0,0,0,0,0
63088,3,1,1996,0,0,0,0,0,0,0,0,0,0
63088,4,1,1996,0,0,0,0,0,0,0,0,0,0
63088,5,1,1996,0,0,0,0,0,0,0,0,0,0
63089,1,1,1996,0,0,0,0,0,0,0,0,0,0
63089,2,1,1996,0,0,0,0,0,0,0,0,0,0
63090,0,1,1996,0,0,0,0,0,0,0,0,0,0
63090,0,2,1996,0,0,0,0,0,0,0,0,0,0
63090,1,1,1996,0,21,0,0,0,0,0,0,0,0
63091,1,1,1996,0,0,0,0,0,0,0,0,0,0
63091,2,1,1996,0,0,0,0,0,0,0,0,0,0
63092,0,1,1996,0,0,0,0,0,0,0,0,0,0
63092,0,2,1996,0,24,0,0,0,0,26,0,0,0
63092,2,1,1996,21,21,21,21,21,21,21,21,21,21
63093,1,1,1996,0,0,0,0,0,0,0,0,0,0
63094,1,1,1996,0,0,0,0,0,0,0,0,0,0
63095,1,1,1996,7,7,7,7,7,7,7,7,7,7
63095,2,1,1996,5,0,0,0,0,0,0,0,0,0
63096,1,1,1996,0,0,0,0,0,0,0,0,0,0
63097,0,1,1996,0,0,0,0,0,0,0,0,0,0
63097,1,1,1996,0,0,0,0,0,0,0,0,0,0
63098,0,1,1996,0,0,0,0,0,0,0,0,0,0
63098,1,1,1996,0,8,0,0,0,0,0,0,0,0
63099,1,1,1996,0,0,0,0,0,0,0,0,0,0
63100,1,1,1996,0,0,0,0,0,0,0,0,0,0
63101,1,1,1996,0,0,0,0,0,0,0,0,0,0
63101,2,1,1996,0,0,0,0,0,0,0,0,0,0
63101,3,1,1996,0,0,0,0,0,0,0,0,0,0
63102,1,1,1996,10,10,10,10,10,10,10,10,10,10
63102,2,1,1996,0,0,13,0,0,0,0,0,0,0
63103,1,1,1996,0,0,0,0,0,0,0,0,0,0
63103,2,1,1996,0,0,0,0,0,0,0,0,0,0
63104,0,1,1996,40,40,40,40,40,40,40,40,40,40
63104,1,1,1996,0,0,0,0,0,0,0,0,0,0
63105,1,1,1996,0,0,0,0,0,0,0,0,0,0